date,AE33,AE36,MAAP,orden
2026-06-15T04:05:00Z,42.989898989899,NA,20,1
2026-06-15T04:10:00Z,42.989898989899,NA,10,2
2026-06-15T04:15:00Z,42.989898989899,NA,10,3
2026-06-15T04:20:00Z,42.989898989899,NA,90,4
2026-06-15T04:25:00Z,42.989898989899,NA,30,5
2026-06-15T04:30:00Z,42.989898989899,NA,10,6
2026-06-15T04:35:00Z,42.989898989899,NA,10,7
2026-06-15T04:40:00Z,42.989898989899,NA,60,8
2026-06-15T04:45:00Z,42.989898989899,NA,0,9
2026-06-15T04:50:00Z,42.989898989899,NA,10,10
2026-06-15T04:55:00Z,42.989898989899,NA,20,11
2026-06-15T05:00:00Z,42.989898989899,NA,0,12
2026-06-15T05:05:00Z,42.989898989899,NA,20,13
2026-06-15T05:10:00Z,42.989898989899,NA,80,14
2026-06-15T05:15:00Z,42.989898989899,NA,40,15
2026-06-15T05:20:00Z,42.989898989899,NA,0,16
2026-06-15T05:25:00Z,42.700322372662804,NA,0,17
2026-06-15T05:30:00Z,42.26595744680851,NA,20,18
2026-06-15T05:35:00Z,42.26595744680851,NA,70,19
2026-06-15T05:40:00Z,42.26595744680851,NA,20,20
2026-06-15T05:45:00Z,42.26595744680851,NA,0,21
2026-06-15T05:50:00Z,42.26595744680851,NA,10,22
2026-06-15T05:55:00Z,42.26595744680851,NA,10,23
2026-06-15T06:00:00Z,42.26595744680851,NA,20,24
2026-06-15T06:05:00Z,42.26595744680851,NA,60,25
2026-06-15T06:10:00Z,42.26595744680851,NA,30,26
2026-06-15T06:15:00Z,42.26595744680851,NA,30,27
2026-06-15T06:20:00Z,42.26595744680851,NA,0,28
2026-06-15T06:25:00Z,42.26595744680851,NA,-10,29
2026-06-15T06:30:00Z,42.26595744680851,NA,0,30
2026-06-15T06:35:00Z,42.26595744680851,NA,0,31
2026-06-15T06:40:00Z,42.26595744680851,NA,0,32
2026-06-15T06:45:00Z,42.26595744680851,NA,70,33
2026-06-15T06:50:00Z,42.26595744680851,NA,100,34
2026-06-15T06:55:00Z,42.26595744680851,NA,0,35
2026-06-15T07:00:00Z,111.70638297872298,NA,10,36
2026-06-15T07:05:00Z,158,NA,40,37
2026-06-15T07:10:00Z,158,NA,20,38
2026-06-15T07:15:00Z,158,NA,20,39
2026-06-15T07:20:00Z,221.26666666666696,NA,10,40
2026-06-15T07:25:00Z,474.33333333333303,NA,60,41
2026-06-15T07:30:00Z,532.8,NA,80,42
2026-06-15T07:35:00Z,574.2363636363641,NA,10,43
2026-06-15T07:40:00Z,389.181818181818,NA,0,44
2026-06-15T07:45:00Z,389.181818181818,NA,0,45
2026-06-15T07:50:00Z,645.333333333333,NA,10,46
2026-06-15T07:55:00Z,462.746666666667,NA,50,47
2026-06-15T08:00:00Z,417.1,NA,10,48
2026-06-15T08:05:00Z,441.362857142857,NA,10,49
2026-06-15T08:10:00Z,798.4571428571429,NA,30,50
2026-06-15T08:15:00Z,702.6,NA,20,51
2026-06-15T08:20:00Z,547,NA,60,52
2026-06-15T08:25:00Z,615.833333333333,NA,100,53
2026-06-15T08:30:00Z,1155.4666666666703,NA,310,54
2026-06-15T08:35:00Z,1921.2,NA,240.00000000000003,55
2026-06-15T08:40:00Z,975.06,NA,250,56
2026-06-15T08:45:00Z,946.9399999999999,NA,430.00000000000006,57
2026-06-15T08:50:00Z,1008.9,NA,280,58
2026-06-15T08:55:00Z,1295.08,NA,150.00000000000003,59
2026-06-15T09:00:00Z,1032.62,NA,470.00000000000006,60
2026-06-15T09:05:00Z,1139.3,NA,200,61
2026-06-15T09:10:00Z,1347.6,NA,270,62
2026-06-15T09:15:00Z,1206,NA,220,63
2026-06-15T09:20:00Z,1371.45,NA,669.9999999999999,64
2026-06-15T09:25:00Z,1163.95,NA,610,65
2026-06-15T09:30:00Z,1086.9,NA,180,66
2026-06-15T09:35:00Z,1029,NA,350,67
2026-06-15T09:40:00Z,916.7,NA,1030,68
2026-06-15T09:45:00Z,714.2,NA,1200,69
2026-06-15T09:50:00Z,477,NA,600,70
2026-06-15T09:55:00Z,336.138461538462,NA,640,71
2026-06-15T10:00:00Z,300.9230769230769,NA,659.9999999999999,72
2026-06-15T10:05:00Z,274.0538461538461,NA,1000,73
2026-06-15T10:10:00Z,166.576923076923,NA,690,74
2026-06-15T10:15:00Z,166.576923076923,NA,700,75
2026-06-15T10:20:00Z,166.576923076923,NA,890,76
2026-06-15T10:25:00Z,166.576923076923,NA,830.0000000000001,77
2026-06-15T10:30:00Z,166.576923076923,NA,890,78
2026-06-15T10:35:00Z,615.875,NA,740,79
2026-06-15T10:40:00Z,461.74038461538504,NA,760,80
2026-06-15T10:45:00Z,230.538461538462,NA,710,81
2026-06-15T10:50:00Z,230.538461538462,NA,770,82
2026-06-15T10:55:00Z,1328.5076923076901,NA,590,83
2026-06-15T11:00:00Z,795.9499999999999,NA,360,84
2026-06-15T11:05:00Z,279.875,NA,180,85
2026-06-15T11:10:00Z,279.875,NA,200,86
2026-06-15T11:15:00Z,267.605263157895,NA,310,87
2026-06-15T11:20:00Z,218.526315789474,NA,180,88
2026-06-15T11:25:00Z,218.526315789474,NA,170,89
2026-06-15T11:30:00Z,218.526315789474,NA,50,90
2026-06-15T11:35:00Z,169.341430499325,NA,60,91
2026-06-15T11:40:00Z,95.56410256410261,NA,100,92
2026-06-15T11:45:00Z,95.56410256410261,NA,440,93
2026-06-15T11:50:00Z,95.56410256410261,NA,160,94
2026-06-15T11:55:00Z,95.56410256410261,NA,50,95
2026-06-15T12:00:00Z,95.56410256410261,NA,250,96
2026-06-15T12:05:00Z,95.56410256410261,NA,1090,97
2026-06-15T12:10:00Z,95.56410256410261,NA,540,98
2026-06-15T12:15:00Z,143.2948717948719,NA,200,99
2026-06-15T12:20:00Z,175.11538461538498,NA,100,100
2026-06-15T12:25:00Z,175.11538461538498,NA,210.00000000000003,101
2026-06-15T12:30:00Z,175.11538461538498,NA,170,102
2026-06-15T12:35:00Z,175.11538461538498,NA,180,103
2026-06-15T12:40:00Z,339.35494505494506,NA,70,104
2026-06-15T12:45:00Z,585.714285714286,NA,160,105
2026-06-15T12:50:00Z,114.48648648648599,NA,90,106
2026-06-15T12:55:00Z,114.48648648648599,NA,160,107
2026-06-15T13:00:00Z,114.48648648648599,NA,170,108
2026-06-15T13:05:00Z,114.48648648648599,NA,60,109
2026-06-15T13:10:00Z,114.48648648648599,NA,90,110
2026-06-15T13:15:00Z,114.48648648648599,NA,130,111
2026-06-15T13:20:00Z,114.48648648648599,NA,80,112
2026-06-15T13:25:00Z,347.744594594594,NA,110,113
2026-06-15T13:30:00Z,503.25,NA,50,114
2026-06-15T13:35:00Z,243.17647058823502,NA,140,115
2026-06-15T13:40:00Z,243.17647058823502,NA,30,116
2026-06-15T13:45:00Z,243.17647058823502,NA,50,117
2026-06-15T13:50:00Z,249.220588235294,NA,230,118
2026-06-15T13:55:00Z,253.25,NA,630,119
2026-06-15T14:00:00Z,253.25,NA,250,120
2026-06-15T14:05:00Z,395.95,NA,40,121
2026-06-15T14:10:00Z,559.366666666667,NA,110,122
2026-06-15T14:15:00Z,356.83333333333303,NA,60,123
2026-06-15T14:20:00Z,356.83333333333303,NA,140,124
2026-06-15T14:25:00Z,318.1,NA,30,125
2026-06-15T14:30:00Z,308.41666666666697,NA,190,126
2026-06-15T14:35:00Z,331.783333333333,NA,70,127
2026-06-15T14:40:00Z,366.83333333333303,NA,370,128
2026-06-15T14:45:00Z,366.83333333333303,NA,200,129
2026-06-15T14:50:00Z,460.77777777777794,NA,160,130
2026-06-15T14:55:00Z,487.77222222222196,NA,240.00000000000003,131
2026-06-15T15:00:00Z,595.75,NA,40,132
2026-06-15T15:05:00Z,364.033333333334,NA,200,133
2026-06-15T15:10:00Z,209.55555555555597,NA,140,134
2026-06-15T15:15:00Z,209.55555555555597,NA,460,135
2026-06-15T15:20:00Z,209.55555555555597,NA,420.00000000000006,136
2026-06-15T15:25:00Z,1955.4666666666703,NA,270,137
2026-06-15T15:30:00Z,1104.1619047619,NA,130,138
2026-06-15T15:35:00Z,630.4514285714289,NA,290.00000000000006,139
2026-06-15T15:40:00Z,373.4,NA,200,140
2026-06-15T15:45:00Z,395.41999999999996,NA,320,141
2026-06-15T15:50:00Z,483.5,NA,40,142
2026-06-15T15:55:00Z,499.466666666667,NA,310,143
2026-06-15T16:00:00Z,510.111111111111,NA,190,144
2026-06-15T16:05:00Z,518.1222222222219,NA,470.00000000000006,145
2026-06-15T16:10:00Z,519.625,NA,380,146
2026-06-15T16:15:00Z,517.625,NA,290.00000000000006,147
2026-06-15T16:20:00Z,686.15,NA,100,148
2026-06-15T16:25:00Z,961.62,NA,140,149
2026-06-15T16:30:00Z,1952.6799999999998,NA,250,150
2026-06-15T16:35:00Z,4025.8,NA,1190.0000000000002,151
2026-06-15T16:40:00Z,2988.4,NA,740,152
2026-06-15T16:45:00Z,1082.2,NA,270,153
2026-06-15T16:50:00Z,974.9,NA,320,154
2026-06-15T16:55:00Z,1291.9,NA,320,155
2026-06-15T17:00:00Z,1861.1333333333296,NA,400,156
2026-06-15T17:05:00Z,1587.0166666666703,NA,290.00000000000006,157
2026-06-15T17:10:00Z,1488.25,NA,320,158
2026-06-15T17:15:00Z,1878.6,NA,410.00000000000006,159
2026-06-15T17:20:00Z,1307.4,NA,420.00000000000006,160
2026-06-15T17:25:00Z,939.7,NA,360,161
2026-06-15T17:30:00Z,1577.5,NA,410.00000000000006,162
2026-06-15T17:35:00Z,2332.4,NA,750,163
2026-06-15T17:40:00Z,987,NA,1750,164
2026-06-15T17:45:00Z,1191.4,NA,3090,165
2026-06-15T17:50:00Z,1321.6,NA,2060,166
2026-06-15T17:55:00Z,1526.1333333333296,NA,690,167
2026-06-15T18:00:00Z,1476.1866666666701,NA,590,168
2026-06-15T18:05:00Z,959.08,NA,960,169
2026-06-15T18:10:00Z,809,NA,1160.0000000000002,170
2026-06-15T18:15:00Z,1350.6,NA,1050,171
2026-06-15T18:20:00Z,843.5,NA,1000,172
2026-06-15T18:25:00Z,732.1,NA,1220,173
2026-06-15T18:30:00Z,907.6,NA,840.0000000000001,174
2026-06-15T18:35:00Z,1177.56,NA,650,175
2026-06-15T18:40:00Z,670.39,NA,1300,176
2026-06-15T18:45:00Z,390.25,NA,1540,177
2026-06-15T18:50:00Z,371.454545454545,NA,630,178
2026-06-15T18:55:00Z,296.27272727272697,NA,779.9999999999999,179
2026-06-15T19:00:00Z,296.27272727272697,NA,910,180
2026-06-15T19:05:00Z,574,NA,960,181
2026-06-15T19:10:00Z,503.44,NA,1050,182
2026-06-15T19:15:00Z,397.6,NA,960,183
2026-06-15T19:20:00Z,580.8,NA,740,184
2026-06-15T19:25:00Z,607.2336842105261,NA,930,185
2026-06-15T19:30:00Z,234.68421052631598,NA,500,186
2026-06-15T19:35:00Z,234.68421052631598,NA,640,187
2026-06-15T19:40:00Z,234.68421052631598,NA,540,188
2026-06-15T19:45:00Z,350.67368421052606,NA,1140.0000000000002,189
2026-06-15T19:50:00Z,428,NA,350,190
2026-06-15T19:55:00Z,150.054901960784,NA,270,191
2026-06-15T20:00:00Z,80.5686274509804,NA,140,192
2026-06-15T20:05:00Z,80.5686274509804,NA,140,193
2026-06-15T20:10:00Z,80.5686274509804,NA,290.00000000000006,194
2026-06-15T20:15:00Z,80.5686274509804,NA,400,195
2026-06-15T20:20:00Z,80.5686274509804,NA,210.00000000000003,196
2026-06-15T20:25:00Z,80.5686274509804,NA,240.00000000000003,197
2026-06-15T20:30:00Z,80.5686274509804,NA,420.00000000000006,198
2026-06-15T20:35:00Z,80.5686274509804,NA,600,199
2026-06-15T20:40:00Z,80.5686274509804,NA,210.00000000000003,200
2026-06-15T20:45:00Z,70.2306767868438,NA,80,201
2026-06-15T20:50:00Z,63.338709677419395,NA,80,202
2026-06-15T20:55:00Z,63.338709677419395,NA,300,203
2026-06-15T21:00:00Z,63.338709677419395,NA,300,204
2026-06-15T21:05:00Z,63.338709677419395,NA,180,205
2026-06-15T21:10:00Z,63.338709677419395,NA,50,206
2026-06-15T21:15:00Z,63.338709677419395,NA,90,207
2026-06-15T21:20:00Z,63.338709677419395,NA,50,208
2026-06-15T21:25:00Z,63.338709677419395,NA,60,209
2026-06-15T21:30:00Z,63.338709677419395,NA,40,210
2026-06-15T21:35:00Z,63.338709677419395,NA,50,211
2026-06-15T21:40:00Z,63.338709677419395,NA,40,212
2026-06-15T21:45:00Z,61.7883010752689,NA,30,213
2026-06-15T21:50:00Z,55.58666666666669,NA,30,214
2026-06-15T21:55:00Z,55.58666666666669,NA,40,215
2026-06-15T22:00:00Z,55.58666666666669,NA,40,216
2026-06-15T22:05:00Z,55.58666666666669,NA,30,217
2026-06-15T22:10:00Z,55.58666666666669,NA,20,218
2026-06-15T22:15:00Z,55.58666666666669,NA,30,219
2026-06-15T22:20:00Z,55.58666666666669,NA,30,220
2026-06-15T22:25:00Z,55.58666666666669,NA,20,221
2026-06-15T22:30:00Z,55.58666666666669,NA,40,222
2026-06-15T22:35:00Z,55.58666666666669,NA,40,223
2026-06-15T22:40:00Z,55.58666666666669,NA,10,224
2026-06-15T22:45:00Z,55.58666666666669,NA,20,225
2026-06-15T22:50:00Z,55.58666666666669,NA,50,226
2026-06-15T22:55:00Z,55.58666666666669,NA,70,227
2026-06-15T23:00:00Z,56.59660606060609,NA,60,228
2026-06-15T23:05:00Z,60.6363636363636,NA,50,229
2026-06-15T23:10:00Z,60.6363636363636,NA,40,230
2026-06-15T23:15:00Z,60.6363636363636,NA,20,231
2026-06-15T23:20:00Z,60.6363636363636,NA,20,232
2026-06-15T23:25:00Z,60.6363636363636,NA,30,233
2026-06-15T23:30:00Z,60.6363636363636,NA,10,234
2026-06-15T23:35:00Z,60.6363636363636,NA,30,235
2026-06-15T23:40:00Z,60.6363636363636,NA,20,236
2026-06-15T23:45:00Z,60.6363636363636,NA,30,237
2026-06-15T23:50:00Z,60.6363636363636,NA,110,238
2026-06-15T23:55:00Z,60.6363636363636,NA,30,239
2026-06-16T00:00:00Z,39.2843137254902,NA,20,240
2026-06-16T00:05:00Z,39.2843137254902,NA,30,241
2026-06-16T00:10:00Z,39.2843137254902,NA,50,242
2026-06-16T00:15:00Z,39.2843137254902,NA,50,243
2026-06-16T00:20:00Z,39.2843137254902,NA,100,244
2026-06-16T00:25:00Z,39.2843137254902,NA,20,245
2026-06-16T00:30:00Z,39.2843137254902,NA,20,246
2026-06-16T00:35:00Z,39.2843137254902,NA,10,247
2026-06-16T00:40:00Z,39.2843137254902,NA,40,248
2026-06-16T00:45:00Z,39.2843137254902,NA,40,249
2026-06-16T00:50:00Z,39.2843137254902,NA,10,250
2026-06-16T00:55:00Z,39.2843137254902,NA,30,251
2026-06-16T01:00:00Z,39.2843137254902,NA,10,252
2026-06-16T01:05:00Z,39.2843137254902,NA,20,253
2026-06-16T01:10:00Z,39.2843137254902,NA,50,254
2026-06-16T01:15:00Z,39.2843137254902,NA,70,255
2026-06-16T01:20:00Z,39.2843137254902,NA,30,256
2026-06-16T01:25:00Z,39.2843137254902,NA,20,257
2026-06-16T01:30:00Z,39.2843137254902,NA,20,258
2026-06-16T01:35:00Z,39.2843137254902,NA,20,259
2026-06-16T01:40:00Z,35.6911764705882,NA,10,260
2026-06-16T01:45:00Z,30.301470588235297,NA,20,261
2026-06-16T01:50:00Z,30.301470588235297,NA,20,262
2026-06-16T01:55:00Z,30.301470588235297,NA,0,263
2026-06-16T02:00:00Z,30.301470588235297,NA,20,264
2026-06-16T02:05:00Z,30.301470588235297,NA,10,265
2026-06-16T02:10:00Z,30.301470588235297,NA,20,266
2026-06-16T02:15:00Z,30.301470588235297,NA,20,267
2026-06-16T02:20:00Z,30.301470588235297,NA,10,268
2026-06-16T02:25:00Z,30.301470588235297,NA,20,269
2026-06-16T02:30:00Z,30.301470588235297,NA,10,270
2026-06-16T02:35:00Z,30.301470588235297,NA,50,271
2026-06-16T02:40:00Z,30.301470588235297,NA,50,272
2026-06-16T02:45:00Z,30.301470588235297,NA,0,273
2026-06-16T02:50:00Z,30.301470588235297,NA,20,274
2026-06-16T02:55:00Z,30.301470588235297,NA,20,275
2026-06-16T03:00:00Z,30.301470588235297,NA,10,276
2026-06-16T03:05:00Z,30.301470588235297,NA,20,277
2026-06-16T03:10:00Z,30.301470588235297,NA,60,278
2026-06-16T03:15:00Z,30.301470588235297,NA,30,279
2026-06-16T03:20:00Z,30.301470588235297,NA,30,280
2026-06-16T03:25:00Z,30.301470588235297,NA,80,281
2026-06-16T03:30:00Z,30.301470588235297,NA,70,282
2026-06-16T03:35:00Z,30.301470588235297,NA,30,283
2026-06-16T03:40:00Z,30.301470588235297,NA,10,284
2026-06-16T03:45:00Z,30.301470588235297,NA,0,285
2026-06-16T03:50:00Z,30.301470588235297,NA,0,286
2026-06-16T03:55:00Z,29.8208171891511,NA,40,287
2026-06-16T04:05:00Z,27.8982035928144,NA,80,288
2026-06-16T04:10:00Z,27.8982035928144,NA,50,289
2026-06-16T04:15:00Z,27.8982035928144,NA,10,290
2026-06-16T04:20:00Z,27.8982035928144,NA,0,291
2026-06-16T04:25:00Z,27.8982035928144,NA,20,292
2026-06-16T04:30:00Z,27.8982035928144,NA,60,293
2026-06-16T04:35:00Z,27.8982035928144,NA,10,294
2026-06-16T04:40:00Z,27.8982035928144,NA,20,295
2026-06-16T04:45:00Z,27.8982035928144,NA,10,296
2026-06-16T04:50:00Z,27.8982035928144,NA,10,297
2026-06-16T04:55:00Z,27.8982035928144,NA,70,298
2026-06-16T05:00:00Z,27.8982035928144,NA,10,299
2026-06-16T05:05:00Z,27.8982035928144,NA,20,300
2026-06-16T05:10:00Z,27.8982035928144,NA,10,301
2026-06-16T05:15:00Z,27.8982035928144,NA,20,302
2026-06-16T05:20:00Z,27.8982035928144,NA,30,303
2026-06-16T05:25:00Z,27.8982035928144,NA,30,304
2026-06-16T05:30:00Z,27.8982035928144,NA,70,305
2026-06-16T05:35:00Z,27.8982035928144,NA,30,306
2026-06-16T05:40:00Z,27.8982035928144,NA,0,307
2026-06-16T05:45:00Z,27.8982035928144,NA,0,308
2026-06-16T05:50:00Z,27.8982035928144,NA,60,309
2026-06-16T05:55:00Z,27.8982035928144,NA,20,310
2026-06-16T06:00:00Z,27.8982035928144,NA,10,311
2026-06-16T06:05:00Z,27.8982035928144,NA,0,312
2026-06-16T06:10:00Z,27.8982035928144,NA,0,313
2026-06-16T06:15:00Z,27.8982035928144,NA,0,314
2026-06-16T06:20:00Z,27.8982035928144,NA,30,315
2026-06-16T06:25:00Z,27.8982035928144,NA,10,316
2026-06-16T06:30:00Z,27.8982035928144,NA,10,317
2026-06-16T06:35:00Z,27.8982035928144,NA,10,318
2026-06-16T06:40:00Z,27.8982035928144,NA,20,319
2026-06-16T06:45:00Z,99.88821214713408,NA,10,320
2026-06-16T06:50:00Z,117.885714285714,NA,10,321
2026-06-16T06:55:00Z,117.885714285714,NA,20,322
2026-06-16T07:00:00Z,117.885714285714,NA,80,323
2026-06-16T07:05:00Z,117.885714285714,NA,90,324
2026-06-16T07:10:00Z,117.885714285714,NA,0,325
2026-06-16T07:15:00Z,117.885714285714,NA,0,326
2026-06-16T07:20:00Z,1169.6104761904699,NA,30,327
2026-06-16T07:25:00Z,749.1666666666671,NA,20,328
2026-06-16T07:30:00Z,518.75,NA,0,329
2026-06-16T07:35:00Z,560.6785714285722,NA,10,330
2026-06-16T07:40:00Z,623.571428571429,NA,20,331
2026-06-16T07:45:00Z,1211.4,NA,40,332
2026-06-16T07:50:00Z,2018,NA,10,333
2026-06-16T07:55:00Z,1703.6,NA,40,334
2026-06-16T08:00:00Z,769.8,NA,10,335
2026-06-16T08:05:00Z,690,NA,80,336
2026-06-16T08:10:00Z,3462.6,NA,10,337
2026-06-16T08:15:00Z,1711.5,NA,10,338
2026-06-16T08:20:00Z,1164.5571428571398,NA,30,339
2026-06-16T08:25:00Z,578.285714285714,NA,220,340
2026-06-16T08:30:00Z,388.73949579832,NA,1080,341
2026-06-16T08:35:00Z,341.35294117647106,NA,410.00000000000006,342
2026-06-16T08:40:00Z,341.35294117647106,NA,320,343
2026-06-16T08:45:00Z,299.58676470588296,NA,380,344
2026-06-16T08:50:00Z,236.9375,NA,400,345
2026-06-16T08:55:00Z,236.9375,NA,900,346
2026-06-16T09:00:00Z,318.7785714285709,NA,1320,347
2026-06-16T09:05:00Z,646.142857142857,NA,1150.0000000000002,348
2026-06-16T09:10:00Z,1209.5785714285703,NA,730,349
2026-06-16T09:15:00Z,1266.6899999999998,NA,740,350
2026-06-16T09:20:00Z,972.3599999999999,NA,2600,351
2026-06-16T09:25:00Z,842.142857142857,NA,1160.0000000000002,352
2026-06-16T09:30:00Z,671.514285714286,NA,850.0000000000001,353
2026-06-16T09:35:00Z,575.285714285714,NA,280,354
2026-06-16T09:40:00Z,766.097142857143,NA,640,355
2026-06-16T09:45:00Z,751.56,NA,80,356
2026-06-16T09:50:00Z,433.57142857142895,NA,140,357
2026-06-16T09:55:00Z,231.95238095238105,NA,130,358
2026-06-16T10:00:00Z,231.95238095238105,NA,100,359
2026-06-16T10:05:00Z,231.95238095238105,NA,110,360
2026-06-16T10:10:00Z,441.7314285714289,NA,410.00000000000006,361
2026-06-16T10:15:00Z,1497.3066666666703,NA,370,362
2026-06-16T10:20:00Z,2251.133333333331,NA,1010,363
2026-06-16T10:25:00Z,2271.6,NA,820.0000000000001,364
2026-06-16T10:30:00Z,76.35,NA,700,365
2026-06-16T10:35:00Z,127.25,NA,550,366
2026-06-16T10:40:00Z,127.25,NA,390,367
2026-06-16T10:45:00Z,127.25,NA,380,368
2026-06-16T10:50:00Z,127.25,NA,510,369
2026-06-16T10:55:00Z,127.25,NA,490,370
2026-06-16T11:00:00Z,165.77142857142903,NA,430.00000000000006,371
2026-06-16T11:05:00Z,319.857142857143,NA,140,372
2026-06-16T11:10:00Z,159.92857142857198,NA,130,373
2026-06-16T11:15:00Z,NA,NA,150.00000000000003,374
2026-06-16T11:20:00Z,NA,NA,180,375
2026-06-16T11:25:00Z,NA,NA,1600,376
2026-06-16T11:30:00Z,NA,NA,1790,377
2026-06-16T11:35:00Z,NA,NA,1510,378
2026-06-16T11:40:00Z,NA,NA,370,379
2026-06-16T11:45:00Z,14.229999999999999,NA,90,380
2026-06-16T11:50:00Z,35.575,NA,290.00000000000006,381
2026-06-16T11:55:00Z,35.575,NA,50,382
2026-06-16T12:00:00Z,35.575,NA,10,383
2026-06-16T12:05:00Z,35.575,NA,80,384
2026-06-16T12:10:00Z,35.575,NA,280,385
2026-06-16T12:15:00Z,35.575,NA,190,386
2026-06-16T12:20:00Z,35.575,NA,170,387
2026-06-16T12:25:00Z,139.815,NA,339.99999999999994,388
2026-06-16T12:30:00Z,296.175,NA,260,389
2026-06-16T12:35:00Z,296.175,NA,80,390
2026-06-16T12:40:00Z,296.175,NA,90,391
2026-06-16T12:45:00Z,296.175,NA,30,392
2026-06-16T12:50:00Z,296.175,NA,-20,393
2026-06-16T12:55:00Z,296.175,NA,40,394
2026-06-16T13:00:00Z,296.175,NA,30,395
2026-06-16T13:05:00Z,193.427033898305,NA,10,396
2026-06-16T13:10:00Z,39.30508474576269,NA,130,397
2026-06-16T13:15:00Z,39.30508474576269,NA,30,398
2026-06-16T13:20:00Z,39.30508474576269,NA,40,399
2026-06-16T13:25:00Z,39.30508474576269,NA,80,400
2026-06-16T13:30:00Z,39.30508474576269,NA,40,401
2026-06-16T13:35:00Z,39.30508474576269,NA,90,402
2026-06-16T13:40:00Z,39.30508474576269,NA,10,403
2026-06-16T13:45:00Z,39.30508474576269,NA,70,404
2026-06-16T13:50:00Z,39.30508474576269,NA,70,405
2026-06-16T13:55:00Z,39.30508474576269,NA,120.00000000000001,406
2026-06-16T14:00:00Z,39.30508474576269,NA,80,407
2026-06-16T14:05:00Z,115.407748184019,NA,70,408
2026-06-16T14:10:00Z,166.14285714285697,NA,10,409
2026-06-16T14:15:00Z,166.14285714285697,NA,40,410
2026-06-16T14:20:00Z,184.428571428571,NA,50,411
2026-06-16T14:25:00Z,189,NA,30,412
2026-06-16T14:30:00Z,184.34285714285699,NA,20,413
2026-06-16T14:35:00Z,165.71428571428595,NA,0,414
2026-06-16T14:40:00Z,165.71428571428595,NA,30,415
2026-06-16T14:45:00Z,195.96190476190498,NA,60,416
2026-06-16T14:50:00Z,241.33333333333303,NA,60,417
2026-06-16T14:55:00Z,314.41904761904703,NA,70,418
2026-06-16T15:00:00Z,375.11428571428604,NA,50,419
2026-06-16T15:05:00Z,803,NA,70,420
2026-06-16T15:10:00Z,998.1,NA,30,421
2026-06-16T15:15:00Z,970.8999999999979,NA,50,422
2026-06-16T15:20:00Z,593.955555555556,NA,290.00000000000006,423
2026-06-16T15:25:00Z,320.88888888888897,NA,80,424
2026-06-16T15:30:00Z,344.205555555556,NA,110,425
2026-06-16T15:35:00Z,829.750000000002,NA,90,426
2026-06-16T15:40:00Z,2319.8,NA,110,427
2026-06-16T15:45:00Z,629.6,NA,120.00000000000001,428
2026-06-16T15:50:00Z,2403,NA,210.00000000000003,429
2026-06-16T15:55:00Z,665.1666666666671,NA,120.00000000000001,430
2026-06-16T16:00:00Z,158.83333333333303,NA,140,431
2026-06-16T16:05:00Z,158.83333333333303,NA,220,432
2026-06-16T16:10:00Z,274.82121212121194,NA,300,433
2026-06-16T16:15:00Z,303.8181818181819,NA,590,434
2026-06-16T16:20:00Z,482.57727272727294,NA,720,435
2026-06-16T16:25:00Z,580.8299999999999,NA,710,436
2026-06-16T16:30:00Z,573.72,NA,520,437
2026-06-16T16:35:00Z,995.400000000002,NA,190,438
2026-06-16T16:40:00Z,726.64,NA,220,439
2026-06-16T16:45:00Z,616.6933333333332,NA,610,440
2026-06-16T16:50:00Z,524.366666666667,NA,1910,441
2026-06-16T16:55:00Z,639.8333333333321,NA,590,442
2026-06-16T17:00:00Z,812.9333333333321,NA,2029.9999999999998,443
2026-06-16T17:05:00Z,1991.5333333333297,NA,490,444
2026-06-16T17:10:00Z,1717.2,NA,100,445
2026-06-16T17:15:00Z,953.2,NA,140,446
2026-06-16T17:20:00Z,1785,NA,380,447
2026-06-16T17:25:00Z,685.742857142857,NA,120.00000000000001,448
2026-06-16T17:30:00Z,480.257142857143,NA,360,449
2026-06-16T17:35:00Z,871.5,NA,450,450
2026-06-16T17:40:00Z,733.614285714286,NA,420.00000000000006,451
2026-06-16T17:45:00Z,348.57142857142895,NA,659.9999999999999,452
2026-06-16T17:50:00Z,293.634285714286,NA,510,453
2026-06-16T17:55:00Z,279.9,NA,380,454
2026-06-16T18:00:00Z,403.58,NA,460,455
2026-06-16T18:05:00Z,266.575,NA,460,456
2026-06-16T18:10:00Z,154.625,NA,590,457
2026-06-16T18:15:00Z,154.625,NA,1630.0000000000002,458
2026-06-16T18:20:00Z,179.30833333333305,NA,1130.0000000000002,459
2026-06-16T18:25:00Z,323.809523809524,NA,720,460
2026-06-16T18:30:00Z,467.57142857142895,NA,1410,461
2026-06-16T18:35:00Z,467.57142857142895,NA,490,462
2026-06-16T18:40:00Z,639.3848739495802,NA,280,463
2026-06-16T18:45:00Z,150.35294117647103,NA,600,464
2026-06-16T18:50:00Z,150.35294117647103,NA,520,465
2026-06-16T18:55:00Z,150.35294117647103,NA,280,466
2026-06-16T19:00:00Z,179.556302521009,NA,390,467
2026-06-16T19:05:00Z,186.85714285714306,NA,100,468
2026-06-16T19:10:00Z,186.85714285714306,NA,350,469
2026-06-16T19:15:00Z,156.125,NA,150.00000000000003,470
2026-06-16T19:20:00Z,156.125,NA,110,471
2026-06-16T19:25:00Z,156.125,NA,80,472
2026-06-16T19:30:00Z,94.4508064516129,NA,150.00000000000003,473
2026-06-16T19:35:00Z,79.0322580645161,NA,120.00000000000001,474
2026-06-16T19:40:00Z,79.0322580645161,NA,260,475
2026-06-16T19:45:00Z,79.0322580645161,NA,770,476
2026-06-16T19:50:00Z,79.0322580645161,NA,300,477
2026-06-16T19:55:00Z,79.0322580645161,NA,100,478
2026-06-16T20:00:00Z,76.78165322580642,NA,30,479
2026-06-16T20:05:00Z,75.28125000000001,0,160,480
2026-06-16T20:10:00Z,75.28125000000001,0,270,481
2026-06-16T20:15:00Z,75.28125000000001,1533.9,40,482
2026-06-16T20:20:00Z,75.28125000000001,1026.4,70,483
2026-06-16T20:25:00Z,75.28125000000001,448.2,100,484
2026-06-16T20:30:00Z,81.233,827,90,485
2026-06-16T20:35:00Z,105.04,1061,20,486
2026-06-16T20:40:00Z,105.04,3416,40,487
2026-06-16T20:45:00Z,105.04,1361.2,40,488
2026-06-16T20:50:00Z,105.04,3336,20,489
2026-06-16T20:55:00Z,105.42330434782599,1035.2,0,490
2026-06-16T21:00:00Z,106.95652173913001,149.6,80,491
2026-06-16T21:05:00Z,106.95652173913001,164,10,492
2026-06-16T21:10:00Z,106.95652173913001,0,70,493
2026-06-16T21:15:00Z,106.95652173913001,166.8,110,494
2026-06-16T21:20:00Z,73.45760869565201,84.71073031415749,-20,495
2026-06-16T21:25:00Z,51.12500000000001,3.86821705426357,0,496
2026-06-16T21:30:00Z,51.12500000000001,400.5472868217051,0,497
2026-06-16T21:35:00Z,51.12500000000001,1006.4,20,498
2026-06-16T21:40:00Z,51.12500000000001,803.8,140,499
2026-06-16T21:45:00Z,51.12500000000001,585.8,70,500
2026-06-16T21:50:00Z,51.12500000000001,779.6,80,501
2026-06-16T21:55:00Z,51.12500000000001,567.4,-10,502
2026-06-16T22:00:00Z,51.12500000000001,920.8,120.00000000000001,503
2026-06-16T22:05:00Z,51.12500000000001,1988,80,504
2026-06-16T22:10:00Z,66.43243243243238,2201.8,80,505
2026-06-16T22:15:00Z,66.43243243243238,935.2,70,506
2026-06-16T22:20:00Z,66.43243243243238,2131.8,130,507
2026-06-16T22:25:00Z,66.43243243243238,775.6,10,508
2026-06-16T22:30:00Z,66.43243243243238,316.2,110,509
2026-06-16T22:35:00Z,66.43243243243238,929,-10,510
2026-06-16T22:40:00Z,66.43243243243238,817,40,511
2026-06-16T22:45:00Z,50.03011583011582,487.4,10,512
2026-06-16T22:50:00Z,39.0952380952381,504.6,0,513
2026-06-16T22:55:00Z,39.0952380952381,156.8,10,514
2026-06-16T23:00:00Z,39.0952380952381,532.2,20,515
2026-06-16T23:05:00Z,39.0952380952381,197.2,10,516
2026-06-16T23:10:00Z,39.0952380952381,121.2,20,517
2026-06-16T23:15:00Z,39.0952380952381,119.8,60,518
2026-06-16T23:20:00Z,39.0952380952381,207.6,90,519
2026-06-16T23:25:00Z,39.0952380952381,204.8,110,520
2026-06-16T23:30:00Z,39.0952380952381,302.6,0,521
2026-06-16T23:35:00Z,39.0952380952381,1214.6,20,522
2026-06-16T23:40:00Z,39.0952380952381,318.321698934816,30,523
2026-06-16T23:45:00Z,39.0952380952381,0.22342064714946103,30,524
2026-06-16T23:50:00Z,104.77777777777798,0.22342064714946103,180,525
2026-06-16T23:55:00Z,104.77777777777798,0.0238315356959425,10,526
2026-06-17T00:00:00Z,46.36,0,-10,527
2026-06-17T00:05:00Z,46.36,0,0,528
2026-06-17T00:10:00Z,46.36,-74.4,0,529
2026-06-17T00:15:00Z,46.36,292.8,0,530
2026-06-17T00:20:00Z,46.36,17.6,70,531
2026-06-17T00:25:00Z,46.36,-9,10,532
2026-06-17T00:30:00Z,46.36,64.2,0,533
2026-06-17T00:35:00Z,46.36,231.2,0,534
2026-06-17T00:40:00Z,46.36,10.6,20,535
2026-06-17T00:45:00Z,46.36,-86.6,30,536
2026-06-17T00:50:00Z,35.2163037974683,185.8,0,537
2026-06-17T00:55:00Z,32.430379746835406,110.4,30,538
2026-06-17T01:00:00Z,32.430379746835406,73.4,160,539
2026-06-17T01:05:00Z,32.430379746835406,222,10,540
2026-06-17T01:10:00Z,32.430379746835406,-117.6,0,541
2026-06-17T01:15:00Z,32.430379746835406,-44.6,20,542
2026-06-17T01:20:00Z,32.430379746835406,54.6,190,543
2026-06-17T01:25:00Z,32.430379746835406,-16.2,60,544
2026-06-17T01:30:00Z,32.430379746835406,316.4,-10,545
2026-06-17T01:35:00Z,32.430379746835406,117.6,10,546
2026-06-17T01:40:00Z,32.430379746835406,152.8,0,547
2026-06-17T01:45:00Z,32.430379746835406,-79,10,548
2026-06-17T01:50:00Z,32.430379746835406,254.8,10,549
2026-06-17T01:55:00Z,32.430379746835406,160.6,10,550
2026-06-17T02:00:00Z,32.430379746835406,161,30,551
2026-06-17T02:05:00Z,32.430379746835406,32.4,10,552
2026-06-17T02:10:00Z,71.6969696969697,224.6,0,553
2026-06-17T02:15:00Z,71.6969696969697,-20.2,20,554
2026-06-17T02:20:00Z,71.6969696969697,161.4,40,555
2026-06-17T02:25:00Z,71.6969696969697,-84,20,556
2026-06-17T02:30:00Z,71.6969696969697,108.2,20,557
2026-06-17T02:35:00Z,71.6969696969697,-24.2,10,558
2026-06-17T02:40:00Z,62.79690522243711,96.8,0,559
2026-06-17T02:45:00Z,49.44680851063829,-2.6,30,560
2026-06-17T02:50:00Z,49.44680851063829,79.6,50,561
2026-06-17T02:55:00Z,49.44680851063829,12.6,0,562
2026-06-17T03:00:00Z,49.44680851063829,40.6,0,563
2026-06-17T03:05:00Z,49.44680851063829,183,0,564
2026-06-17T03:10:00Z,49.44680851063829,132.2,90,565
2026-06-17T03:15:00Z,49.44680851063829,274.2,20,566
2026-06-17T03:20:00Z,49.44680851063829,-207.8,50,567
2026-06-17T03:25:00Z,49.44680851063829,193.4,30,568
2026-06-17T03:30:00Z,62.6341463414634,82.6,120.00000000000001,569
2026-06-17T03:35:00Z,62.6341463414634,-1.2,0,570
2026-06-17T03:40:00Z,62.6341463414634,289.2,100,571
2026-06-17T03:45:00Z,62.6341463414634,-125.6,20,572
2026-06-17T03:50:00Z,62.6341463414634,87.4,30,573
2026-06-17T03:55:00Z,62.6341463414634,51,20,574
2026-06-17T04:05:00Z,62.6341463414634,-62,60,575
2026-06-17T04:10:00Z,47.2438104003681,50.2,130,576
2026-06-17T04:15:00Z,43.39622641509429,158.2,-10,577
2026-06-17T04:20:00Z,43.39622641509429,-5.2,40,578
2026-06-17T04:25:00Z,43.39622641509429,-5.4,0,579
2026-06-17T04:30:00Z,43.39622641509429,32.4,0,580
2026-06-17T04:35:00Z,43.39622641509429,-27.2,0,581
2026-06-17T04:40:00Z,43.39622641509429,54.6,140,582
2026-06-17T04:45:00Z,43.39622641509429,91,0,583
2026-06-17T04:50:00Z,43.39622641509429,364.4,40,584
2026-06-17T04:55:00Z,43.39622641509429,-65.8,0,585
2026-06-17T05:00:00Z,54.636981132075405,-37.2,120.00000000000001,586
2026-06-17T05:05:00Z,99.6,121,10,587
2026-06-17T05:10:00Z,99.6,370,90,588
2026-06-17T05:15:00Z,99.6,33.2,0,589
2026-06-17T05:20:00Z,99.6,-21.6,20,590
2026-06-17T05:25:00Z,99.6,4.4,0,591
2026-06-17T05:30:00Z,93.9703225806452,8.6,0,592
2026-06-17T05:35:00Z,71.45161290322581,-0.6,70,593
2026-06-17T05:40:00Z,71.45161290322581,32.6,10,594
2026-06-17T05:45:00Z,71.45161290322581,21.8,0,595
2026-06-17T05:50:00Z,71.45161290322581,3.8,20,596
2026-06-17T05:55:00Z,71.45161290322581,69,80,597
2026-06-17T06:00:00Z,71.45161290322581,-7.4,60,598
2026-06-17T06:05:00Z,79.6,183.6,20,599
2026-06-17T06:10:00Z,79.6,-60.2,80,600
2026-06-17T06:15:00Z,79.6,87,80,601
2026-06-17T06:20:00Z,79.6,-31,0,602
2026-06-17T06:25:00Z,79.6,26.8,80,603
2026-06-17T06:30:00Z,79.6,-62.2,110,604
2026-06-17T06:35:00Z,79.6,64.8,10,605
2026-06-17T06:40:00Z,81.3548387096774,300,110,606
2026-06-17T06:45:00Z,81.3548387096774,-192.2,10,607
2026-06-17T06:50:00Z,81.3548387096774,11.2,30,608
2026-06-17T06:55:00Z,81.3548387096774,33.6,30,609
2026-06-17T07:00:00Z,81.3548387096774,153.2,130,610
2026-06-17T07:05:00Z,81.3548387096774,-96,20,611
2026-06-17T07:10:00Z,109.028862478778,99.4,100,612
2026-06-17T07:15:00Z,115.94736842105301,163,80,613
2026-06-17T07:20:00Z,115.94736842105301,344.8,180,614
2026-06-17T07:25:00Z,115.94736842105301,-222.8,30,615
2026-06-17T07:30:00Z,650.9,247.6,0,616
2026-06-17T07:35:00Z,784.3,187.4,0,617
2026-06-17T07:40:00Z,901.4399999999999,-19.8,20,618
2026-06-17T07:45:00Z,422.61,-34.4,0,619
2026-06-17T07:50:00Z,322.125,89.2,40,620
2026-06-17T07:55:00Z,545.8249999999999,167.2,30,621
2026-06-17T08:00:00Z,236.692307692308,280.8,20,622
2026-06-17T08:05:00Z,236.692307692308,-165,60,623
2026-06-17T08:10:00Z,485.7487179487179,115.6,70,624
2026-06-17T08:15:00Z,1148.0666666666702,-44.6,50,625
2026-06-17T08:20:00Z,361,59.2,80,626
2026-06-17T08:25:00Z,416.86666666666605,-111.2,110,627
2026-06-17T08:30:00Z,690.5333333333331,426.6,10,628
2026-06-17T08:35:00Z,582.2,-67.8,160,629
2026-06-17T08:40:00Z,402,127.6,440,630
2026-06-17T08:45:00Z,346.6,-148,630,631
2026-06-17T08:50:00Z,263.5,354.4,530,632
2026-06-17T08:55:00Z,405.36666666666605,15,329.99999999999994,633
2026-06-17T09:00:00Z,627.2333333333331,114.8,140,634
2026-06-17T09:05:00Z,579.42,32.2,430.00000000000006,635
2026-06-17T09:10:00Z,415.28,-107,270,636
2026-06-17T09:15:00Z,341.666666666667,55.2,20,637
2026-06-17T09:20:00Z,276.666666666667,-76.6,360,638
2026-06-17T09:25:00Z,351.966666666667,274.8,789.9999999999999,639
2026-06-17T09:30:00Z,405.9,-11.8,260,640
2026-06-17T09:35:00Z,499.65000000000003,-150.8,250,641
2026-06-17T09:40:00Z,815.6166666666671,262.2,530,642
2026-06-17T09:45:00Z,721.7333333333331,114.8,440,643
2026-06-17T09:50:00Z,301.25,32.4,329.99999999999994,644
2026-06-17T09:55:00Z,420.51,-65.4,190,645
2026-06-17T10:00:00Z,494.706666666667,200,190,646
2026-06-17T10:05:00Z,337.666666666667,369.8,310,647
2026-06-17T10:10:00Z,545.2666666666671,-139.8,390,648
2026-06-17T10:15:00Z,2848.2,235,380,649
2026-06-17T10:20:00Z,2682.4,119,300,650
2026-06-17T10:25:00Z,708.24,11,250,651
2026-06-17T10:30:00Z,748.9599999999999,137.6,160,652
2026-06-17T10:35:00Z,1360.6,114,280,653
2026-06-17T10:40:00Z,1426.1,-34.2,290.00000000000006,654
2026-06-17T10:45:00Z,1063.3,0.2,380,655
2026-06-17T10:50:00Z,435,247,530,656
2026-06-17T10:55:00Z,672.8,63.2,460,657
2026-06-17T11:00:00Z,682.571428571429,-17,230,658
2026-06-17T11:05:00Z,692.8571428571429,297.2,270,659
2026-06-17T11:10:00Z,615.5314285714289,200,380,660
2026-06-17T11:15:00Z,567.8399999999999,77.8,170,661
2026-06-17T11:20:00Z,766.6,20.6,430.00000000000006,662
2026-06-17T11:25:00Z,606.2800000000001,27.8,2320,663
2026-06-17T11:30:00Z,462.41999999999996,0.2,1860,664
2026-06-17T11:35:00Z,417.5,-107,370,665
2026-06-17T11:40:00Z,565.1,224,600,666
2026-06-17T11:45:00Z,753.4599999999999,3.2,950.0000000000001,667
2026-06-17T11:50:00Z,537.1066666666671,62.6,1000,668
2026-06-17T11:55:00Z,479.43333333333396,78.6,610,669
2026-06-17T12:00:00Z,686.4,76.8,320,670
2026-06-17T12:05:00Z,634.26,124,460,671
2026-06-17T12:10:00Z,706.69,124,810,672
2026-06-17T12:15:00Z,696.9499999999999,212.2,320,673
2026-06-17T12:20:00Z,662.4,-30.8,460,674
2026-06-17T12:25:00Z,867.2,221.8,360,675
2026-06-17T12:30:00Z,685.05,606.8,510,676
2026-06-17T12:35:00Z,931.75,899.2,690,677
2026-06-17T12:40:00Z,1302.4,1021,339.99999999999994,678
2026-06-17T12:45:00Z,689.2666666666671,541.6,270,679
2026-06-17T12:50:00Z,970.933333333333,193.8,580,680
2026-06-17T12:55:00Z,520.3499999999999,536.2,490,681
2026-06-17T13:00:00Z,456.375,619.6,329.99999999999994,682
2026-06-17T13:05:00Z,944.2750000000001,-37,320,683
2026-06-17T13:10:00Z,288.91666666666697,282.8,630,684
2026-06-17T13:15:00Z,288.91666666666697,1464.2,460,685
2026-06-17T13:20:00Z,250.14666666666696,352.8,430.00000000000006,686
2026-06-17T13:25:00Z,224.3,342,500,687
2026-06-17T13:30:00Z,335.186666666667,828.6,410.00000000000006,688
2026-06-17T13:35:00Z,409.111111111111,766.6,600,689
2026-06-17T13:40:00Z,313.111111111111,449,470.00000000000006,690
2026-06-17T13:45:00Z,289.111111111111,208.4,659.9999999999999,691
2026-06-17T13:50:00Z,507.6,316.2,740,692
2026-06-17T13:55:00Z,513,655.4,440,693
2026-06-17T14:00:00Z,581.8,438.4,740,694
2026-06-17T14:05:00Z,503,540,370,695
2026-06-17T14:10:00Z,185.6875,657.2,170,696
2026-06-17T14:15:00Z,185.6875,210.8,640,697
2026-06-17T14:20:00Z,185.6875,347,300,698
2026-06-17T14:25:00Z,293.93749999999994,340,70,699
2026-06-17T14:30:00Z,375.2,361,80,700
2026-06-17T14:35:00Z,525.65,535.4,80,701
2026-06-17T14:40:00Z,659.2166666666672,707.6,490,702
2026-06-17T14:45:00Z,490.483333333334,777.8,130,703
2026-06-17T14:50:00Z,601.75,412.6,210.00000000000003,704
2026-06-17T14:55:00Z,590.98,342.2,170,705
2026-06-17T15:00:00Z,488.82,576.2,320,706
2026-06-17T15:05:00Z,515.6,279.8,390,707
2026-06-17T15:10:00Z,755.9,478.6,400,708
2026-06-17T15:15:00Z,1268.3333333333296,2814,380,709
2026-06-17T15:20:00Z,998.8666666666679,3244.8,200,710
2026-06-17T15:25:00Z,1387.8,560.6,40,711
2026-06-17T15:30:00Z,1267.7333333333297,737.4,130,712
2026-06-17T15:35:00Z,1396.2666666666703,1357.6,250,713
2026-06-17T15:40:00Z,1178.4666666666703,1315.4,300,714
2026-06-17T15:45:00Z,941.2666666666671,1138.6,370,715
2026-06-17T15:50:00Z,990.466666666665,424.4,440,716
2026-06-17T15:55:00Z,871.2666666666671,702.8,280,717
2026-06-17T16:00:00Z,973.933333333333,1027,390,718
2026-06-17T16:05:00Z,870.16,444.6,440,719
2026-06-17T16:10:00Z,859.4399999999999,658.6,320,720
2026-06-17T16:15:00Z,974.6,411.4,350,721
2026-06-17T16:20:00Z,606.8399999999999,824.8,560,722
2026-06-17T16:25:00Z,780.41,523.2,940.0000000000001,723
2026-06-17T16:30:00Z,675.43,345.2,750,724
2026-06-17T16:35:00Z,562.12,284.8,990,725
2026-06-17T16:40:00Z,546.2,688.6,870.0000000000001,726
2026-06-17T16:45:00Z,481.31428571428603,530.2,980,727
2026-06-17T16:50:00Z,362.28571428571394,450.4,730,728
2026-06-17T16:55:00Z,723.933333333333,371.2,600,729
2026-06-17T17:00:00Z,1921.6666666666702,926.6,640,730
2026-06-17T17:05:00Z,2355.2,490.2,580,731
2026-06-17T17:10:00Z,2045.8,717.8,700,732
2026-06-17T17:15:00Z,3125.2,707.6,669.9999999999999,733
2026-06-17T17:20:00Z,2017.6,508.2,870.0000000000001,734
2026-06-17T17:25:00Z,1329,978.6,900,735
2026-06-17T17:30:00Z,1979.2,606,329.99999999999994,736
2026-06-17T17:35:00Z,2442.4,866.4,560,737
2026-06-17T17:40:00Z,2760.8,1027.8,460,738
2026-06-17T17:45:00Z,2198.2,617.4,339.99999999999994,739
2026-06-17T17:50:00Z,1835.6,925.4,490,740
2026-06-17T17:55:00Z,1672.7,472,250,741
2026-06-17T18:00:00Z,1514.3,221.2,260,742
2026-06-17T18:05:00Z,1505.8666666666702,839.2,510,743
2026-06-17T18:10:00Z,1385.3333333333296,475,1380.0000000000002,744
2026-06-17T18:15:00Z,854.8499999999999,13.2,1560,745
2026-06-17T18:20:00Z,692.07,224.8,1470,746
2026-06-17T18:25:00Z,569.16,56.4,2050,747
2026-06-17T18:30:00Z,415.28,711.8,1410,748
2026-06-17T18:35:00Z,271.4,71.6,930,749
2026-06-17T18:40:00Z,405.84000000000003,304.2,1520,750
2026-06-17T18:45:00Z,444.2,264.2,1680.0000000000002,751
2026-06-17T18:50:00Z,335.33333333333303,506.6,1900,752
2026-06-17T18:55:00Z,210.56666666666698,647,1570,753
2026-06-17T19:00:00Z,179.375,468.8,1150.0000000000002,754
2026-06-17T19:05:00Z,179.375,499.8,1110,755
2026-06-17T19:10:00Z,174.52647058823504,235.4,1020,756
2026-06-17T19:15:00Z,171.294117647059,58.4,1390.0000000000002,757
2026-06-17T19:20:00Z,171.294117647059,132.8,1110,758
2026-06-17T19:25:00Z,178.035294117647,416.4,530,759
2026-06-17T19:30:00Z,205,360.8,500,760
2026-06-17T19:35:00Z,205,354.8,320,761
2026-06-17T19:40:00Z,278.42222222222193,652.6,350,762
2026-06-17T19:45:00Z,296.77777777777794,413.8,60,763
2026-06-17T19:50:00Z,393,555.6,350,764
2026-06-17T19:55:00Z,281.7,678.8,410.00000000000006,765
2026-06-17T20:00:00Z,207.5,427,190,766
2026-06-17T20:05:00Z,277.866666666667,530.2,200,767
2026-06-17T20:10:00Z,324.77777777777794,664.8,160,768
2026-06-17T20:15:00Z,169.67936507936494,1346.6,150.00000000000003,769
2026-06-17T20:20:00Z,130.90476190476195,984,320,770
2026-06-17T20:25:00Z,130.90476190476195,1324.4,170,771
2026-06-17T20:30:00Z,130.90476190476195,1231.8,90,772
2026-06-17T20:35:00Z,154.28190476190497,1226.8,140,773
2026-06-17T20:40:00Z,169.866666666667,1024.4,150.00000000000003,774
2026-06-17T20:45:00Z,169.866666666667,842.4,140,775
2026-06-17T20:50:00Z,155.513333333333,845.8,210.00000000000003,776
2026-06-17T20:55:00Z,145.944444444444,745.8,260,777
2026-06-17T21:00:00Z,145.944444444444,963.4,290.00000000000006,778
2026-06-17T21:05:00Z,145.944444444444,985.8,200,779
2026-06-17T21:10:00Z,164.0625,1079.6,100,780
2026-06-17T21:15:00Z,164.0625,1143.8,500,781
2026-06-17T21:20:00Z,164.0625,316,140,782
2026-06-17T21:25:00Z,128.202976190476,891,160,783
2026-06-17T21:30:00Z,119.238095238095,612.2,120.00000000000001,784
2026-06-17T21:35:00Z,119.238095238095,478.2,120.00000000000001,785
2026-06-17T21:40:00Z,119.238095238095,597.4,190,786
2026-06-17T21:45:00Z,131.12681704260604,434.4,100,787
2026-06-17T21:50:00Z,139.052631578947,231.4,170,788
2026-06-17T21:55:00Z,139.052631578947,588.6,170,789
2026-06-17T22:00:00Z,139.052631578947,1690.6,110,790
2026-06-17T22:05:00Z,114.24385964912302,2246,150.00000000000003,791
2026-06-17T22:10:00Z,108.04166666666703,1808.2,100,792
2026-06-17T22:15:00Z,108.04166666666703,2810,140,793
2026-06-17T22:20:00Z,108.04166666666703,1941.2,120.00000000000001,794
2026-06-17T22:25:00Z,108.04166666666703,1269.2,150.00000000000003,795
2026-06-17T22:30:00Z,113.227272727273,2127.4,140,796
2026-06-17T22:35:00Z,113.227272727273,2443.6,150.00000000000003,797
2026-06-17T22:40:00Z,113.227272727273,2446.4,90,798
2026-06-17T22:45:00Z,113.227272727273,2263,160,799
2026-06-17T22:50:00Z,125.75406698564602,1546.2,60,800
2026-06-17T22:55:00Z,134.105263157895,1499.4,160,801
2026-06-17T23:00:00Z,134.105263157895,1370.8,130,802
2026-06-17T23:05:00Z,134.105263157895,1683.6,190,803
2026-06-17T23:10:00Z,137.576608187134,1652.8,160,804
2026-06-17T23:15:00Z,138.444444444444,753.6,100,805
2026-06-17T23:20:00Z,138.444444444444,815.2,180,806
2026-06-17T23:25:00Z,137.492397660818,273,70,807
2026-06-17T23:30:00Z,133.68421052631598,650.4,140,808
2026-06-17T23:35:00Z,133.68421052631598,5.4,120.00000000000001,809
2026-06-17T23:40:00Z,133.68421052631598,332.6,150.00000000000003,810
2026-06-17T23:45:00Z,129.51961722487994,640,60,811
2026-06-17T23:50:00Z,123.27272727272698,263.4,150.00000000000003,812
2026-06-17T23:55:00Z,123.27272727272698,238.8,90,813
2026-06-18T00:00:00Z,152.647058823529,190,110,814
2026-06-18T00:05:00Z,152.647058823529,126.8,80,815
2026-06-18T00:10:00Z,152.647058823529,360,60,816
2026-06-18T00:15:00Z,140.883473389355,153.2,130,817
2026-06-18T00:20:00Z,123.238095238095,136.2,140,818
2026-06-18T00:25:00Z,123.238095238095,122.8,80,819
2026-06-18T00:30:00Z,123.238095238095,179.2,90,820
2026-06-18T00:35:00Z,137.359706959707,153.8,90,821
2026-06-18T00:40:00Z,193.84615384615398,312,20,822
2026-06-18T00:45:00Z,193.84615384615398,260.8,140,823
2026-06-18T00:50:00Z,166.97375565610895,357.4,90,824
2026-06-18T00:55:00Z,149.058823529412,254.2,90,825
2026-06-18T01:00:00Z,149.058823529412,175.2,120.00000000000001,826
2026-06-18T01:05:00Z,294.09705882353,700.2,80,827
2026-06-18T01:10:00Z,1052.95,171.4,60,828
2026-06-18T01:15:00Z,619.4,189.6,140,829
2026-06-18T01:20:00Z,552.12,140.6,90,830
2026-06-18T01:25:00Z,592.4,102.8,100,831
2026-06-18T01:30:00Z,500.88,101,20,832
2026-06-18T01:35:00Z,452.733333333333,125.8,160,833
2026-06-18T01:40:00Z,464.3,161.8,50,834
2026-06-18T01:45:00Z,518.1666666666671,168.6,100,835
2026-06-18T01:50:00Z,811.48,121.6,180,836
2026-06-18T01:55:00Z,588.72,145.4,70,837
2026-06-18T02:00:00Z,520.3199999999999,140.8,90,838
2026-06-18T02:05:00Z,598.6800000000001,165.2,50,839
2026-06-18T02:10:00Z,648.12,121.2,110,840
2026-06-18T02:15:00Z,772.43,197.2,580,841
2026-06-18T02:20:00Z,620.81,146.2,860.0000000000001,842
2026-06-18T02:25:00Z,666.4399999999999,170.2,300,843
2026-06-18T02:30:00Z,458.166666666667,114.8,380,844
2026-06-18T02:35:00Z,497.39333333333303,108.2,240.00000000000003,845
2026-06-18T02:40:00Z,785.64,99.6,280,846
2026-06-18T02:45:00Z,536.833333333333,124.6,230,847
2026-06-18T02:50:00Z,455.366666666667,126.6,260,848
2026-06-18T02:55:00Z,437.04,125,280,849
2026-06-18T03:00:00Z,596.3199999999999,139.6,520,850
2026-06-18T03:05:00Z,483.35428571428605,117.2,240.00000000000003,851
2026-06-18T03:10:00Z,357.8190476190481,93.2,160,852
2026-06-18T03:15:00Z,437.666666666667,92.2,270,853
2026-06-18T03:20:00Z,616.6,75,329.99999999999994,854
2026-06-18T03:25:00Z,593.4,99.2,450,855
2026-06-18T03:30:00Z,458,109,270,856
2026-06-18T03:35:00Z,412.057142857143,104.2,339.99999999999994,857
2026-06-18T03:40:00Z,400.57142857142895,68.2,260,858
2026-06-18T03:45:00Z,400.57142857142895,118,210.00000000000003,859
2026-06-18T03:50:00Z,310.22222222222194,126.6,520,860
2026-06-18T03:55:00Z,335.21111111111094,59,250,861
2026-06-18T04:05:00Z,389.14285714285705,111.6,210.00000000000003,862
2026-06-18T04:10:00Z,364.2,166.8,400,863
2026-06-18T04:15:00Z,462.32380952381004,167,250,864
2026-06-18T04:20:00Z,687.833333333333,92.8,200,865
2026-06-18T04:25:00Z,450.6,70.6,310,866
2026-06-18T04:30:00Z,328.25,135.8,310,867
2026-06-18T04:35:00Z,310.094444444445,107.6,310,868
2026-06-18T04:40:00Z,305.555555555556,107.6,260,869
2026-06-18T04:45:00Z,533.8,136.6,220,870
2026-06-18T04:50:00Z,336.444444444444,120.2,200,871
2026-06-18T04:55:00Z,317.355555555555,101.6,220,872
2026-06-18T05:00:00Z,241,77.4,240.00000000000003,873
2026-06-18T05:05:00Z,278.49090909090893,116.6,260,874
2026-06-18T05:10:00Z,334.7272727272729,117.4,260,875
2026-06-18T05:15:00Z,399.531818181818,87.6,320,876
2026-06-18T05:20:00Z,512.761111111111,73,270,877
2026-06-18T05:25:00Z,293.77777777777794,142.8,260,878
2026-06-18T05:30:00Z,300.24444444444504,111,570.0000000000001,879
2026-06-18T05:35:00Z,304.555555555556,125.4,230,880
2026-06-18T05:40:00Z,380.9111111111109,235.8,220,881
2026-06-18T05:45:00Z,353.08,95.4,260,882
2026-06-18T05:50:00Z,282.7,128,300,883
2026-06-18T05:55:00Z,307.677142857143,75.6,460,884
2026-06-18T06:00:00Z,345.14285714285705,130.4,370,885
2026-06-18T06:05:00Z,554.6666666666671,703.6,430.00000000000006,886
2026-06-18T06:10:00Z,406.433333333333,1076.8,320,887
2026-06-18T06:15:00Z,356.9,238.4,470.00000000000006,888
2026-06-18T06:20:00Z,307,351.6,300,889
2026-06-18T06:25:00Z,280.733333333333,217.2,440,890
2026-06-18T06:30:00Z,241.33333333333303,260.4,440,891
2026-06-18T06:35:00Z,241.33333333333303,244,339.99999999999994,892
2026-06-18T06:40:00Z,421.5,216.8,420.00000000000006,893
2026-06-18T06:45:00Z,315.677777777778,249.4,300,894
2026-06-18T06:50:00Z,289.22222222222194,602,480.00000000000006,895
2026-06-18T06:55:00Z,440.857142857143,264,320,896
2026-06-18T07:00:00Z,341.34285714285704,178.2,270,897
2026-06-18T07:05:00Z,275,215.6,390,898
2026-06-18T07:10:00Z,269.41999999999996,350.6,370,899
2026-06-18T07:15:00Z,265.7,528,410.00000000000006,900
2026-06-18T07:20:00Z,296.08,364.6,200,901
2026-06-18T07:25:00Z,316.33333333333303,306.6,140,902
2026-06-18T07:30:00Z,331.166666666667,252.6,230,903
2026-06-18T07:35:00Z,297.866666666667,189.4,250,904
2026-06-18T07:40:00Z,149.83333333333303,562,360,905
2026-06-18T07:45:00Z,149.83333333333303,270.6,270,906
2026-06-18T07:50:00Z,149.83333333333303,202.8,430.00000000000006,907
2026-06-18T07:55:00Z,178.68717948717904,179.8,260,908
2026-06-18T08:00:00Z,197.923076923077,436.6,329.99999999999994,909
2026-06-18T08:05:00Z,197.923076923077,290.6,370,910
2026-06-18T08:10:00Z,194.928571428571,177.4,300,911
2026-06-18T08:15:00Z,194.928571428571,179.2,350,912
2026-06-18T08:20:00Z,182.20285714285697,391.8,270,913
2026-06-18T08:25:00Z,131.3,349.4,400,914
2026-06-18T08:30:00Z,131.3,115.4,260,915
2026-06-18T08:35:00Z,131.3,113,50,916
2026-06-18T08:40:00Z,120.85714285714299,121.6,140,917
2026-06-18T08:45:00Z,79.0857142857143,95.4,310,918
2026-06-18T08:50:00Z,79.0857142857143,127.8,140,919
2026-06-18T08:55:00Z,79.0857142857143,108.8,150.00000000000003,920
2026-06-18T09:00:00Z,79.0857142857143,187.4,210.00000000000003,921
2026-06-18T09:05:00Z,79.0857142857143,179.8,180,922
2026-06-18T09:10:00Z,79.0857142857143,185,120.00000000000001,923
2026-06-18T09:15:00Z,69.62438538205977,183.4,220,924
2026-06-18T09:20:00Z,31.7790697674419,604.6,230,925
2026-06-18T09:25:00Z,31.7790697674419,147.8,260,926
2026-06-18T09:30:00Z,31.7790697674419,127.6,130,927
2026-06-18T09:35:00Z,31.7790697674419,133.2,70,928
2026-06-18T09:40:00Z,31.7790697674419,136.4,130,929
2026-06-18T09:45:00Z,31.7790697674419,306.2,200,930
2026-06-18T09:50:00Z,31.7790697674419,245.2,170,931
2026-06-18T09:55:00Z,31.7790697674419,219.2,200,932
2026-06-18T10:00:00Z,31.7790697674419,262.4,30,933
2026-06-18T10:05:00Z,31.7790697674419,442.4,200,934
2026-06-18T10:10:00Z,31.7790697674419,247.2,150.00000000000003,935
2026-06-18T10:15:00Z,31.7790697674419,203.8,200,936
2026-06-18T10:20:00Z,31.7790697674419,677.6,50,937
2026-06-18T10:25:00Z,31.7790697674419,261.2,80,938
2026-06-18T10:30:00Z,31.7790697674419,367.8,40,939
2026-06-18T10:35:00Z,31.7790697674419,235.4,20,940
2026-06-18T10:40:00Z,31.7790697674419,403.8,40,941
2026-06-18T10:45:00Z,99.84375,336.2,-20,942
2026-06-18T10:50:00Z,99.84375,193.2,-30,943
2026-06-18T10:55:00Z,99.84375,512.2,-40,944
2026-06-18T11:00:00Z,99.84375,248,-40,945
2026-06-18T11:05:00Z,99.84375,342.4,0,946
2026-06-18T11:10:00Z,99.84375,262.8,0,947
2026-06-18T11:15:00Z,75.48750000000001,71.2,0,948
2026-06-18T11:20:00Z,59.25,134,-60,949
2026-06-18T11:25:00Z,59.25,153.4,-10,950
2026-06-18T11:30:00Z,59.25,206.4,-50,951
2026-06-18T11:35:00Z,59.25,207,-170,952
2026-06-18T11:40:00Z,59.25,336.4,-150.00000000000003,953
2026-06-18T11:45:00Z,59.25,326.4,-130,954
2026-06-18T11:50:00Z,59.25,193,-30,955
2026-06-18T11:55:00Z,74.03142857142859,365,300,956
2026-06-18T12:00:00Z,83.8857142857143,187.6,210.00000000000003,957
2026-06-18T12:05:00Z,83.8857142857143,173.8,10,958
2026-06-18T12:10:00Z,83.8857142857143,140.8,130,959
2026-06-18T12:15:00Z,83.8857142857143,233.2,-170,960
2026-06-18T12:20:00Z,83.8857142857143,189.2,-270,961
2026-06-18T12:25:00Z,83.8857142857143,67.2,-220,962
2026-06-18T12:30:00Z,64.04408163265299,104.8,-10,963
2026-06-18T12:35:00Z,50.81632653061219,186,-140,964
2026-06-18T12:40:00Z,50.81632653061219,164,90,965
2026-06-18T12:45:00Z,50.81632653061219,162.4,-40,966
2026-06-18T12:50:00Z,50.81632653061219,173.2,0,967
2026-06-18T12:55:00Z,50.81632653061219,211,10,968
2026-06-18T13:00:00Z,50.81632653061219,159.2,60,969
2026-06-18T13:05:00Z,50.81632653061219,205.2,150.00000000000003,970
2026-06-18T13:10:00Z,50.81632653061219,197.4,10,971
2026-06-18T13:15:00Z,50.81632653061219,279,220,972
2026-06-18T13:20:00Z,41.534693877551,147.8,160,973
2026-06-18T13:25:00Z,39.2142857142857,69,60,974
2026-06-18T13:30:00Z,39.2142857142857,128.8,-10,975
2026-06-18T13:35:00Z,39.2142857142857,177.4,70,976
2026-06-18T13:40:00Z,39.2142857142857,217.4,10,977
2026-06-18T13:45:00Z,39.2142857142857,173.4,0,978
2026-06-18T13:50:00Z,39.2142857142857,102.6,60,979
2026-06-18T13:55:00Z,39.2142857142857,95.4,50,980
2026-06-18T14:00:00Z,39.2142857142857,172,110,981
2026-06-18T14:05:00Z,39.2142857142857,98.4,0,982
2026-06-18T14:10:00Z,39.2142857142857,28.6,0,983
2026-06-18T14:15:00Z,39.2142857142857,33.6,0,984
2026-06-18T14:20:00Z,39.2142857142857,67.4,40,985
2026-06-18T14:25:00Z,39.2142857142857,53,160,986
2026-06-18T14:30:00Z,51.60952380952381,43.2,20,987
2026-06-18T14:35:00Z,54.70833333333331,59,140,988
2026-06-18T14:40:00Z,54.70833333333331,60.4,100,989
2026-06-18T14:45:00Z,54.70833333333331,46,10,990
2026-06-18T14:50:00Z,54.70833333333331,2.4,170,991
2026-06-18T14:55:00Z,54.70833333333331,42.2,60,992
2026-06-18T15:00:00Z,54.70833333333331,47.2,0,993
2026-06-18T15:05:00Z,54.70833333333331,33.6,0,994
2026-06-18T15:10:00Z,54.70833333333331,-68.2,0,995
2026-06-18T15:15:00Z,67.5,68.4,0,996
2026-06-18T15:20:00Z,118.66666666666701,3,-50,997
2026-06-18T15:25:00Z,118.66666666666701,7.8,-110,998
2026-06-18T15:30:00Z,118.66666666666701,-9.2,30,999
2026-06-18T15:35:00Z,118.66666666666701,11,-30,1000
2026-06-18T15:40:00Z,138.16666666666697,38,80,1001
2026-06-18T15:45:00Z,138.16666666666697,308.2,0,1002
2026-06-18T15:50:00Z,138.16666666666697,164,50,1003
2026-06-18T15:55:00Z,99.5647058823532,153.4,-20,1004
2026-06-18T16:00:00Z,41.66176470588239,110.4,60,1005
2026-06-18T16:05:00Z,41.66176470588239,2.8,140,1006
2026-06-18T16:10:00Z,41.66176470588239,39.6,190,1007
2026-06-18T16:15:00Z,41.66176470588239,-28.4,50,1008
2026-06-18T16:20:00Z,41.66176470588239,38.2,30,1009
2026-06-18T16:25:00Z,41.66176470588239,-28.8,20,1010
2026-06-18T16:30:00Z,41.66176470588239,115,60,1011
2026-06-18T16:35:00Z,41.66176470588239,82.2,30,1012
2026-06-18T16:40:00Z,41.66176470588239,33.4,100,1013
2026-06-18T16:45:00Z,41.66176470588239,28.2,250,1014
2026-06-18T16:50:00Z,41.66176470588239,52.2,190,1015
2026-06-18T16:55:00Z,41.66176470588239,130,120.00000000000001,1016
2026-06-18T17:00:00Z,41.66176470588239,87.8,80,1017
2026-06-18T17:05:00Z,50.56568627450981,179,160,1018
2026-06-18T17:10:00Z,52.79166666666669,161,80,1019
2026-06-18T17:15:00Z,52.79166666666669,19.4,0,1020
2026-06-18T17:20:00Z,52.79166666666669,57.4,30,1021
2026-06-18T17:25:00Z,52.79166666666669,23,100,1022
2026-06-18T17:30:00Z,52.79166666666669,51,40,1023
2026-06-18T17:35:00Z,52.79166666666669,2.8,30,1024
2026-06-18T17:40:00Z,52.79166666666669,59,10,1025
2026-06-18T17:45:00Z,52.79166666666669,34,20,1026
2026-06-18T17:50:00Z,76.2458333333334,43.2,110,1027
2026-06-18T17:55:00Z,170.0625,-15.6,30,1028
2026-06-18T18:00:00Z,170.0625,43.6,0,1029
2026-06-18T18:05:00Z,170.0625,53.4,0,1030
2026-06-18T18:10:00Z,381.5,54.2,10,1031
2026-06-18T18:15:00Z,258.87777777777796,33.4,20,1032
2026-06-18T18:20:00Z,74.94444444444441,110.8,100,1033
2026-06-18T18:25:00Z,74.94444444444441,133.6,80,1034
2026-06-18T18:30:00Z,74.94444444444441,44.2,20,1035
2026-06-18T18:35:00Z,74.94444444444441,24.4,0,1036
2026-06-18T18:40:00Z,74.94444444444441,77.8,0,1037
2026-06-18T18:45:00Z,74.94444444444441,102,10,1038
2026-06-18T18:50:00Z,79.37698412698407,1.4,30,1039
2026-06-18T18:55:00Z,97.10714285714289,27.8,90,1040
2026-06-18T19:00:00Z,97.10714285714289,52.4,90,1041
2026-06-18T19:05:00Z,97.10714285714289,-27.2,30,1042
2026-06-18T19:10:00Z,97.10714285714289,45.8,130,1043
2026-06-18T19:15:00Z,97.10714285714289,20.4,170,1044
2026-06-18T19:20:00Z,103.37885714285697,19.6,329.99999999999994,1045
2026-06-18T19:25:00Z,107.56,50.4,200,1046
2026-06-18T19:30:00Z,107.56,70.4,120.00000000000001,1047
2026-06-18T19:35:00Z,107.56,33.2,40,1048
2026-06-18T19:40:00Z,107.56,131.2,170,1049
2026-06-18T19:45:00Z,86.51589189189188,-59.2,40,1050
2026-06-18T19:50:00Z,72.48648648648648,100.6,0,1051
2026-06-18T19:55:00Z,72.48648648648648,83.6,0,1052
2026-06-18T20:00:00Z,72.48648648648648,184.2,0,1053
2026-06-18T20:05:00Z,72.48648648648648,47,0,1054
2026-06-18T20:10:00Z,72.48648648648648,15.4,0,1055
2026-06-18T20:15:00Z,72.48648648648648,45.4,10,1056
2026-06-18T20:20:00Z,71.4038233355307,-3.8,150.00000000000003,1057
2026-06-18T20:25:00Z,67.0731707317073,30,50,1058
2026-06-18T20:30:00Z,67.0731707317073,82.2,70,1059
2026-06-18T20:35:00Z,67.0731707317073,332.6,130,1060
2026-06-18T20:40:00Z,67.0731707317073,246,80,1061
2026-06-18T20:45:00Z,67.0731707317073,91.4,30,1062
2026-06-18T20:50:00Z,67.0731707317073,72,0,1063
2026-06-18T20:55:00Z,67.0731707317073,197.8,100,1064
2026-06-18T21:00:00Z,67.0731707317073,93.8,90,1065
2026-06-18T21:05:00Z,60.7111111111111,-8.6,30,1066
2026-06-18T21:10:00Z,60.7111111111111,91.2,0,1067
2026-06-18T21:15:00Z,60.7111111111111,74.8,10,1068
2026-06-18T21:20:00Z,60.7111111111111,8.6,10,1069
2026-06-18T21:25:00Z,60.7111111111111,32.8,0,1070
2026-06-18T21:30:00Z,60.7111111111111,21.4,0,1071
2026-06-18T21:35:00Z,60.7111111111111,63.6,20,1072
2026-06-18T21:40:00Z,60.7111111111111,75.6,0,1073
2026-06-18T21:45:00Z,60.7111111111111,20.2,70,1074
2026-06-18T21:50:00Z,46.25,-13.8,50,1075
2026-06-18T21:55:00Z,46.25,0,50,1076
2026-06-18T22:00:00Z,46.25,67.8,40,1077
2026-06-18T22:05:00Z,46.25,30.6,10,1078
2026-06-18T22:10:00Z,46.25,78.4,50,1079
2026-06-18T22:15:00Z,46.25,26.4,140,1080
2026-06-18T22:20:00Z,46.25,33.4,10,1081
2026-06-18T22:25:00Z,46.25,18.4,-30,1082
2026-06-18T22:30:00Z,46.25,36.2,40,1083
2026-06-18T22:35:00Z,46.25,69.2,10,1084
2026-06-18T22:40:00Z,46.25,54.4,0,1085
2026-06-18T22:45:00Z,46.25,92.8,0,1086
2026-06-18T22:50:00Z,40.6875,96.8,0,1087
2026-06-18T22:55:00Z,40.6875,103.2,0,1088
2026-06-18T23:00:00Z,40.6875,159,0,1089
2026-06-18T23:05:00Z,40.6875,159.8,0,1090
2026-06-18T23:10:00Z,40.6875,428.8,0,1091
2026-06-18T23:15:00Z,40.6875,249.6,10,1092
2026-06-18T23:20:00Z,40.6875,99.6,0,1093
2026-06-18T23:25:00Z,40.6875,115.4,10,1094
2026-06-18T23:30:00Z,40.6875,143.4,-10,1095
2026-06-18T23:35:00Z,40.6875,91.4,20,1096
2026-06-18T23:40:00Z,40.6875,10.2,30,1097
2026-06-18T23:45:00Z,40.6875,-13,20,1098
2026-06-18T23:50:00Z,49.07,26.8,90,1099
2026-06-18T23:55:00Z,82.6,16.2,0,1100
2026-06-19T00:00:00Z,14.5460122699387,52.2,-10,1101
2026-06-19T00:05:00Z,14.5460122699387,62.6,30,1102
2026-06-19T00:10:00Z,14.5460122699387,159.2,30,1103
2026-06-19T00:15:00Z,14.5460122699387,22,80,1104
2026-06-19T00:20:00Z,14.5460122699387,168.6,20,1105
2026-06-19T00:25:00Z,14.5460122699387,106.2,0,1106
2026-06-19T00:30:00Z,14.5460122699387,116,-50,1107
2026-06-19T00:35:00Z,14.5460122699387,12.8,0,1108
2026-06-19T00:40:00Z,14.5460122699387,94,40,1109
2026-06-19T00:45:00Z,14.5460122699387,177.8,-50,1110
2026-06-19T00:50:00Z,14.5460122699387,54.6,-20,1111
2026-06-19T00:55:00Z,14.5460122699387,34.4,60,1112
2026-06-19T01:00:00Z,14.5460122699387,33.8,20,1113
2026-06-19T01:05:00Z,14.5460122699387,88.2,0,1114
2026-06-19T01:10:00Z,14.5460122699387,110.6,20,1115
2026-06-19T01:15:00Z,14.5460122699387,-33.4,80,1116
2026-06-19T01:20:00Z,14.5460122699387,67.4,50,1117
2026-06-19T01:25:00Z,14.5460122699387,125,-100,1118
2026-06-19T01:30:00Z,14.5460122699387,-51.2,-30,1119
2026-06-19T01:35:00Z,14.5460122699387,81.4,20,1120
2026-06-19T01:40:00Z,14.5460122699387,133.2,0,1121
2026-06-19T01:45:00Z,14.5460122699387,2.4,30,1122
2026-06-19T01:50:00Z,14.5460122699387,63.6,0,1123
2026-06-19T01:55:00Z,14.5460122699387,-18.2,20,1124
2026-06-19T02:00:00Z,14.5460122699387,65,0,1125
2026-06-19T02:05:00Z,14.5460122699387,257.2,0,1126
2026-06-19T02:10:00Z,14.5460122699387,-36,0,1127
2026-06-19T02:15:00Z,14.5460122699387,-47.2,0,1128
2026-06-19T02:20:00Z,14.5460122699387,229.4,70,1129
2026-06-19T02:25:00Z,14.5460122699387,-120.2,-10,1130
2026-06-19T02:30:00Z,14.5460122699387,100.2,40,1131
2026-06-19T02:35:00Z,14.5460122699387,-39.8,20,1132
2026-06-19T02:40:00Z,17.092479919043697,73.2,10,1133
2026-06-19T02:45:00Z,27.278350515463895,-31.8,-10,1134
2026-06-19T02:50:00Z,27.278350515463895,116.4,-40,1135
2026-06-19T02:55:00Z,27.278350515463895,-59,-40,1136
2026-06-19T03:00:00Z,27.278350515463895,-12.4,20,1137
2026-06-19T03:05:00Z,27.278350515463895,122.2,50,1138
2026-06-19T03:10:00Z,27.278350515463895,-36,-50,1139
2026-06-19T03:15:00Z,27.278350515463895,59.8,90,1140
2026-06-19T03:20:00Z,27.278350515463895,-25,0,1141
2026-06-19T03:25:00Z,27.278350515463895,59,-10,1142
2026-06-19T03:30:00Z,27.278350515463895,40.6,10,1143
2026-06-19T03:35:00Z,27.278350515463895,22.2,-10,1144
2026-06-19T03:40:00Z,27.278350515463895,89,0,1145
2026-06-19T03:45:00Z,27.278350515463895,30.4,0,1146
2026-06-19T03:50:00Z,27.278350515463895,91,-50,1147
2026-06-19T03:55:00Z,27.278350515463895,131,0,1148
2026-06-19T04:05:00Z,27.278350515463895,44.2,50,1149
2026-06-19T04:10:00Z,27.278350515463895,-18.4,-50,1150
2026-06-19T04:15:00Z,27.278350515463895,21.4,-20,1151
2026-06-19T04:20:00Z,147.21567010309298,-78.6,20,1152
2026-06-19T04:25:00Z,177.2,-11.6,50,1153
2026-06-19T04:30:00Z,177.2,-18.6,20,1154
2026-06-19T04:35:00Z,100.37333333333298,94.6,0,1155
2026-06-19T04:40:00Z,81.1666666666667,-165.6,0,1156
2026-06-19T04:45:00Z,81.1666666666667,90.8,0,1157
2026-06-19T04:50:00Z,81.1666666666667,4.2,10,1158
2026-06-19T04:55:00Z,81.1666666666667,103.8,10,1159
2026-06-19T05:00:00Z,81.1666666666667,-31.2,0,1160
2026-06-19T05:05:00Z,60.66533333333331,35.2,10,1161
2026-06-19T05:10:00Z,55.54,12.4,20,1162
2026-06-19T05:15:00Z,55.54,-114.8,10,1163
2026-06-19T05:20:00Z,55.54,-23.4,120.00000000000001,1164
2026-06-19T05:25:00Z,55.54,-13,10,1165
2026-06-19T05:30:00Z,55.54,-13.6,60,1166
2026-06-19T05:35:00Z,55.54,107.6,80,1167
2026-06-19T05:40:00Z,55.54,-35.4,130,1168
2026-06-19T05:45:00Z,55.54,66.2,100,1169
2026-06-19T05:50:00Z,55.54,-96.2,110,1170
2026-06-19T05:55:00Z,40.9185263157894,0.2,30,1171
2026-06-19T06:00:00Z,37.26315789473681,-18,0,1172
2026-06-19T06:05:00Z,37.26315789473681,63.8,-20,1173
2026-06-19T06:10:00Z,37.26315789473681,124.8,0,1174
2026-06-19T06:15:00Z,37.26315789473681,-79.4,100,1175
2026-06-19T06:20:00Z,37.26315789473681,16.8,-50,1176
2026-06-19T06:25:00Z,37.26315789473681,57.4,30,1177
2026-06-19T06:30:00Z,37.26315789473681,3.2,60,1178
2026-06-19T06:35:00Z,37.26315789473681,-21,0,1179
2026-06-19T06:40:00Z,37.26315789473681,-13.6,0,1180
2026-06-19T06:45:00Z,37.26315789473681,-79.8,20,1181
2026-06-19T06:50:00Z,37.26315789473681,62,20,1182
2026-06-19T06:55:00Z,37.26315789473681,134.2,90,1183
2026-06-19T07:00:00Z,37.26315789473681,-188.2,10,1184
2026-06-19T07:05:00Z,37.26315789473681,125.6,10,1185
2026-06-19T07:10:00Z,252.265263157895,24.2,0,1186
2026-06-19T07:15:00Z,653.4399999999999,-79.8,10,1187
2026-06-19T07:20:00Z,1419.4,31.8,0,1188
2026-06-19T07:25:00Z,1421.2,-55.2,0,1189
2026-06-19T07:30:00Z,2165.6,141.2,10,1190
2026-06-19T07:35:00Z,2934.8,20,40,1191
2026-06-19T07:40:00Z,2682.4,-96,0,1192
2026-06-19T07:45:00Z,3329.8,81.6,-10,1193
2026-06-19T07:50:00Z,3854.4,-6.6,0,1194
2026-06-19T07:55:00Z,3319.8,61,20,1195
2026-06-19T08:00:00Z,3267.8,-71.4,0,1196
2026-06-19T08:05:00Z,1339.55,-15.6,30,1197
2026-06-19T08:10:00Z,1549.25,-62,10,1198
2026-06-19T08:15:00Z,984.5,90.6,0,1199
2026-06-19T08:20:00Z,1888.3,67.2,210.00000000000003,1200
2026-06-19T08:25:00Z,2833.2,31.6,470.00000000000006,1201
2026-06-19T08:30:00Z,2178.8,-96.8,880,1202
2026-06-19T08:35:00Z,1687.8,1.8,1060,1203
2026-06-19T08:40:00Z,862.3,104.6,1460,1204
2026-06-19T08:45:00Z,1280.5,44.2,1840,1205
2026-06-19T08:50:00Z,1347.6,-40.4,1780,1206
2026-06-19T08:55:00Z,918.8,54,2170,1207
2026-06-19T09:00:00Z,829.2,78.8,2210,1208
2026-06-19T09:05:00Z,932.7333333333341,-53.4,2270,1209
2026-06-19T09:10:00Z,977.066666666668,220.4,2329.9999999999995,1210
2026-06-19T09:15:00Z,1421.3333333333296,29.6,1940,1211
2026-06-19T09:20:00Z,1331.8666666666702,118.4,1400,1212
2026-06-19T09:25:00Z,1060.2,119.4,970,1213
2026-06-19T09:30:00Z,941.2,275.4,1380.0000000000002,1214
2026-06-19T09:35:00Z,686.333333333333,118.6,1870,1215
2026-06-19T09:40:00Z,1526.1666666666702,156.8,1460,1216
2026-06-19T09:45:00Z,1356.5,-17.2,1100,1217
2026-06-19T09:50:00Z,1768.1,14,710,1218
2026-06-19T09:55:00Z,1509.1,-27.8,1000,1219
2026-06-19T10:00:00Z,3461.8,37.2,870.0000000000001,1220
2026-06-19T10:05:00Z,3591.75,208.2,650,1221
2026-06-19T10:10:00Z,1292.25,-112.8,520,1222
2026-06-19T10:15:00Z,2182.8,-5.2,930,1223
2026-06-19T10:20:00Z,1024.81818181818,196.4,570.0000000000001,1224
2026-06-19T10:25:00Z,379.545454545455,-42,1190.0000000000002,1225
2026-06-19T10:30:00Z,395.136363636364,-8,810,1226
2026-06-19T10:35:00Z,457.5,28.2,840.0000000000001,1227
2026-06-19T10:40:00Z,433.57142857142895,124.2,540,1228
2026-06-19T10:45:00Z,636.6285714285722,104,430.00000000000006,1229
2026-06-19T10:50:00Z,600.8,49,1140.0000000000002,1230
2026-06-19T10:55:00Z,677.2,50.8,910,1231
2026-06-19T11:00:00Z,1109.2,-111,1170.0000000000002,1232
2026-06-19T11:05:00Z,836.2,8,1090,1233
2026-06-19T11:10:00Z,1150.8,126.2,2800,1234
2026-06-19T11:15:00Z,582.971428571429,-1,2300,1235
2026-06-19T11:20:00Z,554.9085714285721,93.8,970,1236
2026-06-19T11:25:00Z,562.8914285714279,72,1440,1237
2026-06-19T11:30:00Z,412.4285714285709,4.2,800,1238
2026-06-19T11:35:00Z,190.941176470588,-129.6,210.00000000000003,1239
2026-06-19T11:40:00Z,190.941176470588,34,120.00000000000001,1240
2026-06-19T11:45:00Z,190.941176470588,-8.2,290.00000000000006,1241
2026-06-19T11:50:00Z,173.83897058823504,57.4,310,1242
2026-06-19T11:55:00Z,162.4375,-31.4,480.00000000000006,1243
2026-06-19T12:00:00Z,162.4375,162.4,470.00000000000006,1244
2026-06-19T12:05:00Z,146.800961538462,55.6,560,1245
2026-06-19T12:10:00Z,123.346153846154,189.8,659.9999999999999,1246
2026-06-19T12:15:00Z,123.346153846154,631.6,600,1247
2026-06-19T12:20:00Z,123.346153846154,1255,779.9999999999999,1248
2026-06-19T12:25:00Z,123.346153846154,1483.8,370,1249
2026-06-19T12:30:00Z,189.276923076923,1935.6,329.99999999999994,1250
2026-06-19T12:35:00Z,453,2565.2,339.99999999999994,1251
2026-06-19T12:40:00Z,297.3,2514.2,180,1252
2026-06-19T12:45:00Z,193.5,3011,180,1253
2026-06-19T12:50:00Z,193.5,3499.8,70,1254
2026-06-19T12:55:00Z,171.08,2998.2,110,1255
2026-06-19T13:00:00Z,137.45000000000002,3174.2,339.99999999999994,1256
2026-06-19T13:05:00Z,137.45000000000002,1546.6,70,1257
2026-06-19T13:10:00Z,137.45000000000002,1484.8,140,1258
2026-06-19T13:15:00Z,214.70999999999998,1115.6,290.00000000000006,1259
2026-06-19T13:20:00Z,1226.36,1591,170,1260
2026-06-19T13:25:00Z,1138.44,2765.4,80,1261
2026-06-19T13:30:00Z,234.4,1976.6,40,1262
2026-06-19T13:35:00Z,313.96,1935.2,50,1263
2026-06-19T13:40:00Z,367,878.8,270,1264
2026-06-19T13:45:00Z,370,1377.2,200,1265
2026-06-19T13:50:00Z,466.1,1418.4,140,1266
2026-06-19T13:55:00Z,619.333333333333,1005,100,1267
2026-06-19T14:00:00Z,277.08333333333303,882.6,100,1268
2026-06-19T14:05:00Z,277.08333333333303,945.6,260,1269
2026-06-19T14:10:00Z,128.545454545455,918.8,110,1270
2026-06-19T14:15:00Z,128.545454545455,1719.2,160,1271
2026-06-19T14:20:00Z,128.545454545455,1393.2,90,1272
2026-06-19T14:25:00Z,128.545454545455,1088.2,100,1273
2026-06-19T14:30:00Z,196.018181818182,865,1130.0000000000002,1274
2026-06-19T14:35:00Z,241,629.4,760,1275
2026-06-19T14:40:00Z,309.45714285714297,1203.2,329.99999999999994,1276
2026-06-19T14:45:00Z,412.14285714285705,1507.8,370,1277
2026-06-19T14:50:00Z,451.4285714285709,1714,120.00000000000001,1278
2026-06-19T14:55:00Z,580.4114285714279,1390.4,300,1279
2026-06-19T15:00:00Z,489.293333333333,3761.4,100,1280
2026-06-19T15:05:00Z,371.22222222222194,3559.2,490,1281
2026-06-19T15:10:00Z,578.8444444444439,929.6,200,1282
2026-06-19T15:15:00Z,740.6,2319.4,130,1283
2026-06-19T15:20:00Z,851.6,1630.6,190,1284
2026-06-19T15:25:00Z,690.5,241.4,140,1285
2026-06-19T15:30:00Z,510.95714285714297,125,40,1286
2026-06-19T15:35:00Z,416.14285714285705,692.6,100,1287
2026-06-19T15:40:00Z,460.8,561.2,120.00000000000001,1288
2026-06-19T15:45:00Z,673.4,622.8,90,1289
2026-06-19T15:50:00Z,711.2,674.8,329.99999999999994,1290
2026-06-19T15:55:00Z,740.2,658.6,280,1291
2026-06-19T16:00:00Z,768.2,1323,270,1292
2026-06-19T16:05:00Z,703.55,840.2,400,1293
2026-06-19T16:10:00Z,971.1166666666671,1370.6,420.00000000000006,1294
2026-06-19T16:15:00Z,518.333333333333,728.6,170,1295
2026-06-19T16:20:00Z,580,450.4,450,1296
2026-06-19T16:25:00Z,529.4399999999999,542.4,490,1297
2026-06-19T16:30:00Z,748.9599999999999,479,530,1298
2026-06-19T16:35:00Z,677.4,658.8,430.00000000000006,1299
2026-06-19T16:40:00Z,412.714285714286,72,380,1300
2026-06-19T16:45:00Z,486.56571428571397,133.4,190,1301
2026-06-19T16:50:00Z,508.62,489.8,339.99999999999994,1302
2026-06-19T16:55:00Z,557.1800000000001,-58.6,440,1303
2026-06-19T17:00:00Z,595.634285714286,170.4,510,1304
2026-06-19T17:05:00Z,503.28571428571394,466,480.00000000000006,1305
2026-06-19T17:10:00Z,839.3499999999999,239.4,480.00000000000006,1306
2026-06-19T17:15:00Z,1106.9833333333297,141,480.00000000000006,1307
2026-06-19T17:20:00Z,1224.1333333333296,-51.8,659.9999999999999,1308
2026-06-19T17:25:00Z,1039.6333333333296,138.4,390,1309
2026-06-19T17:30:00Z,1015.2,-64.2,380,1310
2026-06-19T17:35:00Z,1324.45,210,320,1311
2026-06-19T17:40:00Z,1022.3833333333301,685,550,1312
2026-06-19T17:45:00Z,901.066666666666,278.2,440,1313
2026-06-19T17:50:00Z,921.1333333333341,-135.8,320,1314
2026-06-19T17:55:00Z,1734.0666666666702,477.8,270,1315
2026-06-19T18:00:00Z,3337.6,144.8,320,1316
2026-06-19T18:05:00Z,3690.6,424.4,380,1317
2026-06-19T18:10:00Z,2277.4666666666694,-216.8,420.00000000000006,1318
2026-06-19T18:15:00Z,1921.7333333333297,355.4,350,1319
2026-06-19T18:20:00Z,3525.2,1022.8,600,1320
2026-06-19T18:25:00Z,2597.8666666666695,2066.8,730,1321
2026-06-19T18:30:00Z,977.5333333333341,161.2,840.0000000000001,1322
2026-06-19T18:35:00Z,1893.84,358,679.9999999999999,1323
2026-06-19T18:40:00Z,716.0457142857139,-423,720,1324
2026-06-19T18:45:00Z,419.4285714285709,1390.6,830.0000000000001,1325
2026-06-19T18:50:00Z,180.715343915344,251.2,740,1326
2026-06-19T18:55:00Z,121.037037037037,940,659.9999999999999,1327
2026-06-19T19:00:00Z,121.037037037037,327.4,630,1328
2026-06-19T19:05:00Z,121.037037037037,183.8,1450,1329
2026-06-19T19:10:00Z,121.037037037037,510.6,2190,1330
2026-06-19T19:15:00Z,283.95555555555495,111.2,2550,1331
2026-06-19T19:20:00Z,436.33900709219796,-337.6,1560,1332
2026-06-19T19:25:00Z,68.36170212765957,641.4,1670.0000000000002,1333
2026-06-19T19:30:00Z,68.36170212765957,-22.2,2369.9999999999995,1334
2026-06-19T19:35:00Z,68.36170212765957,115.4,1630.0000000000002,1335
2026-06-19T19:40:00Z,68.36170212765957,797,710,1336
2026-06-19T19:45:00Z,68.36170212765957,348.4,1200,1337
2026-06-19T19:50:00Z,68.36170212765957,371.4,400,1338
2026-06-19T19:55:00Z,68.36170212765957,867.16,260,1339
2026-06-19T20:00:00Z,68.36170212765957,0,140,1340
2026-06-19T20:05:00Z,68.36170212765957,263.76,120.00000000000001,1341
2026-06-19T20:10:00Z,42.7390070921986,425,50,1342
2026-06-19T20:15:00Z,36.3333333333333,699,50,1343
2026-06-19T20:20:00Z,36.3333333333333,929.2,70,1344
2026-06-19T20:25:00Z,36.3333333333333,703.4,250,1345
2026-06-19T20:30:00Z,36.3333333333333,513.2,220,1346
2026-06-19T20:35:00Z,36.3333333333333,424,40,1347
2026-06-19T20:40:00Z,36.3333333333333,364,30,1348
2026-06-19T20:45:00Z,36.3333333333333,753,50,1349
2026-06-19T20:50:00Z,36.3333333333333,686.2,70,1350
2026-06-19T20:55:00Z,36.3333333333333,739.4,40,1351
2026-06-19T21:00:00Z,36.3333333333333,821.2,50,1352
2026-06-19T21:05:00Z,36.3333333333333,475.8,40,1353
2026-06-19T21:10:00Z,36.3333333333333,1112.8,30,1354
2026-06-19T21:15:00Z,36.3333333333333,508.6,30,1355
2026-06-19T21:20:00Z,36.3333333333333,689.6,20,1356
2026-06-19T21:25:00Z,36.3333333333333,459.8,0,1357
2026-06-19T21:30:00Z,36.3333333333333,796,0,1358
2026-06-19T21:35:00Z,36.82142857142859,754.4,0,1359
2026-06-19T21:40:00Z,36.82142857142859,395.6,20,1360
2026-06-19T21:45:00Z,36.82142857142859,451,0,1361
2026-06-19T21:50:00Z,36.82142857142859,495,60,1362
2026-06-19T21:55:00Z,36.82142857142859,666.2,40,1363
2026-06-19T22:00:00Z,36.82142857142859,788.8,-20,1364
2026-06-19T22:05:00Z,36.82142857142859,332.8,20,1365
2026-06-19T22:10:00Z,36.82142857142859,1019.2,0,1366
2026-06-19T22:15:00Z,36.82142857142859,1008,10,1367
2026-06-19T22:20:00Z,36.82142857142859,1313.6,20,1368
2026-06-19T22:25:00Z,36.82142857142859,1048.2,10,1369
2026-06-19T22:30:00Z,36.82142857142859,991.4,30,1370
2026-06-19T22:35:00Z,36.82142857142859,1547,40,1371
2026-06-19T22:40:00Z,36.82142857142859,1137.2,60,1372
2026-06-19T22:45:00Z,36.82142857142859,1050,50,1373
2026-06-19T22:50:00Z,36.82142857142859,977,30,1374
2026-06-19T22:55:00Z,43.6521428571429,1674.6,30,1375
2026-06-19T23:00:00Z,70.975,3478.6,40,1376
2026-06-19T23:05:00Z,70.975,3734.6,40,1377
2026-06-19T23:10:00Z,70.975,3064,30,1378
2026-06-19T23:15:00Z,70.975,1926.8,10,1379
2026-06-19T23:20:00Z,70.975,3611,0,1380
2026-06-19T23:25:00Z,70.975,2899.2,10,1381
2026-06-19T23:30:00Z,70.975,721.2,20,1382
2026-06-19T23:35:00Z,69.63,2017.2,0,1383
2026-06-19T23:40:00Z,64.25,619.8,0,1384
2026-06-19T23:45:00Z,64.25,431.2,10,1385
2026-06-19T23:50:00Z,64.25,391.4,20,1386
2026-06-19T23:55:00Z,64.25,195,0,1387
2026-06-20T00:00:00Z,99.77777777777779,36.8,20,1388
2026-06-20T00:05:00Z,99.77777777777779,14.4,70,1389
2026-06-20T00:10:00Z,99.77777777777779,78,20,1390
2026-06-20T00:15:00Z,99.77777777777779,347.2,50,1391
2026-06-20T00:20:00Z,99.77777777777779,393.2,40,1392
2026-06-20T00:25:00Z,82.71372549019611,175.8,30,1393
2026-06-20T00:30:00Z,57.117647058823486,-107.8,40,1394
2026-06-20T00:35:00Z,57.117647058823486,80.4,40,1395
2026-06-20T00:40:00Z,57.117647058823486,127,30,1396
2026-06-20T00:45:00Z,57.117647058823486,71.8,50,1397
2026-06-20T00:50:00Z,57.117647058823486,124,30,1398
2026-06-20T00:55:00Z,57.117647058823486,76.8,20,1399
2026-06-20T01:00:00Z,57.117647058823486,-28,50,1400
2026-06-20T01:05:00Z,57.117647058823486,86.2,50,1401
2026-06-20T01:10:00Z,57.117647058823486,38,80,1402
2026-06-20T01:15:00Z,61.1467492260062,7.8,60,1403
2026-06-20T01:20:00Z,77.26315789473679,84,60,1404
2026-06-20T01:25:00Z,77.26315789473679,-59.8,80,1405
2026-06-20T01:30:00Z,77.26315789473679,103.6,40,1406
2026-06-20T01:35:00Z,77.26315789473679,-103.2,70,1407
2026-06-20T01:40:00Z,77.26315789473679,320.8,40,1408
2026-06-20T01:45:00Z,77.26315789473679,130.2,80,1409
2026-06-20T01:50:00Z,77.26315789473679,-171.6,30,1410
2026-06-20T01:55:00Z,90.86526315789469,87,0,1411
2026-06-20T02:00:00Z,99.9333333333333,-26.2,-10,1412
2026-06-20T02:05:00Z,99.9333333333333,30.6,20,1413
2026-06-20T02:10:00Z,99.9333333333333,-11.6,70,1414
2026-06-20T02:15:00Z,99.9333333333333,-9,30,1415
2026-06-20T02:20:00Z,99.9333333333333,-27.8,30,1416
2026-06-20T02:25:00Z,104.551111111111,65.6,10,1417
2026-06-20T02:30:00Z,107.62962962963002,114.6,40,1418
2026-06-20T02:35:00Z,107.62962962963002,99.8,40,1419
2026-06-20T02:40:00Z,107.62962962963002,-36.8,10,1420
2026-06-20T02:45:00Z,107.62962962963002,49,30,1421
2026-06-20T02:50:00Z,93.33297199638687,-10,50,1422
2026-06-20T02:55:00Z,36.146341463414586,161.8,10,1423
2026-06-20T03:00:00Z,36.146341463414586,73.2,40,1424
2026-06-20T03:05:00Z,36.146341463414586,-49.4,50,1425
2026-06-20T03:10:00Z,36.146341463414586,-62.8,70,1426
2026-06-20T03:15:00Z,36.146341463414586,14.2,60,1427
2026-06-20T03:20:00Z,36.146341463414586,208.4,60,1428
2026-06-20T03:25:00Z,36.146341463414586,-113,90,1429
2026-06-20T03:30:00Z,36.146341463414586,-0.4,60,1430
2026-06-20T03:35:00Z,36.146341463414586,64.8,60,1431
2026-06-20T03:40:00Z,36.146341463414586,29.8,70,1432
2026-06-20T03:45:00Z,36.146341463414586,-8.6,40,1433
2026-06-20T03:50:00Z,36.146341463414586,69,40,1434
2026-06-20T03:55:00Z,36.146341463414586,73.8,260,1435
2026-06-20T04:05:00Z,36.146341463414586,159.4,50,1436
2026-06-20T04:10:00Z,36.146341463414586,20.2,40,1437
2026-06-20T04:15:00Z,30.472125435539997,45.4,10,1438
2026-06-20T04:20:00Z,29.053571428571402,82.4,50,1439
2026-06-20T04:25:00Z,29.053571428571402,6.8,10,1440
2026-06-20T04:30:00Z,29.053571428571402,203.8,40,1441
2026-06-20T04:35:00Z,29.053571428571402,21,20,1442
2026-06-20T04:40:00Z,29.053571428571402,11.6,-10,1443
2026-06-20T04:45:00Z,29.053571428571402,41.8,10,1444
2026-06-20T04:50:00Z,29.053571428571402,155.4,-20,1445
2026-06-20T04:55:00Z,29.053571428571402,31.8,10,1446
2026-06-20T05:00:00Z,29.053571428571402,151.6,10,1447
2026-06-20T05:05:00Z,29.053571428571402,43,30,1448
2026-06-20T05:10:00Z,29.053571428571402,98.4,40,1449
2026-06-20T05:15:00Z,29.053571428571402,150.6,20,1450
2026-06-20T05:20:00Z,29.053571428571402,4,20,1451
2026-06-20T05:25:00Z,29.053571428571402,161.4,70,1452
2026-06-20T05:30:00Z,29.053571428571402,43.2,0,1453
2026-06-20T05:35:00Z,29.053571428571402,83.2,0,1454
2026-06-20T05:40:00Z,29.053571428571402,8.8,10,1455
2026-06-20T05:45:00Z,29.053571428571402,-186.6,0,1456
2026-06-20T05:50:00Z,29.053571428571402,-25.4,-10,1457
2026-06-20T05:55:00Z,29.053571428571402,224,40,1458
2026-06-20T06:00:00Z,29.053571428571402,179.4,20,1459
2026-06-20T06:05:00Z,44.39577922077921,-71.6,10,1460
2026-06-20T06:10:00Z,67.4090909090909,136.2,-10,1461
2026-06-20T06:15:00Z,67.4090909090909,-116,0,1462
2026-06-20T06:20:00Z,67.4090909090909,323,20,1463
2026-06-20T06:25:00Z,67.4090909090909,90.2,30,1464
2026-06-20T06:30:00Z,67.4090909090909,-142,10,1465
2026-06-20T06:35:00Z,67.4090909090909,-0.6,0,1466
2026-06-20T06:40:00Z,67.4090909090909,221,-10,1467
2026-06-20T06:45:00Z,67.4090909090909,32.6,20,1468
2026-06-20T06:50:00Z,70.2953436807096,115,10,1469
2026-06-20T06:55:00Z,72.21951219512201,184.2,10,1470
2026-06-20T07:00:00Z,72.21951219512201,57.2,50,1471
2026-06-20T07:05:00Z,72.21951219512201,127,20,1472
2026-06-20T07:10:00Z,72.21951219512201,148.2,0,1473
2026-06-20T07:15:00Z,72.21951219512201,119.4,0,1474
2026-06-20T07:20:00Z,72.21951219512201,-32.4,80,1475
2026-06-20T07:25:00Z,72.21951219512201,171,70,1476
2026-06-20T07:30:00Z,92.06214209968199,45.8,30,1477
2026-06-20T07:35:00Z,121.82608695652198,20.2,50,1478
2026-06-20T07:40:00Z,121.82608695652198,253.6,90,1479
2026-06-20T07:45:00Z,121.82608695652198,393.4,0,1480
2026-06-20T07:50:00Z,121.82608695652198,246.8,20,1481
2026-06-20T07:55:00Z,374.76521739130396,152.2,60,1482
2026-06-20T08:00:00Z,341.72499999999997,-124.6,30,1483
2026-06-20T08:05:00Z,197.3125,46.4,60,1484
2026-06-20T08:10:00Z,197.3125,29.2,40,1485
2026-06-20T08:15:00Z,198.225,105.2,0,1486
2026-06-20T08:20:00Z,201.875,128.6,0,1487
2026-06-20T08:25:00Z,201.875,-61,60,1488
2026-06-20T08:30:00Z,201.875,-168.6,110,1489
2026-06-20T08:35:00Z,289.09090909090895,27,70,1490
2026-06-20T08:40:00Z,289.09090909090895,-46.6,90,1491
2026-06-20T08:45:00Z,238.618181818182,-79.4,90,1492
2026-06-20T08:50:00Z,226,124,120.00000000000001,1493
2026-06-20T08:55:00Z,226,290.2,70,1494
2026-06-20T09:00:00Z,272.763636363636,-112,80,1495
2026-06-20T09:05:00Z,284.454545454545,-51,320,1496
2026-06-20T09:10:00Z,197.78181818181798,32.2,370,1497
2026-06-20T09:15:00Z,140,384.6,90,1498
2026-06-20T09:20:00Z,140,18,100,1499
2026-06-20T09:25:00Z,140,-65.6,170,1500
2026-06-20T09:30:00Z,77.6585365853659,118.8,70,1501
2026-06-20T09:35:00Z,77.6585365853659,-109.6,160,1502
2026-06-20T09:40:00Z,77.6585365853659,-279.8,200,1503
2026-06-20T09:45:00Z,77.6585365853659,84.2,350,1504
2026-06-20T09:50:00Z,77.6585365853659,75.2,210.00000000000003,1505
2026-06-20T09:55:00Z,77.6585365853659,248.4,200,1506
2026-06-20T10:00:00Z,77.6585365853659,-366.4,230,1507
2026-06-20T10:05:00Z,77.6585365853659,201.6,150.00000000000003,1508
2026-06-20T10:10:00Z,54.10625277161859,82.2,150.00000000000003,1509
2026-06-20T10:15:00Z,48.21818181818181,115.4,240.00000000000003,1510
2026-06-20T10:20:00Z,48.21818181818181,1.2,140,1511
2026-06-20T10:25:00Z,48.21818181818181,-60.6,70,1512
2026-06-20T10:30:00Z,48.21818181818181,-190.2,80,1513
2026-06-20T10:35:00Z,48.21818181818181,162.4,270,1514
2026-06-20T10:40:00Z,48.21818181818181,172.4,200,1515
2026-06-20T10:45:00Z,48.21818181818181,-75.2,10,1516
2026-06-20T10:50:00Z,48.21818181818181,91.8,70,1517
2026-06-20T10:55:00Z,48.21818181818181,-30.2,40,1518
2026-06-20T11:00:00Z,48.21818181818181,-13.8,30,1519
2026-06-20T11:05:00Z,376.50077922078,138.6,40,1520
2026-06-20T11:10:00Z,304.360634920635,-25.8,10,1521
2026-06-20T11:15:00Z,73.04444444444451,407.2,0,1522
2026-06-20T11:20:00Z,73.04444444444451,-211.8,60,1523
2026-06-20T11:25:00Z,73.04444444444451,523.2,30,1524
2026-06-20T11:30:00Z,73.04444444444451,111.6,20,1525
2026-06-20T11:35:00Z,73.04444444444451,-434.6,20,1526
2026-06-20T11:40:00Z,73.04444444444451,155,30,1527
2026-06-20T11:45:00Z,73.04444444444451,94.6,30,1528
2026-06-20T11:50:00Z,73.04444444444451,286.8,50,1529
2026-06-20T11:55:00Z,74.63719298245618,101.8,30,1530
2026-06-20T12:00:00Z,77.0263157894737,139.8,20,1531
2026-06-20T12:05:00Z,77.0263157894737,-315.8,10,1532
2026-06-20T12:10:00Z,77.0263157894737,105.4,100,1533
2026-06-20T12:15:00Z,77.0263157894737,-135.8,430.00000000000006,1534
2026-06-20T12:20:00Z,77.0263157894737,252.8,240.00000000000003,1535
2026-06-20T12:25:00Z,77.0263157894737,84.8,50,1536
2026-06-20T12:30:00Z,77.0263157894737,165.4,40,1537
2026-06-20T12:35:00Z,83.12291021671828,156.8,10,1538
2026-06-20T12:40:00Z,84.64705882352938,35,50,1539
2026-06-20T12:45:00Z,84.64705882352938,40.6,40,1540
2026-06-20T12:50:00Z,84.64705882352938,215.2,30,1541
2026-06-20T12:55:00Z,84.64705882352938,791,70,1542
2026-06-20T13:00:00Z,84.64705882352938,16.4,20,1543
2026-06-20T13:05:00Z,84.64705882352938,69.2,90,1544
2026-06-20T13:10:00Z,103.78571428571401,304.4,60,1545
2026-06-20T13:15:00Z,103.78571428571401,291.4,70,1546
2026-06-20T13:20:00Z,103.78571428571401,91.8,50,1547
2026-06-20T13:25:00Z,103.78571428571401,265.8,70,1548
2026-06-20T13:30:00Z,103.78571428571401,228,60,1549
2026-06-20T13:35:00Z,169.87142857142803,542.2,20,1550
2026-06-20T13:40:00Z,269,150.6,50,1551
2026-06-20T13:45:00Z,269,403,50,1552
2026-06-20T13:50:00Z,168.421052631579,307.6,90,1553
2026-06-20T13:55:00Z,168.421052631579,197.6,40,1554
2026-06-20T14:00:00Z,168.421052631579,310.2,50,1555
2026-06-20T14:05:00Z,178.675303643725,274.6,50,1556
2026-06-20T14:10:00Z,219.692307692308,202.2,50,1557
2026-06-20T14:15:00Z,219.692307692308,128,40,1558
2026-06-20T14:20:00Z,228.184615384616,118,50,1559
2026-06-20T14:25:00Z,233.84615384615398,293.2,70,1560
2026-06-20T14:30:00Z,233.84615384615398,485.6,30,1561
2026-06-20T14:35:00Z,215.428571428571,-36.8,60,1562
2026-06-20T14:40:00Z,215.428571428571,72,90,1563
2026-06-20T14:45:00Z,198.168944099379,170.8,200,1564
2026-06-20T14:50:00Z,129.13043478260903,1.6,130,1565
2026-06-20T14:55:00Z,129.13043478260903,98.2,280,1566
2026-06-20T15:00:00Z,129.13043478260903,6.6,250,1567
2026-06-20T15:05:00Z,129.13043478260903,85.4,120.00000000000001,1568
2026-06-20T15:10:00Z,235.58550724637698,124.4,110,1569
2026-06-20T15:15:00Z,306.555555555556,111.6,80,1570
2026-06-20T15:20:00Z,231.461111111111,26,180,1571
2026-06-20T15:25:00Z,212.6875,23.8,140,1572
2026-06-20T15:30:00Z,212.6875,64,180,1573
2026-06-20T15:35:00Z,208.28928571428597,67,190,1574
2026-06-20T15:40:00Z,205.35714285714306,66.4,200,1575
2026-06-20T15:45:00Z,205.35714285714306,8.6,120.00000000000001,1576
2026-06-20T15:50:00Z,242.938095238095,43.6,200,1577
2026-06-20T15:55:00Z,252.33333333333303,23.2,230,1578
2026-06-20T16:00:00Z,268.709090909091,80,140,1579
2026-06-20T16:05:00Z,293.27272727272697,594,90,1580
2026-06-20T16:10:00Z,317.50707070706994,350.6,80,1581
2026-06-20T16:15:00Z,414.444444444444,135,80,1582
2026-06-20T16:20:00Z,323.091666666666,21,190,1583
2026-06-20T16:25:00Z,186.0625,132.2,250,1584
2026-06-20T16:30:00Z,186.0625,-3,220,1585
2026-06-20T16:35:00Z,203.83,124,150.00000000000003,1586
2026-06-20T16:40:00Z,274.9,21.8,110,1587
2026-06-20T16:45:00Z,294.09777777777794,58.6,120.00000000000001,1588
2026-06-20T16:50:00Z,370.88888888888897,99.6,160,1589
2026-06-20T16:55:00Z,391.9619047619049,67.8,160,1590
2026-06-20T17:00:00Z,423.57142857142895,72.4,170,1591
2026-06-20T17:05:00Z,303.27272727272697,93.8,240.00000000000003,1592
2026-06-20T17:10:00Z,303.27272727272697,89,310,1593
2026-06-20T17:15:00Z,247.54685314685295,87.2,220,1594
2026-06-20T17:20:00Z,233.61538461538498,98.2,280,1595
2026-06-20T17:25:00Z,233.04615384615397,56.2,270,1596
2026-06-20T17:30:00Z,230.76923076923097,43.6,250,1597
2026-06-20T17:35:00Z,230.76923076923097,145.8,180,1598
2026-06-20T17:40:00Z,235.015384615385,55.2,100,1599
2026-06-20T17:45:00Z,237.84615384615398,68.2,150.00000000000003,1600
2026-06-20T17:50:00Z,237.84615384615398,46.4,210.00000000000003,1601
2026-06-20T17:55:00Z,150.64285714285697,121.8,310,1602
2026-06-20T18:00:00Z,150.64285714285697,-17.2,170,1603
2026-06-20T18:05:00Z,177.3,146.8,500,1604
2026-06-20T18:10:00Z,283.9285714285709,120.8,280,1605
2026-06-20T18:15:00Z,283.9285714285709,86,220,1606
2026-06-20T18:20:00Z,209.349735449735,44.8,250,1607
2026-06-20T18:25:00Z,97.4814814814815,86.2,230,1608
2026-06-20T18:30:00Z,97.4814814814815,113.2,160,1609
2026-06-20T18:35:00Z,97.4814814814815,318,210.00000000000003,1610
2026-06-20T18:40:00Z,97.4814814814815,108.4,180,1611
2026-06-20T18:45:00Z,97.4814814814815,443,170,1612
2026-06-20T18:50:00Z,136.5,283.4,250,1613
2026-06-20T18:55:00Z,136.5,190.4,180,1614
2026-06-20T19:00:00Z,136.5,188.8,150.00000000000003,1615
2026-06-20T19:05:00Z,136.5,50.8,80,1616
2026-06-20T19:10:00Z,131.38461538461502,241.2,100,1617
2026-06-20T19:15:00Z,110.923076923077,254.2,410.00000000000006,1618
2026-06-20T19:20:00Z,110.923076923077,335.8,210.00000000000003,1619
2026-06-20T19:25:00Z,110.923076923077,212.8,120.00000000000001,1620
2026-06-20T19:30:00Z,110.923076923077,304.2,90,1621
2026-06-20T19:35:00Z,110.923076923077,124.4,100,1622
2026-06-20T19:40:00Z,130.45833333333306,239.8,70,1623
2026-06-20T19:45:00Z,130.45833333333306,347.2,60,1624
2026-06-20T19:50:00Z,130.45833333333306,244.4,120.00000000000001,1625
2026-06-20T19:55:00Z,130.45833333333306,71.2,80,1626
2026-06-20T20:00:00Z,136.74444444444399,56.6,70,1627
2026-06-20T20:05:00Z,161.88888888888906,61.6,160,1628
2026-06-20T20:10:00Z,161.88888888888906,239.6,120.00000000000001,1629
2026-06-20T20:15:00Z,161.88888888888906,302.6,70,1630
2026-06-20T20:20:00Z,168.15555555555497,416.8,50,1631
2026-06-20T20:25:00Z,172.33333333333303,75.6,120.00000000000001,1632
2026-06-20T20:30:00Z,172.33333333333303,247.4,90,1633
2026-06-20T20:35:00Z,172.33333333333303,86.2,80,1634
2026-06-20T20:40:00Z,142.52380952380997,271.8,130,1635
2026-06-20T20:45:00Z,142.52380952380997,215.4,70,1636
2026-06-20T20:50:00Z,142.52380952380997,277,170,1637
2026-06-20T20:55:00Z,142.52380952380997,345.8,80,1638
2026-06-20T21:00:00Z,142.18476190476196,402.2,100,1639
2026-06-20T21:05:00Z,142.1,324.2,90,1640
2026-06-20T21:10:00Z,142.1,291.8,110,1641
2026-06-20T21:15:00Z,142.1,408.4,120.00000000000001,1642
2026-06-20T21:20:00Z,166.32000000000002,345.8,190,1643
2026-06-20T21:25:00Z,172.375,234.2,150.00000000000003,1644
2026-06-20T21:30:00Z,172.375,135.4,110,1645
2026-06-20T21:35:00Z,186.73749999999998,219.6,170,1646
2026-06-20T21:40:00Z,196.3125,280.8,140,1647
2026-06-20T21:45:00Z,196.3125,394.8,180,1648
2026-06-20T21:50:00Z,171.94402173912997,274.8,150.00000000000003,1649
2026-06-20T21:55:00Z,135.39130434782604,761.4,120.00000000000001,1650
2026-06-20T22:00:00Z,135.39130434782604,375.8,100,1651
2026-06-20T22:05:00Z,135.39130434782604,294.2,170,1652
2026-06-20T22:10:00Z,135.39130434782604,347.6,130,1653
2026-06-20T22:15:00Z,201.478260869565,296.4,90,1654
2026-06-20T22:20:00Z,218,244,70,1655
2026-06-20T22:25:00Z,266.44,245.2,120.00000000000001,1656
2026-06-20T22:30:00Z,339.1,337,160,1657
2026-06-20T22:35:00Z,346.793333333333,179.2,170,1658
2026-06-20T22:40:00Z,358.33333333333303,455.4,150.00000000000003,1659
2026-06-20T22:45:00Z,437.590476190476,165.2,110,1660
2026-06-20T22:50:00Z,447.35952380952307,179.8,110,1661
2026-06-20T22:55:00Z,275.08333333333303,63.2,110,1662
2026-06-20T23:00:00Z,275.08333333333303,161,270,1663
2026-06-20T23:05:00Z,364.41666666666697,345,160,1664
2026-06-20T23:10:00Z,374.4,437.4,110,1665
2026-06-20T23:15:00Z,325,75.6,100,1666
2026-06-20T23:20:00Z,256.31428571428603,134.2,110,1667
2026-06-20T23:25:00Z,153.285714285714,93.6,140,1668
2026-06-20T23:30:00Z,153.285714285714,67.8,180,1669
2026-06-20T23:35:00Z,153.285714285714,-12,280,1670
2026-06-20T23:40:00Z,162.828571428571,163.4,270,1671
2026-06-20T23:45:00Z,201,50.2,390,1672
2026-06-20T23:50:00Z,201,172.6,290.00000000000006,1673
2026-06-20T23:55:00Z,201,106.8,390,1674
2026-06-21T00:00:00Z,140.772727272727,183.6,380,1675
2026-06-21T00:05:00Z,140.772727272727,202,250,1676
2026-06-21T00:10:00Z,140.772727272727,48.4,220,1677
2026-06-21T00:15:00Z,140.772727272727,132.4,339.99999999999994,1678
2026-06-21T00:20:00Z,152.21919191919196,25,300,1679
2026-06-21T00:25:00Z,169.38888888888906,59,339.99999999999994,1680
2026-06-21T00:30:00Z,169.38888888888906,233.6,180,1681
2026-06-21T00:35:00Z,169.38888888888906,-9.8,120.00000000000001,1682
2026-06-21T00:40:00Z,127.047008547008,261.6,210.00000000000003,1683
2026-06-21T00:45:00Z,116.46153846153801,25.6,50,1684
2026-06-21T00:50:00Z,116.46153846153801,220,140,1685
2026-06-21T00:55:00Z,116.46153846153801,96.6,160,1686
2026-06-21T01:00:00Z,116.46153846153801,174.8,130,1687
2026-06-21T01:05:00Z,154.509615384615,166.2,160,1688
2026-06-21T01:10:00Z,179.875,161.2,130,1689
2026-06-21T01:15:00Z,179.875,237.4,130,1690
2026-06-21T01:20:00Z,146.95357142857097,189.8,120.00000000000001,1691
2026-06-21T01:25:00Z,97.57142857142858,210.4,130,1692
2026-06-21T01:30:00Z,97.57142857142858,147.8,110,1693
2026-06-21T01:35:00Z,97.57142857142858,183.4,130,1694
2026-06-21T01:40:00Z,97.57142857142858,166.4,140,1695
2026-06-21T01:45:00Z,97.57142857142858,113.6,160,1696
2026-06-21T01:50:00Z,116.85828571428598,105.4,130,1697
2026-06-21T01:55:00Z,121.67999999999999,190.8,100,1698
2026-06-21T02:00:00Z,121.67999999999999,150.2,90,1699
2026-06-21T02:05:00Z,121.67999999999999,165.6,70,1700
2026-06-21T02:10:00Z,121.67999999999999,137,90,1701
2026-06-21T02:15:00Z,110.01875862069,79.8,100,1702
2026-06-21T02:20:00Z,107.103448275862,208.6,130,1703
2026-06-21T02:25:00Z,107.103448275862,234.6,140,1704
2026-06-21T02:30:00Z,107.103448275862,131.6,130,1705
2026-06-21T02:35:00Z,107.103448275862,191.4,120.00000000000001,1706
2026-06-21T02:40:00Z,107.103448275862,137.6,60,1707
2026-06-21T02:45:00Z,134,120,70,1708
2026-06-21T02:50:00Z,134,373.8,40,1709
2026-06-21T02:55:00Z,134,85.4,60,1710
2026-06-21T03:00:00Z,165.6,267.6,60,1711
2026-06-21T03:05:00Z,292,130,100,1712
2026-06-21T03:10:00Z,292,-12.6,60,1713
2026-06-21T03:15:00Z,597.4399999999999,318.4,80,1714
2026-06-21T03:20:00Z,526.0933333333342,229.6,150.00000000000003,1715
2026-06-21T03:25:00Z,419.13333333333304,326.2,60,1716
2026-06-21T03:30:00Z,372.444444444444,374,80,1717
2026-06-21T03:35:00Z,527.6888888888891,438.6,20,1718
2026-06-21T03:40:00Z,716.8,367.2,130,1719
2026-06-21T03:45:00Z,745.6,586.4,70,1720
2026-06-21T03:50:00Z,1177.1333333333296,456.4,100,1721
2026-06-21T03:55:00Z,1116.2666666666703,335,120.00000000000001,1722
2026-06-21T04:05:00Z,940.25,405,100,1723
2026-06-21T04:10:00Z,894.05,425.8,160,1724
2026-06-21T04:15:00Z,886.9499999999999,389.4,339.99999999999994,1725
2026-06-21T04:20:00Z,745.8,320.8,120.00000000000001,1726
2026-06-21T04:25:00Z,653.9599999999999,81.8,400,1727
2026-06-21T04:30:00Z,604.24,228.4,450,1728
2026-06-21T04:35:00Z,454.22499999999997,68.6,440,1729
2026-06-21T04:40:00Z,386.375,182.6,250,1730
2026-06-21T04:45:00Z,958.55,253.2,430.00000000000006,1731
2026-06-21T04:50:00Z,715.25,113.6,580,1732
2026-06-21T04:55:00Z,463.3,175.4,659.9999999999999,1733
2026-06-21T05:00:00Z,466.5,105,1020,1734
2026-06-21T05:05:00Z,587.4,238.8,1100,1735
2026-06-21T05:10:00Z,806.4499999999999,58.8,1000,1736
2026-06-21T05:15:00Z,863.9499999999999,245.4,1050,1737
2026-06-21T05:20:00Z,635,109.6,1000,1738
2026-06-21T05:25:00Z,677.6,170.8,1030,1739
2026-06-21T05:30:00Z,601.333333333333,156.4,950.0000000000001,1740
2026-06-21T05:35:00Z,661.866666666667,268.6,810,1741
2026-06-21T05:40:00Z,425.444444444445,106.8,690,1742
2026-06-21T05:45:00Z,362.555555555556,49.4,700,1743
2026-06-21T05:50:00Z,513,130.8,430.00000000000006,1744
2026-06-21T05:55:00Z,513.257142857143,121.2,690,1745
2026-06-21T06:00:00Z,549.942857142857,52.8,810,1746
2026-06-21T06:05:00Z,663.366666666667,170.8,580,1747
2026-06-21T06:10:00Z,532.833333333333,124.4,480.00000000000006,1748
2026-06-21T06:15:00Z,587.5,317.8,450,1749
2026-06-21T06:20:00Z,619.58,158.2,600,1750
2026-06-21T06:25:00Z,661.3599999999999,139.2,789.9999999999999,1751
2026-06-21T06:30:00Z,720.6800000000001,154,690,1752
2026-06-21T06:35:00Z,556.546666666666,-4.4,630,1753
2026-06-21T06:40:00Z,528.5733333333332,82.2,669.9999999999999,1754
2026-06-21T06:45:00Z,501.53142857142797,20.6,659.9999999999999,1755
2026-06-21T06:50:00Z,491.6285714285709,189.6,570.0000000000001,1756
2026-06-21T06:55:00Z,685.9333333333341,183,410.00000000000006,1757
2026-06-21T07:00:00Z,1536.0666666666702,158.6,410.00000000000006,1758
2026-06-21T07:05:00Z,1241.2,-8.6,510,1759
2026-06-21T07:10:00Z,1267.2,230,450,1760
2026-06-21T07:15:00Z,1261.6,165.2,580,1761
2026-06-21T07:20:00Z,951.05,42.4,500,1762
2026-06-21T07:25:00Z,828.15,-21,500,1763
2026-06-21T07:30:00Z,732.2,248.6,560,1764
2026-06-21T07:35:00Z,490.166666666667,86.8,590,1765
2026-06-21T07:40:00Z,830.8833333333331,155,640,1766
2026-06-21T07:45:00Z,865.65,178.2,610,1767
2026-06-21T07:50:00Z,965.500000000002,151.8,480.00000000000006,1768
2026-06-21T07:55:00Z,1385.3333333333296,161.8,480.00000000000006,1769
2026-06-21T08:00:00Z,1300.7333333333297,161.6,410.00000000000006,1770
2026-06-21T08:05:00Z,1139.9333333333298,746.4,560,1771
2026-06-21T08:10:00Z,1113.4666666666703,-60.8,1190.0000000000002,1772
2026-06-21T08:15:00Z,1286.3333333333296,749.8,1100,1773
2026-06-21T08:20:00Z,1355.8,359,1120,1774
2026-06-21T08:25:00Z,1300.8666666666702,618.2,1150.0000000000002,1775
2026-06-21T08:30:00Z,1107.1333333333296,6.8,990,1776
2026-06-21T08:35:00Z,1031.2,744.2,840.0000000000001,1777
2026-06-21T08:40:00Z,1140.6666666666702,816,760,1778
2026-06-21T08:45:00Z,967.333333333333,687.6,550,1779
2026-06-21T08:50:00Z,829.55,1201.6,640,1780
2026-06-21T08:55:00Z,755.37,987.2,730,1781
2026-06-21T09:00:00Z,771.6800000000001,840.8,830.0000000000001,1782
2026-06-21T09:05:00Z,748.4,877.2,1120,1783
2026-06-21T09:10:00Z,680,845.4,950.0000000000001,1784
2026-06-21T09:15:00Z,740.6,854.2,930,1785
2026-06-21T09:20:00Z,968.15,802.6,910,1786
2026-06-21T09:25:00Z,844.4499999999999,645.6,1070,1787
2026-06-21T09:30:00Z,868.75,534.6,970,1788
2026-06-21T09:35:00Z,739.41,675.8,1000,1789
2026-06-21T09:40:00Z,774.4399999999999,98.2,1040,1790
2026-06-21T09:45:00Z,821.8,928.4,980,1791
2026-06-21T09:50:00Z,825.2,862.2,950.0000000000001,1792
2026-06-21T09:55:00Z,826.1,432.6,860.0000000000001,1793
2026-06-21T10:00:00Z,826.8499999999999,434.4,770,1794
2026-06-21T10:05:00Z,985.25,537.2,779.9999999999999,1795
2026-06-21T10:10:00Z,986.2,666.2,779.9999999999999,1796
2026-06-21T10:15:00Z,923.8,866.4,710,1797
2026-06-21T10:20:00Z,367.3,705.8,669.9999999999999,1798
2026-06-21T10:25:00Z,367.3,581.6,659.9999999999999,1799
2026-06-21T10:30:00Z,253.21428571428595,677.4,730,1800
2026-06-21T10:35:00Z,253.21428571428595,627.8,880,1801
2026-06-21T10:40:00Z,274.97142857142893,475.6,1020,1802
2026-06-21T10:45:00Z,362,276.2,590,1803
2026-06-21T10:50:00Z,326.3,526.8,540,1804
2026-06-21T10:55:00Z,272.75,558.8,620,1805
2026-06-21T11:00:00Z,272.75,433.4,580,1806
2026-06-21T11:05:00Z,267.91666666666697,686.8,600,1807
2026-06-21T11:10:00Z,267.91666666666697,507.4,630,1808
2026-06-21T11:15:00Z,284.106666666667,562.2,750,1809
2026-06-21T11:20:00Z,294.9,642.6,779.9999999999999,1810
2026-06-21T11:25:00Z,288.46,637.4,700,1811
2026-06-21T11:30:00Z,284.166666666667,733.8,180,1812
2026-06-21T11:35:00Z,284.813333333334,647.8,420.00000000000006,1813
2026-06-21T11:40:00Z,287.4,383.6,220,1814
2026-06-21T11:45:00Z,285.865454545455,572.6,170,1815
2026-06-21T11:50:00Z,279.7272727272729,385,230,1816
2026-06-21T11:55:00Z,279.7272727272729,767.6,329.99999999999994,1817
2026-06-21T12:00:00Z,314.9,1559.4,290.00000000000006,1818
2026-06-21T12:05:00Z,314.9,1291.6,320,1819
2026-06-21T12:10:00Z,382.444444444444,1362.8,180,1820
2026-06-21T12:15:00Z,372.71555555555494,1325.4,150.00000000000003,1821
2026-06-21T12:20:00Z,333.8,1022.8,210.00000000000003,1822
2026-06-21T12:25:00Z,308.3275,845.6,270,1823
2026-06-21T12:30:00Z,206.4375,707,290.00000000000006,1824
2026-06-21T12:35:00Z,206.4375,470.2,250,1825
2026-06-21T12:40:00Z,206.4375,709.8,250,1826
2026-06-21T12:45:00Z,246.923076923077,822.8,240.00000000000003,1827
2026-06-21T12:50:00Z,246.923076923077,1013.6,210.00000000000003,1828
2026-06-21T12:55:00Z,246.25384615384598,1401,260,1829
2026-06-21T13:00:00Z,245.25,1164.2,270,1830
2026-06-21T13:05:00Z,245.25,1080.8,270,1831
2026-06-21T13:10:00Z,372.4,1293.6,329.99999999999994,1832
2026-06-21T13:15:00Z,372.4,1450.6,270,1833
2026-06-21T13:20:00Z,286.75,1261.2,320,1834
2026-06-21T13:25:00Z,286.75,1320.6,329.99999999999994,1835
2026-06-21T13:30:00Z,258.5615384615389,1206,339.99999999999994,1836
2026-06-21T13:35:00Z,239.76923076923097,1109.6,260,1837
2026-06-21T13:40:00Z,239.76923076923097,1214.6,180,1838
2026-06-21T13:45:00Z,256.307692307692,991.2,200,1839
2026-06-21T13:50:00Z,256.307692307692,920.4,180,1840
2026-06-21T13:55:00Z,260.584615384615,845.8,170,1841
2026-06-21T14:00:00Z,267,777.8,230,1842
2026-06-21T14:05:00Z,267,769.4,170,1843
2026-06-21T14:10:00Z,242.58333333333303,629,240.00000000000003,1844
2026-06-21T14:15:00Z,242.58333333333303,702.2,260,1845
2026-06-21T14:20:00Z,321.366666666667,926.2,350,1846
2026-06-21T14:25:00Z,373.88888888888897,951.6,260,1847
2026-06-21T14:30:00Z,327.57777777777795,1116.4,250,1848
2026-06-21T14:35:00Z,316,522.2,280,1849
2026-06-21T14:40:00Z,260.97142857142796,753,240.00000000000003,1850
2026-06-21T14:45:00Z,224.285714285714,971.2,230,1851
2026-06-21T14:50:00Z,224.285714285714,803,180,1852
2026-06-21T14:55:00Z,258.19047619047603,799,240.00000000000003,1853
2026-06-21T15:00:00Z,266.666666666667,788,190,1854
2026-06-21T15:05:00Z,267.3538461538461,876.6,250,1855
2026-06-21T15:10:00Z,268.384615384615,1061.2,260,1856
2026-06-21T15:15:00Z,268.384615384615,907.2,260,1857
2026-06-21T15:20:00Z,270.21025641025693,-89.4,180,1858
2026-06-21T15:25:00Z,270.666666666667,710.2,230,1859
2026-06-21T15:30:00Z,255.885714285715,140.8,339.99999999999994,1860
2026-06-21T15:35:00Z,233.71428571428595,164.8,310,1861
2026-06-21T15:40:00Z,233.71428571428595,250.2,320,1862
2026-06-21T15:45:00Z,236.37802197802202,319.6,300,1863
2026-06-21T15:50:00Z,238.153846153846,411.8,240.00000000000003,1864
2026-06-21T15:55:00Z,238.153846153846,363,200,1865
2026-06-21T16:00:00Z,243.76923076923097,89.8,210.00000000000003,1866
2026-06-21T16:05:00Z,243.76923076923097,271,240.00000000000003,1867
2026-06-21T16:10:00Z,220.661538461539,168.4,230,1868
2026-06-21T16:15:00Z,186,347.4,300,1869
2026-06-21T16:20:00Z,186,351.4,270,1870
2026-06-21T16:25:00Z,186,216,250,1871
2026-06-21T16:30:00Z,321.444444444444,246,220,1872
2026-06-21T16:35:00Z,328.07555555555496,348.8,250,1873
2026-06-21T16:40:00Z,354.6,283,260,1874
2026-06-21T16:45:00Z,374.794285714286,286.4,230,1875
2026-06-21T16:50:00Z,455.57142857142895,298.8,230,1876
2026-06-21T16:55:00Z,685.994285714286,291.2,220,1877
2026-06-21T17:00:00Z,458.675555555555,295.2,250,1878
2026-06-21T17:05:00Z,387.444444444444,283.2,220,1879
2026-06-21T17:10:00Z,272,412.6,220,1880
2026-06-21T17:15:00Z,272,452.8,260,1881
2026-06-21T17:20:00Z,324.4,443.4,200,1882
2026-06-21T17:25:00Z,359.33333333333303,182.2,180,1883
2026-06-21T17:30:00Z,436.266666666667,147.4,160,1884
2026-06-21T17:35:00Z,536.2,322.6,180,1885
2026-06-21T17:40:00Z,533.8285714285721,20.4,200,1886
2026-06-21T17:45:00Z,449.57142857142895,157,270,1887
2026-06-21T17:50:00Z,397.625,301.4,270,1888
2026-06-21T17:55:00Z,455.84166666666704,224.6,329.99999999999994,1889
2026-06-21T18:00:00Z,558.1733333333342,378.4,339.99999999999994,1890
2026-06-21T18:05:00Z,626.3199999999999,280,570.0000000000001,1891
2026-06-21T18:10:00Z,649.7733333333332,478.8,440,1892
2026-06-21T18:15:00Z,613.6666666666671,329,270,1893
2026-06-21T18:20:00Z,663,251,280,1894
2026-06-21T18:25:00Z,548.333333333333,387.6,260,1895
2026-06-21T18:30:00Z,711.7466666666671,141,220,1896
2026-06-21T18:35:00Z,619.72,281.4,280,1897
2026-06-21T18:40:00Z,490.72499999999997,271.4,329.99999999999994,1898
2026-06-21T18:45:00Z,426.875,224.2,490,1899
2026-06-21T18:50:00Z,394.4285714285709,252,350,1900
2026-06-21T18:55:00Z,422.22142857142796,302.2,350,1901
2026-06-21T19:00:00Z,440.75,344,329.99999999999994,1902
2026-06-21T19:05:00Z,305.9,244.4,350,1903
2026-06-21T19:10:00Z,305.9,280.8,320,1904
2026-06-21T19:15:00Z,277.08333333333303,287.4,339.99999999999994,1905
2026-06-21T19:20:00Z,277.08333333333303,431,380,1906
2026-06-21T19:25:00Z,263.124242424242,326.2,410.00000000000006,1907
2026-06-21T19:30:00Z,253.818181818182,434.4,430.00000000000006,1908
2026-06-21T19:35:00Z,246.79757575757597,285.8,430.00000000000006,1909
2026-06-21T19:40:00Z,236.26666666666696,261.4,510,1910
2026-06-21T19:45:00Z,236.26666666666696,178,470.00000000000006,1911
2026-06-21T19:50:00Z,221.733333333333,214.6,350,1912
2026-06-21T19:55:00Z,199.93333333333302,293.8,300,1913
2026-06-21T20:00:00Z,199.93333333333302,200.2,300,1914
2026-06-21T20:05:00Z,224.021538461538,378,310,1915
2026-06-21T20:10:00Z,260.15384615384613,264.2,270,1916
2026-06-21T20:15:00Z,260.15384615384613,212.2,220,1917
2026-06-21T20:20:00Z,194.69743589743604,252.8,220,1918
2026-06-21T20:25:00Z,178.33333333333303,228.6,180,1919
2026-06-21T20:30:00Z,178.33333333333303,285.2,180,1920
2026-06-21T20:35:00Z,188.66666666666598,122.8,200,1921
2026-06-21T20:40:00Z,230,196.4,180,1922
2026-06-21T20:45:00Z,230,225,180,1923
2026-06-21T20:50:00Z,237.6,246.4,190,1924
2026-06-21T20:55:00Z,249,244.2,190,1925
2026-06-21T21:00:00Z,249,345,150.00000000000003,1926
2026-06-21T21:05:00Z,231.4,211.2,160,1927
2026-06-21T21:10:00Z,227,182.6,150.00000000000003,1928
2026-06-21T21:15:00Z,227,215.8,170,1929
2026-06-21T21:20:00Z,186.78947368421098,133.4,150.00000000000003,1930
2026-06-21T21:25:00Z,186.78947368421098,187,150.00000000000003,1931
2026-06-21T21:30:00Z,186.78947368421098,296.2,140,1932
2026-06-21T21:35:00Z,176.535578947369,340.8,140,1933
2026-06-21T21:40:00Z,135.52,328,140,1934
2026-06-21T21:45:00Z,135.52,340.4,130,1935
2026-06-21T21:50:00Z,135.52,352.2,130,1936
2026-06-21T21:55:00Z,135.52,803.6,160,1937
2026-06-21T22:00:00Z,131.05303703703703,629.2,140,1938
2026-06-21T22:05:00Z,113.18518518518499,345.4,130,1939
2026-06-21T22:10:00Z,113.18518518518499,248.4,150.00000000000003,1940
2026-06-21T22:15:00Z,113.18518518518499,244.2,150.00000000000003,1941
2026-06-21T22:20:00Z,113.18518518518499,386.4,160,1942
2026-06-21T22:25:00Z,113.18518518518499,325.4,210.00000000000003,1943
2026-06-21T22:30:00Z,108.903703703703,401.4,240.00000000000003,1944
2026-06-21T22:35:00Z,107.83333333333299,569.6,140,1945
2026-06-21T22:40:00Z,107.83333333333299,478,110,1946
2026-06-21T22:45:00Z,107.83333333333299,530.4,90,1947
2026-06-21T22:50:00Z,107.83333333333299,278.6,80,1948
2026-06-21T22:55:00Z,107.83333333333299,551.6,90,1949
2026-06-21T23:00:00Z,121.84358974359,533.2,70,1950
2026-06-21T23:05:00Z,125.346153846154,688.8,130,1951
2026-06-21T23:10:00Z,125.346153846154,773,80,1952
2026-06-21T23:15:00Z,125.346153846154,516.6,70,1953
2026-06-21T23:20:00Z,125.346153846154,632.2,80,1954
2026-06-21T23:25:00Z,109.013461538462,613.2,70,1955
2026-06-21T23:30:00Z,98.12499999999999,814.6,70,1956
2026-06-21T23:35:00Z,98.12499999999999,712.4,70,1957
2026-06-21T23:40:00Z,98.12499999999999,481.4,100,1958
2026-06-21T23:45:00Z,98.12499999999999,426,80,1959
2026-06-21T23:50:00Z,98.12499999999999,395.4,80,1960
2026-06-21T23:55:00Z,98.12499999999999,454.2,50,1961
2026-06-22T00:00:00Z,93.05714285714289,438.6,60,1962
2026-06-22T00:05:00Z,93.05714285714289,279.8,80,1963
2026-06-22T00:10:00Z,93.05714285714289,309.4,80,1964
2026-06-22T00:15:00Z,93.05714285714289,243,80,1965
2026-06-22T00:20:00Z,93.05714285714289,310.4,60,1966
2026-06-22T00:25:00Z,93.05714285714289,327.6,80,1967
2026-06-22T00:30:00Z,93.05714285714289,268.8,70,1968
2026-06-22T00:35:00Z,85.8956390977443,306,70,1969
2026-06-22T00:40:00Z,84.10526315789468,99.8,80,1970
2026-06-22T00:45:00Z,84.10526315789468,316.2,60,1971
2026-06-22T00:50:00Z,84.10526315789468,143.6,60,1972
2026-06-22T00:55:00Z,84.10526315789468,181.6,70,1973
2026-06-22T01:00:00Z,84.10526315789468,232,70,1974
2026-06-22T01:05:00Z,84.10526315789468,226,50,1975
2026-06-22T01:10:00Z,83.0981640146879,281,50,1976
2026-06-22T01:15:00Z,79.0697674418605,267.2,50,1977
2026-06-22T01:20:00Z,79.0697674418605,108,50,1978
2026-06-22T01:25:00Z,79.0697674418605,313.4,60,1979
2026-06-22T01:30:00Z,79.0697674418605,158.8,140,1980
2026-06-22T01:35:00Z,79.0697674418605,83,50,1981
2026-06-22T01:40:00Z,79.0697674418605,261.6,50,1982
2026-06-22T01:45:00Z,79.0697674418605,188.4,60,1983
2026-06-22T01:50:00Z,79.0697674418605,268.8,80,1984
2026-06-22T01:55:00Z,65.95881606765329,280,60,1985
2026-06-22T02:00:00Z,57.21818181818181,225.8,50,1986
2026-06-22T02:05:00Z,57.21818181818181,183.4,40,1987
2026-06-22T02:10:00Z,57.21818181818181,279.8,40,1988
2026-06-22T02:15:00Z,57.21818181818181,183.4,30,1989
2026-06-22T02:20:00Z,57.21818181818181,324,70,1990
2026-06-22T02:25:00Z,57.21818181818181,224.2,80,1991
2026-06-22T02:30:00Z,57.21818181818181,65.4,60,1992
2026-06-22T02:35:00Z,57.21818181818181,76.4,40,1993
2026-06-22T02:40:00Z,57.21818181818181,104.4,50,1994
2026-06-22T02:45:00Z,57.21818181818181,70.4,50,1995
2026-06-22T02:50:00Z,55.0372727272727,47.4,70,1996
2026-06-22T02:55:00Z,53.5833333333333,123.8,50,1997
2026-06-22T03:00:00Z,53.5833333333333,224.4,40,1998
2026-06-22T03:05:00Z,53.5833333333333,127.6,40,1999
2026-06-22T03:10:00Z,53.5833333333333,45.8,40,2000
2026-06-22T03:15:00Z,53.5833333333333,12.4,80,2001
2026-06-22T03:20:00Z,53.5833333333333,126.8,100,2002
2026-06-22T03:25:00Z,53.5833333333333,188.4,40,2003
2026-06-22T03:30:00Z,53.5833333333333,225.8,40,2004
2026-06-22T03:35:00Z,53.5833333333333,154,30,2005
2026-06-22T03:40:00Z,53.5833333333333,-152.2,30,2006
2026-06-22T03:45:00Z,53.5833333333333,-9.6,30,2007
2026-06-22T03:50:00Z,73.3900900900901,80.6,30,2008
2026-06-22T03:55:00Z,86.5945945945946,272.4,20,2009
2026-06-22T04:05:00Z,86.5945945945946,164.8,30,2010
2026-06-22T04:10:00Z,86.5945945945946,79.8,30,2011
2026-06-22T04:15:00Z,86.5945945945946,121,20,2012
2026-06-22T04:20:00Z,86.5945945945946,47.2,30,2013
2026-06-22T04:25:00Z,83.4623423423423,149.4,20,2014
2026-06-22T04:30:00Z,70.9333333333333,102.6,30,2015
2026-06-22T04:35:00Z,70.9333333333333,49.8,20,2016
2026-06-22T04:40:00Z,70.9333333333333,66.6,30,2017
2026-06-22T04:45:00Z,70.9333333333333,143.2,10,2018
2026-06-22T04:50:00Z,70.9333333333333,111,30,2019
2026-06-22T04:55:00Z,70.9333333333333,24.2,50,2020
2026-06-22T05:00:00Z,70.9333333333333,68.6,60,2021
2026-06-22T05:05:00Z,70.9333333333333,145,60,2022
2026-06-22T05:10:00Z,63.75857142857141,-8.4,80,2023
2026-06-22T05:15:00Z,35.0595238095238,-56.2,20,2024
2026-06-22T05:20:00Z,35.0595238095238,195,30,2025
2026-06-22T05:25:00Z,35.0595238095238,162.8,20,2026
2026-06-22T05:30:00Z,35.0595238095238,97.8,50,2027
2026-06-22T05:35:00Z,35.0595238095238,18.6,90,2028
2026-06-22T05:40:00Z,35.0595238095238,101.2,70,2029
2026-06-22T05:45:00Z,35.0595238095238,153.4,90,2030
2026-06-22T05:50:00Z,35.0595238095238,53.6,60,2031
2026-06-22T05:55:00Z,35.0595238095238,56.2,20,2032
2026-06-22T06:00:00Z,35.0595238095238,-187,30,2033
2026-06-22T06:05:00Z,35.0595238095238,79.4,50,2034
2026-06-22T06:10:00Z,35.0595238095238,197.8,40,2035
2026-06-22T06:15:00Z,35.0595238095238,92.2,30,2036
2026-06-22T06:20:00Z,35.0595238095238,-16.4,50,2037
2026-06-22T06:25:00Z,35.0595238095238,20.8,50,2038
2026-06-22T06:30:00Z,35.0595238095238,246.6,30,2039
2026-06-22T06:35:00Z,195.435714285714,175.8,70,2040
2026-06-22T06:40:00Z,436,-89,20,2041
2026-06-22T06:45:00Z,806.1538461538461,220.8,20,2042
2026-06-22T06:50:00Z,301.769230769231,27.2,30,2043
2026-06-22T06:55:00Z,301.769230769231,71.8,10,2044
2026-06-22T07:00:00Z,224.64102564102598,-3.6,10,2045
2026-06-22T07:05:00Z,173.222222222222,-86.8,30,2046
2026-06-22T07:10:00Z,173.222222222222,125.4,0,2047
2026-06-22T07:15:00Z,173.222222222222,167.2,20,2048
2026-06-22T07:20:00Z,238.461538461538,94.8,10,2049
2026-06-22T07:25:00Z,238.461538461538,59,20,2050
2026-06-22T07:30:00Z,265.33146853146803,44.2,10,2051
2026-06-22T07:35:00Z,305.636363636364,68,20,2052
2026-06-22T07:40:00Z,304.809090909091,55,10,2053
2026-06-22T07:45:00Z,301.5,36,60,2054
2026-06-22T07:50:00Z,281.706666666667,-45,400,2055
2026-06-22T07:55:00Z,202.53333333333302,6.4,710,2056
2026-06-22T08:00:00Z,202.53333333333302,190.4,300,2057
2026-06-22T08:05:00Z,286.89333333333303,-144.2,80,2058
2026-06-22T08:10:00Z,624.333333333333,67.6,110,2059
2026-06-22T08:15:00Z,833.3499999999999,15.2,150.00000000000003,2060
2026-06-22T08:20:00Z,864.1833333333332,-16.6,140,2061
2026-06-22T08:25:00Z,608.566666666666,35.4,100,2062
2026-06-22T08:30:00Z,357.5,55,110,2063
2026-06-22T08:35:00Z,1440.9333333333298,48,190,2064
2026-06-22T08:40:00Z,1249.9666666666703,0.4,170,2065
2026-06-22T08:45:00Z,1606.1,-43,220,2066
2026-06-22T08:50:00Z,920.4,388,140,2067
2026-06-22T08:55:00Z,923.08,78.6,170,2068
2026-06-22T09:00:00Z,643.12,-126.2,190,2069
2026-06-22T09:05:00Z,763.9,72.6,90,2070
2026-06-22T09:10:00Z,877.566666666668,47,40,2071
2026-06-22T09:15:00Z,994.1333333333341,-31.8,250,2072
2026-06-22T09:20:00Z,789.5,159,400,2073
2026-06-22T09:25:00Z,331.25,252.4,540,2074
2026-06-22T09:30:00Z,331.25,-43.4,540,2075
2026-06-22T09:35:00Z,304.545454545455,198.2,380,2076
2026-06-22T09:40:00Z,304.545454545455,160.8,329.99999999999994,2077
2026-06-22T09:45:00Z,767.9490909090911,-3.6,930,2078
2026-06-22T09:50:00Z,644.2266666666661,-27,789.9999999999999,2079
2026-06-22T09:55:00Z,561.247619047619,153.6,1100,2080
2026-06-22T10:00:00Z,545.119047619048,56.8,630,2081
2026-06-22T10:05:00Z,542.1666666666671,24.6,560,2082
2026-06-22T10:10:00Z,642.833333333333,50.4,480.00000000000006,2083
2026-06-22T10:15:00Z,267.233333333333,71.2,420.00000000000006,2084
2026-06-22T10:20:00Z,173.33333333333303,29,600,2085
2026-06-22T10:25:00Z,173.33333333333303,85,640,2086
2026-06-22T10:30:00Z,221.044444444444,48.6,560,2087
2026-06-22T10:35:00Z,411.88888888888897,40.4,180,2088
2026-06-22T10:40:00Z,534.5733333333332,23.2,60,2089
2026-06-22T10:45:00Z,693.3599999999999,47,60,2090
2026-06-22T10:50:00Z,547.742857142857,66.8,350,2091
2026-06-22T10:55:00Z,116.714285714286,-45.2,640,2092
2026-06-22T11:00:00Z,116.714285714286,25.4,410.00000000000006,2093
2026-06-22T11:05:00Z,116.714285714286,1,380,2094
2026-06-22T11:10:00Z,116.714285714286,-2.4,290.00000000000006,2095
2026-06-22T11:15:00Z,116.714285714286,62.6,430.00000000000006,2096
2026-06-22T11:20:00Z,116.714285714286,30.4,430.00000000000006,2097
2026-06-22T11:25:00Z,117.564285714286,76.8,220,2098
2026-06-22T11:30:00Z,120.964285714286,18.8,110,2099
2026-06-22T11:35:00Z,120.964285714286,84.6,80,2100
2026-06-22T11:40:00Z,120.964285714286,323.8,220,2101
2026-06-22T11:45:00Z,120.964285714286,989.6,240.00000000000003,2102
2026-06-22T11:50:00Z,120.964285714286,516,470.00000000000006,2103
2026-06-22T11:55:00Z,162.085714285714,53.8,430.00000000000006,2104
2026-06-22T12:00:00Z,189.5,219,450,2105
2026-06-22T12:05:00Z,189.5,137.6,200,2106
2026-06-22T12:10:00Z,160.205882352941,203.4,20,2107
2026-06-22T12:15:00Z,116.264705882353,190.6,70,2108
2026-06-22T12:20:00Z,116.264705882353,143.8,100,2109
2026-06-22T12:25:00Z,116.264705882353,275.8,40,2110
2026-06-22T12:30:00Z,116.264705882353,281.4,60,2111
2026-06-22T12:35:00Z,116.264705882353,370.4,70,2112
2026-06-22T12:40:00Z,116.264705882353,184.4,130,2113
2026-06-22T12:45:00Z,126.83665158371001,327.2,50,2114
2026-06-22T12:50:00Z,133.88461538461502,305.8,80,2115
2026-06-22T12:55:00Z,133.88461538461502,191.4,100,2116
2026-06-22T13:00:00Z,133.88461538461502,125.6,80,2117
2026-06-22T13:05:00Z,133.88461538461502,317.2,100,2118
2026-06-22T13:10:00Z,166.86410256410196,578.2,50,2119
2026-06-22T13:15:00Z,216.33333333333303,746.8,40,2120
2026-06-22T13:20:00Z,216.33333333333303,900.6,380,2121
2026-06-22T13:25:00Z,205.147368421053,676.2,140,2122
2026-06-22T13:30:00Z,188.36842105263207,302.2,70,2123
2026-06-22T13:35:00Z,188.36842105263207,1401,40,2124
2026-06-22T13:40:00Z,188.36842105263207,1165.6,30,2125
2026-06-22T13:45:00Z,267.09022556391,1734.8,40,2126
2026-06-22T13:50:00Z,584.0571428571429,911.4,60,2127
2026-06-22T13:55:00Z,1027.36,897.8,100,2128
2026-06-22T14:00:00Z,400.21999999999997,636.2,130,2129
2026-06-22T14:05:00Z,255.3,699,120.00000000000001,2130
2026-06-22T14:10:00Z,1003.7866666666702,783.6,80,2131
2026-06-22T14:15:00Z,2686.133333333331,892.2,70,2132
2026-06-22T14:20:00Z,616.6666666666671,886.6,130,2133
2026-06-22T14:25:00Z,395.02564102564105,408.2,250,2134
2026-06-22T14:30:00Z,339.61538461538504,174.4,130,2135
2026-06-22T14:35:00Z,416.252307692308,118.6,160,2136
2026-06-22T14:40:00Z,661.9542857142859,264,120.00000000000001,2137
2026-06-22T14:45:00Z,418.57142857142895,996,90,2138
2026-06-22T14:50:00Z,1022.78095238095,455.2,90,2139
2026-06-22T14:55:00Z,747.833333333333,624.4,220,2140
2026-06-22T15:00:00Z,598.1666666666671,613.05,720,2141
2026-06-22T15:05:00Z,557.5666666666671,0,760,2142
2026-06-22T15:10:00Z,459.166666666667,507.4,230,2143
2026-06-22T15:15:00Z,910.55,292.8,70,2144
2026-06-22T15:20:00Z,1208.25,134.8,740,2145
2026-06-22T15:25:00Z,1308.3,205.4,1480,2146
2026-06-22T15:30:00Z,937.1,204.2,700,2147
2026-06-22T15:35:00Z,829.9599999999999,388.2,470.00000000000006,2148
2026-06-22T15:40:00Z,1604.7066666666703,694.6,160,2149
2026-06-22T15:45:00Z,1027.1733333333295,529.8,220,2150
2026-06-22T15:50:00Z,747.64,771.8,320,2151
2026-06-22T15:55:00Z,724.12,283.2,240.00000000000003,2152
2026-06-22T16:00:00Z,1399.6666666666702,132.8,590,2153
2026-06-22T16:05:00Z,1581.1333333333396,146.2,620,2154
2026-06-22T16:10:00Z,1862.6666666666702,207.4,400,2155
2026-06-22T16:15:00Z,1276.8666666666702,-19.6,430.00000000000006,2156
2026-06-22T16:20:00Z,1181.0666666666702,127.6,310,2157
2026-06-22T16:25:00Z,1003.8,21.6,560,2158
2026-06-22T16:30:00Z,1156.2,257.6,920,2159
2026-06-22T16:35:00Z,924,-73,880,2160
2026-06-22T16:40:00Z,1023.5,139.4,710,2161
2026-06-22T16:45:00Z,1001.7,247.8,669.9999999999999,2162
2026-06-22T16:50:00Z,1599,190.8,820.0000000000001,2163
2026-06-22T16:55:00Z,1364.8,137.6,640,2164
2026-06-22T17:00:00Z,1730.1,123.4,450,2165
2026-06-22T17:05:00Z,1502.3666666666702,52,480.00000000000006,2166
2026-06-22T17:10:00Z,1481.7333333333297,590.4,870.0000000000001,2167
2026-06-22T17:15:00Z,1701.2,258,1030,2168
2026-06-22T17:20:00Z,1314.7333333333297,138.8,1100,2169
2026-06-22T17:25:00Z,1345.5333333333297,39,810,2170
2026-06-22T17:30:00Z,1778.1333333333296,33,750,2171
2026-06-22T17:35:00Z,1857,-5.2,669.9999999999999,2172
2026-06-22T17:40:00Z,1589,172.4,740,2173
2026-06-22T17:45:00Z,1825.2,247.4,610,2174
2026-06-22T17:50:00Z,1733.6,174.4,610,2175
2026-06-22T17:55:00Z,1908.1333333333296,182.6,730,2176
2026-06-22T18:00:00Z,1031.6666666666702,344.4,980,2177
2026-06-22T18:05:00Z,1267.8,-53,850.0000000000001,2178
2026-06-22T18:10:00Z,798.76,448,1060,2179
2026-06-22T18:15:00Z,882.24,255.6,880,2180
2026-06-22T18:20:00Z,818.24,36.6,980,2181
2026-06-22T18:25:00Z,660.4399999999999,398.4,1050,2182
2026-06-22T18:30:00Z,776.48,124.4,779.9999999999999,2183
2026-06-22T18:35:00Z,670.306666666666,294.2,820.0000000000001,2184
2026-06-22T18:40:00Z,785.833333333333,195.2,1160.0000000000002,2185
2026-06-22T18:45:00Z,907.5,345.6,1170.0000000000002,2186
2026-06-22T18:50:00Z,618.833333333333,205.8,1080,2187
2026-06-22T18:55:00Z,487.566666666667,1533,1230,2188
2026-06-22T19:00:00Z,454.742857142857,461,1110,2189
2026-06-22T19:05:00Z,454.714285714286,29.6,1320,2190
2026-06-22T19:10:00Z,655.742857142857,996.4,690,2191
2026-06-22T19:15:00Z,829.8,1980.6,870.0000000000001,2192
2026-06-22T19:20:00Z,916.72,1414.4,480.00000000000006,2193
2026-06-22T19:25:00Z,870.38,892.2,600,2194
2026-06-22T19:30:00Z,932.1800000000001,35.4,560,2195
2026-06-22T19:35:00Z,803.92,405.4,440,2196
2026-06-22T19:40:00Z,799.9333333333341,461.8,550,2197
2026-06-22T19:45:00Z,1150.0666666666702,266.8,480.00000000000006,2198
2026-06-22T19:50:00Z,1174.2,938.6,560,2199
2026-06-22T19:55:00Z,773.76,1087.6,540,2200
2026-06-22T20:00:00Z,894.9733333333322,589,390,2201
2026-06-22T20:05:00Z,1512.2666666666703,700,310,2202
2026-06-22T20:10:00Z,795.2,538.4,170,2203
2026-06-22T20:15:00Z,677.3,854,300,2204
2026-06-22T20:20:00Z,693.8,1128.6,440,2205
2026-06-22T20:25:00Z,628.4599999999999,1512.8,520,2206
2026-06-22T20:30:00Z,904.5733333333322,1039,580,2207
2026-06-22T20:35:00Z,1007.66666666667,975.6,480.00000000000006,2208
2026-06-22T20:40:00Z,441.33333333333303,1381.6,650,2209
2026-06-22T20:45:00Z,375.329166666666,1062.2,520,2210
2026-06-22T20:50:00Z,111.3125,776,470.00000000000006,2211
2026-06-22T20:55:00Z,111.3125,702.8,789.9999999999999,2212
2026-06-22T21:00:00Z,111.3125,1268,700,2213
2026-06-22T21:05:00Z,111.3125,1357.8,450,2214
2026-06-22T21:10:00Z,111.3125,1758,520,2215
2026-06-22T21:15:00Z,111.3125,1250.6,1060,2216
2026-06-22T21:20:00Z,42.4343518518518,1113.6,420.00000000000006,2217
2026-06-22T21:25:00Z,25.214814814814805,978,270,2218
2026-06-22T21:30:00Z,25.214814814814805,1158.4,410.00000000000006,2219
2026-06-22T21:35:00Z,25.214814814814805,927.4,370,2220
2026-06-22T21:40:00Z,25.214814814814805,933.4,620,2221
2026-06-22T21:45:00Z,25.214814814814805,844,600,2222
2026-06-22T21:50:00Z,25.214814814814805,1625.2,329.99999999999994,2223
2026-06-22T21:55:00Z,25.214814814814805,1324,220,2224
2026-06-22T22:00:00Z,25.214814814814805,1623,120.00000000000001,2225
2026-06-22T22:05:00Z,25.214814814814805,1439.6,60,2226
2026-06-22T22:10:00Z,25.214814814814805,1330.8,50,2227
2026-06-22T22:15:00Z,25.214814814814805,1691.6,30,2228
2026-06-22T22:20:00Z,25.214814814814805,1352.2,90,2229
2026-06-22T22:25:00Z,25.214814814814805,1223.4,130,2230
2026-06-22T22:30:00Z,25.214814814814805,1632.2,10,2231
2026-06-22T22:35:00Z,25.214814814814805,1799,10,2232
2026-06-22T22:40:00Z,25.214814814814805,1552.6,20,2233
2026-06-22T22:45:00Z,25.214814814814805,1757.8,30,2234
2026-06-22T22:50:00Z,25.214814814814805,1712.8,20,2235
2026-06-22T22:55:00Z,25.214814814814805,2030.8,10,2236
2026-06-22T23:00:00Z,25.214814814814805,868.4,20,2237
2026-06-22T23:05:00Z,25.214814814814805,1437.6,10,2238
2026-06-22T23:10:00Z,25.214814814814805,785,10,2239
2026-06-22T23:15:00Z,25.214814814814805,856.6,0,2240
2026-06-22T23:20:00Z,25.214814814814805,841.2,0,2241
2026-06-22T23:25:00Z,25.214814814814805,587,0,2242
2026-06-22T23:30:00Z,25.214814814814805,840.8,40,2243
2026-06-22T23:35:00Z,46.747310789049905,644.8,40,2244
2026-06-22T23:40:00Z,52.1304347826087,807.4,10,2245
2026-06-22T23:45:00Z,52.1304347826087,910.4,0,2246
2026-06-22T23:50:00Z,52.1304347826087,573,0,2247
2026-06-22T23:55:00Z,52.1304347826087,578.8,20,2248
2026-06-23T00:00:00Z,27.318965517241406,293,30,2249
2026-06-23T00:05:00Z,27.318965517241406,246.6,40,2250
2026-06-23T00:10:00Z,27.318965517241406,802.6,10,2251
2026-06-23T00:15:00Z,27.318965517241406,691,0,2252
2026-06-23T00:20:00Z,27.318965517241406,872.6,0,2253
2026-06-23T00:25:00Z,27.318965517241406,793,20,2254
2026-06-23T00:30:00Z,27.318965517241406,941.4,0,2255
2026-06-23T00:35:00Z,27.318965517241406,694.8,0,2256
2026-06-23T00:40:00Z,27.318965517241406,611.2,0,2257
2026-06-23T00:45:00Z,27.318965517241406,1185.8,0,2258
2026-06-23T00:50:00Z,27.318965517241406,1167.2,20,2259
2026-06-23T00:55:00Z,27.318965517241406,670.2,50,2260
2026-06-23T01:00:00Z,27.318965517241406,732.6,10,2261
2026-06-23T01:05:00Z,27.318965517241406,1664.2,0,2262
2026-06-23T01:10:00Z,27.318965517241406,765.8,0,2263
2026-06-23T01:15:00Z,27.318965517241406,434.8,10,2264
2026-06-23T01:20:00Z,27.318965517241406,712,20,2265
2026-06-23T01:25:00Z,27.318965517241406,516.2,30,2266
2026-06-23T01:30:00Z,27.318965517241406,840.8,10,2267
2026-06-23T01:35:00Z,27.318965517241406,1040.6,40,2268
2026-06-23T01:40:00Z,27.318965517241406,506,0,2269
2026-06-23T01:45:00Z,27.318965517241406,342.4,0,2270
2026-06-23T01:50:00Z,27.318965517241406,232.4,20,2271
2026-06-23T01:55:00Z,26.742853382469097,-5,0,2272
2026-06-23T02:00:00Z,26.3587786259542,143.6,10,2273
2026-06-23T02:05:00Z,26.3587786259542,17.4,0,2274
2026-06-23T02:10:00Z,26.3587786259542,73,0,2275
2026-06-23T02:15:00Z,26.3587786259542,230.6,0,2276
2026-06-23T02:20:00Z,26.3587786259542,71.2,10,2277
2026-06-23T02:25:00Z,26.3587786259542,20.4,20,2278
2026-06-23T02:30:00Z,26.3587786259542,67.4,0,2279
2026-06-23T02:35:00Z,26.3587786259542,14.8,40,2280
2026-06-23T02:40:00Z,26.3587786259542,23,10,2281
2026-06-23T02:45:00Z,26.3587786259542,13,0,2282
2026-06-23T02:50:00Z,26.3587786259542,79,60,2283
2026-06-23T02:55:00Z,26.3587786259542,6,40,2284
2026-06-23T03:00:00Z,26.3587786259542,61.4,0,2285
2026-06-23T03:05:00Z,26.3587786259542,1,50,2286
2026-06-23T03:10:00Z,26.3587786259542,3.6,20,2287
2026-06-23T03:15:00Z,26.3587786259542,37.6,60,2288
2026-06-23T03:20:00Z,26.3587786259542,48.6,0,2289
2026-06-23T03:25:00Z,26.3587786259542,34.6,0,2290
2026-06-23T03:30:00Z,26.3587786259542,24.8,30,2291
2026-06-23T03:35:00Z,26.3587786259542,28,0,2292
2026-06-23T03:40:00Z,26.3587786259542,117.4,10,2293
2026-06-23T03:45:00Z,26.3587786259542,-70,10,2294
2026-06-23T03:50:00Z,26.3587786259542,97,40,2295
2026-06-23T03:55:00Z,26.3587786259542,88.4,20,2296
2026-06-23T04:05:00Z,24.8113456069451,59,0,2297
2026-06-23T04:10:00Z,22.490196078431396,-28.4,0,2298
2026-06-23T04:15:00Z,22.490196078431396,73.2,10,2299
2026-06-23T04:20:00Z,22.490196078431396,7.4,10,2300
2026-06-23T04:25:00Z,22.490196078431396,25,0,2301
2026-06-23T04:30:00Z,22.490196078431396,35.2,0,2302
2026-06-23T04:35:00Z,22.490196078431396,21.6,0,2303
2026-06-23T04:40:00Z,22.490196078431396,49.8,20,2304
2026-06-23T04:45:00Z,22.490196078431396,-22,10,2305
2026-06-23T04:50:00Z,22.490196078431396,45,0,2306
2026-06-23T04:55:00Z,22.490196078431396,140.8,0,2307
2026-06-23T05:00:00Z,22.490196078431396,-6.2,10,2308
2026-06-23T05:05:00Z,22.490196078431396,17.6,20,2309
2026-06-23T05:10:00Z,22.490196078431396,-6.2,0,2310
2026-06-23T05:15:00Z,22.490196078431396,19,30,2311
2026-06-23T05:20:00Z,22.490196078431396,82.2,10,2312
2026-06-23T05:25:00Z,22.490196078431396,188.6,0,2313
2026-06-23T05:30:00Z,22.490196078431396,11.6,10,2314
2026-06-23T05:35:00Z,22.490196078431396,-20.4,10,2315
2026-06-23T05:40:00Z,22.490196078431396,41,20,2316
2026-06-23T05:45:00Z,22.490196078431396,-80.6,0,2317
2026-06-23T05:50:00Z,22.490196078431396,44.2,0,2318
2026-06-23T05:55:00Z,22.490196078431396,-7,0,2319
2026-06-23T06:00:00Z,22.490196078431396,42.2,0,2320
2026-06-23T06:05:00Z,22.490196078431396,16.8,0,2321
2026-06-23T06:10:00Z,22.490196078431396,12,0,2322
2026-06-23T06:15:00Z,22.490196078431396,88,0,2323
2026-06-23T06:20:00Z,22.490196078431396,-21,0,2324
2026-06-23T06:25:00Z,22.490196078431396,91.6,20,2325
2026-06-23T06:30:00Z,22.490196078431396,-26.4,10,2326
2026-06-23T06:35:00Z,22.490196078431396,34.8,0,2327
2026-06-23T06:40:00Z,56.99403921568629,20,10,2328
2026-06-23T06:45:00Z,65.61999999999999,141.6,10,2329
2026-06-23T06:50:00Z,65.61999999999999,-22.4,10,2330
2026-06-23T06:55:00Z,65.61999999999999,82.4,0,2331
2026-06-23T07:00:00Z,65.61999999999999,37.4,0,2332
2026-06-23T07:05:00Z,65.61999999999999,74.8,0,2333
2026-06-23T07:10:00Z,65.61999999999999,6.8,0,2334
2026-06-23T07:15:00Z,65.61999999999999,105.4,0,2335
2026-06-23T07:20:00Z,65.61999999999999,111,0,2336
2026-06-23T07:25:00Z,65.61999999999999,-42.6,0,2337
2026-06-23T07:30:00Z,664.324,-28,0,2338
2026-06-23T07:35:00Z,628.56,50.4,0,2339
2026-06-23T07:40:00Z,881.4399999999999,34.2,0,2340
2026-06-23T07:45:00Z,1586.4666666666703,48.2,20,2341
2026-06-23T07:50:00Z,1850.8,-35.8,10,2342
2026-06-23T07:55:00Z,1200.7833333333297,-4,0,2343
2026-06-23T08:00:00Z,1266.45,-14.2,10,2344
2026-06-23T08:05:00Z,819.7666666666671,41.6,0,2345
2026-06-23T08:10:00Z,724.5833333333342,31.8,0,2346
2026-06-23T08:15:00Z,1019.6166666666701,52,20,2347
2026-06-23T08:20:00Z,894.333333333334,43.2,0,2348
2026-06-23T08:25:00Z,1391.3,-17,20,2349
2026-06-23T08:30:00Z,1587.35,45.4,80,2350
2026-06-23T08:35:00Z,942.39,49.4,120.00000000000001,2351
2026-06-23T08:40:00Z,651.874285714286,-46.2,510,2352
2026-06-23T08:45:00Z,499.28571428571394,45,310,2353
2026-06-23T08:50:00Z,636.833333333333,-5.6,540,2354
2026-06-23T08:55:00Z,709.7666666666671,120,880,2355
2026-06-23T09:00:00Z,1590,-59.2,1190.0000000000002,2356
2026-06-23T09:05:00Z,581.714285714286,31.4,480.00000000000006,2357
2026-06-23T09:10:00Z,412.38571428571396,100.2,750,2358
2026-06-23T09:15:00Z,299.5,-22.6,540,2359
2026-06-23T09:20:00Z,299.5,-42.6,450,2360
2026-06-23T09:25:00Z,340.38,117.6,720,2361
2026-06-23T09:30:00Z,350.6,50.2,520,2362
2026-06-23T09:35:00Z,537.4533333333341,26.8,880,2363
2026-06-23T09:40:00Z,1380.0666666666702,55,900,2364
2026-06-23T09:45:00Z,902.56,-20.4,740,2365
2026-06-23T09:50:00Z,821.8399999999999,52.2,390,2366
2026-06-23T09:55:00Z,611.5384615384621,-16.2,360,2367
2026-06-23T10:00:00Z,349.9230769230769,18.2,339.99999999999994,2368
2026-06-23T10:05:00Z,456.238461538462,14,530,2369
2026-06-23T10:10:00Z,1107.9666666666703,0.4,1160.0000000000002,2370
2026-06-23T10:15:00Z,904.066666666668,57.4,350,2371
2026-06-23T10:20:00Z,785.3166666666671,-9.8,360,2372
2026-06-23T10:25:00Z,745.2700000000001,-4,150.00000000000003,2373
2026-06-23T10:30:00Z,684.7466666666661,1.6,210.00000000000003,2374
2026-06-23T10:35:00Z,906.7833333333332,10.4,230,2375
2026-06-23T10:40:00Z,1419.6299999999999,-5,190,2376
2026-06-23T10:45:00Z,884.1533333333331,21.4,230,2377
2026-06-23T10:50:00Z,703.1666666666671,17.2,1210,2378
2026-06-23T10:55:00Z,818.488888888889,25.4,410.00000000000006,2379
2026-06-23T11:00:00Z,407.444444444444,23,630,2380
2026-06-23T11:05:00Z,421.31111111111096,-0.2,450,2381
2026-06-23T11:10:00Z,442.111111111111,21.2,130,2382
2026-06-23T11:15:00Z,329.319444444444,-32,180,2383
2026-06-23T11:20:00Z,254.125,37,900,2384
2026-06-23T11:25:00Z,254.125,59.4,659.9999999999999,2385
2026-06-23T11:30:00Z,193.72205882353,-28,470.00000000000006,2386
2026-06-23T11:35:00Z,103.11764705882399,29.8,540,2387
2026-06-23T11:40:00Z,103.11764705882399,115,450,2388
2026-06-23T11:45:00Z,103.11764705882399,22.4,570.0000000000001,2389
2026-06-23T11:50:00Z,103.11764705882399,33.8,930,2390
2026-06-23T11:55:00Z,103.11764705882399,27,430.00000000000006,2391
2026-06-23T12:00:00Z,103.11764705882399,-99.8,460,2392
2026-06-23T12:05:00Z,203.20090497737598,53.2,560,2393
2026-06-23T12:10:00Z,269.9230769230769,28.4,250,2394
2026-06-23T12:15:00Z,269.9230769230769,25.4,360,2395
2026-06-23T12:20:00Z,161.28,169,260,2396
2026-06-23T12:25:00Z,161.28,107.8,300,2397
2026-06-23T12:30:00Z,161.28,804.4,180,2398
2026-06-23T12:35:00Z,161.28,559,170,2399
2026-06-23T12:40:00Z,161.28,837.6,90,2400
2026-06-23T12:45:00Z,213.875,1553.4,30,2401
2026-06-23T12:50:00Z,213.875,1827.2,100,2402
2026-06-23T12:55:00Z,213.875,979.4,80,2403
2026-06-23T13:00:00Z,151.45192307692304,1408.2,20,2404
2026-06-23T13:05:00Z,135.84615384615398,919.8,-30,2405
2026-06-23T13:10:00Z,135.84615384615398,665.2,80,2406
2026-06-23T13:15:00Z,135.84615384615398,1005,180,2407
2026-06-23T13:20:00Z,135.84615384615398,968,190,2408
2026-06-23T13:25:00Z,293.538461538462,1191.2,210.00000000000003,2409
2026-06-23T13:30:00Z,398.666666666667,1675,100,2410
2026-06-23T13:35:00Z,585.333333333333,1117.2,110,2411
2026-06-23T13:40:00Z,351.869230769231,681.2,70,2412
2026-06-23T13:45:00Z,165.11538461538498,469,220,2413
2026-06-23T13:50:00Z,165.11538461538498,685.6,120.00000000000001,2414
2026-06-23T13:55:00Z,165.11538461538498,606.4,160,2415
2026-06-23T14:00:00Z,165.11538461538498,2028,170,2416
2026-06-23T14:05:00Z,220.429230769231,588.2,190,2417
2026-06-23T14:10:00Z,303.4,711,130,2418
2026-06-23T14:15:00Z,278.09,188.2,120.00000000000001,2419
2026-06-23T14:20:00Z,240.125,366.4,90,2420
2026-06-23T14:25:00Z,240.125,370.4,80,2421
2026-06-23T14:30:00Z,548.5,352.2,170,2422
2026-06-23T14:35:00Z,895.3090909090911,233.8,170,2423
2026-06-23T14:40:00Z,304.181818181818,2049,250,2424
2026-06-23T14:45:00Z,409.459090909091,815.6,600,2425
2026-06-23T14:50:00Z,567.375,707.2,460,2426
2026-06-23T14:55:00Z,425.11944444444504,1011.6,240.00000000000003,2427
2026-06-23T15:00:00Z,389.555555555556,243.6,190,2428
2026-06-23T15:05:00Z,980.3142857142859,197.4,40,2429
2026-06-23T15:10:00Z,529.571428571429,1511.4,60,2430
2026-06-23T15:15:00Z,554.6,1268.6,40,2431
2026-06-23T15:20:00Z,534.571428571429,546.4,70,2432
2026-06-23T15:25:00Z,495.14285714285705,1157.4,290.00000000000006,2433
2026-06-23T15:30:00Z,1253.6666666666702,593.4,120.00000000000001,2434
2026-06-23T15:35:00Z,1151.5,762.6,180,2435
2026-06-23T15:40:00Z,694.833333333333,1720.2,320,2436
2026-06-23T15:45:00Z,1153.4666666666703,824.8,580,2437
2026-06-23T15:50:00Z,1340.1833333333295,646,110,2438
2026-06-23T15:55:00Z,1041.1499999999999,952.4,450,2439
2026-06-23T16:00:00Z,2821.6,560.6,410.00000000000006,2440
2026-06-23T16:05:00Z,1504.2666666666703,519.6,290.00000000000006,2441
2026-06-23T16:10:00Z,1957.3333333333296,405,329.99999999999994,2442
2026-06-23T16:15:00Z,1916.4,538.6,690,2443
2026-06-23T16:20:00Z,1687,325,430.00000000000006,2444
2026-06-23T16:25:00Z,1441.0666666666702,391.2,420.00000000000006,2445
2026-06-23T16:30:00Z,1197.5333333333297,59.2,450,2446
2026-06-23T16:35:00Z,1044.25,100.2,420.00000000000006,2447
2026-06-23T16:40:00Z,1034.1499999999999,189.6,830.0000000000001,2448
2026-06-23T16:45:00Z,951.05,167,870.0000000000001,2449
2026-06-23T16:50:00Z,840.8299999999999,120.2,590,2450
2026-06-23T16:55:00Z,534.3199999999999,-62.2,810,2451
2026-06-23T17:00:00Z,513.6333333333331,121.4,800,2452
2026-06-23T17:05:00Z,709.1666666666671,342.6,850.0000000000001,2453
2026-06-23T17:10:00Z,534,272.6,1850,2454
2026-06-23T17:15:00Z,775.2800000000001,255.2,1020,2455
2026-06-23T17:20:00Z,803.92,225,1390.0000000000002,2456
2026-06-23T17:25:00Z,1267.2,128.2,1150.0000000000002,2457
2026-06-23T17:30:00Z,1104.6666666666702,92.8,1130.0000000000002,2458
2026-06-23T17:35:00Z,1212,508.4,920,2459
2026-06-23T17:40:00Z,1448.3333333333296,238.8,779.9999999999999,2460
2026-06-23T17:45:00Z,1791.6,239.8,650,2461
2026-06-23T17:50:00Z,1356.2,332.6,720,2462
2026-06-23T17:55:00Z,2631.8,303,700,2463
2026-06-23T18:00:00Z,1385.9333333333298,245.4,580,2464
2026-06-23T18:05:00Z,1123.8666666666702,388.4,300,2465
2026-06-23T18:10:00Z,936.333333333333,71,339.99999999999994,2466
2026-06-23T18:15:00Z,1147.7666666666703,-6.8,490,2467
2026-06-23T18:20:00Z,1214.3,249.4,320,2468
2026-06-23T18:25:00Z,1067.5666666666702,710.4,540,2469
2026-06-23T18:30:00Z,695.833333333333,102.2,530,2470
2026-06-23T18:35:00Z,405,890.2,880,2471
2026-06-23T18:40:00Z,405,789.8,640,2472
2026-06-23T18:45:00Z,414.444444444444,598.6,779.9999999999999,2473
2026-06-23T18:50:00Z,462.83555555555495,281,990,2474
2026-06-23T18:55:00Z,686.3199999999999,-202.6,1120,2475
2026-06-23T19:00:00Z,759.8285714285711,48.2,1050,2476
2026-06-23T19:05:00Z,575.142857142857,177,1740,2477
2026-06-23T19:10:00Z,451.29523809523795,123,910,2478
2026-06-23T19:15:00Z,420.33333333333303,766.6,710,2479
2026-06-23T19:20:00Z,376.3,66.6,570.0000000000001,2480
2026-06-23T19:25:00Z,376.3,188,800,2481
2026-06-23T19:30:00Z,510.88888888888897,466.2,820.0000000000001,2482
2026-06-23T19:35:00Z,463.803418803419,949.8,750,2483
2026-06-23T19:40:00Z,275.4615384615379,226.8,430.00000000000006,2484
2026-06-23T19:45:00Z,275.4615384615379,391.6,250,2485
2026-06-23T19:50:00Z,186.464615384615,659.4,180,2486
2026-06-23T19:55:00Z,127.13333333333298,562.8,210.00000000000003,2487
2026-06-23T20:00:00Z,127.13333333333298,332.6,270,2488
2026-06-23T20:05:00Z,127.13333333333298,1193,490,2489
2026-06-23T20:10:00Z,127.13333333333298,597.4,480.00000000000006,2490
2026-06-23T20:15:00Z,127.13333333333298,520.8,360,2491
2026-06-23T20:20:00Z,90.43111111111101,725.8,240.00000000000003,2492
2026-06-23T20:25:00Z,65.962962962963,599.6,190,2493
2026-06-23T20:30:00Z,65.962962962963,1153,210.00000000000003,2494
2026-06-23T20:35:00Z,65.962962962963,1279.8,240.00000000000003,2495
2026-06-23T20:40:00Z,65.962962962963,753.8,339.99999999999994,2496
2026-06-23T20:45:00Z,65.962962962963,1103.6,170,2497
2026-06-23T20:50:00Z,65.962962962963,1351.6,160,2498
2026-06-23T20:55:00Z,65.962962962963,1178.2,260,2499
2026-06-23T21:00:00Z,65.962962962963,3005.8,100,2500
2026-06-23T21:05:00Z,65.962962962963,1621.4,70,2501
2026-06-23T21:10:00Z,65.962962962963,2014.8,30,2502
2026-06-23T21:15:00Z,99.59259259259258,1974,60,2503
2026-06-23T21:20:00Z,108,1777.8,10,2504
2026-06-23T21:25:00Z,108,1411,30,2505
2026-06-23T21:30:00Z,108,1264.2,50,2506
2026-06-23T21:35:00Z,108,1206.4,80,2507
2026-06-23T21:40:00Z,108,1205.4,60,2508
2026-06-23T21:45:00Z,108,1110,20,2509
2026-06-23T21:50:00Z,86.52,919.8,0,2510
2026-06-23T21:55:00Z,72.2,499.2,10,2511
2026-06-23T22:00:00Z,72.2,606.2,50,2512
2026-06-23T22:05:00Z,72.2,862,10,2513
2026-06-23T22:10:00Z,72.2,498.4,0,2514
2026-06-23T22:15:00Z,72.2,948.2,10,2515
2026-06-23T22:20:00Z,72.2,637.8,0,2516
2026-06-23T22:25:00Z,72.2,1570.8,20,2517
2026-06-23T22:30:00Z,72.2,1086.2,30,2518
2026-06-23T22:35:00Z,74.4569230769231,1408.4,10,2519
2026-06-23T22:40:00Z,75.96153846153851,1427.8,10,2520
2026-06-23T22:45:00Z,75.96153846153851,1975,60,2521
2026-06-23T22:50:00Z,75.96153846153851,1529.6,70,2522
2026-06-23T22:55:00Z,75.96153846153851,2813.8,90,2523
2026-06-23T23:00:00Z,75.96153846153851,1504,40,2524
2026-06-23T23:05:00Z,75.96153846153851,1209.2,10,2525
2026-06-23T23:10:00Z,75.96153846153851,873.6,0,2526
2026-06-23T23:15:00Z,75.96153846153851,1256.2,0,2527
2026-06-23T23:20:00Z,75.96153846153851,1225.2,70,2528
2026-06-23T23:25:00Z,78.07589743589749,1229.2,-30,2529
2026-06-23T23:30:00Z,86.53333333333329,868,40,2530
2026-06-23T23:35:00Z,86.53333333333329,515.6,40,2531
2026-06-23T23:40:00Z,86.53333333333329,341.4,40,2532
2026-06-23T23:45:00Z,86.53333333333329,381.2,10,2533
2026-06-23T23:50:00Z,86.53333333333329,385,30,2534
2026-06-23T23:55:00Z,86.53333333333329,842.8,-30,2535
2026-06-24T00:00:00Z,82.46341463414632,868.6,0,2536
2026-06-24T00:05:00Z,82.46341463414632,534,80,2537
2026-06-24T00:10:00Z,82.46341463414632,549,0,2538
2026-06-24T00:15:00Z,82.46341463414632,390.4,20,2539
2026-06-24T00:20:00Z,82.46341463414632,308.6,40,2540
2026-06-24T00:25:00Z,82.46341463414632,412.8,20,2541
2026-06-24T00:30:00Z,82.46341463414632,654.6,0,2542
2026-06-24T00:35:00Z,82.46341463414632,339.2,10,2543
2026-06-24T00:40:00Z,143.35378690629003,219.8,10,2544
2026-06-24T00:45:00Z,183.947368421053,414,0,2545
2026-06-24T00:50:00Z,183.947368421053,211,60,2546
2026-06-24T00:55:00Z,183.947368421053,275.8,40,2547
2026-06-24T01:00:00Z,100.58947368421101,67.2,30,2548
2026-06-24T01:05:00Z,79.75,132.6,10,2549
2026-06-24T01:10:00Z,79.75,38,50,2550
2026-06-24T01:15:00Z,79.75,107,0,2551
2026-06-24T01:20:00Z,79.75,55.8,10,2552
2026-06-24T01:25:00Z,79.75,68.6,30,2553
2026-06-24T01:30:00Z,79.75,96,60,2554
2026-06-24T01:35:00Z,79.75,-48.8,0,2555
2026-06-24T01:40:00Z,79.75,127.4,80,2556
2026-06-24T01:45:00Z,128.57142857142904,232.4,-30,2557
2026-06-24T01:50:00Z,128.57142857142904,48.2,30,2558
2026-06-24T01:55:00Z,128.57142857142904,115.2,70,2559
2026-06-24T02:00:00Z,128.57142857142904,-81,10,2560
2026-06-24T02:05:00Z,128.57142857142904,56.8,110,2561
2026-06-24T02:10:00Z,117.25396825396899,35.4,180,2562
2026-06-24T02:15:00Z,100.27777777777798,45.4,50,2563
2026-06-24T02:20:00Z,100.27777777777798,84.4,50,2564
2026-06-24T02:25:00Z,100.27777777777798,-32.2,-30,2565
2026-06-24T02:30:00Z,100.27777777777798,136.2,70,2566
2026-06-24T02:35:00Z,100.27777777777798,63.6,50,2567
2026-06-24T02:40:00Z,100.27777777777798,67.6,0,2568
2026-06-24T02:45:00Z,116.87606837606897,246.4,50,2569
2026-06-24T02:50:00Z,183.26923076923097,32,10,2570
2026-06-24T02:55:00Z,183.26923076923097,59,60,2571
2026-06-24T03:00:00Z,183.26923076923097,-11,30,2572
2026-06-24T03:05:00Z,183.26923076923097,195.4,110,2573
2026-06-24T03:10:00Z,183.26923076923097,147.2,20,2574
2026-06-24T03:15:00Z,71.43181818181822,-104.6,0,2575
2026-06-24T03:20:00Z,71.43181818181822,79.2,240.00000000000003,2576
2026-06-24T03:25:00Z,71.43181818181822,119.6,150.00000000000003,2577
2026-06-24T03:30:00Z,71.43181818181822,33.6,50,2578
2026-06-24T03:35:00Z,71.43181818181822,75,-20,2579
2026-06-24T03:40:00Z,71.43181818181822,194.4,110,2580
2026-06-24T03:45:00Z,71.43181818181822,-234.4,90,2581
2026-06-24T03:50:00Z,71.43181818181822,14.6,50,2582
2026-06-24T03:55:00Z,83.1983957219252,311.8,20,2583
2026-06-24T04:05:00Z,130.26470588235298,-41.4,0,2584
2026-06-24T04:10:00Z,130.26470588235298,146.8,70,2585
2026-06-24T04:15:00Z,130.26470588235298,8.6,170,2586
2026-06-24T04:20:00Z,130.26470588235298,-28.2,90,2587
2026-06-24T04:25:00Z,130.26470588235298,28.4,180,2588
2026-06-24T04:30:00Z,85.81496388028901,176.8,10,2589
2026-06-24T04:35:00Z,19.140350877192997,21.8,10,2590
2026-06-24T04:40:00Z,19.140350877192997,80.4,40,2591
2026-06-24T04:45:00Z,19.140350877192997,58.2,-20,2592
2026-06-24T04:50:00Z,19.140350877192997,0.2,30,2593
2026-06-24T04:55:00Z,19.140350877192997,93.6,20,2594
2026-06-24T05:00:00Z,19.140350877192997,-6.8,50,2595
2026-06-24T05:05:00Z,19.140350877192997,46.2,250,2596
2026-06-24T05:10:00Z,19.140350877192997,16.4,170,2597
2026-06-24T05:15:00Z,19.140350877192997,129.8,-50,2598
2026-06-24T05:20:00Z,19.140350877192997,62.2,20,2599
2026-06-24T05:25:00Z,19.140350877192997,61,20,2600
2026-06-24T05:30:00Z,19.140350877192997,82.2,140,2601
2026-06-24T05:35:00Z,19.140350877192997,-122.2,130,2602
2026-06-24T05:40:00Z,19.140350877192997,303.2,130,2603
2026-06-24T05:45:00Z,19.140350877192997,65.4,90,2604
2026-06-24T05:50:00Z,19.140350877192997,-51.2,60,2605
2026-06-24T05:55:00Z,19.140350877192997,306,-20,2606
2026-06-24T06:00:00Z,19.140350877192997,282.8,30,2607
2026-06-24T06:05:00Z,19.140350877192997,-58.8,60,2608
2026-06-24T06:10:00Z,19.140350877192997,41,0,2609
2026-06-24T06:15:00Z,19.140350877192997,92.6,0,2610
2026-06-24T06:20:00Z,19.140350877192997,60.4,150.00000000000003,2611
2026-06-24T06:25:00Z,66.88947368421051,180.2,40,2612
2026-06-24T06:30:00Z,98.7222222222222,-179.8,10,2613
2026-06-24T06:35:00Z,98.7222222222222,94.2,130,2614
2026-06-24T06:40:00Z,98.7222222222222,171,0,2615
2026-06-24T06:45:00Z,98.7222222222222,167.6,-120.00000000000001,2616
2026-06-24T06:50:00Z,98.7222222222222,133.8,10,2617
2026-06-24T06:55:00Z,98.7222222222222,223,40,2618
2026-06-24T07:00:00Z,98.7222222222222,-178.8,0,2619
2026-06-24T07:05:00Z,98.7222222222222,24.2,0,2620
2026-06-24T07:10:00Z,98.7222222222222,565,0,2621
2026-06-24T07:15:00Z,98.7222222222222,311.8,0,2622
2026-06-24T07:20:00Z,804.3444444444439,35.8,10,2623
2026-06-24T07:25:00Z,1171.2,-141.8,50,2624
2026-06-24T07:30:00Z,3052.8,317,150.00000000000003,2625
2026-06-24T07:35:00Z,1769,95.2,220,2626
2026-06-24T07:40:00Z,1477.8,124.2,120.00000000000001,2627
2026-06-24T07:45:00Z,1105.85,-34.6,120.00000000000001,2628
2026-06-24T07:50:00Z,484.35,-139.2,130,2629
2026-06-24T07:55:00Z,397,213.6,-50,2630
2026-06-24T08:00:00Z,242.448275862069,129.6,-10,2631
2026-06-24T08:05:00Z,139.41379310344794,294.6,0,2632
2026-06-24T08:10:00Z,139.41379310344794,223,0,2633
2026-06-24T08:15:00Z,139.41379310344794,197.8,70,2634
2026-06-24T08:20:00Z,139.41379310344794,-106.8,70,2635
2026-06-24T08:25:00Z,139.41379310344794,93.8,80,2636
2026-06-24T08:30:00Z,99.4941871921182,45.8,540,2637
2026-06-24T08:35:00Z,89.5142857142857,-100.6,730,2638
2026-06-24T08:40:00Z,89.5142857142857,9.2,2070,2639
2026-06-24T08:45:00Z,89.5142857142857,290.8,1050,2640
2026-06-24T08:50:00Z,89.5142857142857,-100,960,2641
2026-06-24T08:55:00Z,89.5142857142857,531.2,610,2642
2026-06-24T09:00:00Z,89.5142857142857,364,560,2643
2026-06-24T09:05:00Z,509.902857142857,-225.2,210.00000000000003,2644
2026-06-24T09:10:00Z,490.09090909090895,20,250,2645
2026-06-24T09:15:00Z,406.8181818181819,29.2,180,2646
2026-06-24T09:20:00Z,534.6509090909088,502.8,220,2647
2026-06-24T09:25:00Z,521.4189473684211,296.2,10,2648
2026-06-24T09:30:00Z,213.947368421053,59.6,0,2649
2026-06-24T09:35:00Z,213.947368421053,240.4,0,2650
2026-06-24T09:40:00Z,213.947368421053,32.4,60,2651
2026-06-24T09:45:00Z,906.1789473684212,-360.8,0,2652
2026-06-24T09:50:00Z,1122.2,133.8,-10,2653
2026-06-24T09:55:00Z,1505.8,141.6,20,2654
2026-06-24T10:00:00Z,1945.6,56.4,0,2655
2026-06-24T10:05:00Z,1420.6,-74.4,130,2656
2026-06-24T10:10:00Z,1313.6,210.6,180,2657
2026-06-24T10:15:00Z,568.8,82.8,390,2658
2026-06-24T10:20:00Z,397,212.6,310,2659
2026-06-24T10:25:00Z,397,304.4,220,2660
2026-06-24T10:30:00Z,373,-139.4,430.00000000000006,2661
2026-06-24T10:35:00Z,357,-446.2,390,2662
2026-06-24T10:40:00Z,415.88888888888897,128,90,2663
2026-06-24T10:45:00Z,550.3611111111109,149,150.00000000000003,2664
2026-06-24T10:50:00Z,881.2357142857139,53,20,2665
2026-06-24T10:55:00Z,570.714285714286,-15.2,750,2666
2026-06-24T11:00:00Z,242.705882352941,-212.8,720,2667
2026-06-24T11:05:00Z,242.705882352941,99.4,1070,2668
2026-06-24T11:10:00Z,242.705882352941,110.4,1350,2669
2026-06-24T11:15:00Z,499.8823529411759,-102.6,880,2670
2026-06-24T11:20:00Z,505.47499999999997,339.8,940.0000000000001,2671
2026-06-24T11:25:00Z,256.6875,683.4,779.9999999999999,2672
2026-06-24T11:30:00Z,256.6875,337.8,270,2673
2026-06-24T11:35:00Z,409,62.8,50,2674
2026-06-24T11:40:00Z,922.4166666666671,334.6,160,2675
2026-06-24T11:45:00Z,778.6666666666671,-137.6,370,2676
2026-06-24T11:50:00Z,423.63809523809493,-290.2,290.00000000000006,2677
2026-06-24T11:55:00Z,186.95238095238105,102.8,420.00000000000006,2678
2026-06-24T12:00:00Z,186.95238095238105,22.4,700,2679
2026-06-24T12:05:00Z,186.95238095238105,154.4,310,2680
2026-06-24T12:10:00Z,274.126984126984,160.2,110,2681
2026-06-24T12:15:00Z,404.88888888888897,-289.8,140,2682
2026-06-24T12:20:00Z,287.855555555555,1062.4,180,2683
2026-06-24T12:25:00Z,209.83333333333303,1204,400,2684
2026-06-24T12:30:00Z,209.83333333333303,3253,380,2685
2026-06-24T12:35:00Z,209.83333333333303,2135.6,260,2686
2026-06-24T12:40:00Z,382.909090909091,1454.6,110,2687
2026-06-24T12:45:00Z,382.909090909091,1387.8,230,2688
2026-06-24T12:50:00Z,459.681818181818,1132.6,1450,2689
2026-06-24T12:55:00Z,413.0785714285709,261.6,280,2690
2026-06-24T13:00:00Z,149.892857142857,590.2,50,2691
2026-06-24T13:05:00Z,149.892857142857,48.2,240.00000000000003,2692
2026-06-24T13:10:00Z,149.892857142857,465.4,80,2693
2026-06-24T13:15:00Z,149.892857142857,-179.4,150.00000000000003,2694
2026-06-24T13:20:00Z,149.892857142857,132,220,2695
2026-06-24T13:25:00Z,208.86964285714302,-59.4,290.00000000000006,2696
2026-06-24T13:30:00Z,248.1875,292.4,370,2697
2026-06-24T13:35:00Z,248.1875,-71.6,190,2698
2026-06-24T13:40:00Z,184.667338709677,18.4,260,2699
2026-06-24T13:45:00Z,89.3870967741936,17.2,360,2700
2026-06-24T13:50:00Z,89.3870967741936,-42.2,720,2701
2026-06-24T13:55:00Z,89.3870967741936,526.6,210.00000000000003,2702
2026-06-24T14:00:00Z,89.3870967741936,66.8,210.00000000000003,2703
2026-06-24T14:05:00Z,89.3870967741936,636.8,460,2704
2026-06-24T14:10:00Z,449.44301075268885,912.8,170,2705
2026-06-24T14:15:00Z,947.0820512820529,87.8,230,2706
2026-06-24T14:20:00Z,318.692307692308,707.6,190,2707
2026-06-24T14:25:00Z,318.692307692308,705.8,60,2708
2026-06-24T14:30:00Z,727.6,161,0,2709
2026-06-24T14:35:00Z,716.555555555556,284,220,2710
2026-06-24T14:40:00Z,607.3717171717179,56.6,260,2711
2026-06-24T14:45:00Z,170.63636363636397,1248.8,160,2712
2026-06-24T14:50:00Z,170.63636363636397,1134.4,110,2713
2026-06-24T14:55:00Z,170.63636363636397,1725,170,2714
2026-06-24T15:00:00Z,170.63636363636397,2144.6,130,2715
2026-06-24T15:05:00Z,422.62727272727295,1537.6,130,2716
2026-06-24T15:10:00Z,609.6,1616,130,2717
2026-06-24T15:15:00Z,2084.7,1565.4,150.00000000000003,2718
2026-06-24T15:20:00Z,1928.1599999999999,97,700,2719
2026-06-24T15:25:00Z,814.58,312.2,840.0000000000001,2720
2026-06-24T15:30:00Z,461.7,60.6,250,2721
2026-06-24T15:35:00Z,635.2933333333342,515.8,329.99999999999994,2722
2026-06-24T15:40:00Z,949.826666666668,881.2,740,2723
2026-06-24T15:45:00Z,684.04,443.6,750,2724
2026-06-24T15:50:00Z,511.44705882353003,1210.6,230,2725
2026-06-24T15:55:00Z,265.117647058824,490.4,280,2726
2026-06-24T16:00:00Z,265.117647058824,224,230,2727
2026-06-24T16:05:00Z,265.117647058824,356,190,2728
2026-06-24T16:10:00Z,401.555555555556,201.6,130,2729
2026-06-24T16:15:00Z,431.873015873016,554.8,260,2730
2026-06-24T16:20:00Z,553.142857142857,806.4,520,2731
2026-06-24T16:25:00Z,595.2,553.6,1570,2732
2026-06-24T16:30:00Z,690.4685714285721,77,1480,2733
2026-06-24T16:35:00Z,719.61,194.8,630,2734
2026-06-24T16:40:00Z,572.625,1920.2,430.00000000000006,2735
2026-06-24T16:45:00Z,432.569444444445,463.4,339.99999999999994,2736
2026-06-24T16:50:00Z,397.555555555556,161.4,679.9999999999999,2737
2026-06-24T16:55:00Z,909.6,382.4,530,2738
2026-06-24T17:00:00Z,1438,1.4,540,2739
2026-06-24T17:05:00Z,2051.8,246,520,2740
2026-06-24T17:10:00Z,1146.2,345.8,470.00000000000006,2741
2026-06-24T17:15:00Z,964.1,461.4,370,2742
2026-06-24T17:20:00Z,889.8,686.8,360,2743
2026-06-24T17:25:00Z,731.0333333333331,226.6,410.00000000000006,2744
2026-06-24T17:30:00Z,652.5866666666661,203.8,490,2745
2026-06-24T17:35:00Z,838.93,248.6,510,2746
2026-06-24T17:40:00Z,1064.2833333333297,1026.2,669.9999999999999,2747
2026-06-24T17:45:00Z,1706.1333333333296,327.6,710,2748
2026-06-24T17:50:00Z,1091.0333333333297,231.4,470.00000000000006,2749
2026-06-24T17:55:00Z,632.833333333333,584.6,490,2750
2026-06-24T18:00:00Z,997.866666666666,257.2,320,2751
2026-06-24T18:05:00Z,4100.733333333329,324.4,669.9999999999999,2752
2026-06-24T18:10:00Z,1760.7666666666703,260,1220,2753
2026-06-24T18:15:00Z,1320.7,75.6,1670.0000000000002,2754
2026-06-24T18:20:00Z,1159.9,58.6,779.9999999999999,2755
2026-06-24T18:25:00Z,599.7,277.6,750,2756
2026-06-24T18:30:00Z,475,470.8,860.0000000000001,2757
2026-06-24T18:35:00Z,740,185,550,2758
2026-06-24T18:40:00Z,716.9599999999999,157,580,2759
2026-06-24T18:45:00Z,1080.84,135,650,2760
2026-06-24T18:50:00Z,1769.8571428571397,153.8,830.0000000000001,2761
2026-06-24T18:55:00Z,1416.4628571428602,73.4,1340,2762
2026-06-24T19:00:00Z,775.2646153846149,78.4,1090,2763
2026-06-24T19:05:00Z,321.9230769230769,65.2,440,2764
2026-06-24T19:10:00Z,321.9230769230769,398,1170.0000000000002,2765
2026-06-24T19:15:00Z,401.11468531468506,1461.4,2720,2766
2026-06-24T19:20:00Z,453.909090909091,342.2,1200,2767
2026-06-24T19:25:00Z,375.29545454545496,368.2,1070,2768
2026-06-24T19:30:00Z,257.375,1054.4,930,2769
2026-06-24T19:35:00Z,257.375,1317.6,490,2770
2026-06-24T19:40:00Z,233.865517241379,310.8,339.99999999999994,2771
2026-06-24T19:45:00Z,139.827586206897,349.4,510,2772
2026-06-24T19:50:00Z,139.827586206897,259.4,540,2773
2026-06-24T19:55:00Z,139.827586206897,288.6,850.0000000000001,2774
2026-06-24T20:00:00Z,139.827586206897,265.2,2270,2775
2026-06-24T20:05:00Z,139.827586206897,478,640,2776
2026-06-24T20:10:00Z,271.59655172413795,528,530,2777
2026-06-24T20:15:00Z,469.25,2134.6,270,2778
2026-06-24T20:20:00Z,1028.6499999999999,2389,270,2779
2026-06-24T20:25:00Z,1445.5,1021.4,350,2780
2026-06-24T20:30:00Z,1650.9,858.4,410.00000000000006,2781
2026-06-24T20:35:00Z,1716.8666666666602,200.4,210.00000000000003,2782
2026-06-24T20:40:00Z,1323.1833333333295,1109.6,260,2783
2026-06-24T20:45:00Z,2055.9500000000003,973.2,170,2784
2026-06-24T20:50:00Z,1214.52,713.6,130,2785
2026-06-24T20:55:00Z,816.63,345.4,70,2786
2026-06-24T21:00:00Z,1982.85,362.2,70,2787
2026-06-24T21:05:00Z,5213.8,244.4,80,2788
2026-06-24T21:10:00Z,6946.4,492.8,140,2789
2026-06-24T21:15:00Z,7678.4,589.8,110,2790
2026-06-24T21:20:00Z,6381.4,680.4,110,2791
2026-06-24T21:25:00Z,5153.2,766,350,2792
2026-06-24T21:30:00Z,3649,913.6,850.0000000000001,2793
2026-06-24T21:35:00Z,8133.6,1006.4,860.0000000000001,2794
2026-06-24T21:40:00Z,5972.1,685,1170.0000000000002,2795
2026-06-24T21:45:00Z,4443.3,569.5,1270,2796
2026-06-24T21:50:00Z,3272.266666666669,0,950.0000000000001,2797
2026-06-24T21:55:00Z,1604.3333333333296,927.6,1450,2798
2026-06-24T22:00:00Z,1865.4,1467,960,2799
2026-06-24T22:05:00Z,1571.8666666666702,2061.4,500,2800
2026-06-24T22:10:00Z,1981.1333333333296,1174.6,1790,2801
2026-06-24T22:15:00Z,1965.6,1078,3809.9999999999995,2802
2026-06-24T22:20:00Z,2878.2,1186.8,4850,2803
2026-06-24T22:25:00Z,2147.4666666666694,851.8,5410,2804
2026-06-24T22:30:00Z,1129.3333333333296,739.8,4740,2805
2026-06-24T22:35:00Z,368,982.4,3300,2806
2026-06-24T22:40:00Z,454.622222222222,1076.6,3160,2807
2026-06-24T22:45:00Z,584.555555555556,2003,5560,2808
2026-06-24T22:50:00Z,805.7422222222219,1574.4,3909.9999999999995,2809
2026-06-24T22:55:00Z,1034.53,683.4,2940,2810
2026-06-24T23:00:00Z,1195.1,937.8,2230,2811
2026-06-24T23:05:00Z,474.75,4639.8,1230,2812
2026-06-24T23:10:00Z,474.75,2006.4,1440,2813
2026-06-24T23:15:00Z,886.9499999999999,1452,1150.0000000000002,2814
2026-06-24T23:20:00Z,673.2,1397.8,1390.0000000000002,2815
2026-06-24T23:25:00Z,699.75,808.4,1370,2816
2026-06-24T23:30:00Z,1265.85,440.4,1990,2817
2026-06-24T23:35:00Z,981,717.8,1630.0000000000002,2818
2026-06-24T23:40:00Z,839.4,812,789.9999999999999,2819
2026-06-24T23:45:00Z,1276.5,1247.2,90,2820
2026-06-24T23:50:00Z,1383.55,2577.8,570.0000000000001,2821
2026-06-24T23:55:00Z,1302.6875,827.8,380,2822
2026-06-25T00:00:00Z,604.285714285714,888.4,380,2823
2026-06-25T00:05:00Z,775.171428571428,390.2,720,2824
2026-06-25T00:10:00Z,727.15,374.8,1000,2825
2026-06-25T00:15:00Z,524.25,489,380,2826
2026-06-25T00:20:00Z,331.3125,533,80,2827
2026-06-25T00:25:00Z,331.3125,345.6,610,2828
2026-06-25T00:30:00Z,331.3125,284.8,400,2829
2026-06-25T00:35:00Z,580.2624999999999,337.4,530,2830
2026-06-25T00:40:00Z,452.96,140.6,820.0000000000001,2831
2026-06-25T00:45:00Z,326.6,141,720,2832
2026-06-25T00:50:00Z,326.6,149.4,600,2833
2026-06-25T00:55:00Z,437.17333333333306,78.2,770,2834
2026-06-25T01:00:00Z,510.88888888888897,232.4,850.0000000000001,2835
2026-06-25T01:05:00Z,537.2777777777782,137,789.9999999999999,2836
2026-06-25T01:10:00Z,477.91904761904806,196.6,510,2837
2026-06-25T01:15:00Z,214.09523809523802,306.6,450,2838
2026-06-25T01:20:00Z,214.09523809523802,1119.2,600,2839
2026-06-25T01:25:00Z,214.09523809523802,1282.4,310,2840
2026-06-25T01:30:00Z,214.09523809523802,1622,440,2841
2026-06-25T01:35:00Z,189.961538461538,1806.6,60,2842
2026-06-25T01:40:00Z,189.961538461538,1353,90,2843
2026-06-25T01:45:00Z,189.961538461538,1982.8,339.99999999999994,2844
2026-06-25T01:50:00Z,189.961538461538,1377,410.00000000000006,2845
2026-06-25T01:55:00Z,189.961538461538,784.8,200,2846
2026-06-25T02:00:00Z,94.17141216991949,1685.4,70,2847
2026-06-25T02:05:00Z,70.22388059701488,5012.8,320,2848
2026-06-25T02:10:00Z,70.22388059701488,6516.6,320,2849
2026-06-25T02:15:00Z,70.22388059701488,7056.2,240.00000000000003,2850
2026-06-25T02:20:00Z,70.22388059701488,6612.4,329.99999999999994,2851
2026-06-25T02:25:00Z,70.22388059701488,5632,190,2852
2026-06-25T02:30:00Z,70.22388059701488,3624.6,180,2853
2026-06-25T02:35:00Z,70.22388059701488,8317,110,2854
2026-06-25T02:40:00Z,70.22388059701488,5973.8,130,2855
2026-06-25T02:45:00Z,70.22388059701488,4263.6,230,2856
2026-06-25T02:50:00Z,70.22388059701488,3648.6,100,2857
2026-06-25T02:55:00Z,70.22388059701488,1887.8,130,2858
2026-06-25T03:00:00Z,70.22388059701488,2196,0,2859
2026-06-25T03:05:00Z,60.67599502487561,1865.8,20,2860
2026-06-25T03:10:00Z,46.354166666666686,1985.8,120.00000000000001,2861
2026-06-25T03:15:00Z,46.354166666666686,2110.2,60,2862
2026-06-25T03:20:00Z,46.354166666666686,2995.2,20,2863
2026-06-25T03:25:00Z,46.354166666666686,2596.6,20,2864
2026-06-25T03:30:00Z,46.354166666666686,1287.2,60,2865
2026-06-25T03:35:00Z,46.354166666666686,216.8,70,2866
2026-06-25T03:40:00Z,46.354166666666686,885.4,-30,2867
2026-06-25T03:45:00Z,46.354166666666686,665.4,40,2868
2026-06-25T03:50:00Z,46.354166666666686,657.4,0,2869
2026-06-25T03:55:00Z,46.354166666666686,987.6,0,2870
2026-06-25T04:05:00Z,46.354166666666686,758.8,0,2871
2026-06-25T04:10:00Z,46.354166666666686,114.4,20,2872
2026-06-25T04:15:00Z,46.354166666666686,939.8,30,2873
2026-06-25T04:20:00Z,46.354166666666686,716.6,0,2874
2026-06-25T04:25:00Z,46.354166666666686,716.4,70,2875
2026-06-25T04:30:00Z,46.354166666666686,1373.6,10,2876
2026-06-25T04:35:00Z,46.354166666666686,1154.6,-20,2877
2026-06-25T04:40:00Z,45.26779935275081,969,-40,2878
2026-06-25T04:45:00Z,40.922330097087404,1265.2,50,2879
2026-06-25T04:50:00Z,40.922330097087404,1294.2,-10,2880
2026-06-25T04:55:00Z,40.922330097087404,1214,10,2881
2026-06-25T05:00:00Z,40.922330097087404,833.2,10,2882
2026-06-25T05:05:00Z,40.922330097087404,700.8,-10,2883
2026-06-25T05:10:00Z,40.922330097087404,1000.6,30,2884
2026-06-25T05:15:00Z,40.922330097087404,348.2,20,2885
2026-06-25T05:20:00Z,40.922330097087404,737.2,20,2886
2026-06-25T05:25:00Z,40.922330097087404,120.8,-10,2887
2026-06-25T05:30:00Z,40.922330097087404,151.2,-30,2888
2026-06-25T05:35:00Z,40.922330097087404,606.8,20,2889
2026-06-25T05:40:00Z,40.922330097087404,767.6,10,2890
2026-06-25T05:45:00Z,40.922330097087404,298.2,0,2891
2026-06-25T05:50:00Z,40.922330097087404,-15.8,0,2892
2026-06-25T05:55:00Z,40.922330097087404,647,30,2893
2026-06-25T06:00:00Z,40.922330097087404,599.8,10,2894
2026-06-25T06:05:00Z,40.922330097087404,340,0,2895
2026-06-25T06:10:00Z,40.922330097087404,594.6,0,2896
2026-06-25T06:15:00Z,40.922330097087404,257.4,10,2897
2026-06-25T06:20:00Z,40.922330097087404,338.8,0,2898
2026-06-25T06:25:00Z,74.3005109862034,84.6,0,2899
2026-06-25T06:30:00Z,96.5526315789474,309.6,0,2900
2026-06-25T06:35:00Z,96.5526315789474,500,0,2901
2026-06-25T06:40:00Z,96.5526315789474,103.8,-10,2902
2026-06-25T06:45:00Z,96.5526315789474,272.2,10,2903
2026-06-25T06:50:00Z,96.5526315789474,-41.8,20,2904
2026-06-25T06:55:00Z,96.5526315789474,87.6,20,2905
2026-06-25T07:00:00Z,96.5526315789474,235.2,0,2906
2026-06-25T07:05:00Z,239.5625,56.4,-20,2907
2026-06-25T07:10:00Z,239.5625,-119.2,40,2908
2026-06-25T07:15:00Z,239.5625,242.4,10,2909
2026-06-25T07:20:00Z,1309.3125,282.4,10,2910
2026-06-25T07:25:00Z,2365.6,68.6,20,2911
2026-06-25T07:30:00Z,2897.1,-138.2,40,2912
2026-06-25T07:35:00Z,3849.5,148.2,0,2913
2026-06-25T07:40:00Z,2082.2,-93.4,10,2914
2026-06-25T07:45:00Z,1840.55,94.6,10,2915
2026-06-25T07:50:00Z,1302.45,-14.2,0,2916
2026-06-25T07:55:00Z,2206.0666666666693,27.6,10,2917
2026-06-25T08:00:00Z,938.5333333333341,187.4,70,2918
2026-06-25T08:05:00Z,1052.4,119,50,2919
2026-06-25T08:10:00Z,754,-52.4,0,2920
2026-06-25T08:15:00Z,908.6,221.6,70,2921
2026-06-25T08:20:00Z,1436.5333333333297,4.2,50,2922
2026-06-25T08:25:00Z,682.6666666666671,-4.2,40,2923
2026-06-25T08:30:00Z,1209.8,-113.4,420.00000000000006,2924
2026-06-25T08:35:00Z,2323.4,121.2,870.0000000000001,2925
2026-06-25T08:40:00Z,2524.4,-128.4,1030,2926
2026-06-25T08:45:00Z,972.3818181818178,108.2,1550,2927
2026-06-25T08:50:00Z,472.909090909091,157.2,880,2928
2026-06-25T08:55:00Z,472.909090909091,-95.2,850.0000000000001,2929
2026-06-25T09:00:00Z,989.742857142857,68.4,520,2930
2026-06-25T09:05:00Z,750.714285714286,94.4,1340,2931
2026-06-25T09:10:00Z,524.382857142857,81.2,470.00000000000006,2932
2026-06-25T09:15:00Z,467.8,-61.8,700,2933
2026-06-25T09:20:00Z,2645.7599999999998,-134.4,590,2934
2026-06-25T09:25:00Z,2400.9,211.2,590,2935
2026-06-25T09:30:00Z,2884.1,-90.2,770,2936
2026-06-25T09:35:00Z,2188.4,36.2,280,2937
2026-06-25T09:40:00Z,1544.2,-197.6,720,2938
2026-06-25T09:45:00Z,1234.85,227,1350,2939
2026-06-25T09:50:00Z,1492.8833333333296,227.2,1050,2940
2026-06-25T09:55:00Z,2711.4666666666694,-107.4,510,2941
2026-06-25T10:00:00Z,2470.1,24.2,270,2942
2026-06-25T10:05:00Z,1327.94,69.4,220,2943
2026-06-25T10:10:00Z,988.56,71.4,580,2944
2026-06-25T10:15:00Z,890.625,-92.6,310,2945
2026-06-25T10:20:00Z,613.375,38.6,180,2946
2026-06-25T10:25:00Z,178.23076923076897,32.8,360,2947
2026-06-25T10:30:00Z,178.23076923076897,46.8,1570,2948
2026-06-25T10:35:00Z,178.23076923076897,-23,1610,2949
2026-06-25T10:40:00Z,178.23076923076897,151,1820,2950
2026-06-25T10:45:00Z,178.23076923076897,59.4,1270,2951
2026-06-25T10:50:00Z,624.126153846154,149.6,770,2952
2026-06-25T10:55:00Z,895.3199999999999,-315,679.9999999999999,2953
2026-06-25T11:00:00Z,2781.04,297.2,760,2954
2026-06-25T11:05:00Z,954.4044444444439,10,1270,2955
2026-06-25T11:10:00Z,383.22222222222194,-84.4,1220,2956
2026-06-25T11:15:00Z,852.2000000000011,117.8,339.99999999999994,2957
2026-06-25T11:20:00Z,1334.2133333333297,114.2,430.00000000000006,2958
2026-06-25T11:25:00Z,543.4,-90.8,240.00000000000003,2959
2026-06-25T11:30:00Z,522.26,75.4,160,2960
2026-06-25T11:35:00Z,437.7,-15.2,220,2961
2026-06-25T11:40:00Z,408.87111111111096,59.6,50,2962
2026-06-25T11:45:00Z,293.555555555556,67.4,40,2963
2026-06-25T11:50:00Z,293.555555555556,312,60,2964
2026-06-25T11:55:00Z,293.555555555556,-178.8,60,2965
2026-06-25T12:00:00Z,310.92222222222193,126.8,290.00000000000006,2966
2026-06-25T12:05:00Z,322.5,369,480.00000000000006,2967
2026-06-25T12:10:00Z,322.5,110.8,1190.0000000000002,2968
2026-06-25T12:15:00Z,669.833333333334,-251.8,410.00000000000006,2969
2026-06-25T12:20:00Z,802.7666666666671,854.8,50,2970
2026-06-25T12:25:00Z,610.9909090909089,1707.8,430.00000000000006,2971
2026-06-25T12:30:00Z,555.363636363636,1924.8,750,2972
2026-06-25T12:35:00Z,351.9329545454539,3039.2,300,2973
2026-06-25T12:40:00Z,216.3125,1782.6,260,2974
2026-06-25T12:45:00Z,216.3125,1394,210.00000000000003,2975
2026-06-25T12:50:00Z,243.47638888888903,1087.4,130,2976
2026-06-25T12:55:00Z,284.22222222222194,2264.4,110,2977
2026-06-25T13:00:00Z,284.22222222222194,1253.8,40,2978
2026-06-25T13:05:00Z,284.22222222222194,729.6,150.00000000000003,2979
2026-06-25T13:10:00Z,250.200966183575,1321.8,130,2980
2026-06-25T13:15:00Z,241.69565217391298,628,80,2981
2026-06-25T13:20:00Z,241.69565217391298,1664.4,180,2982
2026-06-25T13:25:00Z,241.69565217391298,760.4,430.00000000000006,2983
2026-06-25T13:30:00Z,279.7383399209489,827,440,2984
2026-06-25T13:35:00Z,431.909090909091,2303.4,500,2985
2026-06-25T13:40:00Z,431.909090909091,2253,160,2986
2026-06-25T13:45:00Z,169.05555555555597,1205,130,2987
2026-06-25T13:50:00Z,169.05555555555597,336.4,150.00000000000003,2988
2026-06-25T13:55:00Z,169.05555555555597,321,120.00000000000001,2989
2026-06-25T14:00:00Z,397.073333333334,971,310,2990
2026-06-25T14:05:00Z,739.1,846.6,80,2991
2026-06-25T14:10:00Z,493.806666666667,407.6,110,2992
2026-06-25T14:15:00Z,125.86666666666702,380.4,350,2993
2026-06-25T14:20:00Z,125.86666666666702,2260,160,2994
2026-06-25T14:25:00Z,125.86666666666702,3069.6,280,2995
2026-06-25T14:30:00Z,125.86666666666702,3219.4,150.00000000000003,2996
2026-06-25T14:35:00Z,125.86666666666702,2732.2,230,2997
2026-06-25T14:40:00Z,638.02,1606.8,150.00000000000003,2998
2026-06-25T14:45:00Z,705.3,1131.2,280,2999
2026-06-25T14:50:00Z,238,1357.2,240.00000000000003,3000
2026-06-25T14:55:00Z,839.125,2292.8,140,3001
2026-06-25T15:00:00Z,671.7083333333331,2608.2,230,3002
2026-06-25T15:05:00Z,420.58333333333303,800,290.00000000000006,3003
2026-06-25T15:10:00Z,420.58333333333303,924.6,520,3004
2026-06-25T15:15:00Z,759.833333333333,720.8,430.00000000000006,3005
2026-06-25T15:20:00Z,1011.80666666667,438.8,490,3006
2026-06-25T15:25:00Z,1018.82666666666,588.6,339.99999999999994,3007
2026-06-25T15:30:00Z,918.4333333333321,47.4,30,3008
2026-06-25T15:35:00Z,907.8,15,110,3009
2026-06-25T15:40:00Z,1192.5,176,20,3010
2026-06-25T15:45:00Z,3615.1,44,50,3011
2026-06-25T15:50:00Z,4083.5,453.2,160,3012
2026-06-25T15:55:00Z,2720.6,705.6,390,3013
2026-06-25T16:00:00Z,2559,2821.2,300,3014
2026-06-25T16:05:00Z,1375.2,886.6,320,3015
2026-06-25T16:10:00Z,915.866666666667,505.4,329.99999999999994,3016
2026-06-25T16:15:00Z,1006,583.6,180,3017
2026-06-25T16:20:00Z,1494.6333333333296,1429.8,240.00000000000003,3018
2026-06-25T16:25:00Z,1134.3,761.2,450,3019
2026-06-25T16:30:00Z,1310.4666666666703,430,620,3020
2026-06-25T16:35:00Z,1708.2333333333297,547,480.00000000000006,3021
2026-06-25T16:40:00Z,1384.8,174.6,530,3022
2026-06-25T16:45:00Z,1594.9,461.8,500,3023
2026-06-25T16:50:00Z,1705.1333333333296,117.4,760,3024
2026-06-25T16:55:00Z,1322.0666666666702,356,2380,3025
2026-06-25T17:00:00Z,1613.9333333333298,220.6,2480,3026
2026-06-25T17:05:00Z,1664.5333333333297,176.4,1580,3027
2026-06-25T17:10:00Z,1589.9333333333298,364.2,1470,3028
2026-06-25T17:15:00Z,1587.24,522.4,950.0000000000001,3029
2026-06-25T17:20:00Z,1747.76,908,620,3030
2026-06-25T17:25:00Z,1280.6,1060.4,580,3031
2026-06-25T17:30:00Z,1241.6399999999999,260.4,890,3032
2026-06-25T17:35:00Z,1235.56,326,669.9999999999999,3033
2026-06-25T17:40:00Z,1678.8,287.4,820.0000000000001,3034
2026-06-25T17:45:00Z,2255.8,136.8,1000,3035
2026-06-25T17:50:00Z,2124.2,797.4,740,3036
2026-06-25T17:55:00Z,1405.8666666666702,95.4,1000,3037
2026-06-25T18:00:00Z,1078.4533333333297,146.2,1020,3038
2026-06-25T18:05:00Z,1070.1299999999999,699.6,789.9999999999999,3039
2026-06-25T18:10:00Z,957.99,345.6,970,3040
2026-06-25T18:15:00Z,1233.96,410.8,1050,3041
2026-06-25T18:20:00Z,1082.6,404,1030,3042
2026-06-25T18:25:00Z,1152,271.6,930,3043
2026-06-25T18:30:00Z,1018.17142857143,251.6,1080,3044
2026-06-25T18:35:00Z,778.8571428571429,373,720,3045
2026-06-25T18:40:00Z,606.171428571429,549,779.9999999999999,3046
2026-06-25T18:45:00Z,563,287.8,650,3047
2026-06-25T18:50:00Z,840.1666666666671,350.8,950.0000000000001,3048
2026-06-25T18:55:00Z,1124.8333333333296,316.6,1370,3049
2026-06-25T19:00:00Z,481.111111111111,847.4,1240,3050
2026-06-25T19:05:00Z,552.388888888889,536.8,750,3051
2026-06-25T19:10:00Z,837.5,965.2,659.9999999999999,3052
2026-06-25T19:15:00Z,666.8571428571429,370,620,3053
2026-06-25T19:20:00Z,566.797402597403,165.2,560,3054
2026-06-25T19:25:00Z,500.09090909090895,217.4,700,3055
2026-06-25T19:30:00Z,589.9402597402599,-75.2,550,3056
2026-06-25T19:35:00Z,724.714285714286,429.8,570.0000000000001,3057
2026-06-25T19:40:00Z,71.77777777777779,23,480.00000000000006,3058
2026-06-25T19:45:00Z,71.77777777777779,983.2,470.00000000000006,3059
2026-06-25T19:50:00Z,71.77777777777779,311.6,410.00000000000006,3060
2026-06-25T19:55:00Z,71.77777777777779,660,280,3061
2026-06-25T20:00:00Z,71.77777777777779,573.8,400,3062
2026-06-25T20:05:00Z,71.77777777777779,374.2,630,3063
2026-06-25T20:10:00Z,71.77777777777779,440.6,370,3064
2026-06-25T20:15:00Z,71.77777777777779,428.4,320,3065
2026-06-25T20:20:00Z,71.77777777777779,1296.8,430.00000000000006,3066
2026-06-25T20:25:00Z,71.77777777777779,1098.8,510,3067
2026-06-25T20:30:00Z,71.77777777777779,1150.2,380,3068
2026-06-25T20:35:00Z,71.77777777777779,675.8,180,3069
2026-06-25T20:40:00Z,58.98026666666669,1017.4,350,3070
2026-06-25T20:45:00Z,39.784,3930.6,290.00000000000006,3071
2026-06-25T20:50:00Z,39.784,4077,40,3072
2026-06-25T20:55:00Z,39.784,2818.6,150.00000000000003,3073
2026-06-25T21:00:00Z,39.784,2797.4,50,3074
2026-06-25T21:05:00Z,39.784,1744.2,70,3075
2026-06-25T21:10:00Z,39.784,959.2,70,3076
2026-06-25T21:15:00Z,39.784,839.4,80,3077
2026-06-25T21:20:00Z,39.784,1460.6,-50,3078
2026-06-25T21:25:00Z,39.784,1222,40,3079
2026-06-25T21:30:00Z,39.784,1298.6,0,3080
2026-06-25T21:35:00Z,39.784,1766.2,-10,3081
2026-06-25T21:40:00Z,39.784,1261.8,-40,3082
2026-06-25T21:45:00Z,39.784,1581.6,40,3083
2026-06-25T21:50:00Z,39.784,2053.6,10,3084
2026-06-25T21:55:00Z,39.784,1408.8,0,3085
2026-06-25T22:00:00Z,39.784,1534,0,3086
2026-06-25T22:05:00Z,39.784,1911.8,0,3087
2026-06-25T22:10:00Z,39.784,1656.8,0,3088
2026-06-25T22:15:00Z,39.784,1578.8,10,3089
2026-06-25T22:20:00Z,39.784,1847.6,210.00000000000003,3090
2026-06-25T22:25:00Z,39.784,1319.2,70,3091
2026-06-25T22:30:00Z,39.784,1340.4,-30,3092
2026-06-25T22:35:00Z,39.784,1200.2,-40,3093
2026-06-25T22:40:00Z,39.784,1611.8,-40,3094
2026-06-25T22:45:00Z,32.061949295774596,2191,-50,3095
2026-06-25T22:50:00Z,20.4788732394366,2273,0,3096
2026-06-25T22:55:00Z,20.4788732394366,1413.2,0,3097
2026-06-25T23:00:00Z,20.4788732394366,1290.4,70,3098
2026-06-25T23:05:00Z,20.4788732394366,976.4,100,3099
2026-06-25T23:10:00Z,20.4788732394366,923.4,-10,3100
2026-06-25T23:15:00Z,20.4788732394366,912.466666666667,40,3101
2026-06-25T23:20:00Z,20.4788732394366,534,0,3102
2026-06-25T23:25:00Z,20.4788732394366,986.2,0,3103
2026-06-25T23:30:00Z,20.4788732394366,893,-10,3104
2026-06-25T23:35:00Z,20.4788732394366,664.4,-30,3105
2026-06-25T23:40:00Z,20.4788732394366,792.6,-20,3106
2026-06-25T23:45:00Z,20.4788732394366,399,30,3107
2026-06-25T23:50:00Z,20.4788732394366,696.8,-30,3108
2026-06-25T23:55:00Z,20.4788732394366,1040.6,50,3109
2026-06-26T00:00:00Z,20.3522727272727,599.6,0,3110
2026-06-26T00:05:00Z,20.3522727272727,434.8,-30,3111
2026-06-26T00:10:00Z,20.3522727272727,749.6,-40,3112
2026-06-26T00:15:00Z,20.3522727272727,710,60,3113
2026-06-26T00:20:00Z,20.3522727272727,768,0,3114
2026-06-26T00:25:00Z,20.3522727272727,197.2,-50,3115
2026-06-26T00:30:00Z,20.3522727272727,543.6,50,3116
2026-06-26T00:35:00Z,20.3522727272727,509.4,-50,3117
2026-06-26T00:40:00Z,20.3522727272727,211,-30,3118
2026-06-26T00:45:00Z,20.3522727272727,149,100,3119
2026-06-26T00:50:00Z,20.3522727272727,147,-10,3120
2026-06-26T00:55:00Z,20.3522727272727,111.2,0,3121
2026-06-26T01:00:00Z,20.3522727272727,105.2,-50,3122
2026-06-26T01:05:00Z,20.3522727272727,267.8,10,3123
2026-06-26T01:10:00Z,20.3522727272727,-253.4,30,3124
2026-06-26T01:15:00Z,20.3522727272727,66.4,90,3125
2026-06-26T01:20:00Z,20.3522727272727,37.4,0,3126
2026-06-26T01:25:00Z,20.3522727272727,-1,100,3127
2026-06-26T01:30:00Z,20.3522727272727,-29.4,80,3128
2026-06-26T01:35:00Z,20.3522727272727,163,-110,3129
2026-06-26T01:40:00Z,20.3522727272727,-7.6,-70,3130
2026-06-26T01:45:00Z,20.3522727272727,12.8,-10,3131
2026-06-26T01:50:00Z,20.3522727272727,47.8,40,3132
2026-06-26T01:55:00Z,20.3522727272727,71,-10,3133
2026-06-26T02:00:00Z,20.3522727272727,51,-40,3134
2026-06-26T02:05:00Z,20.3522727272727,-26.4,0,3135
2026-06-26T02:10:00Z,20.3522727272727,422.2,-10,3136
2026-06-26T02:15:00Z,20.3522727272727,48.2,-10,3137
2026-06-26T02:20:00Z,20.3522727272727,-48.8,-20,3138
2026-06-26T02:25:00Z,20.3522727272727,-218,50,3139
2026-06-26T02:30:00Z,20.3522727272727,19.4,-40,3140
2026-06-26T02:35:00Z,20.3522727272727,-116,40,3141
2026-06-26T02:40:00Z,20.3522727272727,89.2,10,3142
2026-06-26T02:45:00Z,20.3522727272727,-57.4,0,3143
2026-06-26T02:50:00Z,20.3522727272727,143.2,-40,3144
2026-06-26T02:55:00Z,23.807240749200503,139.8,0,3145
2026-06-26T03:00:00Z,26.110552763819104,128.2,40,3146
2026-06-26T03:05:00Z,26.110552763819104,-68.2,30,3147
2026-06-26T03:10:00Z,26.110552763819104,-5.6,10,3148
2026-06-26T03:15:00Z,26.110552763819104,-34.4,-30,3149
2026-06-26T03:20:00Z,26.110552763819104,-162.4,20,3150
2026-06-26T03:25:00Z,26.110552763819104,94.2,0,3151
2026-06-26T03:30:00Z,26.110552763819104,-49.6,30,3152
2026-06-26T03:35:00Z,26.110552763819104,30.2,10,3153
2026-06-26T03:40:00Z,26.110552763819104,-1.6,0,3154
2026-06-26T03:45:00Z,26.110552763819104,108.6,0,3155
2026-06-26T03:50:00Z,26.110552763819104,28,0,3156
2026-06-26T03:55:00Z,26.110552763819104,-42.8,0,3157
2026-06-26T04:05:00Z,26.110552763819104,119,0,3158
2026-06-26T04:10:00Z,26.110552763819104,14.2,10,3159
2026-06-26T04:15:00Z,26.110552763819104,-49,50,3160
2026-06-26T04:20:00Z,26.110552763819104,2.2,-30,3161
2026-06-26T04:25:00Z,26.110552763819104,-6,-10,3162
2026-06-26T04:30:00Z,26.110552763819104,-12.6,0,3163
2026-06-26T04:35:00Z,26.110552763819104,100.4,0,3164
2026-06-26T04:40:00Z,26.110552763819104,6,170,3165
2026-06-26T04:45:00Z,26.110552763819104,-7.8,140,3166
2026-06-26T04:50:00Z,26.110552763819104,-105.6,-60,3167
2026-06-26T04:55:00Z,26.110552763819104,45.4,-20,3168
2026-06-26T05:00:00Z,26.110552763819104,74,-30,3169
2026-06-26T05:05:00Z,26.110552763819104,71,100,3170
2026-06-26T05:10:00Z,26.110552763819104,65.8,10,3171
2026-06-26T05:15:00Z,26.110552763819104,-5.4,-50,3172
2026-06-26T05:20:00Z,26.110552763819104,236.4,-50,3173
2026-06-26T05:25:00Z,26.110552763819104,-61.4,30,3174
2026-06-26T05:30:00Z,26.110552763819104,-62,40,3175
2026-06-26T05:35:00Z,26.110552763819104,-174.4,-30,3176
2026-06-26T05:40:00Z,26.110552763819104,137.4,0,3177
2026-06-26T05:45:00Z,26.110552763819104,-121.8,0,3178
2026-06-26T05:50:00Z,26.110552763819104,-57.6,0,3179
2026-06-26T05:55:00Z,26.110552763819104,74.6,0,3180
2026-06-26T06:00:00Z,26.110552763819104,12.6,0,3181
2026-06-26T06:05:00Z,26.110552763819104,11.6,0,3182
2026-06-26T06:10:00Z,26.110552763819104,-66.8,0,3183
2026-06-26T06:15:00Z,60.9421105527638,74.8,0,3184
2026-06-26T06:20:00Z,69.64999999999999,28.6,10,3185
2026-06-26T06:25:00Z,69.64999999999999,24.4,190,3186
2026-06-26T06:30:00Z,69.64999999999999,57.2,10,3187
2026-06-26T06:35:00Z,69.64999999999999,4.8,160,3188
2026-06-26T06:40:00Z,69.64999999999999,-73.2,0,3189
2026-06-26T06:45:00Z,69.64999999999999,91.4,-70,3190
2026-06-26T06:50:00Z,69.64999999999999,33.4,60,3191
2026-06-26T06:55:00Z,69.64999999999999,25.8,60,3192
2026-06-26T07:00:00Z,69.64999999999999,-16.4,-90,3193
2026-06-26T07:05:00Z,69.64999999999999,-76,-90,3194
2026-06-26T07:10:00Z,69.64999999999999,43.2,-90,3195
2026-06-26T07:15:00Z,271.69,53.4,-90,3196
2026-06-26T07:20:00Z,322.2,-23.8,-40,3197
2026-06-26T07:25:00Z,322.2,-1.8,0,3198
2026-06-26T07:30:00Z,990.04,68.6,0,3199
2026-06-26T07:35:00Z,1523.8,14.8,0,3200
2026-06-26T07:40:00Z,2678.4,-17.6,10,3201
2026-06-26T07:45:00Z,3924.4,3.6,-10,3202
2026-06-26T07:50:00Z,2343.2,30.8,0,3203
2026-06-26T07:55:00Z,2353.8,59.6,20,3204
2026-06-26T08:00:00Z,2588.2,21.4,20,3205
2026-06-26T08:05:00Z,2666.6,194.8,-50,3206
2026-06-26T08:10:00Z,2973.4666666666694,-50,30,3207
2026-06-26T08:15:00Z,2083.533333333331,-180.8,80,3208
2026-06-26T08:20:00Z,2209.4,127,70,3209
2026-06-26T08:25:00Z,2244.8,-84.6,170,3210
2026-06-26T08:30:00Z,1704.9,288.2,10,3211
2026-06-26T08:35:00Z,608.5,198,140,3212
2026-06-26T08:40:00Z,595.2666666666671,-250.6,610,3213
2026-06-26T08:45:00Z,542.333333333333,19.6,720,3214
2026-06-26T08:50:00Z,658.866666666667,-34.8,1530,3215
2026-06-26T08:55:00Z,722.154385964913,46.4,1970,3216
2026-06-26T09:00:00Z,276.105263157895,103.6,1320,3217
2026-06-26T09:05:00Z,276.105263157895,-103.8,1230,3218
2026-06-26T09:10:00Z,276.105263157895,-89.4,1500,3219
2026-06-26T09:15:00Z,666.9631578947368,58.6,1590,3220
2026-06-26T09:20:00Z,897.225,165,1740,3221
2026-06-26T09:25:00Z,659.875,-162.4,1160.0000000000002,3222
2026-06-26T09:30:00Z,1353.34285714286,59.2,1280,3223
2026-06-26T09:35:00Z,775.8571428571429,-2.6,1460,3224
2026-06-26T09:40:00Z,1490.5,-41.8,1050,3225
2026-06-26T09:45:00Z,2277.1,-16.4,470.00000000000006,3226
2026-06-26T09:50:00Z,1461.7,35.2,420.00000000000006,3227
2026-06-26T09:55:00Z,989.7,-17.4,250,3228
2026-06-26T10:00:00Z,843.4,73.6,440,3229
2026-06-26T10:05:00Z,421,5.8,420.00000000000006,3230
2026-06-26T10:10:00Z,441.436363636364,-21,160,3231
2026-06-26T10:15:00Z,472.09090909090895,396.4,90,3232
2026-06-26T10:20:00Z,462.32606060606105,-129,230,3233
2026-06-26T10:25:00Z,423.266666666667,155.6,600,3234
2026-06-26T10:30:00Z,423.266666666667,-25.6,440,3235
2026-06-26T10:35:00Z,431.657777777778,-55.2,620,3236
2026-06-26T10:40:00Z,465.22222222222194,43.2,1110,3237
2026-06-26T10:45:00Z,510.466666666666,40.4,1150.0000000000002,3238
2026-06-26T10:50:00Z,578.333333333333,-89.8,1150.0000000000002,3239
2026-06-26T10:55:00Z,305.57948717948705,-194.2,1230,3240
2026-06-26T11:00:00Z,123.74358974359001,-139.2,1240,3241
2026-06-26T11:05:00Z,123.74358974359001,-170.6,1030,3242
2026-06-26T11:10:00Z,123.74358974359001,51.6,669.9999999999999,3243
2026-06-26T11:15:00Z,123.74358974359001,23.4,290.00000000000006,3244
2026-06-26T11:20:00Z,123.74358974359001,45.8,240.00000000000003,3245
2026-06-26T11:25:00Z,123.74358974359001,10,260,3246
2026-06-26T11:30:00Z,123.74358974359001,68.2,480.00000000000006,3247
2026-06-26T11:35:00Z,229.504273504273,58.4,280,3248
2026-06-26T11:40:00Z,255.944444444444,-63.6,180,3249
2026-06-26T11:45:00Z,255.944444444444,-25,230,3250
2026-06-26T11:50:00Z,241.401709401709,20.4,390,3251
2026-06-26T11:55:00Z,183.23076923076897,61.2,300,3252
2026-06-26T12:00:00Z,183.23076923076897,140.8,320,3253
2026-06-26T12:05:00Z,183.23076923076897,31.8,210.00000000000003,3254
2026-06-26T12:10:00Z,183.23076923076897,57.2,60,3255
2026-06-26T12:15:00Z,183.23076923076897,402,110,3256
2026-06-26T12:20:00Z,136.67647058823502,-134.6,100,3257
2026-06-26T12:25:00Z,136.67647058823502,236,30,3258
2026-06-26T12:30:00Z,136.67647058823502,927.4,60,3259
2026-06-26T12:35:00Z,136.67647058823502,1178.6,70,3260
2026-06-26T12:40:00Z,136.67647058823502,2281,140,3261
2026-06-26T12:45:00Z,136.67647058823502,3617.6,200,3262
2026-06-26T12:50:00Z,342.074509803922,2126.4,200,3263
2026-06-26T12:55:00Z,648.7824561403521,2064.4,150.00000000000003,3264
2026-06-26T13:00:00Z,305.52631578947387,2475,90,3265
2026-06-26T13:05:00Z,305.52631578947387,2455.2,410.00000000000006,3266
2026-06-26T13:10:00Z,305.52631578947387,2945.2,120.00000000000001,3267
2026-06-26T13:15:00Z,490.605263157895,1897.4,210.00000000000003,3268
2026-06-26T13:20:00Z,582.4499999999999,2208.6,90,3269
2026-06-26T13:25:00Z,764.75,2103.6,110,3270
2026-06-26T13:30:00Z,417.26,2200.2,200,3271
2026-06-26T13:35:00Z,185.6,874.2,130,3272
2026-06-26T13:40:00Z,185.6,371,100,3273
2026-06-26T13:45:00Z,185.6,616.2,90,3274
2026-06-26T13:50:00Z,185.6,727.2,80,3275
2026-06-26T13:55:00Z,250.6025,851.6,160,3276
2026-06-26T14:00:00Z,293.93749999999994,187,339.99999999999994,3277
2026-06-26T14:05:00Z,293.93749999999994,293,820.0000000000001,3278
2026-06-26T14:10:00Z,212.45850000000002,147,320,3279
2026-06-26T14:15:00Z,90.24000000000001,957.4,130,3280
2026-06-26T14:20:00Z,90.24000000000001,911.4,200,3281
2026-06-26T14:25:00Z,90.24000000000001,805.6,290.00000000000006,3282
2026-06-26T14:30:00Z,90.24000000000001,1950.2,520,3283
2026-06-26T14:35:00Z,90.24000000000001,665.4,600,3284
2026-06-26T14:40:00Z,90.24000000000001,1345,230,3285
2026-06-26T14:45:00Z,90.24000000000001,2169.2,180,3286
2026-06-26T14:50:00Z,90.24000000000001,1615.6,130,3287
2026-06-26T14:55:00Z,90.24000000000001,1318.2,130,3288
2026-06-26T15:00:00Z,544.444,687,110,3289
2026-06-26T15:05:00Z,586.6290322580642,430.4,110,3290
2026-06-26T15:10:00Z,160.548387096774,427.8,160,3291
2026-06-26T15:15:00Z,160.548387096774,437.4,90,3292
2026-06-26T15:20:00Z,160.548387096774,685.2,570.0000000000001,3293
2026-06-26T15:25:00Z,160.548387096774,596.2,370,3294
2026-06-26T15:30:00Z,160.548387096774,341.4,250,3295
2026-06-26T15:35:00Z,363.9290322580639,102,50,3296
2026-06-26T15:40:00Z,669,721.4,40,3297
2026-06-26T15:45:00Z,249.844444444445,448.6,20,3298
2026-06-26T15:50:00Z,145.05555555555597,520.4,10,3299
2026-06-26T15:55:00Z,145.05555555555597,422,20,3300
2026-06-26T16:00:00Z,145.05555555555597,53.6,10,3301
2026-06-26T16:05:00Z,145.05555555555597,191.6,10,3302
2026-06-26T16:10:00Z,145.05555555555597,122,350,3303
2026-06-26T16:15:00Z,145.05555555555597,136.8,659.9999999999999,3304
2026-06-26T16:20:00Z,543.8222222222228,117,50,3305
2026-06-26T16:25:00Z,809.6666666666671,90.6,50,3306
2026-06-26T16:30:00Z,780.1733333333332,28.6,110,3307
2026-06-26T16:35:00Z,799.131428571429,346,70,3308
2026-06-26T16:40:00Z,657.7194805194812,351.8,180,3309
2026-06-26T16:45:00Z,435.7272727272729,340.6,430.00000000000006,3310
2026-06-26T16:50:00Z,563.9418181818178,201.6,240.00000000000003,3311
2026-06-26T16:55:00Z,1130.44,738.8,230,3312
2026-06-26T17:00:00Z,1297.4,190.2,40,3313
2026-06-26T17:05:00Z,1548.6666666666702,309.4,30,3314
2026-06-26T17:10:00Z,1308.9333333333298,175.6,30,3315
2026-06-26T17:15:00Z,1668.6666666666702,-28.4,40,3316
2026-06-26T17:20:00Z,1673.9333333333398,353.2,40,3317
2026-06-26T17:25:00Z,2226.1,493.4,90,3318
2026-06-26T17:30:00Z,1882.5666666666702,21.8,679.9999999999999,3319
2026-06-26T17:35:00Z,1590.1333333333296,152.4,360,3320
2026-06-26T17:40:00Z,3365.2,158.4,430.00000000000006,3321
2026-06-26T17:45:00Z,2108.05,403,550,3322
2026-06-26T17:50:00Z,1608.6833333333295,33,450,3323
2026-06-26T17:55:00Z,1344.8666666666702,1436.6,350,3324
2026-06-26T18:00:00Z,1875.52,427,300,3325
2026-06-26T18:05:00Z,1116.9466666666704,158.4,610,3326
2026-06-26T18:10:00Z,966.4333333333341,274,900,3327
2026-06-26T18:15:00Z,1108.34,515.2,990,3328
2026-06-26T18:20:00Z,1494.76,730,940.0000000000001,3329
2026-06-26T18:25:00Z,2498.3,1127.6,1050,3330
2026-06-26T18:30:00Z,1049.3,309.8,990,3331
2026-06-26T18:35:00Z,582.5,351.6,1430,3332
2026-06-26T18:40:00Z,723.5,167.8,1390.0000000000002,3333
2026-06-26T18:45:00Z,1072,325.4,1350,3334
2026-06-26T18:50:00Z,1269.1599999999999,163.6,2120,3335
2026-06-26T18:55:00Z,1405.1399999999999,47.6,1470,3336
2026-06-26T19:00:00Z,1156.86,356.6,930,3337
2026-06-26T19:05:00Z,583.4399999999999,131.4,1000,3338
2026-06-26T19:10:00Z,461.5,861.6,1080,3339
2026-06-26T19:15:00Z,410.3461538461539,616.4,659.9999999999999,3340
2026-06-26T19:20:00Z,333.61538461538504,355.2,450,3341
2026-06-26T19:25:00Z,333.61538461538504,-6.8,720,3342
2026-06-26T19:30:00Z,358.551648351648,-81.4,1220,3343
2026-06-26T19:35:00Z,364.78571428571394,70.8,1560,3344
2026-06-26T19:40:00Z,364.78571428571394,135.8,750,3345
2026-06-26T19:45:00Z,212.63636363636397,-115.8,270,3346
2026-06-26T19:50:00Z,212.63636363636397,13,610,3347
2026-06-26T19:55:00Z,212.63636363636397,138,530,3348
2026-06-26T20:00:00Z,212.63636363636397,484.6,770,3349
2026-06-26T20:05:00Z,141.25454545454596,1005.2,1010,3350
2026-06-26T20:10:00Z,93.6666666666667,60.2,659.9999999999999,3351
2026-06-26T20:15:00Z,93.6666666666667,31.2,300,3352
2026-06-26T20:20:00Z,93.6666666666667,335,290.00000000000006,3353
2026-06-26T20:25:00Z,93.6666666666667,41.6,420.00000000000006,3354
2026-06-26T20:30:00Z,93.6666666666667,157.4,350,3355
2026-06-26T20:35:00Z,93.6666666666667,645.8,170,3356
2026-06-26T20:40:00Z,93.6666666666667,373,220,3357
2026-06-26T20:45:00Z,93.6666666666667,445.4,190,3358
2026-06-26T20:50:00Z,93.6666666666667,3.6,100,3359
2026-06-26T20:55:00Z,93.6666666666667,38.2,150.00000000000003,3360
2026-06-26T21:00:00Z,98.99855072463781,136.4,140,3361
2026-06-26T21:05:00Z,120.32608695652198,-11.2,160,3362
2026-06-26T21:10:00Z,120.32608695652198,145.2,70,3363
2026-06-26T21:15:00Z,120.32608695652198,-63,70,3364
2026-06-26T21:20:00Z,120.32608695652198,1358.4,40,3365
2026-06-26T21:25:00Z,120.32608695652198,551.4,80,3366
2026-06-26T21:30:00Z,120.32608695652198,619.4,60,3367
2026-06-26T21:35:00Z,120.32608695652198,1136.4,50,3368
2026-06-26T21:40:00Z,120.32608695652198,609.2,60,3369
2026-06-26T21:45:00Z,120.32608695652198,608,40,3370
2026-06-26T21:50:00Z,51.898876404494395,306.8,60,3371
2026-06-26T21:55:00Z,51.898876404494395,862.8,60,3372
2026-06-26T22:00:00Z,51.898876404494395,1473.6,80,3373
2026-06-26T22:05:00Z,51.898876404494395,1480.8,90,3374
2026-06-26T22:10:00Z,51.898876404494395,1401.4,40,3375
2026-06-26T22:15:00Z,51.898876404494395,1557.6,40,3376
2026-06-26T22:20:00Z,51.898876404494395,1612.4,50,3377
2026-06-26T22:25:00Z,51.898876404494395,2352.2,60,3378
2026-06-26T22:30:00Z,51.898876404494395,2035.6,90,3379
2026-06-26T22:35:00Z,51.898876404494395,1721.4,60,3380
2026-06-26T22:40:00Z,51.898876404494395,3341.4,20,3381
2026-06-26T22:45:00Z,51.898876404494395,2251,50,3382
2026-06-26T22:50:00Z,51.898876404494395,1469.8,20,3383
2026-06-26T22:55:00Z,51.898876404494395,1504,40,3384
2026-06-26T23:00:00Z,51.898876404494395,1970.4,50,3385
2026-06-26T23:05:00Z,51.898876404494395,1247.4,20,3386
2026-06-26T23:10:00Z,51.898876404494395,628.6,40,3387
2026-06-26T23:15:00Z,55.8941011235955,1185,50,3388
2026-06-26T23:20:00Z,71.87499999999999,1422.6,30,3389
2026-06-26T23:25:00Z,71.87499999999999,2564.8,40,3390
2026-06-26T23:30:00Z,71.87499999999999,1344,30,3391
2026-06-26T23:35:00Z,71.87499999999999,376.8,40,3392
2026-06-26T23:40:00Z,71.87499999999999,891.6,20,3393
2026-06-26T23:45:00Z,71.87499999999999,822.8,40,3394
2026-06-26T23:50:00Z,71.87499999999999,1352.2,20,3395
2026-06-26T23:55:00Z,71.87499999999999,1468,40,3396
2026-06-27T00:00:00Z,30.547619047618998,1138.4,10,3397
2026-06-27T00:05:00Z,30.547619047618998,509.2,40,3398
2026-06-27T00:10:00Z,30.547619047618998,578.6,10,3399
2026-06-27T00:15:00Z,30.547619047618998,445.8,10,3400
2026-06-27T00:20:00Z,30.547619047618998,514.6,20,3401
2026-06-27T00:25:00Z,30.547619047618998,214.2,10,3402
2026-06-27T00:30:00Z,30.547619047618998,416.6,30,3403
2026-06-27T00:35:00Z,30.547619047618998,564.8,0,3404
2026-06-27T00:40:00Z,30.547619047618998,-37.4,50,3405
2026-06-27T00:45:00Z,30.547619047618998,393.2,10,3406
2026-06-27T00:50:00Z,30.547619047618998,203.4,0,3407
2026-06-27T00:55:00Z,30.547619047618998,218.4,30,3408
2026-06-27T01:00:00Z,30.547619047618998,145.8,30,3409
2026-06-27T01:05:00Z,30.547619047618998,184.8,20,3410
2026-06-27T01:10:00Z,30.547619047618998,-66.2,0,3411
2026-06-27T01:15:00Z,30.547619047618998,293.8,10,3412
2026-06-27T01:20:00Z,30.547619047618998,63.6,40,3413
2026-06-27T01:25:00Z,30.547619047618998,26.4,10,3414
2026-06-27T01:30:00Z,30.547619047618998,136.6,20,3415
2026-06-27T01:35:00Z,30.547619047618998,114.8,20,3416
2026-06-27T01:40:00Z,30.547619047618998,45.2,10,3417
2026-06-27T01:45:00Z,30.547619047618998,106.4,30,3418
2026-06-27T01:50:00Z,30.547619047618998,148.8,30,3419
2026-06-27T01:55:00Z,30.547619047618998,202.4,20,3420
2026-06-27T02:00:00Z,30.547619047618998,-238.8,10,3421
2026-06-27T02:05:00Z,64.0697938877043,172.4,20,3422
2026-06-27T02:10:00Z,86.41791044776122,213.8,20,3423
2026-06-27T02:15:00Z,86.41791044776122,70.8,20,3424
2026-06-27T02:20:00Z,86.41791044776122,203.8,10,3425
2026-06-27T02:25:00Z,86.41791044776122,200.2,10,3426
2026-06-27T02:30:00Z,86.41791044776122,-247.6,40,3427
2026-06-27T02:35:00Z,86.41791044776122,225.4,10,3428
2026-06-27T02:40:00Z,86.41791044776122,160.6,20,3429
2026-06-27T02:45:00Z,86.41791044776122,-66.6,20,3430
2026-06-27T02:50:00Z,86.41791044776122,219.8,0,3431
2026-06-27T02:55:00Z,86.41791044776122,-179,40,3432
2026-06-27T03:00:00Z,86.41791044776122,267.2,50,3433
2026-06-27T03:05:00Z,86.41791044776122,39.2,70,3434
2026-06-27T03:10:00Z,76.64832835820899,-17,10,3435
2026-06-27T03:15:00Z,37.57,173.2,70,3436
2026-06-27T03:20:00Z,37.57,35.6,50,3437
2026-06-27T03:25:00Z,37.57,4.4,40,3438
2026-06-27T03:30:00Z,37.57,97,40,3439
2026-06-27T03:35:00Z,37.57,77.2,20,3440
2026-06-27T03:40:00Z,37.57,55.4,70,3441
2026-06-27T03:45:00Z,37.57,26.6,20,3442
2026-06-27T03:50:00Z,37.57,-50.6,50,3443
2026-06-27T03:55:00Z,37.57,188.8,0,3444
2026-06-27T04:05:00Z,37.57,12.8,30,3445
2026-06-27T04:10:00Z,37.57,-35,10,3446
2026-06-27T04:15:00Z,37.57,-37.4,60,3447
2026-06-27T04:20:00Z,37.57,200.4,40,3448
2026-06-27T04:25:00Z,37.57,-44.6,20,3449
2026-06-27T04:30:00Z,37.57,19.2,60,3450
2026-06-27T04:35:00Z,37.57,25.6,10,3451
2026-06-27T04:40:00Z,37.57,-35.2,50,3452
2026-06-27T04:45:00Z,37.57,115.6,10,3453
2026-06-27T04:50:00Z,42.85361904761899,-71.4,40,3454
2026-06-27T04:55:00Z,63.988095238095205,145.4,20,3455
2026-06-27T05:00:00Z,63.988095238095205,-61.6,30,3456
2026-06-27T05:05:00Z,63.988095238095205,137.6,40,3457
2026-06-27T05:10:00Z,63.988095238095205,22.6,10,3458
2026-06-27T05:15:00Z,63.988095238095205,-14.8,50,3459
2026-06-27T05:20:00Z,63.988095238095205,170.2,10,3460
2026-06-27T05:25:00Z,63.988095238095205,-164.4,50,3461
2026-06-27T05:30:00Z,63.988095238095205,84,30,3462
2026-06-27T05:35:00Z,63.988095238095205,106.8,30,3463
2026-06-27T05:40:00Z,63.988095238095205,138.2,40,3464
2026-06-27T05:45:00Z,63.988095238095205,15.6,10,3465
2026-06-27T05:50:00Z,63.988095238095205,75.6,50,3466
2026-06-27T05:55:00Z,63.988095238095205,-32.4,60,3467
2026-06-27T06:00:00Z,63.988095238095205,157.8,30,3468
2026-06-27T06:05:00Z,63.988095238095205,-3,60,3469
2026-06-27T06:10:00Z,63.988095238095205,50,20,3470
2026-06-27T06:15:00Z,81.9848571428571,-1,60,3471
2026-06-27T06:20:00Z,108.98,114,20,3472
2026-06-27T06:25:00Z,108.98,-219.8,60,3473
2026-06-27T06:30:00Z,108.98,205.6,10,3474
2026-06-27T06:35:00Z,108.98,2.8,70,3475
2026-06-27T06:40:00Z,108.98,-460.2,10,3476
2026-06-27T06:45:00Z,108.98,507,30,3477
2026-06-27T06:50:00Z,108.98,-119.4,60,3478
2026-06-27T06:55:00Z,108.98,262.6,30,3479
2026-06-27T07:00:00Z,108.98,-151.4,30,3480
2026-06-27T07:05:00Z,227.418769230769,312.8,30,3481
2026-06-27T07:10:00Z,405.076923076923,-14,20,3482
2026-06-27T07:15:00Z,405.076923076923,167.6,0,3483
2026-06-27T07:20:00Z,811.282051282051,-105.2,50,3484
2026-06-27T07:25:00Z,569.9476190476189,140.4,10,3485
2026-06-27T07:30:00Z,341.357142857143,208.8,40,3486
2026-06-27T07:35:00Z,341.357142857143,-23.8,40,3487
2026-06-27T07:40:00Z,993.804761904762,83.4,20,3488
2026-06-27T07:45:00Z,598.333333333333,-181,20,3489
2026-06-27T07:50:00Z,598.333333333333,255.8,70,3490
2026-06-27T07:55:00Z,235.76470588235298,-97.6,50,3491
2026-06-27T08:00:00Z,235.76470588235298,47.2,20,3492
2026-06-27T08:05:00Z,235.76470588235298,291.4,70,3493
2026-06-27T08:10:00Z,1034.95588235294,13.2,40,3494
2026-06-27T08:15:00Z,602.4,28.8,50,3495
2026-06-27T08:20:00Z,361.0625,67,130,3496
2026-06-27T08:25:00Z,361.0625,79.8,250,3497
2026-06-27T08:30:00Z,270.809,12,659.9999999999999,3498
2026-06-27T08:35:00Z,210.64,29.8,410.00000000000006,3499
2026-06-27T08:40:00Z,210.64,92.4,520,3500
2026-06-27T08:45:00Z,210.64,-23.4,130,3501
2026-06-27T08:50:00Z,210.64,119.8,740,3502
2026-06-27T08:55:00Z,300.51314285714295,5.8,150.00000000000003,3503
2026-06-27T09:00:00Z,360.4285714285709,-0.8,290.00000000000006,3504
2026-06-27T09:05:00Z,360.4285714285709,66,490,3505
2026-06-27T09:10:00Z,161.10897009966797,1.6,90,3506
2026-06-27T09:15:00Z,111.27906976744201,51.4,150.00000000000003,3507
2026-06-27T09:20:00Z,111.27906976744201,70.2,620,3508
2026-06-27T09:25:00Z,111.27906976744201,-35.2,679.9999999999999,3509
2026-06-27T09:30:00Z,111.27906976744201,73.2,240.00000000000003,3510
2026-06-27T09:35:00Z,111.27906976744201,-14.4,70,3511
2026-06-27T09:40:00Z,111.27906976744201,146.8,380,3512
2026-06-27T09:45:00Z,111.27906976744201,221.6,60,3513
2026-06-27T09:50:00Z,103.69468438538202,-63.2,40,3514
2026-06-27T09:55:00Z,73.35714285714289,92.4,40,3515
2026-06-27T10:00:00Z,73.35714285714289,186.8,100,3516
2026-06-27T10:05:00Z,73.35714285714289,49.2,339.99999999999994,3517
2026-06-27T10:10:00Z,73.35714285714289,162.8,270,3518
2026-06-27T10:15:00Z,73.35714285714289,73.6,70,3519
2026-06-27T10:20:00Z,73.35714285714289,27.8,170,3520
2026-06-27T10:25:00Z,73.35714285714289,82.2,120.00000000000001,3521
2026-06-27T10:30:00Z,73.35714285714289,-39.8,150.00000000000003,3522
2026-06-27T10:35:00Z,73.35714285714289,-92.8,130,3523
2026-06-27T10:40:00Z,73.35714285714289,201.2,70,3524
2026-06-27T10:45:00Z,73.35714285714289,107.8,50,3525
2026-06-27T10:50:00Z,73.35714285714289,-50.6,40,3526
2026-06-27T10:55:00Z,73.35714285714289,102.8,70,3527
2026-06-27T11:00:00Z,90.29950738916251,38.4,80,3528
2026-06-27T11:05:00Z,158.068965517241,-338,70,3529
2026-06-27T11:10:00Z,158.068965517241,358.2,80,3530
2026-06-27T11:15:00Z,158.068965517241,8.4,40,3531
2026-06-27T11:20:00Z,158.068965517241,-79.4,20,3532
2026-06-27T11:25:00Z,158.068965517241,224,20,3533
2026-06-27T11:30:00Z,133.24839685420403,41.8,30,3534
2026-06-27T11:35:00Z,96.01754385964911,-103.6,50,3535
2026-06-27T11:40:00Z,96.01754385964911,212,40,3536
2026-06-27T11:45:00Z,96.01754385964911,174.6,60,3537
2026-06-27T11:50:00Z,96.01754385964911,-24.6,50,3538
2026-06-27T11:55:00Z,96.01754385964911,86.8,40,3539
2026-06-27T12:00:00Z,96.01754385964911,147.4,70,3540
2026-06-27T12:05:00Z,96.01754385964911,92.6,50,3541
2026-06-27T12:10:00Z,96.01754385964911,161.8,60,3542
2026-06-27T12:15:00Z,96.01754385964911,214.6,130,3543
2026-06-27T12:20:00Z,96.01754385964911,1126,80,3544
2026-06-27T12:25:00Z,96.01754385964911,605.2,80,3545
2026-06-27T12:30:00Z,23.668449197860994,643,80,3546
2026-06-27T12:35:00Z,23.668449197860994,118.8,60,3547
2026-06-27T12:40:00Z,23.668449197860994,1210.8,100,3548
2026-06-27T12:45:00Z,23.668449197860994,132.4,90,3549
2026-06-27T12:50:00Z,23.668449197860994,507.6,100,3550
2026-06-27T12:55:00Z,23.668449197860994,601.8,100,3551
2026-06-27T13:00:00Z,23.668449197860994,134.2,80,3552
2026-06-27T13:05:00Z,23.668449197860994,104.6,70,3553
2026-06-27T13:10:00Z,23.668449197860994,1083.2,60,3554
2026-06-27T13:15:00Z,23.668449197860994,1039.4,40,3555
2026-06-27T13:20:00Z,23.668449197860994,351,40,3556
2026-06-27T13:25:00Z,23.668449197860994,71,50,3557
2026-06-27T13:30:00Z,23.668449197860994,631,30,3558
2026-06-27T13:35:00Z,23.668449197860994,88.4,50,3559
2026-06-27T13:40:00Z,23.668449197860994,-17.6,30,3560
2026-06-27T13:45:00Z,23.668449197860994,128,60,3561
2026-06-27T13:50:00Z,23.668449197860994,267,60,3562
2026-06-27T13:55:00Z,23.668449197860994,170.4,50,3563
2026-06-27T14:00:00Z,23.668449197860994,735.2,50,3564
2026-06-27T14:05:00Z,23.668449197860994,82.8,70,3565
2026-06-27T14:10:00Z,23.668449197860994,270.8,40,3566
2026-06-27T14:15:00Z,23.668449197860994,195.2,50,3567
2026-06-27T14:20:00Z,23.668449197860994,132,40,3568
2026-06-27T14:25:00Z,23.668449197860994,282.8,40,3569
2026-06-27T14:30:00Z,23.668449197860994,297,50,3570
2026-06-27T14:35:00Z,23.668449197860994,-186.2,50,3571
2026-06-27T14:40:00Z,23.668449197860994,4.6,10,3572
2026-06-27T14:45:00Z,23.668449197860994,214.2,40,3573
2026-06-27T14:50:00Z,23.668449197860994,2.8,0,3574
2026-06-27T14:55:00Z,23.668449197860994,218.4,40,3575
2026-06-27T15:00:00Z,23.668449197860994,13.6,0,3576
2026-06-27T15:05:00Z,23.668449197860994,98.4,20,3577
2026-06-27T15:10:00Z,23.668449197860994,-33.2,40,3578
2026-06-27T15:15:00Z,23.668449197860994,111.8,40,3579
2026-06-27T15:20:00Z,23.668449197860994,97.2,60,3580
2026-06-27T15:25:00Z,23.668449197860994,127.6,10,3581
2026-06-27T15:30:00Z,23.668449197860994,95.6,40,3582
2026-06-27T15:35:00Z,92.13764994941481,-38.4,40,3583
2026-06-27T15:40:00Z,137.78378378378397,79.4,0,3584
2026-06-27T15:45:00Z,137.78378378378397,-35.8,30,3585
2026-06-27T15:50:00Z,137.78378378378397,229.6,40,3586
2026-06-27T15:55:00Z,137.78378378378397,53.2,10,3587
2026-06-27T16:00:00Z,137.78378378378397,239.4,40,3588
2026-06-27T16:05:00Z,137.78378378378397,-33.4,20,3589
2026-06-27T16:10:00Z,157.59369369369398,458.4,40,3590
2026-06-27T16:15:00Z,236.83333333333303,71.6,50,3591
2026-06-27T16:20:00Z,236.83333333333303,-34.6,40,3592
2026-06-27T16:25:00Z,236.83333333333303,9.2,60,3593
2026-06-27T16:30:00Z,236.83333333333303,470.4,30,3594
2026-06-27T16:35:00Z,226.18333333333302,-230.4,60,3595
2026-06-27T16:40:00Z,210.20833333333303,210.4,40,3596
2026-06-27T16:45:00Z,210.20833333333303,93,70,3597
2026-06-27T16:50:00Z,210.20833333333303,95.8,70,3598
2026-06-27T16:55:00Z,210.20833333333303,55.4,70,3599
2026-06-27T17:00:00Z,223.11190476190495,148.2,50,3600
2026-06-27T17:05:00Z,231.71428571428595,59.8,60,3601
2026-06-27T17:10:00Z,231.71428571428595,67.4,60,3602
2026-06-27T17:15:00Z,231.71428571428595,197.8,70,3603
2026-06-27T17:20:00Z,254.42857142857198,44.6,80,3604
2026-06-27T17:25:00Z,288.5,82,110,3605
2026-06-27T17:30:00Z,288.5,121.4,80,3606
2026-06-27T17:35:00Z,383.8285714285709,55.2,90,3607
2026-06-27T17:40:00Z,765.142857142857,173,100,3608
2026-06-27T17:45:00Z,497.8285714285709,175,100,3609
2026-06-27T17:50:00Z,431,-64.2,130,3610
2026-06-27T17:55:00Z,681.4,223.4,130,3611
2026-06-27T18:00:00Z,773.9499999999999,135.6,120.00000000000001,3612
2026-06-27T18:05:00Z,662.375,73.4,100,3613
2026-06-27T18:10:00Z,692.132142857143,-22.6,130,3614
2026-06-27T18:15:00Z,594.142857142857,12.6,130,3615
2026-06-27T18:20:00Z,436,24.4,100,3616
2026-06-27T18:25:00Z,401.33333333333303,61.2,110,3617
2026-06-27T18:30:00Z,262.666666666667,47.6,110,3618
2026-06-27T18:35:00Z,262.666666666667,-71.8,120.00000000000001,3619
2026-06-27T18:40:00Z,262.666666666667,52.2,150.00000000000003,3620
2026-06-27T18:45:00Z,262.666666666667,-20,270,3621
2026-06-27T18:50:00Z,150.727272727273,-41.4,500,3622
2026-06-27T18:55:00Z,150.727272727273,58.2,300,3623
2026-06-27T19:00:00Z,150.727272727273,83.4,260,3624
2026-06-27T19:05:00Z,150.727272727273,-9.8,390,3625
2026-06-27T19:10:00Z,150.727272727273,-22.2,450,3626
2026-06-27T19:15:00Z,150.727272727273,-82.8,440,3627
2026-06-27T19:20:00Z,162.307792207792,147,339.99999999999994,3628
2026-06-27T19:25:00Z,179.67857142857096,89.4,410.00000000000006,3629
2026-06-27T19:30:00Z,179.67857142857096,-42,290.00000000000006,3630
2026-06-27T19:35:00Z,179.67857142857096,-45,260,3631
2026-06-27T19:40:00Z,179.67857142857096,69.4,310,3632
2026-06-27T19:45:00Z,179.67857142857096,-51.2,190,3633
2026-06-27T19:50:00Z,188.17275132275097,128.6,200,3634
2026-06-27T19:55:00Z,190.296296296296,-5.8,120.00000000000001,3635
2026-06-27T20:00:00Z,190.296296296296,90.4,110,3636
2026-06-27T20:05:00Z,190.296296296296,14.2,90,3637
2026-06-27T20:10:00Z,190.296296296296,101.6,80,3638
2026-06-27T20:15:00Z,160.94141414141401,100,80,3639
2026-06-27T20:20:00Z,116.909090909091,66,80,3640
2026-06-27T20:25:00Z,116.909090909091,100,90,3641
2026-06-27T20:30:00Z,116.909090909091,163.4,60,3642
2026-06-27T20:35:00Z,116.909090909091,103.8,100,3643
2026-06-27T20:40:00Z,116.909090909091,70.2,100,3644
2026-06-27T20:45:00Z,116.909090909091,202.8,100,3645
2026-06-27T20:50:00Z,201.533542319749,52.8,260,3646
2026-06-27T20:55:00Z,222.68965517241398,113.2,60,3647
2026-06-27T21:00:00Z,222.68965517241398,190.8,80,3648
2026-06-27T21:05:00Z,222.68965517241398,195.4,80,3649
2026-06-27T21:10:00Z,222.68965517241398,29.2,70,3650
2026-06-27T21:15:00Z,222.68965517241398,350,60,3651
2026-06-27T21:20:00Z,117.95,52,50,3652
2026-06-27T21:25:00Z,117.95,189.2,80,3653
2026-06-27T21:30:00Z,117.95,59.4,90,3654
2026-06-27T21:35:00Z,117.95,302.4,40,3655
2026-06-27T21:40:00Z,117.95,49.6,80,3656
2026-06-27T21:45:00Z,117.95,191.2,20,3657
2026-06-27T21:50:00Z,117.95,281,40,3658
2026-06-27T21:55:00Z,117.95,52.4,60,3659
2026-06-27T22:00:00Z,178.67857142857096,301.6,210.00000000000003,3660
2026-06-27T22:05:00Z,178.67857142857096,196.6,140,3661
2026-06-27T22:10:00Z,178.67857142857096,125.6,40,3662
2026-06-27T22:15:00Z,178.67857142857096,219.6,130,3663
2026-06-27T22:20:00Z,178.67857142857096,187.2,180,3664
2026-06-27T22:25:00Z,136.49199134199102,156,40,3665
2026-06-27T22:30:00Z,73.21212121212119,257.8,70,3666
2026-06-27T22:35:00Z,73.21212121212119,286.2,20,3667
2026-06-27T22:40:00Z,73.21212121212119,861.8,20,3668
2026-06-27T22:45:00Z,73.21212121212119,363,10,3669
2026-06-27T22:50:00Z,73.21212121212119,368.6,70,3670
2026-06-27T22:55:00Z,73.21212121212119,726.4,50,3671
2026-06-27T23:00:00Z,73.21212121212119,687.6,20,3672
2026-06-27T23:05:00Z,73.21212121212119,742,10,3673
2026-06-27T23:10:00Z,73.21212121212119,503,60,3674
2026-06-27T23:15:00Z,73.21212121212119,625.8,0,3675
2026-06-27T23:20:00Z,73.21212121212119,416,10,3676
2026-06-27T23:25:00Z,73.21212121212119,365.8,40,3677
2026-06-27T23:30:00Z,92.96969696969703,489,110,3678
2026-06-27T23:35:00Z,172,235.2,180,3679
2026-06-27T23:40:00Z,172,300.6,110,3680
2026-06-27T23:45:00Z,172,-97.8,30,3681
2026-06-27T23:50:00Z,172,238,30,3682
2026-06-27T23:55:00Z,172,89.6,0,3683
2026-06-28T00:00:00Z,97,137.6,0,3684
2026-06-28T00:05:00Z,97,79.8,60,3685
2026-06-28T00:10:00Z,97,113,40,3686
2026-06-28T00:15:00Z,97,143.8,90,3687
2026-06-28T00:20:00Z,97,82.2,30,3688
2026-06-28T00:25:00Z,97,160.6,40,3689
2026-06-28T00:30:00Z,97,-37.6,-30,3690
2026-06-28T00:35:00Z,97,354.4,0,3691
2026-06-28T00:40:00Z,82.52131147540979,385,20,3692
2026-06-28T00:45:00Z,60.8032786885246,13.4,100,3693
2026-06-28T00:50:00Z,60.8032786885246,128.8,40,3694
2026-06-28T00:55:00Z,60.8032786885246,165.6,50,3695
2026-06-28T01:00:00Z,60.8032786885246,62.4,20,3696
2026-06-28T01:05:00Z,60.8032786885246,86,30,3697
2026-06-28T01:10:00Z,60.8032786885246,100.8,-40,3698
2026-06-28T01:15:00Z,60.8032786885246,241,40,3699
2026-06-28T01:20:00Z,60.8032786885246,165,60,3700
2026-06-28T01:25:00Z,60.8032786885246,-137,0,3701
2026-06-28T01:30:00Z,60.8032786885246,213,60,3702
2026-06-28T01:35:00Z,60.8032786885246,-60.4,20,3703
2026-06-28T01:40:00Z,75.7402973694243,104.2,20,3704
2026-06-28T01:45:00Z,135.48837209302303,120.6,40,3705
2026-06-28T01:50:00Z,135.48837209302303,765.8,120.00000000000001,3706
2026-06-28T01:55:00Z,135.48837209302303,95.4,130,3707
2026-06-28T02:00:00Z,135.48837209302303,-80.4,60,3708
2026-06-28T02:05:00Z,135.48837209302303,243.8,40,3709
2026-06-28T02:10:00Z,135.48837209302303,258.2,-40,3710
2026-06-28T02:15:00Z,135.48837209302303,-374,40,3711
2026-06-28T02:20:00Z,135.48837209302303,358,30,3712
2026-06-28T02:25:00Z,116.45492330529503,-220,10,3713
2026-06-28T02:30:00Z,103.765957446809,206,20,3714
2026-06-28T02:35:00Z,103.765957446809,-65.2,10,3715
2026-06-28T02:40:00Z,103.765957446809,403.8,0,3716
2026-06-28T02:45:00Z,103.765957446809,166.6,20,3717
2026-06-28T02:50:00Z,103.765957446809,-247,10,3718
2026-06-28T02:55:00Z,103.765957446809,26.2,150.00000000000003,3719
2026-06-28T03:00:00Z,103.765957446809,182.6,70,3720
2026-06-28T03:05:00Z,103.765957446809,32,110,3721
2026-06-28T03:10:00Z,102.260914105595,-137.8,110,3722
2026-06-28T03:15:00Z,96.2407407407407,341.2,0,3723
2026-06-28T03:20:00Z,96.2407407407407,272.4,80,3724
2026-06-28T03:25:00Z,96.2407407407407,174.8,30,3725
2026-06-28T03:30:00Z,96.2407407407407,38,10,3726
2026-06-28T03:35:00Z,96.2407407407407,-31.8,130,3727
2026-06-28T03:40:00Z,96.2407407407407,94.6,60,3728
2026-06-28T03:45:00Z,96.2407407407407,-124,-20,3729
2026-06-28T03:50:00Z,96.2407407407407,173,0,3730
2026-06-28T03:55:00Z,96.2407407407407,254.2,10,3731
2026-06-28T04:05:00Z,123.01340996168601,311.4,20,3732
2026-06-28T04:10:00Z,163.17241379310298,-215,40,3733
2026-06-28T04:15:00Z,163.17241379310298,21,10,3734
2026-06-28T04:20:00Z,163.17241379310298,-30.6,60,3735
2026-06-28T04:25:00Z,163.17241379310298,-92.4,100,3736
2026-06-28T04:30:00Z,163.17241379310298,-91,90,3737
2026-06-28T04:35:00Z,136.998965517241,738,60,3738
2026-06-28T04:40:00Z,119.55,-28.2,200,3739
2026-06-28T04:45:00Z,119.55,-13,70,3740
2026-06-28T04:50:00Z,119.55,-204.6,30,3741
2026-06-28T04:55:00Z,119.55,-65.4,10,3742
2026-06-28T05:00:00Z,119.55,-61.4,0,3743
2026-06-28T05:05:00Z,119.55,260.8,30,3744
2026-06-28T05:10:00Z,119.55,-37,40,3745
2026-06-28T05:15:00Z,191.465454545455,-75.8,40,3746
2026-06-28T05:20:00Z,239.409090909091,211,90,3747
2026-06-28T05:25:00Z,239.409090909091,-67.2,110,3748
2026-06-28T05:30:00Z,239.409090909091,66.6,-20,3749
2026-06-28T05:35:00Z,211.45804195804203,54.2,90,3750
2026-06-28T05:40:00Z,99.65384615384617,345.2,70,3751
2026-06-28T05:45:00Z,99.65384615384617,185.4,50,3752
2026-06-28T05:50:00Z,99.65384615384617,320.8,30,3753
2026-06-28T05:55:00Z,99.65384615384617,132.8,30,3754
2026-06-28T06:00:00Z,99.65384615384617,-343.4,100,3755
2026-06-28T06:05:00Z,99.65384615384617,-6.8,0,3756
2026-06-28T06:10:00Z,99.65384615384617,-53.8,40,3757
2026-06-28T06:15:00Z,99.65384615384617,-45.8,50,3758
2026-06-28T06:20:00Z,99.65384615384617,64,30,3759
2026-06-28T06:25:00Z,99.65384615384617,100.8,110,3760
2026-06-28T06:30:00Z,214.04276923076898,-68.4,140,3761
2026-06-28T06:35:00Z,242.64,289.6,100,3762
2026-06-28T06:40:00Z,242.64,-148.6,80,3763
2026-06-28T06:45:00Z,242.64,507.8,110,3764
2026-06-28T06:50:00Z,242.64,213.2,50,3765
2026-06-28T06:55:00Z,208.49163636363605,19.6,80,3766
2026-06-28T07:00:00Z,199.95454545454498,248,40,3767
2026-06-28T07:05:00Z,199.95454545454498,-252.6,40,3768
2026-06-28T07:10:00Z,199.95454545454498,17.2,10,3769
2026-06-28T07:15:00Z,599.1727272727271,146.4,70,3770
2026-06-28T07:20:00Z,1068.2666666666603,64.8,10,3771
2026-06-28T07:25:00Z,1003.1733333333302,-128.4,80,3772
2026-06-28T07:30:00Z,892.06,273.6,10,3773
2026-06-28T07:35:00Z,837.3285714285721,-44.4,30,3774
2026-06-28T07:40:00Z,844.571428571429,42.2,90,3775
2026-06-28T07:45:00Z,1404.45,-82.2,370,3776
2026-06-28T07:50:00Z,1545.2833333333297,145.4,60,3777
2026-06-28T07:55:00Z,971.2666666666661,74.6,40,3778
2026-06-28T08:00:00Z,639.4923076923079,-18,20,3779
2026-06-28T08:05:00Z,403.230769230769,129.2,70,3780
2026-06-28T08:10:00Z,403.230769230769,289,30,3781
2026-06-28T08:15:00Z,389.2,160.6,110,3782
2026-06-28T08:20:00Z,385.692307692308,262.2,60,3783
2026-06-28T08:25:00Z,415.909401709402,-256,450,3784
2026-06-28T08:30:00Z,536.7777777777782,346,580,3785
2026-06-28T08:35:00Z,586.4095238095239,208.6,460,3786
2026-06-28T08:40:00Z,660.8571428571429,75.8,620,3787
2026-06-28T08:45:00Z,828.4,-208.6,420.00000000000006,3788
2026-06-28T08:50:00Z,609.875,36.4,490,3789
2026-06-28T08:55:00Z,487.9431818181819,137,880,3790
2026-06-28T09:00:00Z,305.045454545455,-21.2,770,3791
2026-06-28T09:05:00Z,305.045454545455,193,410.00000000000006,3792
2026-06-28T09:10:00Z,305.045454545455,317.8,190,3793
2026-06-28T09:15:00Z,305.045454545455,168.8,370,3794
2026-06-28T09:20:00Z,386.4285714285709,-99.8,210.00000000000003,3795
2026-06-28T09:25:00Z,386.4285714285709,114.2,329.99999999999994,3796
2026-06-28T09:30:00Z,360.413445378151,287,400,3797
2026-06-28T09:35:00Z,256.35294117647106,1.8,329.99999999999994,3798
2026-06-28T09:40:00Z,256.35294117647106,-61.2,420.00000000000006,3799
2026-06-28T09:45:00Z,256.35294117647106,-10.6,250,3800
2026-06-28T09:50:00Z,477.93725490196096,337.6,180,3801
2026-06-28T09:55:00Z,533.333333333333,-93.8,380,3802
2026-06-28T10:00:00Z,533.333333333333,102.8,490,3803
2026-06-28T10:05:00Z,508.826666666667,169.6,339.99999999999994,3804
2026-06-28T10:10:00Z,502.7,47.6,180,3805
2026-06-28T10:15:00Z,280.01826086956606,400,180,3806
2026-06-28T10:20:00Z,224.347826086957,202.8,100,3807
2026-06-28T10:25:00Z,224.347826086957,237.4,210.00000000000003,3808
2026-06-28T10:30:00Z,224.347826086957,183.2,240.00000000000003,3809
2026-06-28T10:35:00Z,207.40553359683796,-103,220,3810
2026-06-28T10:40:00Z,139.63636363636397,331.8,240.00000000000003,3811
2026-06-28T10:45:00Z,139.63636363636397,41,140,3812
2026-06-28T10:50:00Z,139.63636363636397,90.8,90,3813
2026-06-28T10:55:00Z,139.63636363636397,-56,220,3814
2026-06-28T11:00:00Z,139.63636363636397,61,280,3815
2026-06-28T11:05:00Z,139.63636363636397,65.8,270,3816
2026-06-28T11:10:00Z,139.63636363636397,181.6,210.00000000000003,3817
2026-06-28T11:15:00Z,139.63636363636397,237.6,329.99999999999994,3818
2026-06-28T11:20:00Z,139.63636363636397,-87.8,270,3819
2026-06-28T11:25:00Z,139.63636363636397,27.2,350,3820
2026-06-28T11:30:00Z,185.878321678322,434.2,270,3821
2026-06-28T11:35:00Z,370.8461538461539,395.8,180,3822
2026-06-28T11:40:00Z,370.8461538461539,192.4,120.00000000000001,3823
2026-06-28T11:45:00Z,233.044343891403,-99,120.00000000000001,3824
2026-06-28T11:50:00Z,141.17647058823502,-73.2,110,3825
2026-06-28T11:55:00Z,141.17647058823502,296,70,3826
2026-06-28T12:00:00Z,141.17647058823502,23,80,3827
2026-06-28T12:05:00Z,141.17647058823502,341.8,70,3828
2026-06-28T12:10:00Z,141.17647058823502,-94.8,130,3829
2026-06-28T12:15:00Z,141.17647058823502,619.6,70,3830
2026-06-28T12:20:00Z,3840.1977941176497,961.8,60,3831
2026-06-28T12:25:00Z,342.90624999999994,917,0,3832
2026-06-28T12:30:00Z,342.90624999999994,855.2,60,3833
2026-06-28T12:35:00Z,342.90624999999994,757.4,80,3834
2026-06-28T12:40:00Z,342.90624999999994,604.6,50,3835
2026-06-28T12:45:00Z,342.90624999999994,1354.8,480.00000000000006,3836
2026-06-28T12:50:00Z,342.90624999999994,1261.8,90,3837
2026-06-28T12:55:00Z,72.0633802816901,1004.6,50,3838
2026-06-28T13:00:00Z,72.0633802816901,310.6,100,3839
2026-06-28T13:05:00Z,72.0633802816901,751.8,160,3840
2026-06-28T13:10:00Z,72.0633802816901,251.4,110,3841
2026-06-28T13:15:00Z,72.0633802816901,475.6,60,3842
2026-06-28T13:20:00Z,72.0633802816901,473,0,3843
2026-06-28T13:25:00Z,72.0633802816901,409.6,100,3844
2026-06-28T13:30:00Z,72.0633802816901,533.8,3680,3845
2026-06-28T13:35:00Z,72.0633802816901,556.4,380,3846
2026-06-28T13:40:00Z,72.0633802816901,440,310,3847
2026-06-28T13:45:00Z,72.0633802816901,691.6,210.00000000000003,3848
2026-06-28T13:50:00Z,72.0633802816901,741.4,0,3849
2026-06-28T13:55:00Z,72.0633802816901,730.6,110,3850
2026-06-28T14:00:00Z,72.0633802816901,6.8,20,3851
2026-06-28T14:05:00Z,72.0633802816901,488.8,240.00000000000003,3852
2026-06-28T14:10:00Z,72.0633802816901,-106.2,150.00000000000003,3853
2026-06-28T14:15:00Z,72.0633802816901,335.4,80,3854
2026-06-28T14:20:00Z,72.0633802816901,391.6,50,3855
2026-06-28T14:25:00Z,72.0633802816901,293.4,60,3856
2026-06-28T14:30:00Z,72.0633802816901,537.6,40,3857
2026-06-28T14:35:00Z,72.0633802816901,390.2,100,3858
2026-06-28T14:40:00Z,72.0633802816901,133.4,50,3859
2026-06-28T14:45:00Z,72.0633802816901,102.8,150.00000000000003,3860
2026-06-28T14:50:00Z,72.0633802816901,702.8,20,3861
2026-06-28T14:55:00Z,72.0633802816901,467.2,70,3862
2026-06-28T15:00:00Z,72.0633802816901,-22.4,10,3863
2026-06-28T15:05:00Z,72.0633802816901,817.2,30,3864
2026-06-28T15:10:00Z,72.0633802816901,276.2,70,3865
2026-06-28T15:15:00Z,227.49594034797005,588.4,50,3866
2026-06-28T15:20:00Z,331.117647058824,335.4,10,3867
2026-06-28T15:25:00Z,331.117647058824,128.2,110,3868
2026-06-28T15:30:00Z,326.327450980393,335.2,10,3869
2026-06-28T15:35:00Z,307.166666666667,378.6,10,3870
2026-06-28T15:40:00Z,307.166666666667,255,220,3871
2026-06-28T15:45:00Z,307.166666666667,181,80,3872
2026-06-28T15:50:00Z,309.866666666667,95.8,170,3873
2026-06-28T15:55:00Z,311.666666666667,174.2,130,3874
2026-06-28T16:00:00Z,311.666666666667,128.8,70,3875
2026-06-28T16:05:00Z,311.666666666667,161.8,90,3876
2026-06-28T16:10:00Z,198.96428571428598,242.8,90,3877
2026-06-28T16:15:00Z,198.96428571428598,75.4,10,3878
2026-06-28T16:20:00Z,198.96428571428598,-138.6,60,3879
2026-06-28T16:25:00Z,198.96428571428598,159.6,220,3880
2026-06-28T16:30:00Z,198.96428571428598,158.6,380,3881
2026-06-28T16:35:00Z,367.55,902.4,150.00000000000003,3882
2026-06-28T16:40:00Z,620.4285714285711,86.2,280,3883
2026-06-28T16:45:00Z,224.15,102.8,80,3884
2026-06-28T16:50:00Z,224.15,-64.8,70,3885
2026-06-28T16:55:00Z,224.15,385.8,160,3886
2026-06-28T17:00:00Z,224.15,302.4,329.99999999999994,3887
2026-06-28T17:05:00Z,359.4117647058819,-5.8,80,3888
2026-06-28T17:10:00Z,359.4117647058819,44.4,270,3889
2026-06-28T17:15:00Z,359.4117647058819,29.8,220,3890
2026-06-28T17:20:00Z,323.76470588235304,5318.2,110,3891
2026-06-28T17:25:00Z,300,601.2,160,3892
2026-06-28T17:30:00Z,300,495.8,130,3893
2026-06-28T17:35:00Z,300,318.8,140,3894
2026-06-28T17:40:00Z,340.307692307692,-80.2,80,3895
2026-06-28T17:45:00Z,350.384615384615,268,80,3896
2026-06-28T17:50:00Z,472.58769230769195,-627.4,300,3897
2026-06-28T17:55:00Z,823.3547826086962,861.6,160,3898
2026-06-28T18:00:00Z,271.17391304347797,1306,80,3899
2026-06-28T18:05:00Z,271.17391304347797,-412.4,100,3900
2026-06-28T18:10:00Z,271.17391304347797,123.4,60,3901
2026-06-28T18:15:00Z,271.17391304347797,-8,80,3902
2026-06-28T18:20:00Z,221.01571906354496,-191.2,70,3903
2026-06-28T18:25:00Z,187.576923076923,616.6,120.00000000000001,3904
2026-06-28T18:30:00Z,187.576923076923,-21,200,3905
2026-06-28T18:35:00Z,187.576923076923,-441.4,180,3906
2026-06-28T18:40:00Z,187.576923076923,181.4,230,3907
2026-06-28T18:45:00Z,158.58782051282103,234.8,80,3908
2026-06-28T18:50:00Z,115.10416666666701,-313.4,170,3909
2026-06-28T18:55:00Z,115.10416666666701,230.6,190,3910
2026-06-28T19:00:00Z,115.10416666666701,460.4,350,3911
2026-06-28T19:05:00Z,115.10416666666701,-55,470.00000000000006,3912
2026-06-28T19:10:00Z,115.10416666666701,116.8,150.00000000000003,3913
2026-06-28T19:15:00Z,115.10416666666701,177.8,80,3914
2026-06-28T19:20:00Z,115.10416666666701,153.2,60,3915
2026-06-28T19:25:00Z,115.10416666666701,-402.6,140,3916
2026-06-28T19:30:00Z,115.10416666666701,667.8,290.00000000000006,3917
2026-06-28T19:35:00Z,162.670833333333,443.8,180,3918
2026-06-28T19:40:00Z,174.5625,142.2,170,3919
2026-06-28T19:45:00Z,174.5625,37.4,90,3920
2026-06-28T19:50:00Z,174.5625,-442.2,40,3921
2026-06-28T19:55:00Z,174.5625,775.4,60,3922
2026-06-28T20:00:00Z,174.5625,-299.8,90,3923
2026-06-28T20:05:00Z,130.9775,217.4,50,3924
2026-06-28T20:10:00Z,65.6,-27.8,-10,3925
2026-06-28T20:15:00Z,65.6,559.4,50,3926
2026-06-28T20:20:00Z,65.6,635.2,120.00000000000001,3927
2026-06-28T20:25:00Z,65.6,122,120.00000000000001,3928
2026-06-28T20:30:00Z,65.6,432.6,90,3929
2026-06-28T20:35:00Z,65.6,301.2,60,3930
2026-06-28T20:40:00Z,65.6,168.6,30,3931
2026-06-28T20:45:00Z,65.6,355.2,160,3932
2026-06-28T20:50:00Z,65.6,199,150.00000000000003,3933
2026-06-28T20:55:00Z,65.6,408.6,140,3934
2026-06-28T21:00:00Z,65.6,350.6,130,3935
2026-06-28T21:05:00Z,65.6,541.8,60,3936
2026-06-28T21:10:00Z,65.6,-3,30,3937
2026-06-28T21:15:00Z,65.6,194.8,10,3938
2026-06-28T21:20:00Z,65.6,447.2,0,3939
2026-06-28T21:25:00Z,65.6,300.8,10,3940
2026-06-28T21:30:00Z,65.6,85,60,3941
2026-06-28T21:35:00Z,65.6,185,10,3942
2026-06-28T21:40:00Z,60.1988349514563,333.8,0,3943
2026-06-28T21:45:00Z,52.09708737864079,448.4,70,3944
2026-06-28T21:50:00Z,52.09708737864079,-74.4,40,3945
2026-06-28T21:55:00Z,52.09708737864079,375.8,30,3946
2026-06-28T22:00:00Z,52.09708737864079,120.8,10,3947
2026-06-28T22:05:00Z,52.09708737864079,410.2,80,3948
2026-06-28T22:10:00Z,52.09708737864079,333.4,80,3949
2026-06-28T22:15:00Z,52.09708737864079,-172.2,30,3950
2026-06-28T22:20:00Z,52.09708737864079,710.8,40,3951
2026-06-28T22:25:00Z,52.09708737864079,92.4,20,3952
2026-06-28T22:30:00Z,52.09708737864079,635.4,0,3953
2026-06-28T22:35:00Z,52.09708737864079,-165.6,20,3954
2026-06-28T22:40:00Z,52.09708737864079,345,40,3955
2026-06-28T22:45:00Z,52.09708737864079,406,-50,3956
2026-06-28T22:50:00Z,52.09708737864079,411.6,30,3957
2026-06-28T22:55:00Z,52.09708737864079,868.4,70,3958
2026-06-28T23:00:00Z,52.09708737864079,148.4,10,3959
2026-06-28T23:05:00Z,52.09708737864079,140.4,30,3960
2026-06-28T23:10:00Z,52.09708737864079,-76.8,60,3961
2026-06-28T23:15:00Z,52.09708737864079,780.6,70,3962
2026-06-28T23:20:00Z,52.09708737864079,214.2,80,3963
2026-06-28T23:25:00Z,72.5769932333039,347.2,20,3964
2026-06-28T23:30:00Z,77.6969696969697,205.2,20,3965
2026-06-28T23:35:00Z,77.6969696969697,14.4,40,3966
2026-06-28T23:40:00Z,77.6969696969697,33.2,10,3967
2026-06-28T23:45:00Z,77.6969696969697,451,20,3968
2026-06-28T23:50:00Z,77.6969696969697,16.8,20,3969
2026-06-28T23:55:00Z,77.6969696969697,155.6,10,3970
2026-06-29T00:00:00Z,23.7632850241546,-126.4,0,3971
2026-06-29T00:05:00Z,23.7632850241546,115.8,0,3972
2026-06-29T00:10:00Z,23.7632850241546,218.2,0,3973
2026-06-29T00:15:00Z,23.7632850241546,383.4,0,3974
2026-06-29T00:20:00Z,23.7632850241546,143,0,3975
2026-06-29T00:25:00Z,23.7632850241546,-81,20,3976
2026-06-29T00:30:00Z,23.7632850241546,-67.6,30,3977
2026-06-29T00:35:00Z,23.7632850241546,478,100,3978
2026-06-29T00:40:00Z,23.7632850241546,102.2,20,3979
2026-06-29T00:45:00Z,23.7632850241546,218.2,0,3980
2026-06-29T00:50:00Z,23.7632850241546,198.2,50,3981
2026-06-29T00:55:00Z,23.7632850241546,260.6,40,3982
2026-06-29T01:00:00Z,23.7632850241546,-22.6,50,3983
2026-06-29T01:05:00Z,23.7632850241546,-17.4,-10,3984
2026-06-29T01:10:00Z,23.7632850241546,23,10,3985
2026-06-29T01:15:00Z,23.7632850241546,172.8,0,3986
2026-06-29T01:20:00Z,23.7632850241546,144.6,30,3987
2026-06-29T01:25:00Z,23.7632850241546,-29,0,3988
2026-06-29T01:30:00Z,23.7632850241546,-235.2,10,3989
2026-06-29T01:35:00Z,23.7632850241546,324.4,50,3990
2026-06-29T01:40:00Z,23.7632850241546,108.8,10,3991
2026-06-29T01:45:00Z,23.7632850241546,-20.6,20,3992
2026-06-29T01:50:00Z,23.7632850241546,-122.6,30,3993
2026-06-29T01:55:00Z,23.7632850241546,289.8,0,3994
2026-06-29T02:00:00Z,23.7632850241546,179.2,0,3995
2026-06-29T02:05:00Z,23.7632850241546,101.4,20,3996
2026-06-29T02:10:00Z,23.7632850241546,71.8,30,3997
2026-06-29T02:15:00Z,23.7632850241546,55.4,40,3998
2026-06-29T02:20:00Z,23.7632850241546,-201.2,50,3999
2026-06-29T02:25:00Z,23.7632850241546,160.6,40,4000
2026-06-29T02:30:00Z,23.7632850241546,166,0,4001
2026-06-29T02:35:00Z,23.7632850241546,-436,0,4002
2026-06-29T02:40:00Z,23.7632850241546,149.2,20,4003
2026-06-29T02:45:00Z,23.7632850241546,308.2,40,4004
2026-06-29T02:50:00Z,23.7632850241546,-180,-10,4005
2026-06-29T02:55:00Z,23.7632850241546,26.2,30,4006
2026-06-29T03:00:00Z,23.7632850241546,148.8,0,4007
2026-06-29T03:05:00Z,23.7632850241546,104.2,20,4008
2026-06-29T03:10:00Z,23.7632850241546,39.2,0,4009
2026-06-29T03:15:00Z,23.7632850241546,79,10,4010
2026-06-29T03:20:00Z,23.7632850241546,124.4,10,4011
2026-06-29T03:25:00Z,40.24809447128289,-42.2,20,4012
2026-06-29T03:30:00Z,64.9753086419753,-40.2,20,4013
2026-06-29T03:35:00Z,64.9753086419753,-92.2,-10,4014
2026-06-29T03:40:00Z,64.9753086419753,256,0,4015
2026-06-29T03:45:00Z,64.9753086419753,74,30,4016
2026-06-29T03:50:00Z,64.9753086419753,-86.4,-40,4017
2026-06-29T03:55:00Z,64.9753086419753,-218.6,0,4018
2026-06-29T04:05:00Z,64.9753086419753,-85,0,4019
2026-06-29T04:10:00Z,64.9753086419753,-78,0,4020
2026-06-29T04:15:00Z,64.9753086419753,65.6,10,4021
2026-06-29T04:20:00Z,64.9753086419753,16.2,20,4022
2026-06-29T04:25:00Z,64.9753086419753,428.2,10,4023
2026-06-29T04:30:00Z,64.9753086419753,150,0,4024
2026-06-29T04:35:00Z,64.9753086419753,-61.4,20,4025
2026-06-29T04:40:00Z,64.9753086419753,21,20,4026
2026-06-29T04:45:00Z,60.217645287564,47,0,4027
2026-06-29T04:50:00Z,41.1869918699187,47.2,0,4028
2026-06-29T04:55:00Z,41.1869918699187,-97.8,0,4029
2026-06-29T05:00:00Z,41.1869918699187,-58,0,4030
2026-06-29T05:05:00Z,41.1869918699187,-33.6,20,4031
2026-06-29T05:10:00Z,41.1869918699187,220.8,30,4032
2026-06-29T05:15:00Z,41.1869918699187,-178,0,4033
2026-06-29T05:20:00Z,41.1869918699187,248.8,10,4034
2026-06-29T05:25:00Z,41.1869918699187,-133.8,60,4035
2026-06-29T05:30:00Z,41.1869918699187,56.8,40,4036
2026-06-29T05:35:00Z,41.1869918699187,-14.6,0,4037
2026-06-29T05:40:00Z,41.1869918699187,238.8,10,4038
2026-06-29T05:45:00Z,41.1869918699187,-297,10,4039
2026-06-29T05:50:00Z,41.1869918699187,183.6,210.00000000000003,4040
2026-06-29T05:55:00Z,41.1869918699187,83,20,4041
2026-06-29T06:00:00Z,41.1869918699187,68.6,80,4042
2026-06-29T06:05:00Z,41.1869918699187,56,10,4043
2026-06-29T06:10:00Z,41.1869918699187,31,20,4044
2026-06-29T06:15:00Z,41.1869918699187,222.4,30,4045
2026-06-29T06:20:00Z,41.1869918699187,-174.6,30,4046
2026-06-29T06:25:00Z,41.1869918699187,-44.6,30,4047
2026-06-29T06:30:00Z,41.1869918699187,12.8,0,4048
2026-06-29T06:35:00Z,41.1869918699187,90.8,10,4049
2026-06-29T06:40:00Z,41.1869918699187,-146.4,0,4050
2026-06-29T06:45:00Z,41.1869918699187,268.2,0,4051
2026-06-29T06:50:00Z,98.36710444027491,-194.2,0,4052
2026-06-29T06:55:00Z,136.48717948717905,98.4,10,4053
2026-06-29T07:00:00Z,136.48717948717905,67.2,0,4054
2026-06-29T07:05:00Z,136.48717948717905,36.4,10,4055
2026-06-29T07:10:00Z,136.48717948717905,-247.8,20,4056
2026-06-29T07:15:00Z,136.48717948717905,209.2,0,4057
2026-06-29T07:20:00Z,136.48717948717905,124.6,10,4058
2026-06-29T07:25:00Z,136.48717948717905,-29.8,80,4059
2026-06-29T07:30:00Z,227.10543589743602,-207.4,20,4060
2026-06-29T07:35:00Z,249.76,213.6,0,4061
2026-06-29T07:40:00Z,249.76,-195.4,10,4062
2026-06-29T07:45:00Z,249.76,-21.4,20,4063
2026-06-29T07:50:00Z,249.76,351.2,20,4064
2026-06-29T07:55:00Z,284.65200000000004,62.2,40,4065
2026-06-29T08:00:00Z,293.375,-382.2,20,4066
2026-06-29T08:05:00Z,293.375,373.8,30,4067
2026-06-29T08:10:00Z,275.6,-46,20,4068
2026-06-29T08:15:00Z,263.75,21,30,4069
2026-06-29T08:20:00Z,263.75,-54.4,130,4070
2026-06-29T08:25:00Z,263.75,171.2,20,4071
2026-06-29T08:30:00Z,286.63333333333304,47.4,110,4072
2026-06-29T08:35:00Z,301.88888888888897,110.8,150.00000000000003,4073
2026-06-29T08:40:00Z,301.88888888888897,-1,140,4074
2026-06-29T08:45:00Z,301.88888888888897,-119.6,60,4075
2026-06-29T08:50:00Z,414.8461538461539,217,70,4076
2026-06-29T08:55:00Z,414.8461538461539,-167.6,90,4077
2026-06-29T09:00:00Z,374.201809954751,112.6,170,4078
2026-06-29T09:05:00Z,313.23529411764696,-74.4,200,4079
2026-06-29T09:10:00Z,313.23529411764696,-13.8,120.00000000000001,4080
2026-06-29T09:15:00Z,313.23529411764696,147.8,100,4081
2026-06-29T09:20:00Z,172.14285714285697,46.6,60,4082
2026-06-29T09:25:00Z,172.14285714285697,-106.8,140,4083
2026-06-29T09:30:00Z,172.14285714285697,48.6,180,4084
2026-06-29T09:35:00Z,172.14285714285697,149.2,110,4085
2026-06-29T09:40:00Z,172.14285714285697,291.2,200,4086
2026-06-29T09:45:00Z,158.38201058201105,-11.6,110,4087
2026-06-29T09:50:00Z,137.74074074074096,319,50,4088
2026-06-29T09:55:00Z,137.74074074074096,33.4,200,4089
2026-06-29T10:00:00Z,137.74074074074096,78.4,150.00000000000003,4090
2026-06-29T10:05:00Z,137.74074074074096,61.4,190,4091
2026-06-29T10:10:00Z,137.74074074074096,-29.2,329.99999999999994,4092
2026-06-29T10:15:00Z,21.4918566775244,107,190,4093
2026-06-29T10:20:00Z,21.4918566775244,-181.2,160,4094
2026-06-29T10:25:00Z,21.4918566775244,88.2,90,4095
2026-06-29T10:30:00Z,21.4918566775244,150.2,230,4096
2026-06-29T10:35:00Z,21.4918566775244,-209.6,80,4097
2026-06-29T10:40:00Z,21.4918566775244,94,100,4098
2026-06-29T10:45:00Z,21.4918566775244,53.8,50,4099
2026-06-29T10:50:00Z,21.4918566775244,-119.4,30,4100
2026-06-29T10:55:00Z,21.4918566775244,136,100,4101
2026-06-29T11:00:00Z,21.4918566775244,-24.2,110,4102
2026-06-29T11:05:00Z,21.4918566775244,-22.4,40,4103
2026-06-29T11:10:00Z,21.4918566775244,-38.2,10,4104
2026-06-29T11:15:00Z,21.4918566775244,196.6,110,4105
2026-06-29T11:20:00Z,21.4918566775244,13.4,80,4106
2026-06-29T11:25:00Z,21.4918566775244,-20,170,4107
2026-06-29T11:30:00Z,21.4918566775244,-2.8,100,4108
2026-06-29T11:35:00Z,21.4918566775244,17,160,4109
2026-06-29T11:40:00Z,21.4918566775244,-12.6,30,4110
2026-06-29T11:45:00Z,21.4918566775244,234.4,60,4111
2026-06-29T11:50:00Z,21.4918566775244,105.2,110,4112
2026-06-29T11:55:00Z,21.4918566775244,18.6,100,4113
2026-06-29T12:00:00Z,21.4918566775244,4.4,90,4114
2026-06-29T12:05:00Z,21.4918566775244,115.4,-10,4115
2026-06-29T12:10:00Z,21.4918566775244,75.4,-30,4116
2026-06-29T12:15:00Z,21.4918566775244,31,50,4117
2026-06-29T12:20:00Z,21.4918566775244,152.2,20,4118
2026-06-29T12:25:00Z,21.4918566775244,295.2,0,4119
2026-06-29T12:30:00Z,21.4918566775244,296.6,-10,4120
2026-06-29T12:35:00Z,21.4918566775244,135.8,40,4121
2026-06-29T12:40:00Z,21.4918566775244,34,0,4122
2026-06-29T12:45:00Z,21.4918566775244,226.2,0,4123
2026-06-29T12:50:00Z,21.4918566775244,262.6,20,4124
2026-06-29T12:55:00Z,21.4918566775244,431.6,10,4125
2026-06-29T13:00:00Z,21.4918566775244,163.4,30,4126
2026-06-29T13:05:00Z,21.4918566775244,252.6,70,4127
2026-06-29T13:10:00Z,21.4918566775244,81.6,0,4128
2026-06-29T13:15:00Z,21.4918566775244,220.2,-40,4129
2026-06-29T13:20:00Z,21.4918566775244,381.4,0,4130
2026-06-29T13:25:00Z,21.4918566775244,40.2,60,4131
2026-06-29T13:30:00Z,21.4918566775244,412.4,150.00000000000003,4132
2026-06-29T13:35:00Z,21.4918566775244,361.8,10,4133
2026-06-29T13:40:00Z,21.4918566775244,101.6,-30,4134
2026-06-29T13:45:00Z,21.4918566775244,167.6,30,4135
2026-06-29T13:50:00Z,21.4918566775244,377.6,20,4136
2026-06-29T13:55:00Z,21.4918566775244,118.8,40,4137
2026-06-29T14:00:00Z,21.4918566775244,726.4,30,4138
2026-06-29T14:05:00Z,21.4918566775244,240.6,-10,4139
2026-06-29T14:10:00Z,21.4918566775244,276,0,4140
2026-06-29T14:15:00Z,21.4918566775244,195.4,20,4141
2026-06-29T14:20:00Z,21.4918566775244,428.6,40,4142
2026-06-29T14:25:00Z,21.4918566775244,91,90,4143
2026-06-29T14:30:00Z,21.4918566775244,175.2,80,4144
2026-06-29T14:35:00Z,21.4918566775244,97.4,40,4145
2026-06-29T14:40:00Z,21.4918566775244,21.8,10,4146
2026-06-29T14:45:00Z,21.4918566775244,180,-20,4147
2026-06-29T14:50:00Z,21.4918566775244,179,50,4148
2026-06-29T14:55:00Z,21.4918566775244,191,40,4149
2026-06-29T15:00:00Z,21.4918566775244,152.4,0,4150
2026-06-29T15:05:00Z,21.4918566775244,76.4,20,4151
2026-06-29T15:10:00Z,21.4918566775244,37.2,20,4152
2026-06-29T15:15:00Z,21.4918566775244,261.8,70,4153
2026-06-29T15:20:00Z,97.54219721646417,258.4,10,4154
2026-06-29T15:25:00Z,148.24242424242402,370.8,0,4155
2026-06-29T15:30:00Z,148.24242424242402,-108.4,60,4156
2026-06-29T15:35:00Z,148.24242424242402,311.4,20,4157
2026-06-29T15:40:00Z,148.24242424242402,280.2,90,4158
2026-06-29T15:45:00Z,148.24242424242402,157.6,60,4159
2026-06-29T15:50:00Z,148.24242424242402,-79.4,80,4160
2026-06-29T15:55:00Z,198.25,97.6,60,4161
2026-06-29T16:00:00Z,198.25,-26,50,4162
2026-06-29T16:05:00Z,198.25,-104.2,60,4163
2026-06-29T16:10:00Z,198.25,79.6,100,4164
2026-06-29T16:15:00Z,201.46666666666698,53.8,90,4165
2026-06-29T16:20:00Z,214.33333333333303,5.4,90,4166
2026-06-29T16:25:00Z,214.33333333333303,107,80,4167
2026-06-29T16:30:00Z,214.33333333333303,-80.6,80,4168
2026-06-29T16:35:00Z,214.33333333333303,-35,140,4169
2026-06-29T16:40:00Z,217.92727272727302,51.4,110,4170
2026-06-29T16:45:00Z,223.318181818182,-35,70,4171
2026-06-29T16:50:00Z,223.318181818182,195.2,70,4172
2026-06-29T16:55:00Z,223.318181818182,-80.2,110,4173
2026-06-29T17:00:00Z,223.318181818182,-55.4,30,4174
2026-06-29T17:05:00Z,301.2941176470589,40.8,130,4175
2026-06-29T17:10:00Z,301.2941176470589,68,100,4176
2026-06-29T17:15:00Z,301.2941176470589,-70.8,30,4177
2026-06-29T17:20:00Z,327.07764705882397,112.6,110,4178
2026-06-29T17:25:00Z,344.266666666667,42.6,210.00000000000003,4179
2026-06-29T17:30:00Z,344.266666666667,-8.4,170,4180
2026-06-29T17:35:00Z,382.806666666667,-24.8,130,4181
2026-06-29T17:40:00Z,408.5,11.2,80,4182
2026-06-29T17:45:00Z,575,-54.2,80,4183
2026-06-29T17:50:00Z,978.5333333333331,54.2,110,4184
2026-06-29T17:55:00Z,584.833333333333,9.4,110,4185
2026-06-29T18:00:00Z,584.833333333333,15,130,4186
2026-06-29T18:05:00Z,406.58333333333303,-22.8,20,4187
2026-06-29T18:10:00Z,406.58333333333303,127.6,160,4188
2026-06-29T18:15:00Z,496.233333333333,111.8,120.00000000000001,4189
2026-06-29T18:20:00Z,556,11,230,4190
2026-06-29T18:25:00Z,478.88,-0.8,360,4191
2026-06-29T18:30:00Z,459.6,-43.6,320,4192
2026-06-29T18:35:00Z,399.2914285714289,33.6,220,4193
2026-06-29T18:40:00Z,384.214285714286,80,190,4194
2026-06-29T18:45:00Z,384.214285714286,59,320,4195
2026-06-29T18:50:00Z,476,76,200,4196
2026-06-29T18:55:00Z,570.5333333333331,-8.6,210.00000000000003,4197
2026-06-29T19:00:00Z,948.6666666666671,-60.8,1200,4198
2026-06-29T19:05:00Z,498.454545454545,119.2,530,4199
2026-06-29T19:10:00Z,498.454545454545,-36.4,280,4200
2026-06-29T19:15:00Z,392.1175757575749,170.4,280,4201
2026-06-29T19:20:00Z,365.533333333333,-53.8,270,4202
2026-06-29T19:25:00Z,365.533333333333,61.4,290.00000000000006,4203
2026-06-29T19:30:00Z,538.528888888889,213.6,300,4204
2026-06-29T19:35:00Z,581.7777777777782,-38.2,300,4205
2026-06-29T19:40:00Z,716.555555555556,186.8,260,4206
2026-06-29T19:45:00Z,698.6888888888891,87,260,4207
2026-06-29T19:50:00Z,627.222222222222,169.8,210.00000000000003,4208
2026-06-29T19:55:00Z,586.6888888888891,-0.2,250,4209
2026-06-29T20:00:00Z,525.888888888889,265.2,260,4210
2026-06-29T20:05:00Z,735.155555555556,168,250,4211
2026-06-29T20:10:00Z,766.75,131.4,669.9999999999999,4212
2026-06-29T20:15:00Z,604.875,110.8,339.99999999999994,4213
2026-06-29T20:20:00Z,710.7750000000001,174.4,210.00000000000003,4214
2026-06-29T20:25:00Z,763.966666666667,240.6,220,4215
2026-06-29T20:30:00Z,870.833333333333,8.6,240.00000000000003,4216
2026-06-29T20:35:00Z,750.285714285714,280.4,240.00000000000003,4217
2026-06-29T20:40:00Z,851.014285714286,-84.6,290.00000000000006,4218
2026-06-29T20:45:00Z,895.3,428.8,420.00000000000006,4219
2026-06-29T20:50:00Z,767.1466666666671,-128.8,679.9999999999999,4220
2026-06-29T20:55:00Z,391.733333333333,367.8,320,4221
2026-06-29T21:00:00Z,391.733333333333,131.8,320,4222
2026-06-29T21:05:00Z,334.95262411347505,-103,250,4223
2026-06-29T21:10:00Z,107.82978723404298,109,290.00000000000006,4224
2026-06-29T21:15:00Z,107.82978723404298,539.6,320,4225
2026-06-29T21:20:00Z,107.82978723404298,173.6,390,4226
2026-06-29T21:25:00Z,107.82978723404298,129.8,390,4227
2026-06-29T21:30:00Z,107.82978723404298,196.4,530,4228
2026-06-29T21:35:00Z,107.82978723404298,105,380,4229
2026-06-29T21:40:00Z,107.82978723404298,154.4,450,4230
2026-06-29T21:45:00Z,107.82978723404298,298.2,410.00000000000006,4231
2026-06-29T21:50:00Z,107.82978723404298,115.2,380,4232
2026-06-29T21:55:00Z,76.64888427607688,5.2,420.00000000000006,4233
2026-06-29T22:00:00Z,68.85365853658537,271.2,410.00000000000006,4234
2026-06-29T22:05:00Z,68.85365853658537,107.2,230,4235
2026-06-29T22:10:00Z,68.85365853658537,297.8,200,4236
2026-06-29T22:15:00Z,68.85365853658537,381.4,170,4237
2026-06-29T22:20:00Z,68.85365853658537,455,110,4238
2026-06-29T22:25:00Z,68.85365853658537,310.4,60,4239
2026-06-29T22:30:00Z,68.85365853658537,365.8,40,4240
2026-06-29T22:35:00Z,68.85365853658537,381.6,70,4241
2026-06-29T22:40:00Z,68.85365853658537,286.6,20,4242
2026-06-29T22:45:00Z,68.85365853658537,294,20,4243
2026-06-29T22:50:00Z,68.85365853658537,1997.2,20,4244
2026-06-29T22:55:00Z,68.85365853658537,455.4,100,4245
2026-06-29T23:00:00Z,68.85365853658537,400.8,30,4246
2026-06-29T23:05:00Z,68.85365853658537,306.2,80,4247
2026-06-29T23:10:00Z,68.85365853658537,364.4,120.00000000000001,4248
2026-06-29T23:15:00Z,72.18048780487808,350,40,4249
2026-06-29T23:20:00Z,77.17073170731709,530.4,20,4250
2026-06-29T23:25:00Z,77.17073170731709,387.4,70,4251
2026-06-29T23:30:00Z,77.17073170731709,330.8,20,4252
2026-06-29T23:35:00Z,77.17073170731709,543.4,80,4253
2026-06-29T23:40:00Z,77.17073170731709,192.8,50,4254
2026-06-29T23:45:00Z,77.17073170731709,459.6,10,4255
2026-06-29T23:50:00Z,77.17073170731709,338,0,4256
2026-06-29T23:55:00Z,77.17073170731709,408.2,0,4257
2026-06-30T00:00:00Z,89.2363636363636,698.8,20,4258
2026-06-30T00:05:00Z,89.2363636363636,605.4,0,4259
2026-06-30T00:10:00Z,89.2363636363636,232.8,20,4260
2026-06-30T00:15:00Z,89.2363636363636,350.6,60,4261
2026-06-30T00:20:00Z,89.2363636363636,312.6,-30,4262
2026-06-30T00:25:00Z,89.2363636363636,284.8,10,4263
2026-06-30T00:30:00Z,89.2363636363636,492.4,80,4264
2026-06-30T00:35:00Z,89.2363636363636,503,20,4265
2026-06-30T00:40:00Z,89.2363636363636,812.6,0,4266
2026-06-30T00:45:00Z,89.2363636363636,569.2,30,4267
2026-06-30T00:50:00Z,89.2363636363636,512.8,0,4268
2026-06-30T00:55:00Z,102.304415584416,437.2,80,4269
2026-06-30T01:00:00Z,105.57142857142898,362.2,-20,4270
2026-06-30T01:05:00Z,105.57142857142898,495.4,0,4271
2026-06-30T01:10:00Z,105.57142857142898,721,0,4272
2026-06-30T01:15:00Z,105.57142857142898,615.4,70,4273
2026-06-30T01:20:00Z,105.57142857142898,626.2,50,4274
2026-06-30T01:25:00Z,105.57142857142898,571.6,40,4275
2026-06-30T01:30:00Z,105.57142857142898,765.8,30,4276
2026-06-30T01:35:00Z,119.95238095238098,631.8,30,4277
2026-06-30T01:40:00Z,141.52380952380997,656.8,30,4278
2026-06-30T01:45:00Z,141.52380952380997,716,40,4279
2026-06-30T01:50:00Z,141.52380952380997,733,80,4280
2026-06-30T01:55:00Z,141.52380952380997,506.8,30,4281
2026-06-30T02:00:00Z,141.52380952380997,242.4,40,4282
2026-06-30T02:05:00Z,141.52380952380997,165.8,120.00000000000001,4283
2026-06-30T02:10:00Z,141.52380952380997,236.8,110,4284
2026-06-30T02:15:00Z,141.52380952380997,77.2,30,4285
2026-06-30T02:20:00Z,129.444444444444,94.6,110,4286
2026-06-30T02:25:00Z,129.444444444444,114,80,4287
2026-06-30T02:30:00Z,129.444444444444,-43.4,70,4288
2026-06-30T02:35:00Z,129.444444444444,173.4,100,4289
2026-06-30T02:40:00Z,129.444444444444,55.8,10,4290
2026-06-30T02:45:00Z,129.444444444444,98.8,120.00000000000001,4291
2026-06-30T02:50:00Z,129.444444444444,-69,80,4292
2026-06-30T02:55:00Z,91.8698412698412,292,60,4293
2026-06-30T03:00:00Z,82.4761904761905,165.6,80,4294
2026-06-30T03:05:00Z,82.4761904761905,-4,60,4295
2026-06-30T03:10:00Z,82.4761904761905,67,40,4296
2026-06-30T03:15:00Z,82.4761904761905,148.4,100,4297
2026-06-30T03:20:00Z,82.4761904761905,-29.6,60,4298
2026-06-30T03:25:00Z,82.4761904761905,155.8,50,4299
2026-06-30T03:30:00Z,82.4761904761905,78.8,40,4300
2026-06-30T03:35:00Z,82.4761904761905,-14.2,130,4301
2026-06-30T03:40:00Z,82.4761904761905,9.6,20,4302
2026-06-30T03:45:00Z,82.4761904761905,-41,90,4303
2026-06-30T03:50:00Z,82.4761904761905,81.8,100,4304
2026-06-30T03:55:00Z,80.41656881930861,-98.96774193548389,40,4305
2026-06-30T04:05:00Z,72.17808219178076,69.8,30,4306
2026-06-30T04:10:00Z,72.17808219178076,-162,60,4307
2026-06-30T04:15:00Z,72.17808219178076,56.2,70,4308
2026-06-30T04:20:00Z,72.17808219178076,160.2,30,4309
2026-06-30T04:25:00Z,72.17808219178076,162.4,30,4310
2026-06-30T04:30:00Z,72.17808219178076,-171.2,20,4311
2026-06-30T04:35:00Z,72.17808219178076,6.8,30,4312
2026-06-30T04:40:00Z,72.17808219178076,107,40,4313
2026-06-30T04:45:00Z,72.17808219178076,214.6,20,4314
2026-06-30T04:50:00Z,72.17808219178076,-198.4,50,4315
2026-06-30T04:55:00Z,72.17808219178076,67,30,4316
2026-06-30T05:00:00Z,72.17808219178076,-124,20,4317
2026-06-30T05:05:00Z,72.17808219178076,222,30,4318
2026-06-30T05:10:00Z,76.4300564061241,256.2,60,4319
2026-06-30T05:15:00Z,79.2647058823529,0.8,0,4320
2026-06-30T05:20:00Z,79.2647058823529,33.6,20,4321
2026-06-30T05:25:00Z,79.2647058823529,-29.2,20,4322
2026-06-30T05:30:00Z,79.2647058823529,179.28,30,4323
2026-06-30T05:35:00Z,79.2647058823529,0,10,4324
2026-06-30T05:40:00Z,79.2647058823529,9,90,4325
2026-06-30T05:45:00Z,79.2647058823529,-0.8,50,4326
2026-06-30T05:50:00Z,79.2647058823529,76.2,10,4327
2026-06-30T05:55:00Z,79.2647058823529,132,10,4328
2026-06-30T06:00:00Z,79.2647058823529,57.2,20,4329
2026-06-30T06:05:00Z,79.2647058823529,25.4,50,4330
2026-06-30T06:10:00Z,79.2647058823529,122.8,10,4331
2026-06-30T06:15:00Z,79.2647058823529,77,-30,4332
2026-06-30T06:20:00Z,120.510638297872,82.8,0,4333
2026-06-30T06:25:00Z,120.510638297872,111.8,0,4334
2026-06-30T06:30:00Z,120.510638297872,7.2,40,4335
2026-06-30T06:35:00Z,120.510638297872,140.8,20,4336
2026-06-30T06:40:00Z,120.510638297872,96.8,0,4337
2026-06-30T06:45:00Z,120.510638297872,146.8,20,4338
2026-06-30T06:50:00Z,120.510638297872,55.8,0,4339
2026-06-30T06:55:00Z,120.510638297872,89,10,4340
2026-06-30T07:00:00Z,120.510638297872,63.2,30,4341
2026-06-30T07:05:00Z,539.7042553191491,163.2,10,4342
2026-06-30T07:10:00Z,603.5727272727271,6.4,-20,4343
2026-06-30T07:15:00Z,280.181818181818,22.8,30,4344
2026-06-30T07:20:00Z,280.181818181818,139.4,50,4345
2026-06-30T07:25:00Z,280.181818181818,113,210.00000000000003,4346
2026-06-30T07:30:00Z,280.181818181818,-1.4,-40,4347
2026-06-30T07:35:00Z,298.6315789473679,138.2,0,4348
2026-06-30T07:40:00Z,298.6315789473679,21.4,80,4349
2026-06-30T07:45:00Z,298.6315789473679,97.4,20,4350
2026-06-30T07:50:00Z,313.805263157894,55.4,0,4351
2026-06-30T07:55:00Z,374.5,111,-40,4352
2026-06-30T08:00:00Z,374.5,69.2,20,4353
2026-06-30T08:05:00Z,614.7,-65.8,40,4354
2026-06-30T08:10:00Z,975,195,220,4355
2026-06-30T08:15:00Z,202.56,20,590,4356
2026-06-30T08:20:00Z,202.56,-76.8,540,4357
2026-06-30T08:25:00Z,202.56,-25.2,140,4358
2026-06-30T08:30:00Z,202.56,260.6,130,4359
2026-06-30T08:35:00Z,202.56,-1.4,60,4360
2026-06-30T08:40:00Z,287.27777777777794,12.6,110,4361
2026-06-30T08:45:00Z,287.27777777777794,42,70,4362
2026-06-30T08:50:00Z,287.27777777777794,-2.2,140,4363
2026-06-30T08:55:00Z,248.56666666666698,50,210.00000000000003,4364
2026-06-30T09:00:00Z,190.5,195.4,290.00000000000006,4365
2026-06-30T09:05:00Z,190.5,-70.6,180,4366
2026-06-30T09:10:00Z,190.5,-8.8,200,4367
2026-06-30T09:15:00Z,190.5,-10,490,4368
2026-06-30T09:20:00Z,190.5,123.8,390,4369
2026-06-30T09:25:00Z,190.5,-11.6,100,4370
2026-06-30T09:30:00Z,535.8,69.8,90,4371
2026-06-30T09:35:00Z,535.8,148.6,190,4372
2026-06-30T09:40:00Z,568.714285714286,-8,100,4373
2026-06-30T09:45:00Z,578.3057142857139,54.2,80,4374
2026-06-30T09:50:00Z,584.7,5.2,90,4375
2026-06-30T09:55:00Z,610.08,70,120.00000000000001,4376
2026-06-30T10:00:00Z,627,53,220,4377
2026-06-30T10:05:00Z,501.6,-113.4,230,4378
2026-06-30T10:10:00Z,418,22.8,50,4379
2026-06-30T10:15:00Z,291.63684210526304,80.2,50,4380
2026-06-30T10:20:00Z,207.39473684210503,-62.4,110,4381
2026-06-30T10:25:00Z,207.39473684210503,106.2,130,4382
2026-06-30T10:30:00Z,207.39473684210503,54.6,20,4383
2026-06-30T10:35:00Z,207.39473684210503,-174.6,70,4384
2026-06-30T10:40:00Z,207.39473684210503,83.8,150.00000000000003,4385
2026-06-30T10:45:00Z,207.39473684210503,16.2,410.00000000000006,4386
2026-06-30T10:50:00Z,207.39473684210503,71.2,300,4387
2026-06-30T10:55:00Z,303.529411764706,-91,500,4388
2026-06-30T11:00:00Z,303.529411764706,117.8,170,4389
2026-06-30T11:05:00Z,303.529411764706,75.8,380,4390
2026-06-30T11:10:00Z,6357.171764705881,7,180,4391
2026-06-30T11:15:00Z,6968.18086021505,117.2,190,4392
2026-06-30T11:20:00Z,2396.70430107527,25.8,160,4393
2026-06-30T11:25:00Z,2396.70430107527,71.8,530,4394
2026-06-30T11:30:00Z,2396.70430107527,121.4,380,4395
2026-06-30T11:35:00Z,2396.70430107527,-98,90,4396
2026-06-30T11:40:00Z,2396.70430107527,-47.8,70,4397
2026-06-30T11:45:00Z,2396.70430107527,46,70,4398
2026-06-30T11:50:00Z,2396.70430107527,141.4,110,4399
2026-06-30T11:55:00Z,2396.70430107527,33,110,4400
2026-06-30T12:00:00Z,2396.70430107527,193.8,170,4401
2026-06-30T12:05:00Z,2396.70430107527,871,170,4402
2026-06-30T12:10:00Z,2396.70430107527,870.6,-70,4403
2026-06-30T12:15:00Z,2396.70430107527,359.4,-10,4404
2026-06-30T12:20:00Z,2396.70430107527,102.8,-10,4405
2026-06-30T12:25:00Z,2396.70430107527,193,60,4406
2026-06-30T12:30:00Z,2396.70430107527,43.2,20,4407
2026-06-30T12:35:00Z,2396.70430107527,228.4,-50,4408
2026-06-30T12:40:00Z,2396.70430107527,159.6,0,4409
2026-06-30T12:45:00Z,2396.70430107527,340.8,70,4410
2026-06-30T12:50:00Z,2396.70430107527,438.6,30,4411
2026-06-30T12:55:00Z,2396.70430107527,346.2,60,4412
2026-06-30T13:00:00Z,2396.70430107527,241.4,70,4413
2026-06-30T13:05:00Z,2396.70430107527,743.2,60,4414
2026-06-30T13:10:00Z,2396.70430107527,697.8,80,4415
2026-06-30T13:15:00Z,2396.70430107527,210.6,10,4416
2026-06-30T13:20:00Z,2396.70430107527,129.8,-40,4417
2026-06-30T13:25:00Z,2396.70430107527,320.2,10,4418
2026-06-30T13:30:00Z,2396.70430107527,74.2,60,4419
2026-06-30T13:35:00Z,2396.70430107527,77.6,10,4420
2026-06-30T13:40:00Z,2396.70430107527,286.8,80,4421
2026-06-30T13:45:00Z,2396.70430107527,72.2,70,4422
2026-06-30T13:50:00Z,2396.70430107527,240.4,20,4423
2026-06-30T13:55:00Z,2396.70430107527,530.2,90,4424
2026-06-30T14:00:00Z,2396.70430107527,256.8,50,4425
2026-06-30T14:05:00Z,2396.70430107527,9,20,4426
2026-06-30T14:10:00Z,2396.70430107527,-37.2,40,4427
2026-06-30T14:15:00Z,2396.70430107527,234.4,100,4428
2026-06-30T14:20:00Z,2396.70430107527,122.2,40,4429
2026-06-30T14:25:00Z,164.55421686747005,63.8,90,4430
2026-06-30T14:30:00Z,164.55421686747005,191,20,4431
2026-06-30T14:35:00Z,164.55421686747005,769,70,4432
2026-06-30T14:40:00Z,164.55421686747005,297.2,80,4433
2026-06-30T14:45:00Z,164.55421686747005,671.6,60,4434
2026-06-30T14:50:00Z,164.55421686747005,282.601265822785,40,4435
2026-06-30T14:55:00Z,164.55421686747005,171.002109704641,70,4436
2026-06-30T15:00:00Z,164.55421686747005,171.002109704641,70,4437
2026-06-30T15:05:00Z,164.55421686747005,171.002109704641,20,4438
2026-06-30T15:10:00Z,164.55421686747005,171.002109704641,40,4439
2026-06-30T15:15:00Z,164.55421686747005,171.002109704641,110,4440
2026-06-30T15:20:00Z,164.55421686747005,171.002109704641,20,4441
2026-06-30T15:25:00Z,164.55421686747005,171.002109704641,20,4442
2026-06-30T15:30:00Z,164.55421686747005,171.002109704641,60,4443
2026-06-30T15:35:00Z,164.55421686747005,171.002109704641,40,4444
2026-06-30T15:40:00Z,164.55421686747005,171.002109704641,10,4445
2026-06-30T15:45:00Z,98.73253012048198,171.002109704641,70,4446
2026-06-30T15:50:00Z,0,171.002109704641,80,4447
2026-06-30T15:55:00Z,0,171.002109704641,40,4448
2026-06-30T16:00:00Z,0,171.002109704641,80,4449
2026-06-30T16:05:00Z,0,171.002109704641,70,4450
2026-06-30T16:10:00Z,512.517647058824,171.002109704641,80,4451
2026-06-30T16:15:00Z,2562.58823529412,171.002109704641,20,4452
2026-06-30T16:20:00Z,2562.58823529412,171.002109704641,130,4453
2026-06-30T16:25:00Z,2562.58823529412,171.002109704641,40,4454
2026-06-30T16:30:00Z,1071.3676470588198,171.002109704641,90,4455
2026-06-30T16:35:00Z,391.25,171.002109704641,90,4456
2026-06-30T16:40:00Z,301.263636363636,171.002109704641,40,4457
2026-06-30T16:45:00Z,241.272727272727,171.002109704641,100,4458
2026-06-30T16:50:00Z,258.296969696969,171.002109704641,120.00000000000001,4459
2026-06-30T16:55:00Z,422.13333333333304,171.002109704641,60,4460
2026-06-30T17:00:00Z,670.1619047619049,171.002109704641,160,4461
2026-06-30T17:05:00Z,428.126984126984,171.002109704641,30,4462
2026-06-30T17:10:00Z,273.77777777777794,171.002109704641,170,4463
2026-06-30T17:15:00Z,339.466666666667,171.002109704641,70,4464
2026-06-30T17:20:00Z,433.84000000000003,171.002109704641,130,4465
2026-06-30T17:25:00Z,534.0266666666661,171.002109704641,120.00000000000001,4466
2026-06-30T17:30:00Z,989.5333333333322,171.002109704641,150.00000000000003,4467
2026-06-30T17:35:00Z,1082.6,171.002109704641,150.00000000000003,4468
2026-06-30T17:40:00Z,1000.2666666666701,171.002109704641,570.0000000000001,4469
2026-06-30T17:45:00Z,784.333333333333,171.002109704641,230,4470
2026-06-30T17:50:00Z,1036.1,171.002109704641,170,4471
2026-06-30T17:55:00Z,647.8,171.002109704641,200,4472
2026-06-30T18:00:00Z,702.1,171.002109704641,180,4473
2026-06-30T18:05:00Z,591,171.002109704641,100,4474
2026-06-30T18:10:00Z,579.75,171.002109704641,120.00000000000001,4475
2026-06-30T18:15:00Z,631.4499999999999,171.002109704641,130,4476
2026-06-30T18:20:00Z,585.2800000000001,171.002109704641,150.00000000000003,4477
2026-06-30T18:25:00Z,632.22,171.002109704641,200,4478
2026-06-30T18:30:00Z,583.38,171.002109704641,270,4479
2026-06-30T18:35:00Z,676.72,171.002109704641,400,4480
2026-06-30T18:40:00Z,553.2,171.002109704641,750,4481
2026-06-30T18:45:00Z,637,171.002109704641,800,4482
2026-06-30T18:50:00Z,591.25,171.002109704641,690,4483
2026-06-30T18:55:00Z,777.8833333333331,171.002109704641,540,4484
2026-06-30T19:00:00Z,993.0166666666671,171.002109704641,500,4485
2026-06-30T19:05:00Z,756.9499999999999,171.002109704641,380,4486
2026-06-30T19:10:00Z,726.8,171.002109704641,450,4487
2026-06-30T19:15:00Z,864.1,171.002109704641,430.00000000000006,4488
2026-06-30T19:20:00Z,889.1,171.002109704641,400,4489
2026-06-30T19:25:00Z,753.9,171.002109704641,450,4490
2026-06-30T19:30:00Z,975.6,171.002109704641,390,4491
2026-06-30T19:35:00Z,1043,171.002109704641,390,4492
2026-06-30T19:40:00Z,617,171.002109704641,390,4493
2026-06-30T19:45:00Z,403.714285714286,171.002109704641,470.00000000000006,4494
2026-06-30T19:50:00Z,489.44571428571396,171.002109704641,410.00000000000006,4495
2026-06-30T19:55:00Z,419.34000000000003,171.002109704641,410.00000000000006,4496
2026-06-30T20:00:00Z,334.5,171.002109704641,420.00000000000006,4497
2026-06-30T20:05:00Z,326.4285714285709,171.002109704641,630,4498
2026-06-30T20:10:00Z,294.49142857142795,171.002109704641,610,4499
2026-06-30T20:15:00Z,273.2,171.002109704641,480.00000000000006,4500
2026-06-30T20:20:00Z,300.22999999999996,171.002109704641,540,4501
2026-06-30T20:25:00Z,318.25,171.002109704641,659.9999999999999,4502
2026-06-30T20:30:00Z,319.875,171.002109704641,620,4503
2026-06-30T20:35:00Z,298.365,171.002109704641,520,4504
2026-06-30T20:40:00Z,266.1,171.002109704641,760,4505
2026-06-30T20:45:00Z,263.08222222222196,171.002109704641,679.9999999999999,4506
2026-06-30T20:50:00Z,258.555555555556,171.002109704641,420.00000000000006,4507
2026-06-30T20:55:00Z,259.155555555556,171.002109704641,250,4508
2026-06-30T21:00:00Z,259.555555555556,171.002109704641,350,4509
2026-06-30T21:05:00Z,247.183838383838,171.002109704641,270,4510
2026-06-30T21:10:00Z,244.090909090909,171.002109704641,240.00000000000003,4511
2026-06-30T21:15:00Z,234.545454545454,171.002109704641,230,4512
2026-06-30T21:20:00Z,228.181818181818,171.002109704641,210.00000000000003,4513
2026-06-30T21:25:00Z,212.04755244755196,171.002109704641,180,4514
2026-06-30T21:30:00Z,187.84615384615398,171.002109704641,200,4515
2026-06-30T21:35:00Z,187.84615384615398,171.002109704641,220,4516
2026-06-30T21:40:00Z,181.72923076923098,171.002109704641,250,4517
2026-06-30T21:45:00Z,180.2,171.002109704641,190,4518
2026-06-30T21:50:00Z,180.2,171.002109704641,220,4519
2026-06-30T21:55:00Z,188.47076923076997,171.002109704641,180,4520
2026-06-30T22:00:00Z,190.538461538462,171.002109704641,190,4521
2026-06-30T22:05:00Z,183.40576923076998,171.002109704641,200,4522
2026-06-30T22:10:00Z,154.875,171.002109704641,180,4523
2026-06-30T22:15:00Z,154.875,171.002109704641,190,4524
2026-06-30T22:20:00Z,154.875,171.002109704641,160,4525
2026-06-30T22:25:00Z,152,171.002109704641,160,4526
2026-06-30T22:30:00Z,152,171.002109704641,160,4527
2026-06-30T22:35:00Z,152,171.002109704641,140,4528
2026-06-30T22:40:00Z,135.57894736842104,171.002109704641,140,4529
2026-06-30T22:45:00Z,131.47368421052596,171.002109704641,120.00000000000001,4530
2026-06-30T22:50:00Z,131.47368421052596,171.002109704641,140,4531
2026-06-30T22:55:00Z,131.47368421052596,171.002109704641,100,4532
2026-06-30T23:00:00Z,125,171.002109704641,130,4533
2026-06-30T23:05:00Z,125,171.002109704641,140,4534
2026-06-30T23:10:00Z,125,171.002109704641,110,4535
2026-06-30T23:15:00Z,125,171.002109704641,140,4536
2026-06-30T23:20:00Z,101.727272727273,171.002109704641,80,4537
2026-06-30T23:25:00Z,101.727272727273,171.002109704641,110,4538
2026-06-30T23:30:00Z,101.727272727273,171.002109704641,110,4539
2026-06-30T23:35:00Z,101.727272727273,171.002109704641,100,4540
2026-06-30T23:40:00Z,115.690909090909,171.002109704641,110,4541
2026-06-30T23:45:00Z,125,171.002109704641,100,4542
2026-06-30T23:50:00Z,125,171.002109704641,100,4543
2026-06-30T23:55:00Z,125,171.002109704641,70,4544
2026-07-01T00:00:00Z,84.2413793103448,171.002109704641,80,4545
2026-07-01T00:05:00Z,84.2413793103448,171.002109704641,100,4546
2026-07-01T00:10:00Z,84.2413793103448,171.002109704641,100,4547
2026-07-01T00:15:00Z,84.2413793103448,171.002109704641,60,4548
2026-07-01T00:20:00Z,84.2413793103448,171.002109704641,100,4549
2026-07-01T00:25:00Z,84.2413793103448,171.002109704641,80,4550
2026-07-01T00:30:00Z,87.17241379310339,171.002109704641,70,4551
2026-07-01T00:35:00Z,87.17241379310339,171.002109704641,60,4552
2026-07-01T00:40:00Z,87.17241379310339,171.002109704641,70,4553
2026-07-01T00:45:00Z,87.17241379310339,171.002109704641,80,4554
2026-07-01T00:50:00Z,87.17241379310339,171.002109704641,60,4555
2026-07-01T00:55:00Z,83.25914315569479,171.002109704641,50,4556
2026-07-01T01:00:00Z,67.6060606060606,171.002109704641,60,4557
2026-07-01T01:05:00Z,67.6060606060606,171.002109704641,60,4558
2026-07-01T01:10:00Z,67.6060606060606,171.002109704641,50,4559
2026-07-01T01:15:00Z,67.6060606060606,171.002109704641,50,4560
2026-07-01T01:20:00Z,67.6060606060606,171.002109704641,10,4561
2026-07-01T01:25:00Z,67.6060606060606,171.002109704641,70,4562
2026-07-01T01:30:00Z,64.3378787878788,171.002109704641,30,4563
2026-07-01T01:35:00Z,62.1590909090909,171.002109704641,40,4564
2026-07-01T01:40:00Z,62.1590909090909,171.002109704641,50,4565
2026-07-01T01:45:00Z,62.1590909090909,171.002109704641,60,4566
2026-07-01T01:50:00Z,62.1590909090909,171.002109704641,50,4567
2026-07-01T01:55:00Z,62.1590909090909,171.002109704641,40,4568
2026-07-01T02:00:00Z,62.1590909090909,171.002109704641,60,4569
2026-07-01T02:05:00Z,62.1590909090909,171.002109704641,40,4570
2026-07-01T02:10:00Z,62.1590909090909,171.002109704641,40,4571
2026-07-01T02:15:00Z,57.120190274841505,171.002109704641,60,4572
2026-07-01T02:20:00Z,55.8604651162791,171.002109704641,30,4573
2026-07-01T02:25:00Z,55.8604651162791,171.002109704641,60,4574
2026-07-01T02:30:00Z,55.8604651162791,171.002109704641,40,4575
2026-07-01T02:35:00Z,55.8604651162791,171.002109704641,20,4576
2026-07-01T02:40:00Z,55.8604651162791,171.002109704641,40,4577
2026-07-01T02:45:00Z,55.8604651162791,171.002109704641,30,4578
2026-07-01T02:50:00Z,55.8604651162791,171.002109704641,40,4579
2026-07-01T02:55:00Z,54.89746300211419,171.002109704641,40,4580
2026-07-01T03:00:00Z,51.0454545454545,171.002109704641,20,4581
2026-07-01T03:05:00Z,51.0454545454545,171.002109704641,10,4582
2026-07-01T03:10:00Z,51.0454545454545,171.002109704641,10,4583
2026-07-01T03:15:00Z,51.0454545454545,171.002109704641,50,4584
2026-07-01T03:20:00Z,51.0454545454545,171.002109704641,20,4585
2026-07-01T03:25:00Z,51.0454545454545,171.002109704641,20,4586
2026-07-01T03:30:00Z,51.0454545454545,171.002109704641,40,4587
2026-07-01T03:35:00Z,51.0454545454545,171.002109704641,30,4588
2026-07-01T03:40:00Z,49.87171717171709,171.002109704641,20,4589
2026-07-01T03:45:00Z,48.1111111111111,171.002109704641,50,4590
2026-07-01T03:50:00Z,48.1111111111111,171.002109704641,50,4591
2026-07-01T03:55:00Z,48.1111111111111,171.002109704641,30,4592
2026-07-01T04:05:00Z,48.1111111111111,171.002109704641,40,4593
2026-07-01T04:10:00Z,48.1111111111111,171.002109704641,30,4594
2026-07-01T04:15:00Z,48.1111111111111,171.002109704641,40,4595
2026-07-01T04:20:00Z,48.1111111111111,171.002109704641,40,4596
2026-07-01T04:25:00Z,48.1111111111111,171.002109704641,10,4597
2026-07-01T04:30:00Z,48.1111111111111,171.002109704641,0,4598
2026-07-01T04:35:00Z,49.10808080808081,171.002109704641,20,4599
2026-07-01T04:40:00Z,49.7727272727273,171.002109704641,10,4600
2026-07-01T04:45:00Z,49.7727272727273,171.002109704641,50,4601
2026-07-01T04:50:00Z,49.7727272727273,171.002109704641,40,4602
2026-07-01T04:55:00Z,49.7727272727273,171.002109704641,30,4603
2026-07-01T05:00:00Z,49.7727272727273,171.002109704641,20,4604
2026-07-01T05:05:00Z,49.7727272727273,171.002109704641,30,4605
2026-07-01T05:10:00Z,49.7727272727273,171.002109704641,50,4606
2026-07-01T05:15:00Z,49.7727272727273,171.002109704641,10,4607
2026-07-01T05:20:00Z,56.1878787878788,171.002109704641,20,4608
2026-07-01T05:25:00Z,57.79166666666669,171.002109704641,10,4609
2026-07-01T05:30:00Z,57.79166666666669,171.002109704641,0,4610
2026-07-01T05:35:00Z,57.79166666666669,171.002109704641,0,4611
2026-07-01T05:40:00Z,57.79166666666669,171.002109704641,10,4612
2026-07-01T05:45:00Z,57.79166666666669,171.002109704641,40,4613
2026-07-01T05:50:00Z,57.79166666666669,171.002109704641,20,4614
2026-07-01T05:55:00Z,57.79166666666669,171.002109704641,30,4615
2026-07-01T06:00:00Z,57.79166666666669,171.002109704641,50,4616
2026-07-01T06:05:00Z,60.3904761904762,171.002109704641,20,4617
2026-07-01T06:10:00Z,70.7857142857143,171.002109704641,30,4618
2026-07-01T06:15:00Z,70.7857142857143,171.002109704641,40,4619
2026-07-01T06:20:00Z,70.7857142857143,171.002109704641,0,4620
2026-07-01T06:25:00Z,70.7857142857143,171.002109704641,10,4621
2026-07-01T06:30:00Z,70.7857142857143,171.002109704641,80,4622
2026-07-01T06:35:00Z,80.66912442396311,171.002109704641,40,4623
2026-07-01T06:40:00Z,87.25806451612898,171.002109704641,-10,4624
2026-07-01T06:45:00Z,87.25806451612898,171.002109704641,30,4625
2026-07-01T06:50:00Z,87.25806451612898,171.002109704641,60,4626
2026-07-01T06:55:00Z,87.25806451612898,171.002109704641,30,4627
2026-07-01T07:00:00Z,87.25806451612898,171.002109704641,10,4628
2026-07-01T07:05:00Z,200.869124423963,171.002109704641,60,4629
2026-07-01T07:10:00Z,371.28571428571394,171.002109704641,30,4630
2026-07-01T07:15:00Z,373.2,171.002109704641,10,4631
2026-07-01T07:20:00Z,384.666666666667,171.002109704641,10,4632
2026-07-01T07:25:00Z,386.413333333334,171.002109704641,40,4633
2026-07-01T07:30:00Z,517.9866666666661,171.002109704641,60,4634
2026-07-01T07:35:00Z,810.7833333333323,171.002109704641,50,4635
2026-07-01T07:40:00Z,644.15,171.002109704641,30,4636
2026-07-01T07:45:00Z,567.6,171.002109704641,80,4637
2026-07-01T07:50:00Z,532.6,171.002109704641,50,4638
2026-07-01T07:55:00Z,253.77777777777797,171.002109704641,20,4639
2026-07-01T08:00:00Z,281.455555555556,171.002109704641,60,4640
2026-07-01T08:05:00Z,392.166666666667,171.002109704641,70,4641
2026-07-01T08:10:00Z,524,171.002109704641,30,4642
2026-07-01T08:15:00Z,375.14285714285705,171.002109704641,60,4643
2026-07-01T08:20:00Z,609.507142857143,171.002109704641,270,4644
2026-07-01T08:25:00Z,854.8299999999999,171.002109704641,320,4645
2026-07-01T08:30:00Z,728.72,171.002109704641,280,4646
2026-07-01T08:35:00Z,1093.2666666666703,171.002109704641,110,4647
2026-07-01T08:40:00Z,843.1333333333331,171.002109704641,380,4648
2026-07-01T08:45:00Z,1786,171.002109704641,500,4649
2026-07-01T08:50:00Z,1419.4,171.002109704641,400,4650
2026-07-01T08:55:00Z,814.8499999999999,171.002109704641,360,4651
2026-07-01T09:00:00Z,678.71,171.002109704641,290.00000000000006,4652
2026-07-01T09:05:00Z,567.2800000000001,171.002109704641,190,4653
2026-07-01T09:10:00Z,576.66,171.002109704641,150.00000000000003,4654
2026-07-01T09:15:00Z,701.4,171.002109704641,230,4655
2026-07-01T09:20:00Z,973.2,171.002109704641,280,4656
2026-07-01T09:25:00Z,1632.6333333333296,171.002109704641,190,4657
2026-07-01T09:30:00Z,919.866666666666,171.002109704641,510,4658
2026-07-01T09:35:00Z,1193.6,171.002109704641,679.9999999999999,4659
2026-07-01T09:40:00Z,1376.8,171.002109704641,480.00000000000006,4660
2026-07-01T09:45:00Z,1141.8,171.002109704641,650,4661
2026-07-01T09:50:00Z,874.7,171.002109704641,540,4662
2026-07-01T09:55:00Z,617.3,171.002109704641,1250,4663
2026-07-01T10:00:00Z,456,171.002109704641,860.0000000000001,4664
2026-07-01T10:05:00Z,316,171.002109704641,550,4665
2026-07-01T10:10:00Z,301.1,171.002109704641,390,4666
2026-07-01T10:15:00Z,325.466666666667,171.002109704641,339.99999999999994,4667
2026-07-01T10:20:00Z,437.83333333333303,171.002109704641,440,4668
2026-07-01T10:25:00Z,642,171.002109704641,480.00000000000006,4669
2026-07-01T10:30:00Z,320.5,171.002109704641,580,4670
2026-07-01T10:35:00Z,338.52857142857187,171.002109704641,1080,4671
2026-07-01T10:40:00Z,365.57142857142895,171.002109704641,480.00000000000006,4672
2026-07-01T10:45:00Z,428.666666666667,171.002109704641,820.0000000000001,4673
2026-07-01T10:50:00Z,356.57777777777795,171.002109704641,900,4674
2026-07-01T10:55:00Z,338.555555555556,171.002109704641,810,4675
2026-07-01T11:00:00Z,357.857142857143,171.002109704641,540,4676
2026-07-01T11:05:00Z,360,171.002109704641,460,4677
2026-07-01T11:10:00Z,350.05396825396804,171.002109704641,180,4678
2026-07-01T11:15:00Z,304.555555555556,171.002109704641,190,4679
2026-07-01T11:20:00Z,403.613333333334,171.002109704641,220,4680
2026-07-01T11:25:00Z,466.91999999999996,171.002109704641,220,4681
2026-07-01T11:30:00Z,339,171.002109704641,400,4682
2026-07-01T11:35:00Z,319.9,171.002109704641,370,4683
2026-07-01T11:40:00Z,341.9,171.002109704641,220,4684
2026-07-01T11:45:00Z,453.533333333333,171.002109704641,200,4685
2026-07-01T11:50:00Z,471.666666666667,171.002109704641,270,4686
2026-07-01T11:55:00Z,356.4285714285709,171.002109704641,310,4687
2026-07-01T12:00:00Z,389.257142857143,171.002109704641,290.00000000000006,4688
2026-07-01T12:05:00Z,405.97142857142796,171.002109704641,220,4689
2026-07-01T12:10:00Z,385.28571428571394,171.002109704641,260,4690
2026-07-01T12:15:00Z,363.157142857143,171.002109704641,280,4691
2026-07-01T12:20:00Z,349.9,171.002109704641,270,4692
2026-07-01T12:25:00Z,319,171.002109704641,230,4693
2026-07-01T12:30:00Z,369.742857142857,171.002109704641,270,4694
2026-07-01T12:35:00Z,342.4857142857139,171.002109704641,320,4695
2026-07-01T12:40:00Z,282.57142857142895,171.002109704641,230,4696
2026-07-01T12:45:00Z,765.8222222222198,171.002109704641,220,4697
2026-07-01T12:50:00Z,310.555555555556,171.002109704641,240.00000000000003,4698
2026-07-01T12:55:00Z,355.90793650793694,171.002109704641,370,4699
2026-07-01T13:00:00Z,377.239285714286,171.002109704641,290.00000000000006,4700
2026-07-01T13:05:00Z,341.625,171.002109704641,260,4701
2026-07-01T13:10:00Z,413.61,171.002109704641,300,4702
2026-07-01T13:15:00Z,401.32571428571396,171.002109704641,270,4703
2026-07-01T13:20:00Z,347.754285714286,171.002109704641,250,4704
2026-07-01T13:25:00Z,294.2,171.002109704641,230,4705
2026-07-01T13:30:00Z,293.315555555556,171.002109704641,250,4706
2026-07-01T13:35:00Z,289.77777777777794,171.002109704641,220,4707
2026-07-01T13:40:00Z,276.106666666667,171.002109704641,250,4708
2026-07-01T13:45:00Z,255.6,171.002109704641,260,4709
2026-07-01T13:50:00Z,261.448888888889,171.002109704641,260,4710
2026-07-01T13:55:00Z,270.22222222222194,171.002109704641,490,4711
2026-07-01T14:00:00Z,276.38888888888897,171.002109704641,210.00000000000003,4712
2026-07-01T14:05:00Z,280.5,171.002109704641,220,4713
2026-07-01T14:10:00Z,278.733333333334,171.002109704641,250,4714
2026-07-01T14:15:00Z,277.555555555556,171.002109704641,230,4715
2026-07-01T14:20:00Z,372.444444444445,171.002109704641,300,4716
2026-07-01T14:25:00Z,672.2166666666672,171.002109704641,280,4717
2026-07-01T14:30:00Z,375.10454545454604,171.002109704641,240.00000000000003,4718
2026-07-01T14:35:00Z,254.818181818182,171.002109704641,200,4719
2026-07-01T14:40:00Z,256.12727272727295,171.002109704641,170,4720
2026-07-01T14:45:00Z,257,171.002109704641,190,4721
2026-07-01T14:50:00Z,294.875,171.002109704641,210.00000000000003,4722
2026-07-01T14:55:00Z,320.125,171.002109704641,170,4723
2026-07-01T15:00:00Z,348.875,171.002109704641,170,4724
2026-07-01T15:05:00Z,301.79772727272695,171.002109704641,200,4725
2026-07-01T15:10:00Z,231.181818181818,171.002109704641,250,4726
2026-07-01T15:15:00Z,235.105454545454,171.002109704641,170,4727
2026-07-01T15:20:00Z,250.8,171.002109704641,160,4728
2026-07-01T15:25:00Z,256.151111111111,171.002109704641,190,4729
2026-07-01T15:30:00Z,277.555555555556,171.002109704641,180,4730
2026-07-01T15:35:00Z,335.790476190476,171.002109704641,580,4731
2026-07-01T15:40:00Z,423.14285714285705,171.002109704641,240.00000000000003,4732
2026-07-01T15:45:00Z,269.33333333333303,171.002109704641,150.00000000000003,4733
2026-07-01T15:50:00Z,299.56666666666604,171.002109704641,160,4734
2026-07-01T15:55:00Z,420.5,171.002109704641,200,4735
2026-07-01T16:00:00Z,361.57142857142895,171.002109704641,180,4736
2026-07-01T16:05:00Z,308.3085714285719,171.002109704641,270,4737
2026-07-01T16:10:00Z,272.8,171.002109704641,250,4738
2026-07-01T16:15:00Z,263.2,171.002109704641,200,4739
2026-07-01T16:20:00Z,256.8,171.002109704641,150.00000000000003,4740
2026-07-01T16:25:00Z,327.97714285714295,171.002109704641,200,4741
2026-07-01T16:30:00Z,379.171428571428,171.002109704641,160,4742
2026-07-01T16:35:00Z,394.14285714285705,171.002109704641,170,4743
2026-07-01T16:40:00Z,298.56190476190494,171.002109704641,200,4744
2026-07-01T16:45:00Z,274.666666666667,171.002109704641,300,4745
2026-07-01T16:50:00Z,262.1,171.002109704641,210.00000000000003,4746
2026-07-01T16:55:00Z,262.1,171.002109704641,180,4747
2026-07-01T17:00:00Z,278.111111111111,171.002109704641,230,4748
2026-07-01T17:05:00Z,290.58888888888896,171.002109704641,290.00000000000006,4749
2026-07-01T17:10:00Z,340.5,171.002109704641,260,4750
2026-07-01T17:15:00Z,403.2,171.002109704641,230,4751
2026-07-01T17:20:00Z,452.257142857143,171.002109704641,190,4752
2026-07-01T17:25:00Z,463.14285714285705,171.002109704641,190,4753
2026-07-01T17:30:00Z,288.111111111111,171.002109704641,170,4754
2026-07-01T17:35:00Z,279.08888888888896,171.002109704641,230,4755
2026-07-01T17:40:00Z,243,171.002109704641,260,4756
2026-07-01T17:45:00Z,243,171.002109704641,260,4757
2026-07-01T17:50:00Z,220.25,171.002109704641,190,4758
2026-07-01T17:55:00Z,220.25,171.002109704641,200,4759
2026-07-01T18:00:00Z,206.06923076923098,171.002109704641,160,4760
2026-07-01T18:05:00Z,196.61538461538498,171.002109704641,190,4761
2026-07-01T18:10:00Z,196.61538461538498,171.002109704641,200,4762
2026-07-01T18:15:00Z,209.25,171.002109704641,220,4763
2026-07-01T18:20:00Z,209.25,171.002109704641,240.00000000000003,4764
2026-07-01T18:25:00Z,210.35000000000002,171.002109704641,220,4765
2026-07-01T18:30:00Z,211.08333333333303,171.002109704641,440,4766
2026-07-01T18:35:00Z,207.180952380952,171.002109704641,210.00000000000003,4767
2026-07-01T18:40:00Z,191.57142857142904,171.002109704641,200,4768
2026-07-01T18:45:00Z,191.57142857142904,171.002109704641,170,4769
2026-07-01T18:50:00Z,195.40439560439597,171.002109704641,190,4770
2026-07-01T18:55:00Z,201.153846153846,171.002109704641,130,4771
2026-07-01T19:00:00Z,201.153846153846,171.002109704641,140,4772
2026-07-01T19:05:00Z,183.716483516484,171.002109704641,170,4773
2026-07-01T19:10:00Z,179.35714285714306,171.002109704641,140,4774
2026-07-01T19:15:00Z,179.35714285714306,171.002109704641,140,4775
2026-07-01T19:20:00Z,155,171.002109704641,140,4776
2026-07-01T19:25:00Z,155,171.002109704641,140,4777
2026-07-01T19:30:00Z,155,171.002109704641,150.00000000000003,4778
2026-07-01T19:35:00Z,148.22352941176499,171.002109704641,140,4779
2026-07-01T19:40:00Z,146.52941176470597,171.002109704641,150.00000000000003,4780
2026-07-01T19:45:00Z,146.52941176470597,171.002109704641,170,4781
2026-07-01T19:50:00Z,143.98080495356,171.002109704641,130,4782
2026-07-01T19:55:00Z,140.15789473684194,171.002109704641,130,4783
2026-07-01T20:00:00Z,140.15789473684194,171.002109704641,150.00000000000003,4784
2026-07-01T20:05:00Z,140.15789473684194,171.002109704641,170,4785
2026-07-01T20:10:00Z,146.169040247678,171.002109704641,120.00000000000001,4786
2026-07-01T20:15:00Z,150.17647058823502,171.002109704641,130,4787
2026-07-01T20:20:00Z,150.17647058823502,171.002109704641,120.00000000000001,4788
2026-07-01T20:25:00Z,146.96222910216702,171.002109704641,120.00000000000001,4789
2026-07-01T20:30:00Z,134.105263157895,171.002109704641,130,4790
2026-07-01T20:35:00Z,134.105263157895,171.002109704641,130,4791
2026-07-01T20:40:00Z,134.105263157895,171.002109704641,90,4792
2026-07-01T20:45:00Z,133.115789473684,171.002109704641,120.00000000000001,4793
2026-07-01T20:50:00Z,131.63157894736798,171.002109704641,90,4794
2026-07-01T20:55:00Z,131.63157894736798,288.1508438818571,110,4795
2026-07-01T21:00:00Z,131.63157894736798,375.783333333333,110,4796
2026-07-01T21:05:00Z,130.652631578947,320.826666666667,100,4797
2026-07-01T21:10:00Z,130,256.28999999999996,100,4798
2026-07-01T21:15:00Z,130,248.55,90,4799
2026-07-01T21:20:00Z,130,234.8,100,4800
2026-07-01T21:25:00Z,121.96190476190503,279.6,100,4801
2026-07-01T21:30:00Z,119.95238095238098,385.8,100,4802
2026-07-01T21:35:00Z,119.95238095238098,385.8,100,4803
2026-07-01T21:40:00Z,119.95238095238098,280.85,100,4804
2026-07-01T21:45:00Z,126.340952380952,236.83,90,4805
2026-07-01T21:50:00Z,130.6,211.85333333333304,90,4806
2026-07-01T21:55:00Z,130.6,262.666666666667,90,4807
2026-07-01T22:00:00Z,130.6,277.4,100,4808
2026-07-01T22:05:00Z,121.354285714286,268.8,90,4809
2026-07-01T22:10:00Z,115.19047619047598,331.1,80,4810
2026-07-01T22:15:00Z,115.19047619047598,295.9,100,4811
2026-07-01T22:20:00Z,115.19047619047598,614,90,4812
2026-07-01T22:25:00Z,115.85974025974,346.15000000000003,80,4813
2026-07-01T22:30:00Z,116.86363636363599,256.53,100,4814
2026-07-01T22:35:00Z,116.86363636363599,236.8,90,4815
2026-07-01T22:40:00Z,116.86363636363599,242.96,80,4816
2026-07-01T22:45:00Z,116.86363636363599,218.96,90,4817
2026-07-01T22:50:00Z,115.09090909090901,183,90,4818
2026-07-01T22:55:00Z,115.09090909090901,213.03333333333302,90,4819
2026-07-01T23:00:00Z,115.09090909090901,197.16666666666697,90,4820
2026-07-01T23:05:00Z,115.09090909090901,173,80,4821
2026-07-01T23:10:00Z,111.68636363636399,178.733333333333,80,4822
2026-07-01T23:15:00Z,109.41666666666703,186.46666666666698,90,4823
2026-07-01T23:20:00Z,109.41666666666703,185.8,80,4824
2026-07-01T23:25:00Z,109.41666666666703,179.366666666667,60,4825
2026-07-01T23:30:00Z,109.41666666666703,182.83333333333303,80,4826
2026-07-01T23:35:00Z,112.59637681159397,202.83333333333303,80,4827
2026-07-01T23:40:00Z,113.391304347826,173.5,80,4828
2026-07-01T23:45:00Z,113.391304347826,181.66666666666697,80,4829
2026-07-01T23:50:00Z,113.391304347826,195.4,70,4830
2026-07-01T23:55:00Z,113.391304347826,192.74285714285696,100,4831
2026-07-02T00:00:00Z,116.380952380952,161.71428571428595,80,4832
2026-07-02T00:05:00Z,116.380952380952,169.828571428571,80,4833
2026-07-02T00:10:00Z,116.380952380952,168.02857142857098,80,4834
2026-07-02T00:15:00Z,116.380952380952,162.285714285714,80,4835
2026-07-02T00:20:00Z,114.05238095238097,145.5,80,4836
2026-07-02T00:25:00Z,112.5,138.9,70,4837
2026-07-02T00:30:00Z,112.5,129,80,4838
2026-07-02T00:35:00Z,112.5,142,80,4839
2026-07-02T00:40:00Z,114.41904761904802,140.866666666667,80,4840
2026-07-02T00:45:00Z,122.095238095238,123.33333333333299,70,4841
2026-07-02T00:50:00Z,122.095238095238,124.44444444444402,60,4842
2026-07-02T00:55:00Z,122.095238095238,126.111111111111,80,4843
2026-07-02T01:00:00Z,122.095238095238,124.311111111111,70,4844
2026-07-02T01:05:00Z,109.565217391304,123.111111111111,70,4845
2026-07-02T01:10:00Z,109.565217391304,120.08888888888897,70,4846
2026-07-02T01:15:00Z,109.565217391304,119.33333333333299,70,4847
2026-07-02T01:20:00Z,109.565217391304,148.5,80,4848
2026-07-02T01:25:00Z,108.55579710144897,134.83333333333303,80,4849
2026-07-02T01:30:00Z,107.04166666666703,114.33333333333299,70,4850
2026-07-02T01:35:00Z,107.04166666666703,116.46666666666702,70,4851
2026-07-02T01:40:00Z,107.04166666666703,117.88888888888897,60,4852
2026-07-02T01:45:00Z,107.04166666666703,113.09777777777799,80,4853
2026-07-02T01:50:00Z,102.96066666666702,111.9,60,4854
2026-07-02T01:55:00Z,100.24000000000001,109.74000000000001,60,4855
2026-07-02T02:00:00Z,100.24000000000001,109.2,80,4856
2026-07-02T02:05:00Z,100.24000000000001,129.73999999999998,80,4857
2026-07-02T02:10:00Z,100.24000000000001,131.28,80,4858
2026-07-02T02:15:00Z,101.8,116.9,60,4859
2026-07-02T02:20:00Z,102.84,116.80888888888897,70,4860
2026-07-02T02:25:00Z,102.84,116.44444444444402,70,4861
2026-07-02T02:30:00Z,102.84,114.70666666666702,70,4862
2026-07-02T02:35:00Z,102.84,112.1,80,4863
2026-07-02T02:40:00Z,100.78984615384599,110.34,80,4864
2026-07-02T02:45:00Z,99.42307692307689,107.7,50,4865
2026-07-02T02:50:00Z,99.42307692307689,109.54,60,4866
2026-07-02T02:55:00Z,99.42307692307689,112.3,80,4867
2026-07-02T03:00:00Z,99.42307692307689,115.46888888888898,70,4868
2026-07-02T03:05:00Z,100.21384615384599,120.222222222222,30,4869
2026-07-02T03:10:00Z,101.4,111.56888888888898,80,4870
2026-07-02T03:15:00Z,101.4,105.8,60,4871
2026-07-02T03:20:00Z,101.4,102.70181818181801,60,4872
2026-07-02T03:25:00Z,101.4,100.636363636364,70,4873
2026-07-02T03:30:00Z,89.9025,102.345454545455,60,4874
2026-07-02T03:35:00Z,72.65625,104.909090909091,70,4875
2026-07-02T03:40:00Z,72.65625,104.54727272727301,60,4876
2026-07-02T03:45:00Z,72.65625,103.1,30,4877
2026-07-02T03:50:00Z,72.65625,101.73454545454501,70,4878
2026-07-02T03:55:00Z,72.65625,96.27272727272728,50,4879
2026-07-02T04:05:00Z,53.709090909090904,94.45454545454551,120.00000000000001,4880
2026-07-02T04:10:00Z,53.709090909090904,94.45454545454551,110,4881
2026-07-02T04:15:00Z,53.709090909090904,83.62424242424241,-10,4882
2026-07-02T04:20:00Z,53.709090909090904,80.91666666666671,70,4883
2026-07-02T04:25:00Z,53.709090909090904,84.70384615384619,120.00000000000001,4884
2026-07-02T04:30:00Z,53.709090909090904,90.38461538461542,30,4885
2026-07-02T04:35:00Z,53.709090909090904,90.38461538461542,10,4886
2026-07-02T04:40:00Z,53.709090909090904,96.0769230769231,80,4887
2026-07-02T04:45:00Z,53.709090909090904,97.5,80,4888
2026-07-02T04:50:00Z,53.709090909090904,93.03333333333329,10,4889
2026-07-02T04:55:00Z,53.709090909090904,86.33333333333329,70,4890
2026-07-02T05:00:00Z,45.36363636363639,86.33333333333329,50,4891
2026-07-02T05:05:00Z,45.36363636363639,87,10,4892
2026-07-02T05:10:00Z,45.36363636363639,87,20,4893
2026-07-02T05:15:00Z,45.36363636363639,86.4461538461538,60,4894
2026-07-02T05:20:00Z,45.36363636363639,86.0769230769231,0,4895
2026-07-02T05:25:00Z,45.36363636363639,86.0769230769231,40,4896
2026-07-02T05:30:00Z,45.36363636363639,81.42857142857139,40,4897
2026-07-02T05:35:00Z,45.36363636363639,81.42857142857139,10,4898
2026-07-02T05:40:00Z,45.36363636363639,81.57619047619049,70,4899
2026-07-02T05:45:00Z,45.36363636363639,82.1666666666667,40,4900
2026-07-02T05:50:00Z,45.36363636363639,82.1666666666667,20,4901
2026-07-02T05:55:00Z,78.2051282051282,94.63333333333328,70,4902
2026-07-02T06:00:00Z,78.2051282051282,97.75,0,4903
2026-07-02T06:05:00Z,78.2051282051282,87.94230769230771,30,4904
2026-07-02T06:10:00Z,78.2051282051282,73.2307692307692,40,4905
2026-07-02T06:15:00Z,78.2051282051282,73.2307692307692,10,4906
2026-07-02T06:20:00Z,78.2051282051282,87.38461538461542,30,4907
2026-07-02T06:25:00Z,78.2051282051282,90.92307692307689,90,4908
2026-07-02T06:30:00Z,78.55233785822017,91.68846153846147,30,4909
2026-07-02T06:35:00Z,79.9411764705882,94.75,-10,4910
2026-07-02T06:40:00Z,79.9411764705882,94.75,20,4911
2026-07-02T06:45:00Z,79.9411764705882,75.2,0,4912
2026-07-02T06:50:00Z,79.9411764705882,70.3125,130,4913
2026-07-02T06:55:00Z,79.9411764705882,70.3125,30,4914
2026-07-02T07:00:00Z,79.9411764705882,77.52499999999999,50,4915
2026-07-02T07:05:00Z,93.16470588235289,82.33333333333329,90,4916
2026-07-02T07:10:00Z,113,82.33333333333329,50,4917
2026-07-02T07:15:00Z,113,100.433333333333,-30,4918
2026-07-02T07:20:00Z,113,112.5,90,4919
2026-07-02T07:25:00Z,113,80.55,90,4920
2026-07-02T07:30:00Z,518.8,59.25,80,4921
2026-07-02T07:35:00Z,1012.7,59.25,30,4922
2026-07-02T07:40:00Z,601.3,59.25,30,4923
2026-07-02T07:45:00Z,303.5,59.25,60,4924
2026-07-02T07:50:00Z,528.06,77.05,30,4925
2026-07-02T07:55:00Z,680.64,79.48275862068968,-20,4926
2026-07-02T08:00:00Z,693.0666666666671,71.4137931034483,40,4927
2026-07-02T08:05:00Z,505.33333333333303,71.4137931034483,80,4928
2026-07-02T08:10:00Z,337.125,71.4137931034483,80,4929
2026-07-02T08:15:00Z,372.56071428571397,71.4137931034483,70,4930
2026-07-02T08:20:00Z,425.714285714286,71.4137931034483,20,4931
2026-07-02T08:25:00Z,246.85714285714306,94.73399014778319,-10,4932
2026-07-02T08:30:00Z,246.85714285714306,129.71428571428595,80,4933
2026-07-02T08:35:00Z,256.063492063492,46.61363636363639,100,4934
2026-07-02T08:40:00Z,292.88888888888897,46.61363636363639,390,4935
2026-07-02T08:45:00Z,263.966666666667,46.61363636363639,750,4936
2026-07-02T08:50:00Z,220.58333333333303,46.61363636363639,140,4937
2026-07-02T08:55:00Z,220.58333333333303,46.61363636363639,200,4938
2026-07-02T09:00:00Z,301.33333333333303,46.61363636363639,339.99999999999994,4939
2026-07-02T09:05:00Z,400.766666666666,46.61363636363639,470.00000000000006,4940
2026-07-02T09:10:00Z,603.455555555556,46.61363636363639,370,4941
2026-07-02T09:15:00Z,310.88888888888897,45.62690909090911,300,4942
2026-07-02T09:20:00Z,395.45555555555495,41.68,230,4943
2026-07-02T09:25:00Z,446.47142857142796,41.68,250,4944
2026-07-02T09:30:00Z,438.4285714285709,41.68,290.00000000000006,4945
2026-07-02T09:35:00Z,605.8,41.68,200,4946
2026-07-02T09:40:00Z,452,49.1315,140,4947
2026-07-02T09:45:00Z,209.5,78.93750000000001,100,4948
2026-07-02T09:50:00Z,148.875,78.93750000000001,160,4949
2026-07-02T09:55:00Z,148.875,78.93750000000001,210.00000000000003,4950
2026-07-02T10:00:00Z,846.550000000002,46.3888888888889,130,4951
2026-07-02T10:05:00Z,204.923076923077,46.3888888888889,190,4952
2026-07-02T10:10:00Z,204.923076923077,46.3888888888889,270,4953
2026-07-02T10:15:00Z,472.9538461538461,47.9691823899371,170,4954
2026-07-02T10:20:00Z,1157,50.3396226415094,390,4955
2026-07-02T10:25:00Z,893.624999999998,50.3396226415094,110,4956
2026-07-02T10:30:00Z,388.125,50.3396226415094,210.00000000000003,4957
2026-07-02T10:35:00Z,382.90714285714296,50.3396226415094,400,4958
2026-07-02T10:40:00Z,335.182857142857,50.3396226415094,200,4959
2026-07-02T10:45:00Z,158.2,50.3396226415094,450,4960
2026-07-02T10:50:00Z,158.2,50.3396226415094,190,4961
2026-07-02T10:55:00Z,170.944615384615,50.3396226415094,130,4962
2026-07-02T11:00:00Z,221.923076923077,50.3396226415094,80,4963
2026-07-02T11:05:00Z,221.923076923077,50.3396226415094,90,4964
2026-07-02T11:10:00Z,288.74065934065896,92.85363881401618,480.00000000000006,4965
2026-07-02T11:15:00Z,332.13766233766205,66.64285714285708,130,4966
2026-07-02T11:20:00Z,327.545454545455,66.64285714285708,70,4967
2026-07-02T11:25:00Z,327.545454545455,66.64285714285708,350,4968
2026-07-02T11:30:00Z,447.8,66.64285714285708,659.9999999999999,4969
2026-07-02T11:35:00Z,195.733333333333,66.64285714285708,530,4970
2026-07-02T11:40:00Z,195.733333333333,66.64285714285708,220,4971
2026-07-02T11:45:00Z,195.733333333333,66.64285714285708,300,4972
2026-07-02T11:50:00Z,226,80.46984126984131,150.00000000000003,4973
2026-07-02T11:55:00Z,226,135.77777777777797,150.00000000000003,4974
2026-07-02T12:00:00Z,244.8,119.10952380952399,30,4975
2026-07-02T12:05:00Z,273,94.10714285714289,150.00000000000003,4976
2026-07-02T12:10:00Z,748.555555555554,94.10714285714289,180,4977
2026-07-02T12:15:00Z,126.77777777777798,94.10714285714289,110,4978
2026-07-02T12:20:00Z,126.77777777777798,94.10714285714289,170,4979
2026-07-02T12:25:00Z,126.77777777777798,94.10714285714289,280,4980
2026-07-02T12:30:00Z,126.77777777777798,598.621428571429,150.00000000000003,4981
2026-07-02T12:35:00Z,126.77777777777798,780.12,110,4982
2026-07-02T12:40:00Z,106.362962962963,417.47999999999996,320,4983
2026-07-02T12:45:00Z,101.25925925925901,318.8,210.00000000000003,4984
2026-07-02T12:50:00Z,101.25925925925901,512.3,100,4985
2026-07-02T12:55:00Z,101.25925925925901,637.26,20,4986
2026-07-02T13:00:00Z,101.25925925925901,675.64,70,4987
2026-07-02T13:05:00Z,148.75555555555496,366.857142857143,180,4988
2026-07-02T13:10:00Z,220,381.4285714285709,200,4989
2026-07-02T13:15:00Z,214.1375,383.84761904761893,180,4990
2026-07-02T13:20:00Z,190.6875,511.466666666667,570.0000000000001,4991
2026-07-02T13:25:00Z,190.6875,213,100,4992
2026-07-02T13:30:00Z,190.6875,213,50,4993
2026-07-02T13:35:00Z,262.909090909091,115.88888888888897,40,4994
2026-07-02T13:40:00Z,262.909090909091,208.71111111111097,90,4995
2026-07-02T13:45:00Z,164.619913419913,517.6,80,4996
2026-07-02T13:50:00Z,140.04761904761904,149.3,90,4997
2026-07-02T13:55:00Z,140.04761904761904,149.3,60,4998
2026-07-02T14:00:00Z,140.04761904761904,243.222222222222,90,4999
2026-07-02T14:05:00Z,131.71378446115293,359.77777777777794,90,5000
2026-07-02T14:10:00Z,126.157894736842,443.28571428571394,110,5001
2026-07-02T14:15:00Z,126.157894736842,257.980952380952,50,5002
2026-07-02T14:20:00Z,126.157894736842,338.08333333333303,130,5003
2026-07-02T14:25:00Z,288.9915789473679,532.25,180,5004
2026-07-02T14:30:00Z,329.7,542.4,170,5005
2026-07-02T14:35:00Z,345.71142857142894,527.466666666667,120.00000000000001,5006
2026-07-02T14:40:00Z,424.49523809523794,369.39333333333303,200,5007
2026-07-02T14:45:00Z,584.4833333333341,150.1,240.00000000000003,5008
2026-07-02T14:50:00Z,876.25,97.24000000000001,150.00000000000003,5009
2026-07-02T14:55:00Z,1027.4666666666703,62,140,5010
2026-07-02T15:00:00Z,1536.3333333333296,631.5,160,5011
2026-07-02T15:05:00Z,2382.5,372.245454545455,100,5012
2026-07-02T15:10:00Z,1782.9,121.909090909091,80,5013
2026-07-02T15:15:00Z,1554.6,346.14545454545504,90,5014
2026-07-02T15:20:00Z,1967.6,1120,120.00000000000001,5015
2026-07-02T15:25:00Z,1288.6,1021.8,80,5016
2026-07-02T15:30:00Z,1902.8,354,80,5017
2026-07-02T15:35:00Z,1477.6,236.5,210.00000000000003,5018
2026-07-02T15:40:00Z,1712,357.3,350,5019
2026-07-02T15:45:00Z,2105.6,212.25,160,5020
2026-07-02T15:50:00Z,1760.8,168.892857142857,420.00000000000006,5021
2026-07-02T15:55:00Z,1354.0666666666702,103.85714285714299,410.00000000000006,5022
2026-07-02T16:00:00Z,1761.6333333333296,295.83333333333303,600,5023
2026-07-02T16:05:00Z,3349.2,188.926666666667,700,5024
2026-07-02T16:10:00Z,2628.5,162.2,1090,5025
2026-07-02T16:15:00Z,2918.4,314.32571428571396,1620,5026
2026-07-02T16:20:00Z,1985.4,253.428571428571,1070,5027
2026-07-02T16:25:00Z,1758,252.785714285714,1000,5028
2026-07-02T16:30:00Z,1604.8,366.8,1200,5029
2026-07-02T16:35:00Z,1646,413.966666666667,750,5030
2026-07-02T16:40:00Z,2780.2,147.33333333333303,1280,5031
2026-07-02T16:45:00Z,2259.3,147.33333333333303,940.0000000000001,5032
2026-07-02T16:50:00Z,1802.7,198.17777777777798,1280,5033
2026-07-02T16:55:00Z,1508.8,210.88888888888906,1340,5034
2026-07-02T17:00:00Z,1405.7333333333297,161.75,1000,5035
2026-07-02T17:05:00Z,1107.8666666666702,456.05,820.0000000000001,5036
2026-07-02T17:10:00Z,1657.6,630.54,1170.0000000000002,5037
2026-07-02T17:15:00Z,2213.2,173.7,2070,5038
2026-07-02T17:20:00Z,2329.3,157.124705882353,1720,5039
2026-07-02T17:25:00Z,1378.5,90.8235294117647,1730,5040
2026-07-02T17:30:00Z,870.3,90.8235294117647,1220,5041
2026-07-02T17:35:00Z,583.4599999999999,90.8235294117647,1080,5042
2026-07-02T17:40:00Z,771.3199999999999,139.942483660131,1060,5043
2026-07-02T17:45:00Z,672.1533333333331,152.222222222222,1050,5044
2026-07-02T17:50:00Z,527.1666666666671,143.5,1730,5045
2026-07-02T17:55:00Z,667.8,143.5,1320,5046
2026-07-02T18:00:00Z,671.971428571428,132.545454545455,1230,5047
2026-07-02T18:05:00Z,451.4285714285709,132.545454545455,910,5048
2026-07-02T18:10:00Z,443.666666666667,230.70909090909097,910,5049
2026-07-02T18:15:00Z,489,212.14285714285697,669.9999999999999,5050
2026-07-02T18:20:00Z,420.84761904761893,194.190476190476,1140.0000000000002,5051
2026-07-02T18:25:00Z,434.845714285714,182.222222222222,1480,5052
2026-07-02T18:30:00Z,635.265,393.34444444444404,1280,5053
2026-07-02T18:35:00Z,365.125,329.78,779.9999999999999,5054
2026-07-02T18:40:00Z,554.3499999999999,180.78666666666697,510,5055
2026-07-02T18:45:00Z,530.271428571429,257.213333333333,360,5056
2026-07-02T18:50:00Z,437.11428571428604,194.85846153846202,530,5057
2026-07-02T18:55:00Z,353.714285714286,106.230769230769,380,5058
2026-07-02T19:00:00Z,699,106.230769230769,329.99999999999994,5059
2026-07-02T19:05:00Z,468.57142857142895,193.33333333333303,450,5060
2026-07-02T19:10:00Z,459.3285714285719,163.866666666667,410.00000000000006,5061
2026-07-02T19:15:00Z,394.74,153.04,190,5062
2026-07-02T19:20:00Z,307.1,139.2,260,5063
2026-07-02T19:25:00Z,276.54,211.293333333333,290.00000000000006,5064
2026-07-02T19:30:00Z,230.7,504.466666666667,220,5065
2026-07-02T19:35:00Z,286.686666666667,242.2,320,5066
2026-07-02T19:40:00Z,370.666666666667,695.3,300,5067
2026-07-02T19:45:00Z,269.626666666667,522.7,240.00000000000003,5068
2026-07-02T19:50:00Z,202.26666666666696,908.4,350,5069
2026-07-02T19:55:00Z,202.26666666666696,1017,329.99999999999994,5070
2026-07-02T20:00:00Z,185.15666666666698,1933.2,140,5071
2026-07-02T20:05:00Z,173.75,2448.6,370,5072
2026-07-02T20:10:00Z,173.75,1490.4,380,5073
2026-07-02T20:15:00Z,155.415217391304,1391.2,300,5074
2026-07-02T20:20:00Z,127.91304347826102,1682.2,260,5075
2026-07-02T20:25:00Z,127.91304347826102,1235.4,280,5076
2026-07-02T20:30:00Z,127.91304347826102,1697.8,160,5077
2026-07-02T20:35:00Z,127.91304347826102,1319.8,160,5078
2026-07-02T20:40:00Z,121.774608695652,1729.4,90,5079
2026-07-02T20:45:00Z,120.24000000000001,1742.6,230,5080
2026-07-02T20:50:00Z,120.24000000000001,1662.6,170,5081
2026-07-02T20:55:00Z,120.24000000000001,1336.1,110,5082
2026-07-02T21:00:00Z,120.24000000000001,1397.7,120.00000000000001,5083
2026-07-02T21:05:00Z,93.69371428571431,2746.8,120.00000000000001,5084
2026-07-02T21:10:00Z,87.05714285714289,2092.4,80,5085
2026-07-02T21:15:00Z,87.05714285714289,2590.6,120.00000000000001,5086
2026-07-02T21:20:00Z,87.05714285714289,1785.4,90,5087
2026-07-02T21:25:00Z,87.05714285714289,1493.4,60,5088
2026-07-02T21:30:00Z,87.05714285714289,1618,90,5089
2026-07-02T21:35:00Z,87.05714285714289,1306.2,80,5090
2026-07-02T21:40:00Z,77.27809523809519,2351.6,130,5091
2026-07-02T21:45:00Z,74.83333333333329,2116.6,60,5092
2026-07-02T21:50:00Z,74.83333333333329,1752,30,5093
2026-07-02T21:55:00Z,74.83333333333329,1444.2,70,5094
2026-07-02T22:00:00Z,74.83333333333329,1306.4,80,5095
2026-07-02T22:05:00Z,74.83333333333329,1033,10,5096
2026-07-02T22:10:00Z,74.83333333333329,1618.8,50,5097
2026-07-02T22:15:00Z,67.7700680272109,2318.4,90,5098
2026-07-02T22:20:00Z,63.06122448979589,2069.6,50,5099
2026-07-02T22:25:00Z,63.06122448979589,1235.1,20,5100
2026-07-02T22:30:00Z,63.06122448979589,856.5,30,5101
2026-07-02T22:35:00Z,63.06122448979589,494.2,50,5102
2026-07-02T22:40:00Z,63.06122448979589,751.5,10,5103
2026-07-02T22:45:00Z,63.06122448979589,472.1,0,5104
2026-07-02T22:50:00Z,63.06122448979589,451.6,60,5105
2026-07-02T22:55:00Z,63.06122448979589,628.3,20,5106
2026-07-02T23:00:00Z,63.06122448979589,521.22,40,5107
2026-07-02T23:05:00Z,53.4575279168271,378.81333333333305,20,5108
2026-07-02T23:10:00Z,51.0566037735849,442.666666666667,70,5109
2026-07-02T23:15:00Z,51.0566037735849,431.5,20,5110
2026-07-02T23:20:00Z,51.0566037735849,352.7,-10,5111
2026-07-02T23:25:00Z,51.0566037735849,450.4,140,5112
2026-07-02T23:30:00Z,51.0566037735849,503.4,30,5113
2026-07-02T23:35:00Z,51.0566037735849,247.64,0,5114
2026-07-02T23:40:00Z,51.0566037735849,496.86,50,5115
2026-07-02T23:45:00Z,51.0566037735849,631.5,0,5116
2026-07-02T23:50:00Z,51.0566037735849,276.7,60,5117
2026-07-02T23:55:00Z,51.0566037735849,428.3,30,5118
2026-07-03T00:00:00Z,39.1917808219178,571.2,0,5119
2026-07-03T00:05:00Z,39.1917808219178,391.16,0,5120
2026-07-03T00:10:00Z,39.1917808219178,362.37333333333305,0,5121
2026-07-03T00:15:00Z,39.1917808219178,435.666666666667,0,5122
2026-07-03T00:20:00Z,39.1917808219178,231.4,10,5123
2026-07-03T00:25:00Z,39.1917808219178,137.2,20,5124
2026-07-03T00:30:00Z,39.1917808219178,137.2,30,5125
2026-07-03T00:35:00Z,39.1917808219178,407.96,40,5126
2026-07-03T00:40:00Z,39.1917808219178,305.815,0,5127
2026-07-03T00:45:00Z,39.1917808219178,153.875,0,5128
2026-07-03T00:50:00Z,39.1917808219178,165.75,0,5129
2026-07-03T00:55:00Z,39.1917808219178,170.2,0,5130
2026-07-03T01:00:00Z,39.1917808219178,165,10,5131
2026-07-03T01:05:00Z,39.1917808219178,150.981818181818,0,5132
2026-07-03T01:10:00Z,40.020091324200905,141.63636363636397,20,5133
2026-07-03T01:15:00Z,43.3333333333333,138.83636363636398,10,5134
2026-07-03T01:20:00Z,43.3333333333333,134.63636363636397,0,5135
2026-07-03T01:25:00Z,43.3333333333333,125.21575757575799,50,5136
2026-07-03T01:30:00Z,43.3333333333333,87.53333333333329,30,5137
2026-07-03T01:35:00Z,43.3333333333333,87.53333333333329,0,5138
2026-07-03T01:40:00Z,43.3333333333333,104.340952380952,0,5139
2026-07-03T01:45:00Z,43.3333333333333,171.57142857142904,10,5140
2026-07-03T01:50:00Z,43.3333333333333,95.1613445378151,0,5141
2026-07-03T01:55:00Z,43.3333333333333,76.0588235294118,0,5142
2026-07-03T02:00:00Z,43.3333333333333,76.0588235294118,40,5143
2026-07-03T02:05:00Z,43.3333333333333,91.7686274509804,-20,5144
2026-07-03T02:10:00Z,43.3333333333333,115.33333333333299,50,5145
2026-07-03T02:15:00Z,43.3333333333333,115.33333333333299,10,5146
2026-07-03T02:20:00Z,43.44761904761899,33.842105263157904,0,5147
2026-07-03T02:25:00Z,43.619047619047585,33.842105263157904,0,5148
2026-07-03T02:30:00Z,43.619047619047585,33.842105263157904,20,5149
2026-07-03T02:35:00Z,43.619047619047585,33.842105263157904,60,5150
2026-07-03T02:40:00Z,43.619047619047585,33.842105263157904,0,5151
2026-07-03T02:45:00Z,43.619047619047585,33.842105263157904,40,5152
2026-07-03T02:50:00Z,43.619047619047585,33.842105263157904,40,5153
2026-07-03T02:55:00Z,43.619047619047585,49.1497076023392,20,5154
2026-07-03T03:00:00Z,43.619047619047585,72.1111111111111,0,5155
2026-07-03T03:05:00Z,43.619047619047585,72.1111111111111,-10,5156
2026-07-03T03:10:00Z,43.619047619047585,72.1111111111111,30,5157
2026-07-03T03:15:00Z,43.619047619047585,52.790222222222205,30,5158
2026-07-03T03:20:00Z,43.619047619047585,47.96,40,5159
2026-07-03T03:25:00Z,59.50641821946171,47.96,50,5160
2026-07-03T03:30:00Z,63.4782608695652,47.96,30,5161
2026-07-03T03:35:00Z,63.4782608695652,47.96,0,5162
2026-07-03T03:40:00Z,63.4782608695652,35.9691428571429,40,5163
2026-07-03T03:45:00Z,63.4782608695652,32.97142857142859,20,5164
2026-07-03T03:50:00Z,63.4782608695652,32.97142857142859,0,5165
2026-07-03T03:55:00Z,63.4782608695652,32.97142857142859,10,5166
2026-07-03T04:05:00Z,63.4782608695652,32.97142857142859,40,5167
2026-07-03T04:10:00Z,59.0273043478261,32.97142857142859,100,5168
2026-07-03T04:15:00Z,56.06,37.77650793650791,-10,5169
2026-07-03T04:20:00Z,56.06,38.977777777777796,20,5170
2026-07-03T04:25:00Z,56.06,38.977777777777796,0,5171
2026-07-03T04:30:00Z,56.06,38.977777777777796,10,5172
2026-07-03T04:35:00Z,56.06,38.977777777777796,70,5173
2026-07-03T04:40:00Z,56.06,38.977777777777796,10,5174
2026-07-03T04:45:00Z,56.06,38.977777777777796,40,5175
2026-07-03T04:50:00Z,56.06,38.977777777777796,10,5176
2026-07-03T04:55:00Z,56.06,38.977777777777796,30,5177
2026-07-03T05:00:00Z,53.790666666666695,27.930766823161193,20,5178
2026-07-03T05:05:00Z,52.2777777777778,25.169014084506998,50,5179
2026-07-03T05:10:00Z,52.2777777777778,25.169014084506998,0,5180
2026-07-03T05:15:00Z,52.2777777777778,25.169014084506998,50,5181
2026-07-03T05:20:00Z,52.2777777777778,25.169014084506998,50,5182
2026-07-03T05:25:00Z,52.2777777777778,25.169014084506998,50,5183
2026-07-03T05:30:00Z,52.2777777777778,25.169014084506998,10,5184
2026-07-03T05:35:00Z,52.2777777777778,25.169014084506998,0,5185
2026-07-03T05:40:00Z,52.2777777777778,25.169014084506998,40,5186
2026-07-03T05:45:00Z,52.2777777777778,25.169014084506998,60,5187
2026-07-03T05:50:00Z,52.2777777777778,25.169014084506998,30,5188
2026-07-03T05:55:00Z,48.72222222222221,25.169014084506998,10,5189
2026-07-03T06:00:00Z,47.8333333333333,25.169014084506998,0,5190
2026-07-03T06:05:00Z,47.8333333333333,25.169014084506998,0,5191
2026-07-03T06:10:00Z,47.8333333333333,36.1076056338028,60,5192
2026-07-03T06:15:00Z,47.8333333333333,43.4,0,5193
2026-07-03T06:20:00Z,47.8333333333333,43.4,30,5194
2026-07-03T06:25:00Z,47.8333333333333,43.4,50,5195
2026-07-03T06:30:00Z,47.8333333333333,43.4,10,5196
2026-07-03T06:35:00Z,47.8333333333333,43.4,60,5197
2026-07-03T06:40:00Z,47.8333333333333,36.64235294117651,10,5198
2026-07-03T06:45:00Z,47.8333333333333,32.1372549019608,0,5199
2026-07-03T06:50:00Z,47.8333333333333,32.1372549019608,60,5200
2026-07-03T06:55:00Z,102.923188405797,32.1372549019608,30,5201
2026-07-03T07:00:00Z,116.69565217391299,32.1372549019608,30,5202
2026-07-03T07:05:00Z,116.69565217391299,32.1372549019608,30,5203
2026-07-03T07:10:00Z,116.69565217391299,32.1372549019608,0,5204
2026-07-03T07:15:00Z,197.67652173912995,32.1372549019608,0,5205
2026-07-03T07:20:00Z,510.222857142857,32.1372549019608,20,5206
2026-07-03T07:25:00Z,464.714285714286,32.1372549019608,0,5207
2026-07-03T07:30:00Z,440.4857142857139,38.37466063348419,70,5208
2026-07-03T07:35:00Z,778.790476190475,47.730769230769205,20,5209
2026-07-03T07:40:00Z,2140.0666666666693,47.730769230769205,30,5210
2026-07-03T07:45:00Z,1466.0666666666702,47.730769230769205,30,5211
2026-07-03T07:50:00Z,1825.5333333333297,47.730769230769205,60,5212
2026-07-03T07:55:00Z,1746.1499999999999,45.884615384615394,0,5213
2026-07-03T08:00:00Z,844.65,38.5,-10,5214
2026-07-03T08:05:00Z,1464,38.5,30,5215
2026-07-03T08:10:00Z,1223.5333333333297,38.5,50,5216
2026-07-03T08:15:00Z,2576.0666666666693,38.5,-20,5217
2026-07-03T08:20:00Z,3123.6,38.5,110,5218
2026-07-03T08:25:00Z,2859.6,38.5,200,5219
2026-07-03T08:30:00Z,1855.1499999999999,38.5,290.00000000000006,5220
2026-07-03T08:35:00Z,946.89,48.62500000000001,270,5221
2026-07-03T08:40:00Z,618.66,48.62500000000001,110,5222
2026-07-03T08:45:00Z,638.9,48.62500000000001,570.0000000000001,5223
2026-07-03T08:50:00Z,558.2888888888891,48.62500000000001,1290,5224
2026-07-03T08:55:00Z,318.22222222222194,52.2363636363636,850.0000000000001,5225
2026-07-03T09:00:00Z,665.2888888888891,66.6818181818182,1160.0000000000002,5226
2026-07-03T09:05:00Z,466.625,66.6818181818182,940.0000000000001,5227
2026-07-03T09:10:00Z,534.8549999999999,66.6818181818182,520,5228
2026-07-03T09:15:00Z,598.16,66.6818181818182,770,5229
2026-07-03T09:20:00Z,527.826666666667,43.269696969696994,710,5230
2026-07-03T09:25:00Z,486.366666666667,37.416666666666686,1740,5231
2026-07-03T09:30:00Z,391.166666666667,37.416666666666686,1890.0000000000002,5232
2026-07-03T09:35:00Z,679,37.416666666666686,1710,5233
2026-07-03T09:40:00Z,494.4,37.416666666666686,1080,5234
2026-07-03T09:45:00Z,478.04,37.416666666666686,410.00000000000006,5235
2026-07-03T09:50:00Z,728.9599999999999,37.416666666666686,329.99999999999994,5236
2026-07-03T09:55:00Z,1264.7,37.66666666666669,530,5237
2026-07-03T10:00:00Z,1223.74,37.8333333333333,250,5238
2026-07-03T10:05:00Z,1022.3599999999999,37.8333333333333,230,5239
2026-07-03T10:10:00Z,2072,37.8333333333333,310,5240
2026-07-03T10:15:00Z,1302.5333333333297,37.8333333333333,260,5241
2026-07-03T10:20:00Z,1497.6166666666702,37.8333333333333,290.00000000000006,5242
2026-07-03T10:25:00Z,930.49,35.69404761904759,339.99999999999994,5243
2026-07-03T10:30:00Z,1101.76,34.2678571428571,329.99999999999994,5244
2026-07-03T10:35:00Z,1033,34.2678571428571,250,5245
2026-07-03T10:40:00Z,1976.8,34.2678571428571,260,5246
2026-07-03T10:45:00Z,954,34.2678571428571,350,5247
2026-07-03T10:50:00Z,1764,34.2678571428571,240.00000000000003,5248
2026-07-03T10:55:00Z,1294.1499999999999,34.2678571428571,300,5249
2026-07-03T11:00:00Z,810.4499999999999,34.2678571428571,510,5250
2026-07-03T11:05:00Z,692.8,34.2678571428571,800,5251
2026-07-03T11:10:00Z,814.3,34.2678571428571,789.9999999999999,5252
2026-07-03T11:15:00Z,672.5,34.2678571428571,590,5253
2026-07-03T11:20:00Z,350.75,40.94821428571429,1140.0000000000002,5254
2026-07-03T11:25:00Z,533.9166666666671,50.96875000000001,810,5255
2026-07-03T11:30:00Z,743.813333333333,50.96875000000001,920,5256
2026-07-03T11:35:00Z,439.12,50.96875000000001,530,5257
2026-07-03T11:40:00Z,367,50.96875000000001,650,5258
2026-07-03T11:45:00Z,442.54285714285703,50.96875000000001,900,5259
2026-07-03T11:50:00Z,533.3571428571429,50.96875000000001,1110,5260
2026-07-03T11:55:00Z,430.5,76.43750000000001,580,5261
2026-07-03T12:00:00Z,290,76.43750000000001,1160.0000000000002,5262
2026-07-03T12:05:00Z,331.44,76.43750000000001,679.9999999999999,5263
2026-07-03T12:10:00Z,393.6,227.6875,490,5264
2026-07-03T12:15:00Z,665.8933333333322,300.4,400,5265
2026-07-03T12:20:00Z,524.866666666666,373.33333333333303,560,5266
2026-07-03T12:25:00Z,387.5,438.866666666667,300,5267
2026-07-03T12:30:00Z,301.3,310.6,160,5268
2026-07-03T12:35:00Z,511,622.4,310,5269
2026-07-03T12:40:00Z,900.9499999999999,1946.2,440,5270
2026-07-03T12:45:00Z,929.65,1191.8,329.99999999999994,5271
2026-07-03T12:50:00Z,304,1553.4,220,5272
2026-07-03T12:55:00Z,304,1674.4,260,5273
2026-07-03T13:00:00Z,252.564705882353,767.7,240.00000000000003,5274
2026-07-03T13:05:00Z,175.41176470588195,986.433333333333,380,5275
2026-07-03T13:10:00Z,175.41176470588195,1025.6666666666702,110,5276
2026-07-03T13:15:00Z,175.41176470588195,2165,170,5277
2026-07-03T13:20:00Z,303.111111111111,2573.6,220,5278
2026-07-03T13:25:00Z,313.125252525252,2538,440,5279
2026-07-03T13:30:00Z,353.181818181818,1449.4666666666703,640,5280
2026-07-03T13:35:00Z,353.181818181818,793.933333333333,120.00000000000001,5281
2026-07-03T13:40:00Z,374.88888888888897,571,80,5282
2026-07-03T13:45:00Z,362.651111111111,671.466666666667,490,5283
2026-07-03T13:50:00Z,313.7,222.20606060606096,480.00000000000006,5284
2026-07-03T13:55:00Z,308.6433333333331,134.090909090909,750,5285
2026-07-03T14:00:00Z,288.41666666666697,546.936363636364,60,5286
2026-07-03T14:05:00Z,288.41666666666697,588.7,170,5287
2026-07-03T14:10:00Z,149.628160919541,426.13333333333304,150.00000000000003,5288
2026-07-03T14:15:00Z,114.931034482759,454.666666666667,120.00000000000001,5289
2026-07-03T14:20:00Z,114.931034482759,411.866666666667,70,5290
2026-07-03T14:25:00Z,114.931034482759,304.33333333333303,160,5291
2026-07-03T14:30:00Z,114.931034482759,285,40,5292
2026-07-03T14:35:00Z,114.931034482759,832.4,380,5293
2026-07-03T14:40:00Z,240.64285714285697,276.08571428571395,250,5294
2026-07-03T14:45:00Z,240.64285714285697,406.514285714286,150.00000000000003,5295
2026-07-03T14:50:00Z,234.60178571428597,808.2,130,5296
2026-07-03T14:55:00Z,210.4375,1059.8,329.99999999999994,5297
2026-07-03T15:00:00Z,210.4375,1015.3599999999999,220,5298
2026-07-03T15:05:00Z,210.4375,1098.24,230,5299
2026-07-03T15:10:00Z,214.692307692308,1645.4,230,5300
2026-07-03T15:15:00Z,214.692307692308,1247.8,110,5301
2026-07-03T15:20:00Z,221.490384615385,1111.1499999999999,150.00000000000003,5302
2026-07-03T15:25:00Z,231.6875,721.3166666666671,80,5303
2026-07-03T15:30:00Z,231.6875,1044.1333333333296,30,5304
2026-07-03T15:35:00Z,220.21666666666695,840.2,120.00000000000001,5305
2026-07-03T15:40:00Z,174.33333333333303,2426.4,10,5306
2026-07-03T15:45:00Z,174.33333333333303,795.6,150.00000000000003,5307
2026-07-03T15:50:00Z,174.33333333333303,1493.6,220,5308
2026-07-03T15:55:00Z,287.533333333333,973.4,160,5309
2026-07-03T16:00:00Z,363,728.8,60,5310
2026-07-03T16:05:00Z,258.938461538462,706,150.00000000000003,5311
2026-07-03T16:10:00Z,232.923076923077,975,180,5312
2026-07-03T16:15:00Z,229.80989010988998,270.714285714286,100,5313
2026-07-03T16:20:00Z,217.35714285714306,356.4857142857139,130,5314
2026-07-03T16:25:00Z,217.35714285714306,577.4,120.00000000000001,5315
2026-07-03T16:30:00Z,227.18095238095302,586.6,230,5316
2026-07-03T16:35:00Z,241.91666666666697,487,130,5317
2026-07-03T16:40:00Z,241.91666666666697,297.2,150.00000000000003,5318
2026-07-03T16:45:00Z,1067.2,438.4,180,5319
2026-07-03T16:50:00Z,1387.4666666666703,433.6,180,5320
2026-07-03T16:55:00Z,1231.0666666666702,495.71999999999997,120.00000000000001,5321
2026-07-03T17:00:00Z,1289.6666666666702,205.2,110,5322
2026-07-03T17:05:00Z,1378,198.54666666666697,200,5323
2026-07-03T17:10:00Z,1497.8,380.866666666667,250,5324
2026-07-03T17:15:00Z,2854,696.2666666666671,190,5325
2026-07-03T17:20:00Z,3527.9,649.5636363636361,150.00000000000003,5326
2026-07-03T17:25:00Z,2890.2,203.909090909091,170,5327
2026-07-03T17:30:00Z,2350.7,204.477272727273,150.00000000000003,5328
2026-07-03T17:35:00Z,2389.2,1065.05,90,5329
2026-07-03T17:40:00Z,3123,662.933333333333,200,5330
2026-07-03T17:45:00Z,2942.8,917.0266666666671,140,5331
2026-07-03T17:50:00Z,2488.2,372.24,230,5332
2026-07-03T17:55:00Z,1320.5,183,840.0000000000001,5333
2026-07-03T18:00:00Z,1760.2333333333297,177.71428571428595,770,5334
2026-07-03T18:05:00Z,1089.8666666666602,171.345714285714,900,5335
2026-07-03T18:10:00Z,923.7,167.1,830.0000000000001,5336
2026-07-03T18:15:00Z,1053.9,186.23999999999998,890,5337
2026-07-03T18:20:00Z,1330.6,235.3,1000,5338
2026-07-03T18:25:00Z,890.6,408.83333333333303,2080,5339
2026-07-03T18:30:00Z,608.333333333334,350.533333333333,1880.0000000000002,5340
2026-07-03T18:35:00Z,579.5866666666672,297.293333333333,1790,5341
2026-07-03T18:40:00Z,565.822857142857,177.68,1410,5342
2026-07-03T18:45:00Z,552.82380952381,307.56,1410,5343
2026-07-03T18:50:00Z,557.833333333333,413.56,1990,5344
2026-07-03T18:55:00Z,660.8,332.64000000000004,1850,5345
2026-07-03T19:00:00Z,411.875,262.54285714285703,1430,5346
2026-07-03T19:05:00Z,432.21071428571395,233.766233766234,779.9999999999999,5347
2026-07-03T19:10:00Z,462.714285714286,134.545454545455,1040,5348
2026-07-03T19:15:00Z,510,134.545454545455,659.9999999999999,5349
2026-07-03T19:20:00Z,465.675,145.16666666666697,530,5350
2026-07-03T19:25:00Z,436.125,145.16666666666697,640,5351
2026-07-03T19:30:00Z,334.3,147.53333333333302,760,5352
2026-07-03T19:35:00Z,334.3,149.11111111111097,530,5353
2026-07-03T19:40:00Z,297.2,397.502222222222,339.99999999999994,5354
2026-07-03T19:45:00Z,297.2,177.82000000000002,360,5355
2026-07-03T19:50:00Z,455.28571428571394,137.75714285714304,440,5356
2026-07-03T19:55:00Z,434.580952380952,259.28571428571394,339.99999999999994,5357
2026-07-03T20:00:00Z,420.77777777777794,204.85714285714306,290.00000000000006,5358
2026-07-03T20:05:00Z,260.368888888889,188.075,420.00000000000006,5359
2026-07-03T20:10:00Z,220.26666666666696,175.375,220,5360
2026-07-03T20:15:00Z,220.26666666666696,229.95000000000002,250,5361
2026-07-03T20:20:00Z,293.6533333333331,239.11428571428596,300,5362
2026-07-03T20:25:00Z,312,198.285714285714,300,5363
2026-07-03T20:30:00Z,273.538461538462,252.83333333333303,270,5364
2026-07-03T20:35:00Z,263.9230769230769,196.61111111111097,200,5365
2026-07-03T20:40:00Z,266.50209790209794,182.55555555555597,250,5366
2026-07-03T20:45:00Z,276.8181818181819,179.66666666666697,130,5367
2026-07-03T20:50:00Z,276.8181818181819,197.133333333333,190,5368
2026-07-03T20:55:00Z,222.53333333333302,292.2,190,5369
2026-07-03T21:00:00Z,222.53333333333302,357.68,329.99999999999994,5370
2026-07-03T21:05:00Z,222.53333333333302,249.72,240.00000000000003,5371
2026-07-03T21:10:00Z,255.076923076923,223.485714285714,280,5372
2026-07-03T21:15:00Z,255.076923076923,219.74285714285696,220,5373
2026-07-03T21:20:00Z,242.24615384615396,198.14285714285697,300,5374
2026-07-03T21:25:00Z,223,196.31428571428597,290.00000000000006,5375
2026-07-03T21:30:00Z,223,206.54285714285697,260,5376
2026-07-03T21:35:00Z,219.69333333333302,222.57142857142904,230,5377
2026-07-03T21:40:00Z,214.733333333333,275.2,220,5378
2026-07-03T21:45:00Z,214.733333333333,974.6,170,5379
2026-07-03T21:50:00Z,188.173333333333,1250.4,150.00000000000003,5380
2026-07-03T21:55:00Z,148.33333333333303,1166.6,140,5381
2026-07-03T22:00:00Z,148.33333333333303,1262,170,5382
2026-07-03T22:05:00Z,148.33333333333303,1057.2,160,5383
2026-07-03T22:10:00Z,150.014035087719,1329.8,140,5384
2026-07-03T22:15:00Z,156.736842105263,2659.2,120.00000000000001,5385
2026-07-03T22:20:00Z,156.736842105263,2519,130,5386
2026-07-03T22:25:00Z,156.736842105263,2564.6,120.00000000000001,5387
2026-07-03T22:30:00Z,186.79210526315794,2005.8,110,5388
2026-07-03T22:35:00Z,231.875,1717.6,90,5389
2026-07-03T22:40:00Z,231.875,2543.4,110,5390
2026-07-03T22:45:00Z,218.28947368421098,2534.4,130,5391
2026-07-03T22:50:00Z,163.947368421053,1731,120.00000000000001,5392
2026-07-03T22:55:00Z,163.947368421053,997.7,100,5393
2026-07-03T23:00:00Z,163.947368421053,1236.9,140,5394
2026-07-03T23:05:00Z,174.84342105263204,904.866666666667,110,5395
2026-07-03T23:10:00Z,191.1875,561.2,90,5396
2026-07-03T23:15:00Z,191.1875,813.333333333333,90,5397
2026-07-03T23:20:00Z,186.72,1151.2,90,5398
2026-07-03T23:25:00Z,168.85000000000002,814.9,90,5399
2026-07-03T23:30:00Z,168.85000000000002,513.7,80,5400
2026-07-03T23:35:00Z,168.85000000000002,338,80,5401
2026-07-03T23:40:00Z,170.49333333333303,694.8,120.00000000000001,5402
2026-07-03T23:45:00Z,177.06666666666698,373.933333333333,90,5403
2026-07-03T23:50:00Z,177.06666666666698,504.866666666667,80,5404
2026-07-03T23:55:00Z,177.06666666666698,573.333333333333,100,5405
2026-07-04T00:00:00Z,185.444444444444,436.066666666667,80,5406
2026-07-04T00:05:00Z,185.444444444444,287.4,90,5407
2026-07-04T00:10:00Z,185.444444444444,390,80,5408
2026-07-04T00:15:00Z,176.25990338164198,420.75,190,5409
2026-07-04T00:20:00Z,139.52173913043504,382.45,100,5410
2026-07-04T00:25:00Z,139.52173913043504,393.2,90,5411
2026-07-04T00:30:00Z,139.52173913043504,326,130,5412
2026-07-04T00:35:00Z,139.52173913043504,214,110,5413
2026-07-04T00:40:00Z,160.019221967964,199.3,100,5414
2026-07-04T00:45:00Z,173.68421052631598,275.4,110,5415
2026-07-04T00:50:00Z,173.68421052631598,402.1,100,5416
2026-07-04T00:55:00Z,173.68421052631598,595.9599999999999,100,5417
2026-07-04T01:00:00Z,140.33684210526303,283.55428571428604,120.00000000000001,5418
2026-07-04T01:05:00Z,132,118.57142857142898,110,5419
2026-07-04T01:10:00Z,132,118.57142857142898,110,5420
2026-07-04T01:15:00Z,132,265.809523809524,100,5421
2026-07-04T01:20:00Z,132,258.266666666667,130,5422
2026-07-04T01:25:00Z,124.36,387.666666666667,110,5423
2026-07-04T01:30:00Z,124.36,244.622222222222,100,5424
2026-07-04T01:35:00Z,124.36,177.77777777777797,100,5425
2026-07-04T01:40:00Z,124.36,122.83333333333299,110,5426
2026-07-04T01:45:00Z,124.36,122.83333333333299,80,5427
2026-07-04T01:50:00Z,145,427.283333333333,70,5428
2026-07-04T01:55:00Z,145,212.53,100,5429
2026-07-04T02:00:00Z,145,108.1,90,5430
2026-07-04T02:05:00Z,145,240.82000000000002,80,5431
2026-07-04T02:10:00Z,136.6,264.13333333333304,70,5432
2026-07-04T02:15:00Z,131,218.56666666666698,80,5433
2026-07-04T02:20:00Z,131,95.5,80,5434
2026-07-04T02:25:00Z,131,95.5,80,5435
2026-07-04T02:30:00Z,131,156.02,80,5436
2026-07-04T02:35:00Z,139.2,246.8,70,5437
2026-07-04T02:40:00Z,144.66666666666697,242.70857142857096,90,5438
2026-07-04T02:45:00Z,144.66666666666697,236.57142857142904,60,5439
2026-07-04T02:50:00Z,144.66666666666697,127.636363636364,80,5440
2026-07-04T02:55:00Z,171.482352941177,127.636363636364,60,5441
2026-07-04T03:00:00Z,211.705882352941,123.47012987013001,80,5442
2026-07-04T03:05:00Z,211.705882352941,122.42857142857099,80,5443
2026-07-04T03:10:00Z,211.705882352941,122.42857142857099,70,5444
2026-07-04T03:15:00Z,244.53333333333302,84.27777777777779,70,5445
2026-07-04T03:20:00Z,244.53333333333302,84.27777777777779,50,5446
2026-07-04T03:25:00Z,244.53333333333302,84.27777777777779,80,5447
2026-07-04T03:30:00Z,144,148.76666666666696,80,5448
2026-07-04T03:35:00Z,144,245.5,80,5449
2026-07-04T03:40:00Z,144,249.22,70,5450
2026-07-04T03:45:00Z,144,190.88000000000002,70,5451
2026-07-04T03:50:00Z,420.12,95,60,5452
2026-07-04T03:55:00Z,552.822857142857,95,50,5453
2026-07-04T04:05:00Z,503,185.7,170,5454
2026-07-04T04:10:00Z,1037.4,183.1,160,5455
2026-07-04T04:15:00Z,378.28888888888895,179.2,70,5456
2026-07-04T04:20:00Z,180.11111111111097,154.12,140,5457
2026-07-04T04:25:00Z,180.11111111111097,116.5,280,5458
2026-07-04T04:30:00Z,171.73888888888902,116.5,80,5459
2026-07-04T04:35:00Z,138.25,109.923076923077,90,5460
2026-07-04T04:40:00Z,138.25,105.53846153846199,80,5461
2026-07-04T04:45:00Z,138.25,105.53846153846199,70,5462
2026-07-04T04:50:00Z,138.25,165.5,70,5463
2026-07-04T04:55:00Z,228.77222222222198,187.366666666667,110,5464
2026-07-04T05:00:00Z,364.555555555556,210.11111111111097,200,5465
2026-07-04T05:05:00Z,255.43472222222198,169.88888888888906,490,5466
2026-07-04T05:10:00Z,182.6875,168.2,240.00000000000003,5467
2026-07-04T05:15:00Z,182.6875,165.66666666666697,290.00000000000006,5468
2026-07-04T05:20:00Z,376.5125,143.366666666667,659.9999999999999,5469
2026-07-04T05:25:00Z,667.25,128.5,160,5470
2026-07-04T05:30:00Z,442.4277777777779,117.927272727273,110,5471
2026-07-04T05:35:00Z,386.22222222222194,75.6363636363636,70,5472
2026-07-04T05:40:00Z,218.85714285714306,75.6363636363636,160,5473
2026-07-04T05:45:00Z,218.85714285714306,270,90,5474
2026-07-04T05:50:00Z,212.985714285714,203.02857142857098,90,5475
2026-07-04T05:55:00Z,189.5,102.57142857142898,90,5476
2026-07-04T06:00:00Z,838.285714285714,102.57142857142898,60,5477
2026-07-04T06:05:00Z,509.194285714286,95.84033613445376,130,5478
2026-07-04T06:10:00Z,289.8,91.35294117647057,210.00000000000003,5479
2026-07-04T06:15:00Z,2172.12,91.35294117647057,110,5480
2026-07-04T06:20:00Z,512.1818181818179,90.87058823529408,80,5481
2026-07-04T06:25:00Z,512.1818181818179,88.9411764705882,80,5482
2026-07-04T06:30:00Z,392.996363636364,88.9411764705882,570.0000000000001,5483
2026-07-04T06:35:00Z,363.2,88.9411764705882,210.00000000000003,5484
2026-07-04T06:40:00Z,297.773333333334,135.38823529411798,230,5485
2026-07-04T06:45:00Z,281.41666666666697,147,220,5486
2026-07-04T06:50:00Z,327.85,159.444444444444,150.00000000000003,5487
2026-07-04T06:55:00Z,397.5,162.55555555555597,130,5488
2026-07-04T07:00:00Z,436.4,88.57894736842107,130,5489
2026-07-04T07:05:00Z,415.754545454545,88.57894736842107,350,5490
2026-07-04T07:10:00Z,294.27272727272697,88.57894736842107,430.00000000000006,5491
2026-07-04T07:15:00Z,294.27272727272697,95.70760233918129,260,5492
2026-07-04T07:20:00Z,503.28571428571394,124.222222222222,130,5493
2026-07-04T07:25:00Z,1871.18095238095,107.4,1390.0000000000002,5494
2026-07-04T07:30:00Z,1020.1733333333302,82.1666666666667,500,5495
2026-07-04T07:35:00Z,1332.6599999999999,82.1666666666667,170,5496
2026-07-04T07:40:00Z,1152.1,82.1666666666667,320,5497
2026-07-04T07:45:00Z,1616.6,82.1666666666667,170,5498
2026-07-04T07:50:00Z,2174.6,116.14666666666702,160,5499
2026-07-04T07:55:00Z,2295.4,138.8,180,5500
2026-07-04T08:00:00Z,1550.4,137.812307692308,180,5501
2026-07-04T08:05:00Z,1779.2,137.153846153846,260,5502
2026-07-04T08:10:00Z,3979.6,137.153846153846,260,5503
2026-07-04T08:15:00Z,3895.6,164.8,270,5504
2026-07-04T08:20:00Z,2209.6,164.8,190,5505
2026-07-04T08:25:00Z,2367.2,81.42857142857139,190,5506
2026-07-04T08:30:00Z,2662,81.42857142857139,310,5507
2026-07-04T08:35:00Z,2106.9,94.6142857142857,1230,5508
2026-07-04T08:40:00Z,2324.7,147.35714285714306,700,5509
2026-07-04T08:45:00Z,2659.8,147.35714285714306,910,5510
2026-07-04T08:50:00Z,1848.6666666666702,341.81428571428603,750,5511
2026-07-04T08:55:00Z,1204.3333333333296,667.6800000000001,1120,5512
2026-07-04T09:00:00Z,1155.9333333333298,274.177142857143,1560,5513
2026-07-04T09:05:00Z,1666.2666666666703,258.009523809524,1270,5514
2026-07-04T09:10:00Z,1690.6,534.2333333333331,990,5515
2026-07-04T09:15:00Z,2481.2,192.5,1170.0000000000002,5516
2026-07-04T09:20:00Z,3123.933333333331,192.5,2710,5517
2026-07-04T09:25:00Z,7157.066666666672,195.3,2170,5518
2026-07-04T09:30:00Z,14172.4,196.4,1380.0000000000002,5519
2026-07-04T09:35:00Z,7712.2,197,1410,5520
2026-07-04T09:40:00Z,3495.5,113.35,1610,5521
2026-07-04T09:45:00Z,2179.7,92.43750000000001,1310,5522
2026-07-04T09:50:00Z,1802.6,92.43750000000001,1420,5523
2026-07-04T09:55:00Z,1783.8,155.575,1640.0000000000002,5524
2026-07-04T10:00:00Z,1685,282.6,1010,5525
2026-07-04T10:05:00Z,958.4,157.35714285714306,730,5526
2026-07-04T10:10:00Z,884,157.35714285714306,720,5527
2026-07-04T10:15:00Z,839.75,166.635714285714,1070,5528
2026-07-04T10:20:00Z,852.9833333333331,324.35,1010,5529
2026-07-04T10:25:00Z,733.5333333333331,391.7,1900,5530
2026-07-04T10:30:00Z,709.5333333333331,331.45,1630.0000000000002,5531
2026-07-04T10:35:00Z,557,272.08333333333303,4859.999999999999,5532
2026-07-04T10:40:00Z,215.992592592593,211.29166666666697,7390,5533
2026-07-04T10:45:00Z,130.74074074074096,182.375,5880,5534
2026-07-04T10:50:00Z,130.74074074074096,157.25,2400,5535
2026-07-04T10:55:00Z,130.74074074074096,218.35000000000002,1370,5536
2026-07-04T11:00:00Z,130.74074074074096,413.5,1080,5537
2026-07-04T11:05:00Z,188.53015873015897,290.033333333333,1080,5538
2026-07-04T11:10:00Z,275.214285714286,229.78666666666697,960,5539
2026-07-04T11:15:00Z,275.214285714286,534.6800000000001,610,5540
2026-07-04T11:20:00Z,192.81904761904798,931.333333333333,530,5541
2026-07-04T11:25:00Z,137.88888888888906,102,520,5542
2026-07-04T11:30:00Z,137.88888888888906,230.88000000000002,480.00000000000006,5543
2026-07-04T11:35:00Z,137.88888888888906,243.42000000000002,460,5544
2026-07-04T11:40:00Z,137.88888888888906,208.14,669.9999999999999,5545
2026-07-04T11:45:00Z,145.815458937198,218.826666666667,230,5546
2026-07-04T11:50:00Z,177.52173913043504,219.98333333333304,130,5547
2026-07-04T11:55:00Z,177.52173913043504,334.75,160,5548
2026-07-04T12:00:00Z,177.52173913043504,351.5,100,5549
2026-07-04T12:05:00Z,177.52173913043504,353.3,120.00000000000001,5550
2026-07-04T12:10:00Z,139.72744565217403,214.33333333333303,60,5551
2026-07-04T12:15:00Z,114.53125000000001,264.866666666667,90,5552
2026-07-04T12:20:00Z,114.53125000000001,395.733333333333,150.00000000000003,5553
2026-07-04T12:25:00Z,114.53125000000001,1375.3666666666702,130,5554
2026-07-04T12:30:00Z,114.53125000000001,908,120.00000000000001,5555
2026-07-04T12:35:00Z,114.53125000000001,1094.2,160,5556
2026-07-04T12:40:00Z,122.361363636364,1037.1,80,5557
2026-07-04T12:45:00Z,153.681818181818,1654.2,80,5558
2026-07-04T12:50:00Z,153.681818181818,1777.6,100,5559
2026-07-04T12:55:00Z,153.681818181818,2141.8,130,5560
2026-07-04T13:00:00Z,153.681818181818,1364.4,160,5561
2026-07-04T13:05:00Z,234.56493506493499,1581.6,170,5562
2026-07-04T13:10:00Z,254.785714285714,3148.2,120.00000000000001,5563
2026-07-04T13:15:00Z,254.785714285714,3242.4,60,5564
2026-07-04T13:20:00Z,208.11111111111097,1959.4,120.00000000000001,5565
2026-07-04T13:25:00Z,208.11111111111097,2094,70,5566
2026-07-04T13:30:00Z,208.11111111111097,2294.4,60,5567
2026-07-04T13:35:00Z,206.424561403509,1839.4,80,5568
2026-07-04T13:40:00Z,203.89473684210503,2057.8,90,5569
2026-07-04T13:45:00Z,203.89473684210503,2375.8,50,5570
2026-07-04T13:50:00Z,203.89473684210503,1542.6,60,5571
2026-07-04T13:55:00Z,163.38289473684196,1006.8,160,5572
2026-07-04T14:00:00Z,136.375,972.3,120.00000000000001,5573
2026-07-04T14:05:00Z,136.375,1408.3,80,5574
2026-07-04T14:10:00Z,136.375,1403.8,90,5575
2026-07-04T14:15:00Z,136.375,1981.8,140,5576
2026-07-04T14:20:00Z,147.067592592593,2561.4,170,5577
2026-07-04T14:25:00Z,149.74074074074096,5271.2,180,5578
2026-07-04T14:30:00Z,149.74074074074096,11609.4,260,5579
2026-07-04T14:35:00Z,149.74074074074096,6436.6,90,5580
2026-07-04T14:40:00Z,149.74074074074096,3284.4,80,5581
2026-07-04T14:45:00Z,178.057777777778,1983.6,80,5582
2026-07-04T14:50:00Z,220.53333333333302,1640.8,190,5583
2026-07-04T14:55:00Z,220.53333333333302,1522.9,130,5584
2026-07-04T15:00:00Z,244.945,1358.5,90,5585
2026-07-04T15:05:00Z,281.5625,901.8,70,5586
2026-07-04T15:10:00Z,281.5625,791.2,90,5587
2026-07-04T15:15:00Z,281.56428571428603,703.8,110,5588
2026-07-04T15:20:00Z,281.57142857142895,727.2,140,5589
2026-07-04T15:25:00Z,281.57142857142895,602.3,80,5590
2026-07-04T15:30:00Z,238.67619047619098,944.333333333333,90,5591
2026-07-04T15:35:00Z,174.33333333333303,353.166666666667,100,5592
2026-07-04T15:40:00Z,174.33333333333303,224,90,5593
2026-07-04T15:45:00Z,174.33333333333303,118.25454545454501,100,5594
2026-07-04T15:50:00Z,305.13333333333304,91.81818181818177,140,5595
2026-07-04T15:55:00Z,337.83333333333303,99.01818181818177,130,5596
2026-07-04T16:00:00Z,403.1,103.81818181818198,110,5597
2026-07-04T16:05:00Z,620.55,171.89090909090902,130,5598
2026-07-04T16:10:00Z,1783.45,231.65714285714304,400,5599
2026-07-04T16:15:00Z,1074.4,168.14285714285697,140,5600
2026-07-04T16:20:00Z,259.357142857143,141.16666666666697,100,5601
2026-07-04T16:25:00Z,259.357142857143,201.26190476190496,200,5602
2026-07-04T16:30:00Z,285.97460317460303,188.17142857142903,240.00000000000003,5603
2026-07-04T16:35:00Z,392.444444444444,146,130,5604
2026-07-04T16:40:00Z,486.2,145,120.00000000000001,5605
2026-07-04T16:45:00Z,644.7,147.9,120.00000000000001,5606
2026-07-04T16:50:00Z,716.1666666666671,160.5,120.00000000000001,5607
2026-07-04T16:55:00Z,561.8571428571429,213.96,140,5608
2026-07-04T17:00:00Z,617.242857142857,176.530909090909,220,5609
2026-07-04T17:05:00Z,1214.7,127.81818181818198,220,5610
2026-07-04T17:10:00Z,1399.5,119.15244755244797,270,5611
2026-07-04T17:15:00Z,992.1,106.15384615384598,520,5612
2026-07-04T17:20:00Z,737.2,106.15384615384598,1060,5613
2026-07-04T17:25:00Z,760.92,122.930769230769,650,5614
2026-07-04T17:30:00Z,641.38,124.68333333333298,170,5615
2026-07-04T17:35:00Z,624.966666666667,114.91666666666703,170,5616
2026-07-04T17:40:00Z,708.9619047619049,114.91666666666703,150.00000000000003,5617
2026-07-04T17:45:00Z,556.142857142857,152.240476190476,230,5618
2026-07-04T17:50:00Z,547.571428571428,159.992857142857,370,5619
2026-07-04T17:55:00Z,506.45714285714297,157.625,370,5620
2026-07-04T18:00:00Z,448,147.725,440,5621
2026-07-04T18:05:00Z,498.1,177.45000000000002,350,5622
2026-07-04T18:10:00Z,514.785714285714,311.65000000000003,310,5623
2026-07-04T18:15:00Z,531.4285714285711,319.18,870.0000000000001,5624
2026-07-04T18:20:00Z,609.7523809523811,268.862857142857,890,5625
2026-07-04T18:25:00Z,565.3833333333331,208.820779220779,520,5626
2026-07-04T18:30:00Z,522.75,101.81818181818198,450,5627
2026-07-04T18:35:00Z,514,101.81818181818198,450,5628
2026-07-04T18:40:00Z,508,206.875,470.00000000000006,5629
2026-07-04T18:45:00Z,499,190.375,400,5630
2026-07-04T18:50:00Z,471.375,141.45769230769204,370,5631
2026-07-04T18:55:00Z,462.325,108.846153846154,350,5632
2026-07-04T19:00:00Z,448.75,108.846153846154,350,5633
2026-07-04T19:05:00Z,426.372222222222,200.14285714285697,320,5634
2026-07-04T19:10:00Z,420.77777777777794,164.28214285714304,300,5635
2026-07-04T19:15:00Z,351.27272727272697,140.375,329.99999999999994,5636
2026-07-04T19:20:00Z,351.27272727272697,111.88888888888897,310,5637
2026-07-04T19:25:00Z,356.363636363637,111.17264957264997,320,5638
2026-07-04T19:30:00Z,357.636363636364,108.307692307692,430.00000000000006,5639
2026-07-04T19:35:00Z,348.745454545455,108.307692307692,380,5640
2026-07-04T19:40:00Z,342.8181818181819,183.323076923077,390,5641
2026-07-04T19:45:00Z,318.15244755244805,203.733333333333,360,5642
2026-07-04T19:50:00Z,281.15384615384613,159.33333333333303,310,5643
2026-07-04T19:55:00Z,281.15384615384613,178.93333333333302,360,5644
2026-07-04T20:00:00Z,313.564102564103,487.733333333333,300,5645
2026-07-04T20:05:00Z,321.666666666667,348.666666666667,300,5646
2026-07-04T20:10:00Z,423.685714285715,174.285714285714,280,5647
2026-07-04T20:15:00Z,576.714285714286,225.86428571428598,260,5648
2026-07-04T20:20:00Z,799.8,285.783333333333,230,5649
2026-07-04T20:25:00Z,382.7272727272729,228.72380952380996,230,5650
2026-07-04T20:30:00Z,382.7272727272729,180.74285714285696,210.00000000000003,5651
2026-07-04T20:35:00Z,335.38181818181897,158,230,5652
2026-07-04T20:40:00Z,323.545454545455,170.428571428571,220,5653
2026-07-04T20:45:00Z,403.61818181818194,214.038095238095,190,5654
2026-07-04T20:50:00Z,457,265.3047619047621,210.00000000000003,5655
2026-07-04T20:55:00Z,581,243.56190476190497,210.00000000000003,5656
2026-07-04T21:00:00Z,506.95555555555495,344.516666666667,200,5657
2026-07-04T21:05:00Z,488.444444444444,607.65,160,5658
2026-07-04T21:10:00Z,505,1465.5,190,5659
2026-07-04T21:15:00Z,478.111111111111,832.2,220,5660
2026-07-04T21:20:00Z,437.77777777777794,343.2,250,5661
2026-07-04T21:25:00Z,442.97777777777793,272.14285714285705,370,5662
2026-07-04T21:30:00Z,446.444444444444,202.55714285714305,460,5663
2026-07-04T21:35:00Z,400.88888888888897,330.433333333333,260,5664
2026-07-04T21:40:00Z,389.5,445.866666666667,180,5665
2026-07-04T21:45:00Z,248.033333333334,633.8,250,5666
2026-07-04T21:50:00Z,212.66666666666697,615.6,150.00000000000003,5667
2026-07-04T21:55:00Z,212.66666666666697,477,180,5668
2026-07-04T22:00:00Z,481.433333333333,382.933333333333,260,5669
2026-07-04T22:05:00Z,488.54,906.6666666666671,300,5670
2026-07-04T22:10:00Z,248.2,1144.6,290.00000000000006,5671
2026-07-04T22:15:00Z,248.2,749.5,270,5672
2026-07-04T22:20:00Z,257.44571428571396,587.2333333333331,260,5673
2026-07-04T22:25:00Z,294.4285714285709,587.866666666667,290.00000000000006,5674
2026-07-04T22:30:00Z,294.4285714285709,538.7,240.00000000000003,5675
2026-07-04T22:35:00Z,286.2,590.7,180,5676
2026-07-04T22:40:00Z,273.857142857143,459.2,260,5677
2026-07-04T22:45:00Z,273.857142857143,505.8,270,5678
2026-07-04T22:50:00Z,283.589010989011,472,200,5679
2026-07-04T22:55:00Z,290.076923076923,397.6,130,5680
2026-07-04T23:00:00Z,290.076923076923,360.25,140,5681
2026-07-04T23:05:00Z,271.14285714285705,412.95,130,5682
2026-07-04T23:10:00Z,271.14285714285705,375.733333333333,329.99999999999994,5683
2026-07-04T23:15:00Z,260.949579831933,385.866666666667,290.00000000000006,5684
2026-07-04T23:20:00Z,220.17647058823502,606.8,150.00000000000003,5685
2026-07-04T23:25:00Z,220.17647058823502,445.266666666667,180,5686
2026-07-04T23:30:00Z,220.17647058823502,393.6,150.00000000000003,5687
2026-07-04T23:35:00Z,216.38529411764702,364.63333333333304,200,5688
2026-07-04T23:40:00Z,215.4375,320.1,160,5689
2026-07-04T23:45:00Z,215.4375,414.733333333333,170,5690
2026-07-04T23:50:00Z,224.17499999999998,373.866666666667,150.00000000000003,5691
2026-07-04T23:55:00Z,230,359.65000000000003,150.00000000000003,5692
2026-07-05T00:00:00Z,244.733333333333,333.08333333333303,170,5693
2026-07-05T00:05:00Z,244.733333333333,312.906666666667,200,5694
2026-07-05T00:10:00Z,244.733333333333,276.08,200,5695
2026-07-05T00:15:00Z,253.53333333333302,237.94666666666697,220,5696
2026-07-05T00:20:00Z,255.733333333333,277.533333333333,190,5697
2026-07-05T00:25:00Z,255.733333333333,269.4,170,5698
2026-07-05T00:30:00Z,180.60753623188398,303.45,200,5699
2026-07-05T00:35:00Z,161.82608695652203,236.28333333333302,150.00000000000003,5700
2026-07-05T00:40:00Z,161.82608695652203,262.946666666667,180,5701
2026-07-05T00:45:00Z,161.82608695652203,241.462857142857,150.00000000000003,5702
2026-07-05T00:50:00Z,151.66675191815898,203.85714285714306,140,5703
2026-07-05T00:55:00Z,111.029411764706,201,180,5704
2026-07-05T01:00:00Z,111.029411764706,244.83333333333303,160,5705
2026-07-05T01:05:00Z,111.029411764706,243.5,140,5706
2026-07-05T01:10:00Z,111.029411764706,421.6,130,5707
2026-07-05T01:15:00Z,111.029411764706,414.466666666667,170,5708
2026-07-05T01:20:00Z,111.029411764706,523.4,160,5709
2026-07-05T01:25:00Z,123.61764705882399,359.2,190,5710
2026-07-05T01:30:00Z,142.5,321.36,160,5711
2026-07-05T01:35:00Z,142.5,300.382857142857,170,5712
2026-07-05T01:40:00Z,142.5,277.857142857143,160,5713
2026-07-05T01:45:00Z,142.5,305.64000000000004,120.00000000000001,5714
2026-07-05T01:50:00Z,184.090909090909,281.76,120.00000000000001,5715
2026-07-05T01:55:00Z,350.454545454545,488.8,100,5716
2026-07-05T02:00:00Z,350.454545454545,391.32,90,5717
2026-07-05T02:05:00Z,185.272727272727,417.68,120.00000000000001,5718
2026-07-05T02:10:00Z,185.272727272727,342.7,100,5719
2026-07-05T02:15:00Z,185.272727272727,435.7,80,5720
2026-07-05T02:20:00Z,185.272727272727,277.166666666667,100,5721
2026-07-05T02:25:00Z,169.784090909091,259.433333333333,100,5722
2026-07-05T02:30:00Z,159.45833333333306,327.6,90,5723
2026-07-05T02:35:00Z,159.45833333333306,405,90,5724
2026-07-05T02:40:00Z,159.45833333333306,211.7,120.00000000000001,5725
2026-07-05T02:45:00Z,159.45833333333306,151.5,120.00000000000001,5726
2026-07-05T02:50:00Z,162.396014492754,174,160,5727
2026-07-05T02:55:00Z,163.13043478260903,228.6,130,5728
2026-07-05T03:00:00Z,163.13043478260903,526.4,110,5729
2026-07-05T03:05:00Z,163.13043478260903,323.28,180,5730
2026-07-05T03:10:00Z,160.442809364549,185.57714285714303,339.99999999999994,5731
2026-07-05T03:15:00Z,149.692307692308,175.71428571428595,160,5732
2026-07-05T03:20:00Z,149.692307692308,189.428571428571,120.00000000000001,5733
2026-07-05T03:25:00Z,149.692307692308,274.2,110,5734
2026-07-05T03:30:00Z,149.692307692308,230.16666666666697,130,5735
2026-07-05T03:35:00Z,149.692307692308,190.96666666666698,120.00000000000001,5736
2026-07-05T03:40:00Z,110.29411764705901,209.26666666666696,120.00000000000001,5737
2026-07-05T03:45:00Z,110.29411764705901,247.06666666666698,110,5738
2026-07-05T03:50:00Z,110.29411764705901,268.45333333333303,110,5739
2026-07-05T03:55:00Z,110.29411764705901,240.613333333333,120.00000000000001,5740
2026-07-05T04:05:00Z,110.29411764705901,220.83333333333303,120.00000000000001,5741
2026-07-05T04:10:00Z,108.00826709062,190.338095238095,120.00000000000001,5742
2026-07-05T04:15:00Z,98.8648648648649,184.71428571428595,80,5743
2026-07-05T04:20:00Z,98.8648648648649,187.71428571428595,100,5744
2026-07-05T04:25:00Z,98.8648648648649,162,120.00000000000001,5745
2026-07-05T04:30:00Z,98.8648648648649,168.4,100,5746
2026-07-05T04:35:00Z,98.8648648648649,178,110,5747
2026-07-05T04:40:00Z,98.8648648648649,175.85714285714306,110,5748
2026-07-05T04:45:00Z,98.8648648648649,169.71785714285696,80,5749
2026-07-05T04:50:00Z,106.690620031796,165.625,80,5750
2026-07-05T04:55:00Z,108.64705882352898,163.75,110,5751
2026-07-05T05:00:00Z,108.64705882352898,186.11666666666696,50,5752
2026-07-05T05:05:00Z,108.64705882352898,217.16666666666697,90,5753
2026-07-05T05:10:00Z,108.64705882352898,207.16666666666697,40,5754
2026-07-05T05:15:00Z,108.64705882352898,197,90,5755
2026-07-05T05:20:00Z,108.64705882352898,207.26666666666696,40,5756
2026-07-05T05:25:00Z,163.45454545454498,197.33333333333303,80,5757
2026-07-05T05:30:00Z,163.45454545454498,184.5,60,5758
2026-07-05T05:35:00Z,163.45454545454498,177.75,70,5759
2026-07-05T05:40:00Z,163.45454545454498,116.75,60,5760
2026-07-05T05:45:00Z,584.5318181818178,101.5,50,5761
2026-07-05T05:50:00Z,828.4499999999999,101.5,40,5762
2026-07-05T05:55:00Z,1055.8,95.30769230769229,60,5763
2026-07-05T06:00:00Z,2253,95.30769230769229,100,5764
2026-07-05T06:05:00Z,1279.4285714285704,95.8923076923077,20,5765
2026-07-05T06:10:00Z,516.571428571429,96.76923076923082,70,5766
2026-07-05T06:15:00Z,676.875,96.76923076923082,60,5767
2026-07-05T06:20:00Z,522.075,95.96923076923082,80,5768
2026-07-05T06:25:00Z,289.875,95.76923076923082,80,5769
2026-07-05T06:30:00Z,289.875,101.340384615385,30,5770
2026-07-05T06:35:00Z,282.442857142857,123.62499999999999,110,5771
2026-07-05T06:40:00Z,252.71428571428595,185.135714285714,60,5772
2026-07-05T06:45:00Z,252.71428571428595,205.71428571428595,70,5773
2026-07-05T06:50:00Z,183.513186813187,124,140,5774
2026-07-05T06:55:00Z,79.71153846153851,217.46666666666698,410.00000000000006,5775
2026-07-05T07:00:00Z,79.71153846153851,380.466666666667,630,5776
2026-07-05T07:05:00Z,79.71153846153851,250,510,5777
2026-07-05T07:10:00Z,79.71153846153851,159.222222222222,1570,5778
2026-07-05T07:15:00Z,79.71153846153851,131.764444444444,540,5779
2026-07-05T07:20:00Z,79.71153846153851,124.9,400,5780
2026-07-05T07:25:00Z,79.71153846153851,126.1,220,5781
2026-07-05T07:30:00Z,79.71153846153851,126.4,580,5782
2026-07-05T07:35:00Z,79.71153846153851,135.94666666666697,110,5783
2026-07-05T07:40:00Z,79.71153846153851,138.33333333333303,100,5784
2026-07-05T07:45:00Z,101.47368421052599,137.444444444444,110,5785
2026-07-05T07:50:00Z,101.47368421052599,135.79555555555595,170,5786
2026-07-05T07:55:00Z,101.47368421052599,129.2,110,5787
2026-07-05T08:00:00Z,101.47368421052599,129.72,120.00000000000001,5788
2026-07-05T08:05:00Z,101.47368421052599,131.8,70,5789
2026-07-05T08:10:00Z,101.47368421052599,127.45818181818198,90,5790
2026-07-05T08:15:00Z,101.47368421052599,110.09090909090901,30,5791
2026-07-05T08:20:00Z,109.31087719298198,110.09090909090901,40,5792
2026-07-05T08:25:00Z,121.06666666666702,152.875,-30,5793
2026-07-05T08:30:00Z,121.06666666666702,139.39772727272702,50,5794
2026-07-05T08:35:00Z,121.06666666666702,119.181818181818,30,5795
2026-07-05T08:40:00Z,121.06666666666702,117.145454545455,20,5796
2026-07-05T08:45:00Z,121.06666666666702,109,0,5797
2026-07-05T08:50:00Z,261.59,109,0,5798
2026-07-05T08:55:00Z,472.375,89.85333333333328,50,5799
2026-07-05T09:00:00Z,603.2750000000001,85.0666666666667,10,5800
2026-07-05T09:05:00Z,478.05,85.0666666666667,110,5801
2026-07-05T09:10:00Z,372.75,93.13641025641029,30,5802
2026-07-05T09:15:00Z,401.4,95.15384615384617,110,5803
2026-07-05T09:20:00Z,516,87.31398601398598,20,5804
2026-07-05T09:25:00Z,367.8615384615379,55.95454545454549,0,5805
2026-07-05T09:30:00Z,145.653846153846,55.95454545454549,10,5806
2026-07-05T09:35:00Z,145.653846153846,55.95454545454549,40,5807
2026-07-05T09:40:00Z,145.653846153846,55.95454545454549,30,5808
2026-07-05T09:45:00Z,145.653846153846,92.32424242424241,10,5809
2026-07-05T09:50:00Z,192.548076923077,101.41666666666703,10,5810
2026-07-05T09:55:00Z,380.125,94.17499999999998,120.00000000000001,5811
2026-07-05T10:00:00Z,1395.55,83.3125,339.99999999999994,5812
2026-07-05T10:05:00Z,357.5,83.3125,240.00000000000003,5813
2026-07-05T10:10:00Z,357.5,89.03181818181821,370,5814
2026-07-05T10:15:00Z,357.5,111.909090909091,290.00000000000006,5815
2026-07-05T10:20:00Z,529.125,111.909090909091,110,5816
2026-07-05T10:25:00Z,721.475,98.0769230769231,270,5817
2026-07-05T10:30:00Z,1510.6,98.0769230769231,260,5818
2026-07-05T10:35:00Z,768.2666666666671,126.274725274725,120.00000000000001,5819
2026-07-05T10:40:00Z,859.333333333333,168.57142857142904,60,5820
2026-07-05T10:45:00Z,33.3125,374.8,0,5821
2026-07-05T10:50:00Z,33.3125,899.8,0,5822
2026-07-05T10:55:00Z,33.3125,913.2,130,5823
2026-07-05T11:00:00Z,33.3125,2255.6,50,5824
2026-07-05T11:05:00Z,33.3125,676.9,220,5825
2026-07-05T11:10:00Z,33.3125,608.9,1000,5826
2026-07-05T11:15:00Z,33.3125,364.166666666667,270,5827
2026-07-05T11:20:00Z,33.3125,701.2047619047621,40,5828
2026-07-05T11:25:00Z,33.3125,262.857142857143,30,5829
2026-07-05T11:30:00Z,33.3125,165.90476190476195,320,5830
2026-07-05T11:35:00Z,33.3125,141.66666666666697,310,5831
2026-07-05T11:40:00Z,33.3125,242.428571428571,1040,5832
2026-07-05T11:45:00Z,33.3125,215.97142857142904,400,5833
2026-07-05T11:50:00Z,33.3125,185.044444444444,280,5834
2026-07-05T11:55:00Z,33.3125,165.11111111111097,90,5835
2026-07-05T12:00:00Z,33.3125,90.4508960573477,80,5836
2026-07-05T12:05:00Z,33.3125,40.677419354838705,90,5837
2026-07-05T12:10:00Z,33.3125,40.677419354838705,40,5838
2026-07-05T12:15:00Z,33.3125,40.677419354838705,0,5839
2026-07-05T12:20:00Z,33.3125,40.677419354838705,-30,5840
2026-07-05T12:25:00Z,33.3125,40.677419354838705,50,5841
2026-07-05T12:30:00Z,33.3125,51.4428152492669,10,5842
2026-07-05T12:35:00Z,92.09642857142839,67.59090909090911,-20,5843
2026-07-05T12:40:00Z,131.285714285714,67.59090909090911,-10,5844
2026-07-05T12:45:00Z,131.285714285714,67.59090909090911,0,5845
2026-07-05T12:50:00Z,131.285714285714,67.59090909090911,0,5846
2026-07-05T12:55:00Z,131.285714285714,168.375,70,5847
2026-07-05T13:00:00Z,131.285714285714,113.134090909091,0,5848
2026-07-05T13:05:00Z,131.285714285714,30.272727272727288,-70,5849
2026-07-05T13:10:00Z,85.19285714285698,30.272727272727288,10,5850
2026-07-05T13:15:00Z,54.4642857142857,30.272727272727288,20,5851
2026-07-05T13:20:00Z,54.4642857142857,30.272727272727288,20,5852
2026-07-05T13:25:00Z,54.4642857142857,30.272727272727288,70,5853
2026-07-05T13:30:00Z,54.4642857142857,30.272727272727288,60,5854
2026-07-05T13:35:00Z,54.4642857142857,30.272727272727288,50,5855
2026-07-05T13:40:00Z,54.4642857142857,30.272727272727288,0,5856
2026-07-05T13:45:00Z,54.4642857142857,169.759090909091,40,5857
2026-07-05T13:50:00Z,54.4642857142857,429.07,100,5858
2026-07-05T13:55:00Z,54.4642857142857,447.68,120.00000000000001,5859
2026-07-05T14:00:00Z,54.4642857142857,449,50,5860
2026-07-05T14:05:00Z,93.15357142857138,403.555555555556,40,5861
2026-07-05T14:10:00Z,151.1875,199.88888888888906,60,5862
2026-07-05T14:15:00Z,151.1875,415.22222222222194,20,5863
2026-07-05T14:20:00Z,151.1875,284.224242424242,100,5864
2026-07-05T14:25:00Z,151.1875,132.818181818182,60,5865
2026-07-05T14:30:00Z,151.1875,111.37662337662299,20,5866
2026-07-05T14:35:00Z,151.1875,79.21428571428571,0,5867
2026-07-05T14:40:00Z,212.55555555555597,79.21428571428571,10,5868
2026-07-05T14:45:00Z,212.55555555555597,125.819047619048,0,5869
2026-07-05T14:50:00Z,212.55555555555597,156.88888888888906,20,5870
2026-07-05T14:55:00Z,274.6,311.84444444444404,50,5871
2026-07-05T15:00:00Z,367.666666666667,1255.1333333333296,50,5872
2026-07-05T15:05:00Z,367.666666666667,511.545454545455,20,5873
2026-07-05T15:10:00Z,656.333333333333,131.909090909091,10,5874
2026-07-05T15:15:00Z,339.266666666667,160.87878787878802,339.99999999999994,5875
2026-07-05T15:20:00Z,260,345.8,200,5876
2026-07-05T15:25:00Z,260,392.066666666667,90,5877
2026-07-05T15:30:00Z,339.49090909090893,1582,50,5878
2026-07-05T15:35:00Z,359.36363636363603,327.4,40,5879
2026-07-05T15:40:00Z,572.385454545454,524.4,0,5880
2026-07-05T15:45:00Z,971.56,121,20,5881
2026-07-05T15:50:00Z,756.6,61.9307692307692,200,5882
2026-07-05T15:55:00Z,732.08,22.5512820512821,100,5883
2026-07-05T16:00:00Z,890.22,22.5512820512821,40,5884
2026-07-05T16:05:00Z,893.58,22.5512820512821,110,5885
2026-07-05T16:10:00Z,878.3199999999999,22.5512820512821,250,5886
2026-07-05T16:15:00Z,895.52,22.5512820512821,230,5887
2026-07-05T16:20:00Z,752.7085714285712,22.5512820512821,370,5888
2026-07-05T16:25:00Z,623.0571428571429,22.5512820512821,250,5889
2026-07-05T16:30:00Z,481.714285714286,22.5512820512821,160,5890
2026-07-05T16:35:00Z,1194.6499999999999,22.5512820512821,200,5891
2026-07-05T16:40:00Z,927.5166666666671,22.5512820512821,180,5892
2026-07-05T16:45:00Z,371.41666666666697,22.5512820512821,180,5893
2026-07-05T16:50:00Z,371.41666666666697,22.5512820512821,329.99999999999994,5894
2026-07-05T16:55:00Z,596,22.5512820512821,560,5895
2026-07-05T17:00:00Z,595.4,22.5512820512821,400,5896
2026-07-05T17:05:00Z,630.72,22.5512820512821,280,5897
2026-07-05T17:10:00Z,788.52,64.6296296296296,520,5898
2026-07-05T17:15:00Z,842.66,64.6296296296296,540,5899
2026-07-05T17:20:00Z,820.5,64.6296296296296,420.00000000000006,5900
2026-07-05T17:25:00Z,1129.52,64.6296296296296,540,5901
2026-07-05T17:30:00Z,832.022857142857,64.6296296296296,460,5902
2026-07-05T17:35:00Z,713.714285714286,137.65185185185197,210.00000000000003,5903
2026-07-05T17:40:00Z,705.142857142857,186.33333333333303,350,5904
2026-07-05T17:45:00Z,883.799999999998,83.3066666666667,669.9999999999999,5905
2026-07-05T17:50:00Z,1113,57.55,590,5906
2026-07-05T17:55:00Z,1216.4,57.55,150.00000000000003,5907
2026-07-05T18:00:00Z,968.8399999999999,57.55,210.00000000000003,5908
2026-07-05T18:05:00Z,956.64,108.82428571428599,360,5909
2026-07-05T18:10:00Z,991.52,121.64285714285698,329.99999999999994,5910
2026-07-05T18:15:00Z,883.76,121.64285714285698,320,5911
2026-07-05T18:20:00Z,1021.24,38.57142857142859,470.00000000000006,5912
2026-07-05T18:25:00Z,996.6,38.57142857142859,510,5913
2026-07-05T18:30:00Z,1068.4,38.57142857142859,480.00000000000006,5914
2026-07-05T18:35:00Z,1460.4,38.57142857142859,600,5915
2026-07-05T18:40:00Z,1498.3333333333296,38.57142857142859,530,5916
2026-07-05T18:45:00Z,804.6666666666671,38.57142857142859,360,5917
2026-07-05T18:50:00Z,547.375,38.57142857142859,339.99999999999994,5918
2026-07-05T18:55:00Z,576.8249999999999,38.57142857142859,580,5919
2026-07-05T19:00:00Z,621,156.34285714285699,570.0000000000001,5920
2026-07-05T19:05:00Z,733,289.0190476190481,580,5921
2026-07-05T19:10:00Z,769.6,301.716666666667,520,5922
2026-07-05T19:15:00Z,1107,165.75,520,5923
2026-07-05T19:20:00Z,1084.8444444444397,147.76666666666696,540,5924
2026-07-05T19:25:00Z,443.22222222222194,75.83333333333329,490,5925
2026-07-05T19:30:00Z,560.2,75.83333333333329,600,5926
2026-07-05T19:35:00Z,701.458333333334,75.83333333333329,580,5927
2026-07-05T19:40:00Z,564.625,112.33333333333299,590,5928
2026-07-05T19:45:00Z,893.41,136.66666666666697,880,5929
2026-07-05T19:50:00Z,746.54,136.66666666666697,770,5930
2026-07-05T19:55:00Z,502.5,246.6,380,5931
2026-07-05T20:00:00Z,1439.8,355.066666666667,320,5932
2026-07-05T20:05:00Z,1572.95,339.08,400,5933
2026-07-05T20:10:00Z,1722.05,375.91999999999996,350,5934
2026-07-05T20:15:00Z,1836.6,777.9599999999999,370,5935
2026-07-05T20:20:00Z,1380.8,458.68,380,5936
2026-07-05T20:25:00Z,805.466666666667,318.626666666667,630,5937
2026-07-05T20:30:00Z,703.333333333334,363.83333333333303,540,5938
2026-07-05T20:35:00Z,931.4,264.5,260,5939
2026-07-05T20:40:00Z,1047.1,416.266666666667,339.99999999999994,5940
2026-07-05T20:45:00Z,1032.58571428571,1064.9333333333298,390,5941
2026-07-05T20:50:00Z,617.0476190476189,608.8499999999999,210.00000000000003,5942
2026-07-05T20:55:00Z,236.33333333333303,441.35,590,5943
2026-07-05T21:00:00Z,236.33333333333303,815.4,270,5944
2026-07-05T21:05:00Z,236.33333333333303,698.866666666667,339.99999999999994,5945
2026-07-05T21:10:00Z,286.89333333333303,637.6333333333331,860.0000000000001,5946
2026-07-05T21:15:00Z,299.533333333333,858.9,810,5947
2026-07-05T21:20:00Z,299.533333333333,688.1,980,5948
2026-07-05T21:25:00Z,408.546666666667,305.671428571429,990,5949
2026-07-05T21:30:00Z,435.8,491.2285714285709,820.0000000000001,5950
2026-07-05T21:35:00Z,203.547096774194,936.4,290.00000000000006,5951
2026-07-05T21:40:00Z,145.48387096774198,734.171428571429,470.00000000000006,5952
2026-07-05T21:45:00Z,145.48387096774198,253.428571428571,470.00000000000006,5953
2026-07-05T21:50:00Z,145.48387096774198,319.4,630,5954
2026-07-05T21:55:00Z,145.48387096774198,599.2,650,5955
2026-07-05T22:00:00Z,145.48387096774198,486.066666666667,180,5956
2026-07-05T22:05:00Z,100.37659923455398,425.733333333333,70,5957
2026-07-05T22:10:00Z,70.3050847457627,721.7333333333331,80,5958
2026-07-05T22:15:00Z,70.3050847457627,726.1333333333331,120.00000000000001,5959
2026-07-05T22:20:00Z,70.3050847457627,654.933333333333,240.00000000000003,5960
2026-07-05T22:25:00Z,70.3050847457627,968,50,5961
2026-07-05T22:30:00Z,70.3050847457627,601.2,160,5962
2026-07-05T22:35:00Z,70.3050847457627,559.5,190,5963
2026-07-05T22:40:00Z,70.3050847457627,607.5666666666671,220,5964
2026-07-05T22:45:00Z,70.3050847457627,809.933333333333,270,5965
2026-07-05T22:50:00Z,70.3050847457627,801.4,60,5966
2026-07-05T22:55:00Z,70.3050847457627,1058.3,20,5967
2026-07-05T23:00:00Z,70.3050847457627,707.5,0,5968
2026-07-05T23:05:00Z,65.8949792133035,829.4,100,5969
2026-07-05T23:10:00Z,64.79245283018868,719.5,10,5970
2026-07-05T23:15:00Z,64.79245283018868,701.1,50,5971
2026-07-05T23:20:00Z,64.79245283018868,796.4,50,5972
2026-07-05T23:25:00Z,64.79245283018868,716.8,40,5973
2026-07-05T23:30:00Z,64.79245283018868,890.2,30,5974
2026-07-05T23:35:00Z,64.79245283018868,1022,0,5975
2026-07-05T23:40:00Z,64.79245283018868,1202.2,10,5976
2026-07-05T23:45:00Z,64.79245283018868,604,10,5977
2026-07-05T23:50:00Z,64.79245283018868,447.45,0,5978
2026-07-05T23:55:00Z,64.79245283018868,468.15000000000003,40,5979
2026-07-06T00:00:00Z,43.9518072289157,414,10,5980
2026-07-06T00:05:00Z,43.9518072289157,547.0666666666671,0,5981
2026-07-06T00:10:00Z,43.9518072289157,577.5333333333331,100,5982
2026-07-06T00:15:00Z,43.9518072289157,831.1,10,5983
2026-07-06T00:20:00Z,43.9518072289157,703.4599999999999,10,5984
2026-07-06T00:25:00Z,43.9518072289157,363.34000000000003,0,5985
2026-07-06T00:30:00Z,43.9518072289157,530.833333333333,0,5986
2026-07-06T00:35:00Z,43.9518072289157,400.266666666667,0,5987
2026-07-06T00:40:00Z,43.9518072289157,354.666666666667,10,5988
2026-07-06T00:45:00Z,43.9518072289157,1033.7333333333297,40,5989
2026-07-06T00:50:00Z,43.9518072289157,425.88,20,5990
2026-07-06T00:55:00Z,43.9518072289157,369.32,10,5991
2026-07-06T01:00:00Z,43.9518072289157,1086,0,5992
2026-07-06T01:05:00Z,43.9518072289157,1342,100,5993
2026-07-06T01:10:00Z,43.9518072289157,1149.4,70,5994
2026-07-06T01:15:00Z,43.9518072289157,1397,10,5995
2026-07-06T01:20:00Z,47.0503346720214,1302.72,0,5996
2026-07-06T01:25:00Z,59.444444444444386,506.28,0,5997
2026-07-06T01:30:00Z,59.444444444444386,663.4,0,5998
2026-07-06T01:35:00Z,59.444444444444386,620.8,0,5999
2026-07-06T01:40:00Z,59.444444444444386,784.5,0,6000
2026-07-06T01:45:00Z,59.444444444444386,941.55,0,6001
2026-07-06T01:50:00Z,59.444444444444386,244.51,20,6002
2026-07-06T01:55:00Z,59.444444444444386,153.2,0,6003
2026-07-06T02:00:00Z,59.444444444444386,176.23999999999998,20,6004
2026-07-06T02:05:00Z,59.444444444444386,182,10,6005
2026-07-06T02:10:00Z,59.444444444444386,208.4,10,6006
2026-07-06T02:15:00Z,59.444444444444386,215,0,6007
2026-07-06T02:20:00Z,59.444444444444386,259.8,10,6008
2026-07-06T02:25:00Z,59.444444444444386,296.2,0,6009
2026-07-06T02:30:00Z,59.444444444444386,286.45,10,6010
2026-07-06T02:35:00Z,59.444444444444386,137.29285714285697,0,6011
2026-07-06T02:40:00Z,59.444444444444386,104.42857142857099,100,6012
2026-07-06T02:45:00Z,84.8367346938775,104.42857142857099,20,6013
2026-07-06T02:50:00Z,84.8367346938775,104.42857142857099,-30,6014
2026-07-06T02:55:00Z,84.8367346938775,114.12142857142898,20,6015
2026-07-06T03:00:00Z,84.8367346938775,120.58333333333299,0,6016
2026-07-06T03:05:00Z,84.8367346938775,102.17647058823499,0,6017
2026-07-06T03:10:00Z,84.8367346938775,28.549019607843096,60,6018
2026-07-06T03:15:00Z,84.8367346938775,28.549019607843096,50,6019
2026-07-06T03:20:00Z,84.8367346938775,28.549019607843096,0,6020
2026-07-06T03:25:00Z,84.8367346938775,28.549019607843096,20,6021
2026-07-06T03:30:00Z,82.2729591836734,28.549019607843096,0,6022
2026-07-06T03:35:00Z,72.0178571428571,28.549019607843096,0,6023
2026-07-06T03:40:00Z,72.0178571428571,28.549019607843096,0,6024
2026-07-06T03:45:00Z,72.0178571428571,28.549019607843096,0,6025
2026-07-06T03:50:00Z,72.0178571428571,28.549019607843096,0,6026
2026-07-06T03:55:00Z,72.0178571428571,28.549019607843096,0,6027
2026-07-06T04:05:00Z,72.0178571428571,42.09375000000001,60,6028
2026-07-06T04:10:00Z,72.0178571428571,42.09375000000001,10,6029
2026-07-06T04:15:00Z,72.0178571428571,42.09375000000001,50,6030
2026-07-06T04:20:00Z,72.0178571428571,42.09375000000001,-40,6031
2026-07-06T04:25:00Z,72.0178571428571,42.09375000000001,10,6032
2026-07-06T04:30:00Z,64.4098360655738,51.9375,60,6033
2026-07-06T04:35:00Z,64.4098360655738,58.5,0,6034
2026-07-06T04:40:00Z,64.4098360655738,58.5,0,6035
2026-07-06T04:45:00Z,64.4098360655738,58.5,0,6036
2026-07-06T04:50:00Z,64.4098360655738,58.5,20,6037
2026-07-06T04:55:00Z,64.4098360655738,50.290476190476205,20,6038
2026-07-06T05:00:00Z,64.4098360655738,37.976190476190496,-20,6039
2026-07-06T05:05:00Z,64.4098360655738,37.976190476190496,40,6040
2026-07-06T05:10:00Z,64.4098360655738,37.976190476190496,20,6041
2026-07-06T05:15:00Z,64.4098360655738,37.976190476190496,80,6042
2026-07-06T05:20:00Z,64.4098360655738,37.976190476190496,-20,6043
2026-07-06T05:25:00Z,64.4098360655738,37.976190476190496,60,6044
2026-07-06T05:30:00Z,57.051378977820704,37.976190476190496,30,6045
2026-07-06T05:35:00Z,55.21176470588239,37.976190476190496,30,6046
2026-07-06T05:40:00Z,55.21176470588239,29.375,80,6047
2026-07-06T05:45:00Z,55.21176470588239,29.375,10,6048
2026-07-06T05:50:00Z,55.21176470588239,29.375,10,6049
2026-07-06T05:55:00Z,55.21176470588239,29.375,0,6050
2026-07-06T06:00:00Z,55.21176470588239,29.375,0,6051
2026-07-06T06:05:00Z,55.21176470588239,29.375,50,6052
2026-07-06T06:10:00Z,55.21176470588239,29.375,10,6053
2026-07-06T06:15:00Z,55.21176470588239,29.375,0,6054
2026-07-06T06:20:00Z,55.21176470588239,29.375,0,6055
2026-07-06T06:25:00Z,55.21176470588239,37.03106060606059,120.00000000000001,6056
2026-07-06T06:30:00Z,55.21176470588239,48.5151515151515,20,6057
2026-07-06T06:35:00Z,55.21176470588239,48.5151515151515,-50,6058
2026-07-06T06:40:00Z,55.21176470588239,48.5151515151515,30,6059
2026-07-06T06:45:00Z,55.21176470588239,48.5151515151515,10,6060
2026-07-06T06:50:00Z,55.21176470588239,48.5151515151515,10,6061
2026-07-06T06:55:00Z,95.30901960784291,48.5151515151515,30,6062
2026-07-06T07:00:00Z,105.33333333333299,39.260925039872404,90,6063
2026-07-06T07:05:00Z,105.33333333333299,36.94736842105259,10,6064
2026-07-06T07:10:00Z,105.33333333333299,36.94736842105259,70,6065
2026-07-06T07:15:00Z,105.33333333333299,36.94736842105259,-40,6066
2026-07-06T07:20:00Z,105.33333333333299,36.94736842105259,40,6067
2026-07-06T07:25:00Z,105.33333333333299,36.94736842105259,10,6068
2026-07-06T07:30:00Z,105.33333333333299,36.94736842105259,-20,6069
2026-07-06T07:35:00Z,311.07142857142895,36.94736842105259,20,6070
2026-07-06T07:40:00Z,311.07142857142895,36.94736842105259,0,6071
2026-07-06T07:45:00Z,373,36.94736842105259,60,6072
2026-07-06T07:50:00Z,620.714285714286,36.94736842105259,-40,6073
2026-07-06T07:55:00Z,434.622857142857,47.150239234449806,10,6074
2026-07-06T08:00:00Z,388.1,62.45454545454549,-10,6075
2026-07-06T08:05:00Z,302.52,62.45454545454549,50,6076
2026-07-06T08:10:00Z,281.125,62.45454545454549,110,6077
2026-07-06T08:15:00Z,281.125,62.45454545454549,220,6078
2026-07-06T08:20:00Z,266.234615384615,31.3076923076923,30,6079
2026-07-06T08:25:00Z,256.307692307692,31.3076923076923,10,6080
2026-07-06T08:30:00Z,256.307692307692,31.3076923076923,0,6081
2026-07-06T08:35:00Z,2443,31.3076923076923,-70,6082
2026-07-06T08:40:00Z,515,31.3076923076923,80,6083
2026-07-06T08:45:00Z,371.026666666667,31.3076923076923,150.00000000000003,6084
2026-07-06T08:50:00Z,155.06666666666698,31.3076923076923,130,6085
2026-07-06T08:55:00Z,155.06666666666698,42.3638009049774,210.00000000000003,6086
2026-07-06T09:00:00Z,155.06666666666698,86.58823529411771,290.00000000000006,6087
2026-07-06T09:05:00Z,155.06666666666698,86.58823529411771,170,6088
2026-07-06T09:10:00Z,155.06666666666698,86.58823529411771,210.00000000000003,6089
2026-07-06T09:15:00Z,187.46666666666698,88.3071207430341,180,6090
2026-07-06T09:20:00Z,236.06666666666698,88.7368421052632,140,6091
2026-07-06T09:25:00Z,236.06666666666698,88.7368421052632,50,6092
2026-07-06T09:30:00Z,310.221818181818,88.7368421052632,160,6093
2026-07-06T09:35:00Z,421.454545454545,56.66666666666669,80,6094
2026-07-06T09:40:00Z,393.263636363636,56.66666666666669,190,6095
2026-07-06T09:45:00Z,280.5,56.66666666666669,1360,6096
2026-07-06T09:50:00Z,280.5,56.66666666666669,220,6097
2026-07-06T09:55:00Z,280.5,56.66666666666669,210.00000000000003,6098
2026-07-06T10:00:00Z,401.78571428571394,56.66666666666669,70,6099
2026-07-06T10:05:00Z,401.78571428571394,56.66666666666669,110,6100
2026-07-06T10:10:00Z,399.04857142857094,53.154385964912294,50,6101
2026-07-06T10:15:00Z,388.1,39.1052631578947,20,6102
2026-07-06T10:20:00Z,374.8675,39.1052631578947,110,6103
2026-07-06T10:25:00Z,321.93749999999994,39.1052631578947,80,6104
2026-07-06T10:30:00Z,321.93749999999994,39.1052631578947,140,6105
2026-07-06T10:35:00Z,321.93749999999994,39.1052631578947,30,6106
2026-07-06T10:40:00Z,154.71428571428595,39.1052631578947,160,6107
2026-07-06T10:45:00Z,154.71428571428595,39.1052631578947,320,6108
2026-07-06T10:50:00Z,154.71428571428595,43.99210526315791,10,6109
2026-07-06T10:55:00Z,154.71428571428595,47.25,150.00000000000003,6110
2026-07-06T11:00:00Z,154.71428571428595,47.25,150.00000000000003,6111
2026-07-06T11:05:00Z,299.8785714285719,47.25,140,6112
2026-07-06T11:10:00Z,517.625,47.25,170,6113
2026-07-06T11:15:00Z,164.34360465116296,47.25,130,6114
2026-07-06T11:20:00Z,76.02325581395348,47.25,140,6115
2026-07-06T11:25:00Z,76.02325581395348,47.25,90,6116
2026-07-06T11:30:00Z,76.02325581395348,47.25,339.99999999999994,6117
2026-07-06T11:35:00Z,76.02325581395348,59.416666666666686,130,6118
2026-07-06T11:40:00Z,76.02325581395348,62.4583333333333,100,6119
2026-07-06T11:45:00Z,76.02325581395348,62.4583333333333,80,6120
2026-07-06T11:50:00Z,76.02325581395348,62.4583333333333,20,6121
2026-07-06T11:55:00Z,86.1226046511628,62.4583333333333,-10,6122
2026-07-06T12:00:00Z,126.52,427.4,200,6123
2026-07-06T12:05:00Z,126.52,50,100,6124
2026-07-06T12:10:00Z,126.52,50,20,6125
2026-07-06T12:15:00Z,126.52,50,70,6126
2026-07-06T12:20:00Z,126.52,50,200,6127
2026-07-06T12:25:00Z,126.52,50,200,6128
2026-07-06T12:30:00Z,126.52,50,220,6129
2026-07-06T12:35:00Z,126.52,50,70,6130
2026-07-06T12:40:00Z,126.52,152.6,120.00000000000001,6131
2026-07-06T12:45:00Z,184.916,370.25,40,6132
2026-07-06T12:50:00Z,418.5,732.4499999999999,0,6133
2026-07-06T12:55:00Z,395.716666666667,304.5,-100,6134
2026-07-06T13:00:00Z,304.58333333333303,219.428571428571,40,6135
2026-07-06T13:05:00Z,304.58333333333303,242.27142857142903,110,6136
2026-07-06T13:10:00Z,264.316666666667,182.52857142857098,150.00000000000003,6137
2026-07-06T13:15:00Z,254.25,163.785714285714,180,6138
2026-07-06T13:20:00Z,254.25,163.785714285714,70,6139
2026-07-06T13:25:00Z,254.25,278.5,0,6140
2026-07-06T13:30:00Z,413.95,165.78,30,6141
2026-07-06T13:35:00Z,570.26,1747.52,90,6142
2026-07-06T13:40:00Z,844.2813793103452,340.2,50,6143
2026-07-06T13:45:00Z,78.20689655172409,448.955555555556,-10,6144
2026-07-06T13:50:00Z,78.20689655172409,210.88888888888906,110,6145
2026-07-06T13:55:00Z,78.20689655172409,123.12698412698397,0,6146
2026-07-06T14:00:00Z,78.20689655172409,64.6190476190476,410.00000000000006,6147
2026-07-06T14:05:00Z,78.20689655172409,64.6190476190476,70,6148
2026-07-06T14:10:00Z,277.105956112852,64.6190476190476,170,6149
2026-07-06T14:15:00Z,575.4545454545449,151.73142857142903,120.00000000000001,6150
2026-07-06T14:20:00Z,745.5636363636361,218.09454545454497,290.00000000000006,6151
2026-07-06T14:25:00Z,1972.52,121.636363636364,80,6152
2026-07-06T14:30:00Z,1150.8799999999999,249.10909090909098,140,6153
2026-07-06T14:35:00Z,633.52,514.025,80,6154
2026-07-06T14:40:00Z,380.8,153.375,350,6155
2026-07-06T14:45:00Z,480.47999999999996,153.375,310,6156
2026-07-06T14:50:00Z,656.65,202.525,500,6157
2026-07-06T14:55:00Z,763.25,276.25,210.00000000000003,6158
2026-07-06T15:00:00Z,588.7666666666661,221.98333333333304,40,6159
2026-07-06T15:05:00Z,472.444444444444,208.41666666666697,10,6160
2026-07-06T15:10:00Z,819.128888888889,329.05,60,6161
2026-07-06T15:15:00Z,922.6,211.5,80,6162
2026-07-06T15:20:00Z,717.474285714286,344.766666666667,150.00000000000003,6163
2026-07-06T15:25:00Z,693.285714285714,225.48717948717905,329.99999999999994,6164
2026-07-06T15:30:00Z,695.6,145.692307692308,430.00000000000006,6165
2026-07-06T15:35:00Z,536,144.12527472527498,1250,6166
2026-07-06T15:40:00Z,536,137.85714285714306,710,6167
2026-07-06T15:45:00Z,480,137.85714285714306,250,6168
2026-07-06T15:50:00Z,480,143.14285714285697,240.00000000000003,6169
2026-07-06T15:55:00Z,517.625,151.07142857142904,320,6170
2026-07-06T16:00:00Z,467.26590909090896,151.07142857142904,550,6171
2026-07-06T16:05:00Z,391.7272727272729,343.8285714285709,430.00000000000006,6172
2026-07-06T16:10:00Z,455.98181818181797,272.657777777778,270,6173
2026-07-06T16:15:00Z,980.6666666666661,61.288888888888906,420.00000000000006,6174
2026-07-06T16:20:00Z,1606.9833333333297,61.288888888888906,510,6175
2026-07-06T16:25:00Z,1795.1499999999999,61.288888888888906,540,6176
2026-07-06T16:30:00Z,2366.9,61.288888888888906,370,6177
2026-07-06T16:35:00Z,2223.1666666666692,61.288888888888906,510,6178
2026-07-06T16:40:00Z,3104.133333333331,61.288888888888906,470.00000000000006,6179
2026-07-06T16:45:00Z,2689.6,61.288888888888906,320,6180
2026-07-06T16:50:00Z,2615.6,61.288888888888906,190,6181
2026-07-06T16:55:00Z,3404,167.23111111111098,200,6182
2026-07-06T17:00:00Z,2554.733333333331,591,329.99999999999994,6183
2026-07-06T17:05:00Z,1444.0666666666702,79.7446808510638,290.00000000000006,6184
2026-07-06T17:10:00Z,2173.2,79.7446808510638,310,6185
2026-07-06T17:15:00Z,1770.7333333333297,79.7446808510638,230,6186
2026-07-06T17:20:00Z,2847.6666666666692,79.7446808510638,200,6187
2026-07-06T17:25:00Z,2718.3,79.7446808510638,779.9999999999999,6188
2026-07-06T17:30:00Z,2685.4,79.7446808510638,770,6189
2026-07-06T17:35:00Z,2135.6,79.7446808510638,1040,6190
2026-07-06T17:40:00Z,2643.9,79.7446808510638,1320,6191
2026-07-06T17:45:00Z,2073,79.7446808510638,1300,6192
2026-07-06T17:50:00Z,1272.85,174.39787234042603,1590,6193
2026-07-06T17:55:00Z,1181.55,237.5,1520,6194
2026-07-06T18:00:00Z,1541.1333333333296,237.5,1360,6195
2026-07-06T18:05:00Z,1155.9666666666603,349.85,1920,6196
2026-07-06T18:10:00Z,1448.0333333333297,422.592857142857,1300,6197
2026-07-06T18:15:00Z,1589.1333333333296,117.85714285714299,840.0000000000001,6198
2026-07-06T18:20:00Z,1190.0333333333297,223.3,1120,6199
2026-07-06T18:25:00Z,685.3399999999999,223.3,1000,6200
2026-07-06T18:30:00Z,454.6,698.142857142857,1550,6201
2026-07-06T18:35:00Z,577.08,536.257142857143,1660.0000000000002,6202
2026-07-06T18:40:00Z,668.346666666667,758.075,1270,6203
2026-07-06T18:45:00Z,529.6666666666671,183.6875,1230,6204
2026-07-06T18:50:00Z,810.0666666666671,183.6875,1380.0000000000002,6205
2026-07-06T18:55:00Z,739.466666666667,164.25,1110,6206
2026-07-06T19:00:00Z,567.7777777777782,86.5,620,6207
2026-07-06T19:05:00Z,511.655555555556,86.5,690,6208
2026-07-06T19:10:00Z,501.855555555556,327.3,960,6209
2026-07-06T19:15:00Z,518.7777777777782,457.6,570.0000000000001,6210
2026-07-06T19:20:00Z,548.2166666666672,685.8,840.0000000000001,6211
2026-07-06T19:25:00Z,592.375,1733.2,840.0000000000001,6212
2026-07-06T19:30:00Z,349.94166666666604,817.111111111111,880,6213
2026-07-06T19:35:00Z,289.33333333333303,325.555555555556,840.0000000000001,6214
2026-07-06T19:40:00Z,289.33333333333303,377.6,770,6215
2026-07-06T19:45:00Z,458.906666666667,424.6,630,6216
2026-07-06T19:50:00Z,501.3,1159.1333333333296,510,6217
2026-07-06T19:55:00Z,500.88222222222197,794.257142857143,370,6218
2026-07-06T20:00:00Z,500.77777777777794,359.28571428571394,460,6219
2026-07-06T20:05:00Z,426.909090909091,1059.8571428571397,510,6220
2026-07-06T20:10:00Z,426.909090909091,728.1,310,6221
2026-07-06T20:15:00Z,147.39871959026902,793.14,200,6222
2026-07-06T20:20:00Z,77.5211267605634,664.8399999999999,260,6223
2026-07-06T20:25:00Z,77.5211267605634,537.72,280,6224
2026-07-06T20:30:00Z,77.5211267605634,570,290.00000000000006,6225
2026-07-06T20:35:00Z,77.5211267605634,636.8571428571429,290.00000000000006,6226
2026-07-06T20:40:00Z,77.5211267605634,582.817857142857,130,6227
2026-07-06T20:45:00Z,77.5211267605634,188.375,110,6228
2026-07-06T20:50:00Z,77.5211267605634,476.95,140,6229
2026-07-06T20:55:00Z,77.5211267605634,731.4,329.99999999999994,6230
2026-07-06T21:00:00Z,77.5211267605634,725.466666666667,190,6231
2026-07-06T21:05:00Z,77.5211267605634,457.990476190476,210.00000000000003,6232
2026-07-06T21:10:00Z,77.5211267605634,297.782857142857,280,6233
2026-07-06T21:15:00Z,77.5211267605634,794.16,280,6234
2026-07-06T21:20:00Z,77.5211267605634,1167.6,120.00000000000001,6235
2026-07-06T21:25:00Z,45.46371386212011,1289.6,250,6236
2026-07-06T21:30:00Z,24.092105263157897,1795,60,6237
2026-07-06T21:35:00Z,24.092105263157897,1388.14285714286,40,6238
2026-07-06T21:40:00Z,24.092105263157897,1537.14285714286,50,6239
2026-07-06T21:45:00Z,24.092105263157897,2172.4,30,6240
2026-07-06T21:50:00Z,24.092105263157897,2065.8,10,6241
2026-07-06T21:55:00Z,24.092105263157897,2813,10,6242
2026-07-06T22:00:00Z,24.092105263157897,1963.4,20,6243
2026-07-06T22:05:00Z,24.092105263157897,1293,30,6244
2026-07-06T22:10:00Z,24.092105263157897,1823,10,6245
2026-07-06T22:15:00Z,24.092105263157897,1306,10,6246
2026-07-06T22:20:00Z,24.092105263157897,2446.2,20,6247
2026-07-06T22:25:00Z,24.092105263157897,2352.8,0,6248
2026-07-06T22:30:00Z,24.092105263157897,2317.8,0,6249
2026-07-06T22:35:00Z,24.092105263157897,1689.8,0,6250
2026-07-06T22:40:00Z,24.092105263157897,2182.8,10,6251
2026-07-06T22:45:00Z,24.092105263157897,1602.9,0,6252
2026-07-06T22:50:00Z,24.092105263157897,1086.9,30,6253
2026-07-06T22:55:00Z,24.092105263157897,875,0,6254
2026-07-06T23:00:00Z,24.092105263157897,1262.5333333333297,10,6255
2026-07-06T23:05:00Z,24.092105263157897,745.6666666666671,0,6256
2026-07-06T23:10:00Z,24.092105263157897,1037.4,-10,6257
2026-07-06T23:15:00Z,24.092105263157897,1378,0,6258
2026-07-06T23:20:00Z,24.092105263157897,1133.5,0,6259
2026-07-06T23:25:00Z,24.092105263157897,377.78,0,6260
2026-07-06T23:30:00Z,24.092105263157897,373.77,0,6261
2026-07-06T23:35:00Z,24.092105263157897,390.15000000000003,0,6262
2026-07-06T23:40:00Z,24.092105263157897,608.3599999999999,0,6263
2026-07-06T23:45:00Z,24.092105263157897,429.04,0,6264
2026-07-06T23:50:00Z,24.092105263157897,689,0,6265
2026-07-06T23:55:00Z,24.092105263157897,670.6666666666671,0,6266
2026-07-07T00:00:00Z,15.6169491525424,380.283333333333,0,6267
2026-07-07T00:05:00Z,15.6169491525424,299.05,0,6268
2026-07-07T00:10:00Z,15.6169491525424,526.8,0,6269
2026-07-07T00:15:00Z,15.6169491525424,428.4,10,6270
2026-07-07T00:20:00Z,15.6169491525424,414.6,10,6271
2026-07-07T00:25:00Z,15.6169491525424,367.2,0,6272
2026-07-07T00:30:00Z,15.6169491525424,202.45000000000002,0,6273
2026-07-07T00:35:00Z,15.6169491525424,150.08333333333303,10,6274
2026-07-07T00:40:00Z,15.6169491525424,246.76666666666696,10,6275
2026-07-07T00:45:00Z,15.6169491525424,561.3,0,6276
2026-07-07T00:50:00Z,15.6169491525424,286.08,0,6277
2026-07-07T00:55:00Z,15.6169491525424,243.26999999999998,0,6278
2026-07-07T01:00:00Z,15.6169491525424,391.91666666666697,0,6279
2026-07-07T01:05:00Z,15.6169491525424,420.666666666667,0,6280
2026-07-07T01:10:00Z,15.6169491525424,253.26666666666696,0,6281
2026-07-07T01:15:00Z,15.6169491525424,191.705882352941,0,6282
2026-07-07T01:20:00Z,15.6169491525424,107.882352941176,0,6283
2026-07-07T01:25:00Z,15.6169491525424,107.882352941176,0,6284
2026-07-07T01:30:00Z,15.6169491525424,72.94191176470592,0,6285
2026-07-07T01:35:00Z,15.6169491525424,20.531250000000004,0,6286
2026-07-07T01:40:00Z,15.6169491525424,20.531250000000004,0,6287
2026-07-07T01:45:00Z,15.6169491525424,20.531250000000004,0,6288
2026-07-07T01:50:00Z,15.6169491525424,20.531250000000004,0,6289
2026-07-07T01:55:00Z,15.6169491525424,20.531250000000004,0,6290
2026-07-07T02:00:00Z,15.6169491525424,20.531250000000004,0,6291
2026-07-07T02:05:00Z,15.6169491525424,20.531250000000004,0,6292
2026-07-07T02:10:00Z,15.6169491525424,20.531250000000004,0,6293
2026-07-07T02:15:00Z,15.6169491525424,20.531250000000004,0,6294
2026-07-07T02:20:00Z,15.6169491525424,20.531250000000004,0,6295
2026-07-07T02:25:00Z,15.6169491525424,20.531250000000004,0,6296
2026-07-07T02:30:00Z,15.6169491525424,20.531250000000004,0,6297
2026-07-07T02:35:00Z,15.6169491525424,20.531250000000004,0,6298
2026-07-07T02:40:00Z,15.6169491525424,20.531250000000004,10,6299
2026-07-07T02:45:00Z,15.6169491525424,20.531250000000004,0,6300
2026-07-07T02:50:00Z,15.6169491525424,20.531250000000004,10,6301
2026-07-07T02:55:00Z,15.6169491525424,20.531250000000004,10,6302
2026-07-07T03:00:00Z,15.6169491525424,20.531250000000004,10,6303
2026-07-07T03:05:00Z,15.6169491525424,18.143918918918903,10,6304
2026-07-07T03:10:00Z,15.6169491525424,8.594594594594591,0,6305
2026-07-07T03:15:00Z,15.6169491525424,8.594594594594591,0,6306
2026-07-07T03:20:00Z,15.6169491525424,8.594594594594591,0,6307
2026-07-07T03:25:00Z,15.6169491525424,8.594594594594591,10,6308
2026-07-07T03:30:00Z,15.6169491525424,8.594594594594591,0,6309
2026-07-07T03:35:00Z,15.6169491525424,8.594594594594591,0,6310
2026-07-07T03:40:00Z,15.6169491525424,8.594594594594591,0,6311
2026-07-07T03:45:00Z,15.6169491525424,8.594594594594591,0,6312
2026-07-07T03:50:00Z,15.6169491525424,8.594594594594591,0,6313
2026-07-07T03:55:00Z,15.6169491525424,8.594594594594591,0,6314
2026-07-07T04:05:00Z,15.6169491525424,8.594594594594591,0,6315
2026-07-07T04:10:00Z,15.6169491525424,8.594594594594591,0,6316
2026-07-07T04:15:00Z,15.6169491525424,8.594594594594591,0,6317
2026-07-07T04:20:00Z,15.6169491525424,8.594594594594591,0,6318
2026-07-07T04:25:00Z,15.6169491525424,8.594594594594591,0,6319
2026-07-07T04:30:00Z,15.6169491525424,8.594594594594591,0,6320
2026-07-07T04:35:00Z,15.6169491525424,8.594594594594591,0,6321
2026-07-07T04:40:00Z,15.6169491525424,8.594594594594591,0,6322
2026-07-07T04:45:00Z,15.6169491525424,8.594594594594591,0,6323
2026-07-07T04:50:00Z,15.6169491525424,8.594594594594591,0,6324
2026-07-07T04:55:00Z,28.4511676082862,8.594594594594591,0,6325
2026-07-07T05:00:00Z,31.659722222222197,8.594594594594591,0,6326
2026-07-07T05:05:00Z,31.659722222222197,8.594594594594591,0,6327
2026-07-07T05:10:00Z,31.659722222222197,8.594594594594591,0,6328
2026-07-07T05:15:00Z,31.659722222222197,8.594594594594591,0,6329
2026-07-07T05:20:00Z,31.659722222222197,8.594594594594591,0,6330
2026-07-07T05:25:00Z,31.659722222222197,8.594594594594591,0,6331
2026-07-07T05:30:00Z,31.659722222222197,8.594594594594591,0,6332
2026-07-07T05:35:00Z,31.659722222222197,8.594594594594591,0,6333
2026-07-07T05:40:00Z,31.659722222222197,8.594594594594591,0,6334
2026-07-07T05:45:00Z,31.659722222222197,8.594594594594591,0,6335
2026-07-07T05:50:00Z,31.659722222222197,8.594594594594591,0,6336
2026-07-07T05:55:00Z,31.659722222222197,8.594594594594591,0,6337
2026-07-07T06:00:00Z,31.659722222222197,8.594594594594591,0,6338
2026-07-07T06:05:00Z,31.659722222222197,8.594594594594591,0,6339
2026-07-07T06:10:00Z,31.659722222222197,8.207714510627131,40,6340
2026-07-07T06:15:00Z,31.659722222222197,6.660194174757279,40,6341
2026-07-07T06:20:00Z,31.659722222222197,6.660194174757279,0,6342
2026-07-07T06:25:00Z,31.659722222222197,6.660194174757279,0,6343
2026-07-07T06:30:00Z,31.659722222222197,6.660194174757279,0,6344
2026-07-07T06:35:00Z,31.659722222222197,6.660194174757279,0,6345
2026-07-07T06:40:00Z,31.659722222222197,6.660194174757279,-10,6346
2026-07-07T06:45:00Z,31.659722222222197,6.660194174757279,0,6347
2026-07-07T06:50:00Z,31.659722222222197,6.660194174757279,10,6348
2026-07-07T06:55:00Z,31.659722222222197,6.660194174757279,0,6349
2026-07-07T07:00:00Z,31.659722222222197,6.660194174757279,0,6350
2026-07-07T07:05:00Z,31.659722222222197,6.660194174757279,0,6351
2026-07-07T07:10:00Z,31.659722222222197,6.660194174757279,0,6352
2026-07-07T07:15:00Z,31.659722222222197,6.660194174757279,0,6353
2026-07-07T07:20:00Z,649.8571428571429,6.660194174757279,0,6354
2026-07-07T07:25:00Z,1056.89285714286,6.660194174757279,0,6355
2026-07-07T07:30:00Z,1906.25,6.660194174757279,0,6356
2026-07-07T07:35:00Z,1818.75,6.660194174757279,0,6357
2026-07-07T07:40:00Z,1467.3166666666702,6.660194174757279,0,6358
2026-07-07T07:45:00Z,1204.3333333333296,6.660194174757279,0,6359
2026-07-07T07:50:00Z,2631,6.660194174757279,0,6360
2026-07-07T07:55:00Z,2896.3,6.660194174757279,0,6361
2026-07-07T08:00:00Z,1594.3,6.660194174757279,10,6362
2026-07-07T08:05:00Z,1562.6666666666702,6.660194174757279,0,6363
2026-07-07T08:10:00Z,1042.2476190476202,6.660194174757279,0,6364
2026-07-07T08:15:00Z,890.1523809523801,6.660194174757279,30,6365
2026-07-07T08:20:00Z,1806,6.660194174757279,60,6366
2026-07-07T08:25:00Z,1504.7333333333297,6.660194174757279,130,6367
2026-07-07T08:30:00Z,771.9777777777781,6.660194174757279,270,6368
2026-07-07T08:35:00Z,520.4444444444439,6.660194174757279,540,6369
2026-07-07T08:40:00Z,614.8920634920628,6.660194174757279,980,6370
2026-07-07T08:45:00Z,677.4523809523811,6.660194174757279,880,6371
2026-07-07T08:50:00Z,675.833333333333,6.660194174757279,730,6372
2026-07-07T08:55:00Z,386.8461538461539,6.660194174757279,510,6373
2026-07-07T09:00:00Z,386.8461538461539,6.660194174757279,1870,6374
2026-07-07T09:05:00Z,604.0276923076921,6.660194174757279,1590,6375
2026-07-07T09:10:00Z,788.591111111111,6.660194174757279,760,6376
2026-07-07T09:15:00Z,576.7777777777782,6.660194174757279,890,6377
2026-07-07T09:20:00Z,732.3111111111109,6.660194174757279,560,6378
2026-07-07T09:25:00Z,1182.05,6.660194174757279,430.00000000000006,6379
2026-07-07T09:30:00Z,1066.23,6.660194174757279,1100,6380
2026-07-07T09:35:00Z,1756.52,6.660194174757279,730,6381
2026-07-07T09:40:00Z,1845,11.9078014184397,430.00000000000006,6382
2026-07-07T09:45:00Z,1203.4,11.9078014184397,210.00000000000003,6383
2026-07-07T09:50:00Z,776.866666666667,11.9078014184397,250,6384
2026-07-07T09:55:00Z,920.333333333333,11.9078014184397,450,6385
2026-07-07T10:00:00Z,281.8947368421049,11.9078014184397,370,6386
2026-07-07T10:05:00Z,281.8947368421049,11.9078014184397,240.00000000000003,6387
2026-07-07T10:10:00Z,281.8947368421049,11.9078014184397,130,6388
2026-07-07T10:15:00Z,423.15578947368397,11.9078014184397,260,6389
2026-07-07T10:20:00Z,857.11,11.9078014184397,560,6390
2026-07-07T10:25:00Z,332.75,11.9078014184397,240.00000000000003,6391
2026-07-07T10:30:00Z,1408.7875000000001,11.9078014184397,220,6392
2026-07-07T10:35:00Z,307.43749999999994,11.9078014184397,730,6393
2026-07-07T10:40:00Z,307.43749999999994,11.9078014184397,540,6394
2026-07-07T10:45:00Z,307.43749999999994,11.9078014184397,1100,6395
2026-07-07T10:50:00Z,895.833333333333,11.9078014184397,900,6396
2026-07-07T10:55:00Z,534.988888888889,11.9078014184397,560,6397
2026-07-07T11:00:00Z,444.77777777777794,11.9078014184397,560,6398
2026-07-07T11:05:00Z,1148.31428571429,11.9078014184397,329.99999999999994,6399
2026-07-07T11:10:00Z,854.571428571429,11.9078014184397,170,6400
2026-07-07T11:15:00Z,475.52967032967103,11.9078014184397,100,6401
2026-07-07T11:20:00Z,380.769230769231,11.9078014184397,260,6402
2026-07-07T11:25:00Z,382.52649572649597,11.9078014184397,290.00000000000006,6403
2026-07-07T11:30:00Z,389.555555555556,11.9078014184397,370,6404
2026-07-07T11:35:00Z,786.333333333334,11.9078014184397,160,6405
2026-07-07T11:40:00Z,1758.2,11.9078014184397,850.0000000000001,6406
2026-07-07T11:45:00Z,1579.8666666666702,11.9078014184397,190,6407
2026-07-07T11:50:00Z,1176.0583333333298,11.9078014184397,230,6408
2026-07-07T11:55:00Z,853.875,11.9078014184397,180,6409
2026-07-07T12:00:00Z,269.4117647058819,56.66727456940219,530,6410
2026-07-07T12:05:00Z,269.4117647058819,67.85714285714289,70,6411
2026-07-07T12:10:00Z,269.4117647058819,67.85714285714289,430.00000000000006,6412
2026-07-07T12:15:00Z,370.26470588235304,237.33333333333303,669.9999999999999,6413
2026-07-07T12:20:00Z,437.5,408.13333333333304,510,6414
2026-07-07T12:25:00Z,521.0666666666671,788.933333333333,220,6415
2026-07-07T12:30:00Z,576.7777777777782,1495.6,230,6416
2026-07-07T12:35:00Z,156.19320261437898,1335.8,240.00000000000003,6417
2026-07-07T12:40:00Z,51.047058823529404,1047.4,130,6418
2026-07-07T12:45:00Z,51.047058823529404,1042.8,480.00000000000006,6419
2026-07-07T12:50:00Z,51.047058823529404,2271,1040,6420
2026-07-07T12:55:00Z,51.047058823529404,2419.6,900,6421
2026-07-07T13:00:00Z,51.047058823529404,1266.4,760,6422
2026-07-07T13:05:00Z,51.047058823529404,1255.8,420.00000000000006,6423
2026-07-07T13:10:00Z,51.047058823529404,917.8,500,6424
2026-07-07T13:15:00Z,51.047058823529404,497,190,6425
2026-07-07T13:20:00Z,51.047058823529404,1540.6,140,6426
2026-07-07T13:25:00Z,51.047058823529404,1190.0666666666702,150.00000000000003,6427
2026-07-07T13:30:00Z,51.047058823529404,521.5333333333331,260,6428
2026-07-07T13:35:00Z,51.047058823529404,456.3,830.0000000000001,6429
2026-07-07T13:40:00Z,51.047058823529404,331.6,120.00000000000001,6430
2026-07-07T13:45:00Z,51.047058823529404,408.1,1270,6431
2026-07-07T13:50:00Z,51.047058823529404,722.0666666666671,160,6432
2026-07-07T13:55:00Z,51.047058823529404,450.13333333333304,150.00000000000003,6433
2026-07-07T14:00:00Z,51.047058823529404,165.5,40,6434
2026-07-07T14:05:00Z,51.047058823529404,313.966666666667,40,6435
2026-07-07T14:10:00Z,51.047058823529404,715.1333333333331,10,6436
2026-07-07T14:15:00Z,51.047058823529404,433.057142857143,30,6437
2026-07-07T14:20:00Z,51.047058823529404,294.64285714285705,30,6438
2026-07-07T14:25:00Z,51.047058823529404,1060.7,50,6439
2026-07-07T14:30:00Z,51.047058823529404,643,50,6440
2026-07-07T14:35:00Z,51.047058823529404,1527.6,0,6441
2026-07-07T14:40:00Z,51.047058823529404,1430.4,-10,6442
2026-07-07T14:45:00Z,51.047058823529404,757.3,30,6443
2026-07-07T14:50:00Z,51.047058823529404,723.9,60,6444
2026-07-07T14:55:00Z,51.047058823529404,738,10,6445
2026-07-07T15:00:00Z,51.047058823529404,133,60,6446
2026-07-07T15:05:00Z,51.047058823529404,133,210.00000000000003,6447
2026-07-07T15:10:00Z,51.047058823529404,493.28571428571394,10,6448
2026-07-07T15:15:00Z,51.047058823529404,172.428571428571,0,6449
2026-07-07T15:20:00Z,51.047058823529404,705.9857142857139,20,6450
2026-07-07T15:25:00Z,1361.28309597523,250,10,6451
2026-07-07T15:30:00Z,277.36842105263196,1488.82,0,6452
2026-07-07T15:35:00Z,277.36842105263196,215.6,0,6453
2026-07-07T15:40:00Z,277.36842105263196,275.946666666667,20,6454
2026-07-07T15:45:00Z,517.8610526315789,330.08333333333303,0,6455
2026-07-07T15:50:00Z,840.5885714285722,531.97,0,6456
2026-07-07T15:55:00Z,783.571428571429,241.2,0,6457
2026-07-07T16:00:00Z,608.571428571429,741.2800000000001,30,6458
2026-07-07T16:05:00Z,930.5485714285721,837.8,0,6459
2026-07-07T16:10:00Z,636.5623529411761,602.1,140,6460
2026-07-07T16:15:00Z,297.4705882352939,494.9,30,6461
2026-07-07T16:20:00Z,297.4705882352939,169,10,6462
2026-07-07T16:25:00Z,314.67647058823496,178.53333333333302,20,6463
2026-07-07T16:30:00Z,383.5,253.6,270,6464
2026-07-07T16:35:00Z,522.48,901.0666666666671,550,6465
2026-07-07T16:40:00Z,1198.7866666666703,1619.8,830.0000000000001,6466
2026-07-07T16:45:00Z,1942.5333333333297,983,130,6467
2026-07-07T16:50:00Z,2531.8,1024.08,0,6468
2026-07-07T16:55:00Z,1854.6666666666702,746.453333333333,10,6469
2026-07-07T17:00:00Z,1496.9333333333298,462.216666666667,250,6470
2026-07-07T17:05:00Z,1618.3333333333296,225.634615384615,320,6471
2026-07-07T17:10:00Z,2025.0666666666702,176.23076923076897,290.00000000000006,6472
2026-07-07T17:15:00Z,2806.333333333331,287.284615384615,490,6473
2026-07-07T17:20:00Z,2114.0666666666693,378.566666666667,230,6474
2026-07-07T17:25:00Z,3294.2,795.1047619047621,140,6475
2026-07-07T17:30:00Z,1311.7714285714296,390.4285714285709,140,6476
2026-07-07T17:35:00Z,743.7619047619049,1773.5,150.00000000000003,6477
2026-07-07T17:40:00Z,517.333333333333,293.995652173913,160,6478
2026-07-07T17:45:00Z,526.2533333333331,69.82608695652166,390,6479
2026-07-07T17:50:00Z,532.2,69.82608695652166,679.9999999999999,6480
2026-07-07T17:55:00Z,697.594285714286,69.82608695652166,1060,6481
2026-07-07T18:00:00Z,687.4607142857138,69.82608695652166,1270,6482
2026-07-07T18:05:00Z,205.875,28.608695652173896,920,6483
2026-07-07T18:10:00Z,205.875,28.608695652173896,830.0000000000001,6484
2026-07-07T18:15:00Z,205.875,28.608695652173896,850.0000000000001,6485
2026-07-07T18:20:00Z,205.875,28.608695652173896,1100,6486
2026-07-07T18:25:00Z,220.30833333333305,28.608695652173896,1540,6487
2026-07-07T18:30:00Z,241.95833333333306,28.608695652173896,1400,6488
2026-07-07T18:35:00Z,241.95833333333306,28.608695652173896,1670.0000000000002,6489
2026-07-07T18:40:00Z,241.95833333333306,28.608695652173896,700,6490
2026-07-07T18:45:00Z,241.95833333333306,28.608695652173896,420.00000000000006,6491
2026-07-07T18:50:00Z,155.039937106918,151.05507246376797,320,6492
2026-07-07T18:55:00Z,97.0943396226415,95.81743589743589,410.00000000000006,6493
2026-07-07T19:00:00Z,97.0943396226415,38.5846153846154,130,6494
2026-07-07T19:05:00Z,97.0943396226415,38.5846153846154,250,6495
2026-07-07T19:10:00Z,97.0943396226415,38.5846153846154,410.00000000000006,6496
2026-07-07T19:15:00Z,97.0943396226415,38.5846153846154,70,6497
2026-07-07T19:20:00Z,97.0943396226415,38.5846153846154,60,6498
2026-07-07T19:25:00Z,97.0943396226415,38.5846153846154,80,6499
2026-07-07T19:30:00Z,97.0943396226415,38.5846153846154,170,6500
2026-07-07T19:35:00Z,97.0943396226415,38.5846153846154,260,6501
2026-07-07T19:40:00Z,97.0943396226415,38.5846153846154,160,6502
2026-07-07T19:45:00Z,172.34285714285699,38.5846153846154,100,6503
2026-07-07T19:50:00Z,172.34285714285699,38.5846153846154,130,6504
2026-07-07T19:55:00Z,172.34285714285699,38.5846153846154,100,6505
2026-07-07T20:00:00Z,172.34285714285699,82.8052747252747,130,6506
2026-07-07T20:05:00Z,172.34285714285699,112.28571428571401,210.00000000000003,6507
2026-07-07T20:10:00Z,172.34285714285699,112.28571428571401,80,6508
2026-07-07T20:15:00Z,172.34285714285699,141.790476190476,100,6509
2026-07-07T20:20:00Z,30.1929824561403,276.866666666667,10,6510
2026-07-07T20:25:00Z,30.1929824561403,1327.2,60,6511
2026-07-07T20:30:00Z,30.1929824561403,678.6941176470591,30,6512
2026-07-07T20:35:00Z,30.1929824561403,143.470588235294,90,6513
2026-07-07T20:40:00Z,30.1929824561403,143.470588235294,40,6514
2026-07-07T20:45:00Z,30.1929824561403,143.470588235294,30,6515
2026-07-07T20:50:00Z,30.1929824561403,757.0941176470591,10,6516
2026-07-07T20:55:00Z,30.1929824561403,671,50,6517
2026-07-07T21:00:00Z,30.1929824561403,512.2,190,6518
2026-07-07T21:05:00Z,30.1929824561403,987.5,20,6519
2026-07-07T21:10:00Z,30.1929824561403,401.7,50,6520
2026-07-07T21:15:00Z,30.1929824561403,215.6,40,6521
2026-07-07T21:20:00Z,30.1929824561403,345.2,60,6522
2026-07-07T21:25:00Z,30.1929824561403,304.4,30,6523
2026-07-07T21:30:00Z,30.1929824561403,309.91999999999996,90,6524
2026-07-07T21:35:00Z,30.1929824561403,447.88,50,6525
2026-07-07T21:40:00Z,30.1929824561403,909.4,30,6526
2026-07-07T21:45:00Z,30.1929824561403,1495.5,60,6527
2026-07-07T21:50:00Z,30.1929824561403,1936.5,50,6528
2026-07-07T21:55:00Z,30.1929824561403,1457.2,40,6529
2026-07-07T22:00:00Z,30.1929824561403,1235,0,6530
2026-07-07T22:05:00Z,30.1929824561403,1101,20,6531
2026-07-07T22:10:00Z,30.1929824561403,1908.6,20,6532
2026-07-07T22:15:00Z,30.1929824561403,2001.4,10,6533
2026-07-07T22:20:00Z,30.1929824561403,1811,10,6534
2026-07-07T22:25:00Z,30.1929824561403,2882.2,0,6535
2026-07-07T22:30:00Z,30.1929824561403,824.8,0,6536
2026-07-07T22:35:00Z,30.1929824561403,686.7,10,6537
2026-07-07T22:40:00Z,30.1929824561403,326.5,10,6538
2026-07-07T22:45:00Z,30.1929824561403,276.8,30,6539
2026-07-07T22:50:00Z,30.1929824561403,243.66666666666697,10,6540
2026-07-07T22:55:00Z,30.1929824561403,611.1333333333331,10,6541
2026-07-07T23:00:00Z,30.1929824561403,498.747368421053,20,6542
2026-07-07T23:05:00Z,30.1929824561403,117.57894736842097,20,6543
2026-07-07T23:10:00Z,47.3219298245614,117.57894736842097,0,6544
2026-07-07T23:15:00Z,51.60416666666669,117.57894736842097,0,6545
2026-07-07T23:20:00Z,51.60416666666669,423.31578947368394,0,6546
2026-07-07T23:25:00Z,51.60416666666669,257.69333333333304,0,6547
2026-07-07T23:30:00Z,51.60416666666669,156.733333333333,0,6548
2026-07-07T23:35:00Z,51.60416666666669,156.733333333333,20,6549
2026-07-07T23:40:00Z,51.60416666666669,173.59,20,6550
2026-07-07T23:45:00Z,51.60416666666669,198.875,10,6551
2026-07-07T23:50:00Z,51.60416666666669,430.441666666667,0,6552
2026-07-07T23:55:00Z,51.60416666666669,65.6666666666667,0,6553
2026-07-08T00:00:00Z,10.657210401891298,65.6666666666667,-10,6554
2026-07-08T00:05:00Z,10.657210401891298,65.6666666666667,20,6555
2026-07-08T00:10:00Z,10.657210401891298,66,0,6556
2026-07-08T00:15:00Z,10.657210401891298,67.33333333333329,0,6557
2026-07-08T00:20:00Z,10.657210401891298,67.33333333333329,0,6558
2026-07-08T00:25:00Z,10.657210401891298,67.33333333333329,20,6559
2026-07-08T00:30:00Z,10.657210401891298,67.33333333333329,0,6560
2026-07-08T00:35:00Z,10.657210401891298,67.33333333333329,10,6561
2026-07-08T00:40:00Z,10.657210401891298,67.33333333333329,0,6562
2026-07-08T00:45:00Z,10.657210401891298,67.33333333333329,90,6563
2026-07-08T00:50:00Z,10.657210401891298,228.381818181818,20,6564
2026-07-08T00:55:00Z,10.657210401891298,196.727272727273,-10,6565
2026-07-08T01:00:00Z,10.657210401891298,128.42032085561507,10,6566
2026-07-08T01:05:00Z,10.657210401891298,82.88235294117649,0,6567
2026-07-08T01:10:00Z,10.657210401891298,82.88235294117649,0,6568
2026-07-08T01:15:00Z,10.657210401891298,82.8941176470588,20,6569
2026-07-08T01:20:00Z,10.657210401891298,82.9411764705882,10,6570
2026-07-08T01:25:00Z,10.657210401891298,82.9411764705882,0,6571
2026-07-08T01:30:00Z,10.657210401891298,82.9411764705882,10,6572
2026-07-08T01:35:00Z,10.657210401891298,48.5882352941176,10,6573
2026-07-08T01:40:00Z,10.657210401891298,40,0,6574
2026-07-08T01:45:00Z,10.657210401891298,40,10,6575
2026-07-08T01:50:00Z,10.657210401891298,40,20,6576
2026-07-08T01:55:00Z,10.657210401891298,40,0,6577
2026-07-08T02:00:00Z,10.657210401891298,40,0,6578
2026-07-08T02:05:00Z,10.657210401891298,40,0,6579
2026-07-08T02:10:00Z,10.657210401891298,40,30,6580
2026-07-08T02:15:00Z,10.657210401891298,35.67169811320749,0,6581
2026-07-08T02:20:00Z,10.657210401891298,18.3584905660377,40,6582
2026-07-08T02:25:00Z,10.657210401891298,18.3584905660377,30,6583
2026-07-08T02:30:00Z,10.657210401891298,18.3584905660377,-20,6584
2026-07-08T02:35:00Z,10.657210401891298,18.3584905660377,0,6585
2026-07-08T02:40:00Z,10.657210401891298,18.3584905660377,50,6586
2026-07-08T02:45:00Z,10.657210401891298,18.3584905660377,0,6587
2026-07-08T02:50:00Z,10.657210401891298,18.3584905660377,0,6588
2026-07-08T02:55:00Z,10.657210401891298,18.3584905660377,0,6589
2026-07-08T03:00:00Z,10.657210401891298,18.3584905660377,0,6590
2026-07-08T03:05:00Z,10.657210401891298,18.3584905660377,0,6591
2026-07-08T03:10:00Z,10.657210401891298,18.3584905660377,10,6592
2026-07-08T03:15:00Z,10.657210401891298,18.3584905660377,0,6593
2026-07-08T03:20:00Z,10.657210401891298,18.3584905660377,-40,6594
2026-07-08T03:25:00Z,10.657210401891298,18.3584905660377,-10,6595
2026-07-08T03:30:00Z,10.657210401891298,18.3584905660377,20,6596
2026-07-08T03:35:00Z,10.657210401891298,18.3584905660377,50,6597
2026-07-08T03:40:00Z,10.657210401891298,18.3584905660377,0,6598
2026-07-08T03:45:00Z,10.657210401891298,18.3584905660377,0,6599
2026-07-08T03:50:00Z,10.657210401891298,18.3584905660377,30,6600
2026-07-08T03:55:00Z,10.657210401891298,18.3584905660377,0,6601
2026-07-08T04:05:00Z,10.657210401891298,48.93103448275859,0,6602
2026-07-08T04:10:00Z,10.657210401891298,48.93103448275859,10,6603
2026-07-08T04:15:00Z,10.657210401891298,48.93103448275859,0,6604
2026-07-08T04:20:00Z,10.657210401891298,48.93103448275859,0,6605
2026-07-08T04:25:00Z,10.657210401891298,48.93103448275859,0,6606
2026-07-08T04:30:00Z,10.657210401891298,40.7391493527684,0,6607
2026-07-08T04:35:00Z,10.657210401891298,7.971608832807571,0,6608
2026-07-08T04:40:00Z,10.657210401891298,7.971608832807571,0,6609
2026-07-08T04:45:00Z,10.657210401891298,7.971608832807571,10,6610
2026-07-08T04:50:00Z,10.657210401891298,7.971608832807571,40,6611
2026-07-08T04:55:00Z,10.657210401891298,7.971608832807571,-10,6612
2026-07-08T05:00:00Z,10.657210401891298,7.971608832807571,0,6613
2026-07-08T05:05:00Z,10.657210401891298,7.971608832807571,10,6614
2026-07-08T05:10:00Z,10.657210401891298,7.971608832807571,10,6615
2026-07-08T05:15:00Z,10.657210401891298,7.971608832807571,-10,6616
2026-07-08T05:20:00Z,10.657210401891298,7.971608832807571,0,6617
2026-07-08T05:25:00Z,10.657210401891298,7.971608832807571,0,6618
2026-07-08T05:30:00Z,10.657210401891298,7.971608832807571,-20,6619
2026-07-08T05:35:00Z,10.657210401891298,7.971608832807571,10,6620
2026-07-08T05:40:00Z,10.657210401891298,7.971608832807571,10,6621
2026-07-08T05:45:00Z,10.657210401891298,7.971608832807571,-10,6622
2026-07-08T05:50:00Z,10.657210401891298,7.971608832807571,0,6623
2026-07-08T05:55:00Z,10.657210401891298,7.971608832807571,0,6624
2026-07-08T06:00:00Z,10.657210401891298,7.971608832807571,20,6625
2026-07-08T06:05:00Z,10.657210401891298,7.971608832807571,20,6626
2026-07-08T06:10:00Z,10.657210401891298,7.971608832807571,10,6627
2026-07-08T06:15:00Z,10.657210401891298,7.971608832807571,0,6628
2026-07-08T06:20:00Z,10.657210401891298,7.971608832807571,40,6629
2026-07-08T06:25:00Z,10.657210401891298,7.971608832807571,0,6630
2026-07-08T06:30:00Z,10.657210401891298,7.971608832807571,20,6631
2026-07-08T06:35:00Z,10.657210401891298,7.971608832807571,0,6632
2026-07-08T06:40:00Z,10.657210401891298,7.971608832807571,10,6633
2026-07-08T06:45:00Z,10.657210401891298,7.971608832807571,0,6634
2026-07-08T06:50:00Z,10.657210401891298,7.971608832807571,0,6635
2026-07-08T06:55:00Z,10.657210401891298,7.971608832807571,0,6636
2026-07-08T07:00:00Z,48.064229859974596,7.971608832807571,0,6637
2026-07-08T07:05:00Z,197.692307692308,7.971608832807571,0,6638
2026-07-08T07:10:00Z,197.692307692308,7.971608832807571,10,6639
2026-07-08T07:15:00Z,197.692307692308,7.971608832807571,0,6640
2026-07-08T07:20:00Z,197.692307692308,7.971608832807571,0,6641
2026-07-08T07:25:00Z,197.692307692308,7.971608832807571,10,6642
2026-07-08T07:30:00Z,2077,7.971608832807571,10,6643
2026-07-08T07:35:00Z,1676.1714285714295,7.971608832807571,0,6644
2026-07-08T07:40:00Z,972.4285714285711,7.971608832807571,0,6645
2026-07-08T07:45:00Z,885.6,7.971608832807571,10,6646
2026-07-08T07:50:00Z,2625.3,7.971608832807571,0,6647
2026-07-08T07:55:00Z,3091.1,7.971608832807571,0,6648
2026-07-08T08:00:00Z,4210.666666666672,7.971608832807571,0,6649
2026-07-08T08:05:00Z,1194.5333333333297,7.971608832807571,10,6650
2026-07-08T08:10:00Z,386,7.971608832807571,10,6651
2026-07-08T08:15:00Z,386,7.971608832807571,40,6652
2026-07-08T08:20:00Z,617.9111111111109,7.971608832807571,30,6653
2026-07-08T08:25:00Z,675.888888888889,7.971608832807571,10,6654
2026-07-08T08:30:00Z,615.111111111111,7.971608832807571,60,6655
2026-07-08T08:35:00Z,582.9111111111109,7.971608832807571,420.00000000000006,6656
2026-07-08T08:40:00Z,454.111111111111,7.971608832807571,1010,6657
2026-07-08T08:45:00Z,775.1866666666672,7.971608832807571,1010,6658
2026-07-08T08:50:00Z,1656.48,7.971608832807571,280,6659
2026-07-08T08:55:00Z,1585.45,7.971608832807571,610,6660
2026-07-08T09:00:00Z,510.25,7.971608832807571,1340,6661
2026-07-08T09:05:00Z,510.25,7.971608832807571,1620,6662
2026-07-08T09:10:00Z,344.65000000000003,7.971608832807571,2210,6663
2026-07-08T09:15:00Z,303.25,7.971608832807571,570.0000000000001,6664
2026-07-08T09:20:00Z,303.25,7.971608832807571,180,6665
2026-07-08T09:25:00Z,284.878947368421,7.971608832807571,260,6666
2026-07-08T09:30:00Z,272.6315789473679,7.971608832807571,500,6667
2026-07-08T09:35:00Z,272.6315789473679,7.971608832807571,180,6668
2026-07-08T09:40:00Z,272.6315789473679,7.971608832807571,270,6669
2026-07-08T09:45:00Z,517.370760233918,7.971608832807571,370,6670
2026-07-08T09:50:00Z,578.555555555556,14.794321766561495,290.00000000000006,6671
2026-07-08T09:55:00Z,558.333333333333,16.5,320,6672
2026-07-08T10:00:00Z,578.566666666666,16.5,940.0000000000001,6673
2026-07-08T10:05:00Z,659.5,16.5,890,6674
2026-07-08T10:10:00Z,997,16.5,430.00000000000006,6675
2026-07-08T10:15:00Z,902.833333333333,16.5,90,6676
2026-07-08T10:20:00Z,1029.5266666666703,16.5,110,6677
2026-07-08T10:25:00Z,873.751111111111,16.5,160,6678
2026-07-08T10:30:00Z,826.888888888889,16.5,70,6679
2026-07-08T10:35:00Z,623.375,16.5,80,6680
2026-07-08T10:40:00Z,721.705,16.5,130,6681
2026-07-08T10:45:00Z,1012.3199999999999,16.5,150.00000000000003,6682
2026-07-08T10:50:00Z,1149.1666666666702,16.5,200,6683
2026-07-08T10:55:00Z,837.833333333333,16.5,350,6684
2026-07-08T11:00:00Z,1969.9,16.5,310,6685
2026-07-08T11:05:00Z,2625.033333333331,16.5,190,6686
2026-07-08T11:10:00Z,1940.6166666666702,16.5,230,6687
2026-07-08T11:15:00Z,1093.93,16.5,410.00000000000006,6688
2026-07-08T11:20:00Z,973.2533333333341,16.5,600,6689
2026-07-08T11:25:00Z,748.2,16.5,460,6690
2026-07-08T11:30:00Z,601.222222222222,16.5,460,6691
2026-07-08T11:35:00Z,918.1644444444439,16.5,669.9999999999999,6692
2026-07-08T11:40:00Z,731.137142857143,16.5,329.99999999999994,6693
2026-07-08T11:45:00Z,628.3095238095239,16.5,430.00000000000006,6694
2026-07-08T11:50:00Z,573.9166666666671,16.5,370,6695
2026-07-08T11:55:00Z,573.9166666666671,16.5,530,6696
2026-07-08T12:00:00Z,450.125,35.492000000000004,600,6697
2026-07-08T12:05:00Z,450.125,40.24,360,6698
2026-07-08T12:10:00Z,450.125,40.24,1230,6699
2026-07-08T12:15:00Z,582.025,40.24,1410,6700
2026-07-08T12:20:00Z,652.4,40.24,720,6701
2026-07-08T12:25:00Z,802,620.848,600,6702
2026-07-08T12:30:00Z,800.2,1545,540,6703
2026-07-08T12:35:00Z,692.6750000000001,1447.2666666666703,490,6704
2026-07-08T12:40:00Z,264.375,577.1333333333331,320,6705
2026-07-08T12:45:00Z,264.375,604.4,440,6706
2026-07-08T12:50:00Z,264.375,2052.2,460,6707
2026-07-08T12:55:00Z,1331.21818181818,2404.6,329.99999999999994,6708
2026-07-08T13:00:00Z,353.09090909090895,3517,320,6709
2026-07-08T13:05:00Z,353.09090909090895,966.2,329.99999999999994,6710
2026-07-08T13:10:00Z,353.09090909090895,152.375,380,6711
2026-07-08T13:15:00Z,353.09090909090895,365.625,300,6712
2026-07-08T13:20:00Z,632.2181818181822,746.4,200,6713
2026-07-08T13:25:00Z,699.8857142857139,400.33333333333303,220,6714
2026-07-08T13:30:00Z,696.714285714286,294.2,320,6715
2026-07-08T13:35:00Z,135.348837209302,730.6666666666671,339.99999999999994,6716
2026-07-08T13:40:00Z,135.348837209302,413.71999999999997,470.00000000000006,6717
2026-07-08T13:45:00Z,135.348837209302,478.47999999999996,350,6718
2026-07-08T13:50:00Z,135.348837209302,1275.4,470.00000000000006,6719
2026-07-08T13:55:00Z,135.348837209302,1500,220,6720
2026-07-08T14:00:00Z,135.348837209302,538.475,80,6721
2026-07-08T14:05:00Z,135.348837209302,212.125,669.9999999999999,6722
2026-07-08T14:10:00Z,135.348837209302,174.28,470.00000000000006,6723
2026-07-08T14:15:00Z,152.09819121447,161.7,230,6724
2026-07-08T14:20:00Z,177.222222222222,141.24857142857095,20,6725
2026-07-08T14:25:00Z,177.222222222222,110.57142857142898,40,6726
2026-07-08T14:30:00Z,177.222222222222,110.57142857142898,270,6727
2026-07-08T14:35:00Z,177.222222222222,219.72857142857097,310,6728
2026-07-08T14:40:00Z,177.222222222222,534.98,280,6729
2026-07-08T14:45:00Z,355.14285714285705,386.186666666667,360,6730
2026-07-08T14:50:00Z,355.14285714285705,418.933333333333,210.00000000000003,6731
2026-07-08T14:55:00Z,345.714285714286,392.266666666667,190,6732
2026-07-08T15:00:00Z,308,535.5333333333331,30,6733
2026-07-08T15:05:00Z,308,519.7333333333331,70,6734
2026-07-08T15:10:00Z,308,906.466666666667,20,6735
2026-07-08T15:15:00Z,222.01379310344794,505.4,70,6736
2026-07-08T15:20:00Z,200.51724137931,983.2,20,6737
2026-07-08T15:25:00Z,200.51724137931,1124,70,6738
2026-07-08T15:30:00Z,200.51724137931,391,60,6739
2026-07-08T15:35:00Z,200.51724137931,382.257142857143,220,6740
2026-07-08T15:40:00Z,200.51724137931,343.34285714285704,90,6741
2026-07-08T15:45:00Z,135.444444444444,1248.8666666666702,90,6742
2026-07-08T15:50:00Z,135.444444444444,493.990476190476,10,6743
2026-07-08T15:55:00Z,135.444444444444,901.742857142857,200,6744
2026-07-08T16:00:00Z,135.444444444444,1541.4,120.00000000000001,6745
2026-07-08T16:05:00Z,135.444444444444,2128,80,6746
2026-07-08T16:10:00Z,135.444444444444,1162.0666666666702,270,6747
2026-07-08T16:15:00Z,135.444444444444,895.2333333333331,230,6748
2026-07-08T16:20:00Z,225.58888888888904,600.26,50,6749
2026-07-08T16:25:00Z,248.125,630.08,60,6750
2026-07-08T16:30:00Z,248.125,600.76,80,6751
2026-07-08T16:35:00Z,248.125,639.1,190,6752
2026-07-08T16:40:00Z,248.125,804.7,100,6753
2026-07-08T16:45:00Z,799.1666666666671,362.71999999999997,70,6754
2026-07-08T16:50:00Z,888.9761904761901,343.8,120.00000000000001,6755
2026-07-08T16:55:00Z,1053.2571428571398,646.48,160,6756
2026-07-08T17:00:00Z,1319.44,404.857142857143,40,6757
2026-07-08T17:05:00Z,901.4599999999999,606.2928571428571,50,6758
2026-07-08T17:10:00Z,841.38,207.75,60,6759
2026-07-08T17:15:00Z,1148.57,348.15000000000003,70,6760
2026-07-08T17:20:00Z,1093.5880952380999,500.15000000000003,60,6761
2026-07-08T17:25:00Z,314.09523809523796,742.9,70,6762
2026-07-08T17:30:00Z,314.09523809523796,613.471428571429,350,6763
2026-07-08T17:35:00Z,314.09523809523796,558.8571428571429,80,6764
2026-07-08T17:40:00Z,484.7619047619039,376.57142857142895,60,6765
2026-07-08T17:45:00Z,1167.4285714285704,331,60,6766
2026-07-08T17:50:00Z,552.316483516484,35.2,210.00000000000003,6767
2026-07-08T17:55:00Z,398.538461538462,1495.2,520,6768
2026-07-08T18:00:00Z,417.892307692308,563.0333333333331,490,6769
2026-07-08T18:05:00Z,495.307692307692,165.16666666666697,490,6770
2026-07-08T18:10:00Z,495.307692307692,165.16666666666697,550,6771
2026-07-08T18:15:00Z,599.7480769230772,325.14761904761895,320,6772
2026-07-08T18:20:00Z,669.375,381.21904761904807,560,6773
2026-07-08T18:25:00Z,476.27272727272697,709.8166666666671,920,6774
2026-07-08T18:30:00Z,476.27272727272697,487.91666666666697,690,6775
2026-07-08T18:35:00Z,598.654545454545,362.13333333333304,430.00000000000006,6776
2026-07-08T18:40:00Z,589.1384615384621,242,70,6777
2026-07-08T18:45:00Z,428.692307692308,111.65714285714299,130,6778
2026-07-08T18:50:00Z,428.692307692308,79.07142857142858,250,6779
2026-07-08T18:55:00Z,352.95927601809996,79.07142857142858,370,6780
2026-07-08T19:00:00Z,302.4705882352939,84.95,329.99999999999994,6781
2026-07-08T19:05:00Z,302.4705882352939,84.95,210.00000000000003,6782
2026-07-08T19:10:00Z,295.87647058823495,84.95,190,6783
2026-07-08T19:15:00Z,269.5,84.95,210.00000000000003,6784
2026-07-08T19:20:00Z,269.5,101,250,6785
2026-07-08T19:25:00Z,269.5,121.644444444444,260,6786
2026-07-08T19:30:00Z,273.1058823529411,152.61111111111097,250,6787
2026-07-08T19:35:00Z,287.529411764706,152.61111111111097,160,6788
2026-07-08T19:40:00Z,287.529411764706,152.61111111111097,210.00000000000003,6789
2026-07-08T19:45:00Z,287.529411764706,296.602222222222,380,6790
2026-07-08T19:50:00Z,110.23146374829003,228.25333333333302,339.99999999999994,6791
2026-07-08T19:55:00Z,65.9069767441861,201.34666666666698,200,6792
2026-07-08T20:00:00Z,65.9069767441861,296.91999999999996,130,6793
2026-07-08T20:05:00Z,65.9069767441861,218.54666666666697,190,6794
2026-07-08T20:10:00Z,65.9069767441861,182.93333333333302,200,6795
2026-07-08T20:15:00Z,65.9069767441861,182.93333333333302,130,6796
2026-07-08T20:20:00Z,65.9069767441861,159.697777777778,260,6797
2026-07-08T20:25:00Z,65.9069767441861,153.88888888888906,210.00000000000003,6798
2026-07-08T20:30:00Z,65.9069767441861,157.75,120.00000000000001,6799
2026-07-08T20:35:00Z,65.9069767441861,157.75,90,6800
2026-07-08T20:40:00Z,65.9069767441861,157.75,70,6801
2026-07-08T20:45:00Z,65.9069767441861,174.10999999999999,60,6802
2026-07-08T20:50:00Z,65.9069767441861,178.2,90,6803
2026-07-08T20:55:00Z,65.9069767441861,102.04,180,6804
2026-07-08T21:00:00Z,65.9069767441861,83,90,6805
2026-07-08T21:05:00Z,65.9069767441861,83,120.00000000000001,6806
2026-07-08T21:10:00Z,65.9069767441861,83,0,6807
2026-07-08T21:15:00Z,52.62080596485001,185,40,6808
2026-07-08T21:20:00Z,43.76335877862601,301.65454545454503,60,6809
2026-07-08T21:25:00Z,43.76335877862601,330.8181818181819,70,6810
2026-07-08T21:30:00Z,43.76335877862601,193.52727272727302,40,6811
2026-07-08T21:35:00Z,43.76335877862601,102,40,6812
2026-07-08T21:40:00Z,43.76335877862601,311.6,20,6813
2026-07-08T21:45:00Z,43.76335877862601,919.2,60,6814
2026-07-08T21:50:00Z,43.76335877862601,818,20,6815
2026-07-08T21:55:00Z,43.76335877862601,667.8,20,6816
2026-07-08T22:00:00Z,43.76335877862601,964.6,10,6817
2026-07-08T22:05:00Z,43.76335877862601,470.2,30,6818
2026-07-08T22:10:00Z,43.76335877862601,1035.4,-30,6819
2026-07-08T22:15:00Z,43.76335877862601,1189.4,30,6820
2026-07-08T22:20:00Z,43.76335877862601,1031.82,10,6821
2026-07-08T22:25:00Z,43.76335877862601,224.1,0,6822
2026-07-08T22:30:00Z,43.76335877862601,212.2,0,6823
2026-07-08T22:35:00Z,43.76335877862601,164.6,0,6824
2026-07-08T22:40:00Z,43.76335877862601,421.47999999999996,10,6825
2026-07-08T22:45:00Z,43.76335877862601,860.8,40,6826
2026-07-08T22:50:00Z,43.76335877862601,486.4,50,6827
2026-07-08T22:55:00Z,43.76335877862601,339.066666666667,30,6828
2026-07-08T23:00:00Z,43.76335877862601,254.76190476190496,20,6829
2026-07-08T23:05:00Z,43.76335877862601,295.14285714285705,60,6830
2026-07-08T23:10:00Z,43.76335877862601,391.2285714285709,10,6831
2026-07-08T23:15:00Z,43.76335877862601,430,0,6832
2026-07-08T23:20:00Z,43.76335877862601,624,0,6833
2026-07-08T23:25:00Z,60.65801526717561,265.28571428571394,0,6834
2026-07-08T23:30:00Z,86,362.914285714286,40,6835
2026-07-08T23:35:00Z,86,443,0,6836
2026-07-08T23:40:00Z,86,448.666666666667,20,6837
2026-07-08T23:45:00Z,86,271.533333333333,0,6838
2026-07-08T23:50:00Z,86,240.46666666666698,10,6839
2026-07-08T23:55:00Z,86,293.33333333333303,0,6840
2026-07-09T00:00:00Z,13.4972677595628,208.875,0,6841
2026-07-09T00:05:00Z,13.4972677595628,262.72499999999997,20,6842
2026-07-09T00:10:00Z,13.4972677595628,315.057142857143,20,6843
2026-07-09T00:15:00Z,13.4972677595628,201.285714285714,0,6844
2026-07-09T00:20:00Z,13.4972677595628,321.45714285714297,0,6845
2026-07-09T00:25:00Z,13.4972677595628,124.45,-20,6846
2026-07-09T00:30:00Z,13.4972677595628,124.45,-10,6847
2026-07-09T00:35:00Z,13.4972677595628,124.45,10,6848
2026-07-09T00:40:00Z,13.4972677595628,124.45,20,6849
2026-07-09T00:45:00Z,13.4972677595628,349.111111111111,40,6850
2026-07-09T00:50:00Z,13.4972677595628,112.27777777777798,10,6851
2026-07-09T00:55:00Z,13.4972677595628,112.27777777777798,40,6852
2026-07-09T01:00:00Z,13.4972677595628,112.27777777777798,10,6853
2026-07-09T01:05:00Z,13.4972677595628,130.92222222222202,0,6854
2026-07-09T01:10:00Z,13.4972677595628,135.58333333333303,0,6855
2026-07-09T01:15:00Z,13.4972677595628,92.55,0,6856
2026-07-09T01:20:00Z,13.4972677595628,28,0,6857
2026-07-09T01:25:00Z,13.4972677595628,28,0,6858
2026-07-09T01:30:00Z,13.4972677595628,28,10,6859
2026-07-09T01:35:00Z,13.4972677595628,28,20,6860
2026-07-09T01:40:00Z,13.4972677595628,28,-10,6861
2026-07-09T01:45:00Z,13.4972677595628,28,0,6862
2026-07-09T01:50:00Z,13.4972677595628,28,20,6863
2026-07-09T01:55:00Z,13.4972677595628,28,10,6864
2026-07-09T02:00:00Z,13.4972677595628,28,10,6865
2026-07-09T02:05:00Z,13.4972677595628,41.706250000000004,10,6866
2026-07-09T02:10:00Z,13.4972677595628,50.84375,0,6867
2026-07-09T02:15:00Z,13.4972677595628,50.84375,0,6868
2026-07-09T02:20:00Z,13.4972677595628,50.84375,0,6869
2026-07-09T02:25:00Z,13.4972677595628,50.84375,0,6870
2026-07-09T02:30:00Z,13.4972677595628,50.84375,40,6871
2026-07-09T02:35:00Z,13.4972677595628,43.13726415094339,0,6872
2026-07-09T02:40:00Z,13.4972677595628,12.311320754716998,0,6873
2026-07-09T02:45:00Z,13.4972677595628,12.311320754716998,0,6874
2026-07-09T02:50:00Z,13.4972677595628,12.311320754716998,10,6875
2026-07-09T02:55:00Z,13.4972677595628,12.311320754716998,10,6876
2026-07-09T03:00:00Z,13.4972677595628,12.311320754716998,-10,6877
2026-07-09T03:05:00Z,13.4972677595628,12.311320754716998,-10,6878
2026-07-09T03:10:00Z,13.4972677595628,12.311320754716998,0,6879
2026-07-09T03:15:00Z,13.4972677595628,12.311320754716998,20,6880
2026-07-09T03:20:00Z,13.4972677595628,12.311320754716998,10,6881
2026-07-09T03:25:00Z,13.4972677595628,12.311320754716998,0,6882
2026-07-09T03:30:00Z,13.4972677595628,12.311320754716998,0,6883
2026-07-09T03:35:00Z,13.4972677595628,12.311320754716998,20,6884
2026-07-09T03:40:00Z,13.4972677595628,12.311320754716998,0,6885
2026-07-09T03:45:00Z,13.4972677595628,12.311320754716998,0,6886
2026-07-09T03:50:00Z,13.4972677595628,12.311320754716998,0,6887
2026-07-09T03:55:00Z,13.4972677595628,12.311320754716998,0,6888
2026-07-09T04:05:00Z,13.4972677595628,12.311320754716998,0,6889
2026-07-09T04:10:00Z,13.4972677595628,12.311320754716998,-10,6890
2026-07-09T04:15:00Z,13.4972677595628,12.311320754716998,10,6891
2026-07-09T04:20:00Z,13.4972677595628,12.311320754716998,0,6892
2026-07-09T04:25:00Z,13.4972677595628,38.1111111111111,0,6893
2026-07-09T04:30:00Z,13.4972677595628,38.1111111111111,0,6894
2026-07-09T04:35:00Z,13.4972677595628,38.1111111111111,10,6895
2026-07-09T04:40:00Z,13.4972677595628,38.1111111111111,0,6896
2026-07-09T04:45:00Z,13.4972677595628,38.1111111111111,30,6897
2026-07-09T04:50:00Z,13.4972677595628,38.1111111111111,30,6898
2026-07-09T04:55:00Z,13.4972677595628,38.1111111111111,20,6899
2026-07-09T05:00:00Z,13.4972677595628,38.1111111111111,30,6900
2026-07-09T05:05:00Z,13.4972677595628,38.1111111111111,0,6901
2026-07-09T05:10:00Z,13.4972677595628,38.1111111111111,10,6902
2026-07-09T05:15:00Z,13.4972677595628,31.5562962962963,0,6903
2026-07-09T05:20:00Z,13.4972677595628,5.337037037037039,0,6904
2026-07-09T05:25:00Z,13.4972677595628,5.337037037037039,0,6905
2026-07-09T05:30:00Z,13.4972677595628,5.337037037037039,0,6906
2026-07-09T05:35:00Z,13.4972677595628,5.337037037037039,60,6907
2026-07-09T05:40:00Z,13.4972677595628,5.337037037037039,10,6908
2026-07-09T05:45:00Z,13.4972677595628,5.337037037037039,-20,6909
2026-07-09T05:50:00Z,13.4972677595628,5.337037037037039,-30,6910
2026-07-09T05:55:00Z,13.4972677595628,5.337037037037039,-20,6911
2026-07-09T06:00:00Z,13.4972677595628,5.337037037037039,20,6912
2026-07-09T06:05:00Z,43.7054006103186,5.337037037037039,20,6913
2026-07-09T06:10:00Z,63.844155844155814,5.337037037037039,0,6914
2026-07-09T06:15:00Z,63.844155844155814,5.337037037037039,0,6915
2026-07-09T06:20:00Z,63.844155844155814,5.337037037037039,0,6916
2026-07-09T06:25:00Z,63.844155844155814,5.337037037037039,30,6917
2026-07-09T06:30:00Z,63.844155844155814,5.337037037037039,10,6918
2026-07-09T06:35:00Z,63.844155844155814,5.337037037037039,40,6919
2026-07-09T06:40:00Z,63.844155844155814,5.337037037037039,20,6920
2026-07-09T06:45:00Z,63.844155844155814,5.337037037037039,0,6921
2026-07-09T06:50:00Z,63.844155844155814,5.337037037037039,0,6922
2026-07-09T06:55:00Z,63.844155844155814,5.337037037037039,10,6923
2026-07-09T07:00:00Z,63.844155844155814,5.337037037037039,0,6924
2026-07-09T07:05:00Z,63.844155844155814,5.337037037037039,20,6925
2026-07-09T07:10:00Z,63.844155844155814,5.337037037037039,0,6926
2026-07-09T07:15:00Z,63.844155844155814,5.337037037037039,70,6927
2026-07-09T07:20:00Z,493.541991341991,5.337037037037039,30,6928
2026-07-09T07:25:00Z,2354.133333333331,5.337037037037039,-10,6929
2026-07-09T07:30:00Z,2340.12,5.337037037037039,10,6930
2026-07-09T07:35:00Z,1264.78,5.337037037037039,0,6931
2026-07-09T07:40:00Z,1392.42,5.337037037037039,0,6932
2026-07-09T07:45:00Z,1018.3911111111099,5.337037037037039,10,6933
2026-07-09T07:50:00Z,630.7777777777782,5.337037037037039,0,6934
2026-07-09T07:55:00Z,559.8111111111109,5.337037037037039,0,6935
2026-07-09T08:00:00Z,512.5,5.337037037037039,0,6936
2026-07-09T08:05:00Z,1243.2,5.337037037037039,40,6937
2026-07-09T08:10:00Z,2051.733333333331,5.337037037037039,30,6938
2026-07-09T08:15:00Z,716.7666666666661,5.337037037037039,50,6939
2026-07-09T08:20:00Z,382.125,5.337037037037039,0,6940
2026-07-09T08:25:00Z,382.125,5.337037037037039,40,6941
2026-07-09T08:30:00Z,334.74473684210494,5.337037037037039,570.0000000000001,6942
2026-07-09T08:35:00Z,303.1578947368421,5.337037037037039,1120,6943
2026-07-09T08:40:00Z,303.1578947368421,5.337037037037039,1080,6944
2026-07-09T08:45:00Z,303.1578947368421,5.337037037037039,470.00000000000006,6945
2026-07-09T08:50:00Z,427.4315789473679,5.337037037037039,620,6946
2026-07-09T08:55:00Z,458.5,5.337037037037039,400,6947
2026-07-09T09:00:00Z,471.63333333333304,5.337037037037039,370,6948
2026-07-09T09:05:00Z,491.33333333333303,5.337037037037039,310,6949
2026-07-09T09:10:00Z,523.3833333333331,5.337037037037039,180,6950
2026-07-09T09:15:00Z,544.75,5.337037037037039,789.9999999999999,6951
2026-07-09T09:20:00Z,532.872727272727,5.337037037037039,900,6952
2026-07-09T09:25:00Z,485.36363636363603,5.337037037037039,400,6953
2026-07-09T09:30:00Z,485.36363636363603,5.337037037037039,100,6954
2026-07-09T09:35:00Z,1252,5.337037037037039,120.00000000000001,6955
2026-07-09T09:40:00Z,992,5.337037037037039,360,6956
2026-07-09T09:45:00Z,808.75,9.836296296296302,60,6957
2026-07-09T09:50:00Z,844.3357142857138,27.833333333333293,110,6958
2026-07-09T09:55:00Z,897.714285714286,27.833333333333293,90,6959
2026-07-09T10:00:00Z,1329.96363636364,27.833333333333293,380,6960
2026-07-09T10:05:00Z,514.8181818181821,27.833333333333293,220,6961
2026-07-09T10:10:00Z,514.8181818181821,27.833333333333293,30,6962
2026-07-09T10:15:00Z,746.5,27.833333333333293,190,6963
2026-07-09T10:20:00Z,661.5363636363641,27.833333333333293,669.9999999999999,6964
2026-07-09T10:25:00Z,534.0909090909089,27.833333333333293,180,6965
2026-07-09T10:30:00Z,504.613903743315,27.833333333333293,40,6966
2026-07-09T10:35:00Z,386.70588235294105,27.833333333333293,70,6967
2026-07-09T10:40:00Z,386.70588235294105,37.916,430.00000000000006,6968
2026-07-09T10:45:00Z,386.70588235294105,53.04,520,6969
2026-07-09T10:50:00Z,325.720123839009,53.04,460,6970
2026-07-09T10:55:00Z,310.473684210526,53.04,329.99999999999994,6971
2026-07-09T11:00:00Z,310.473684210526,53.04,480.00000000000006,6972
2026-07-09T11:05:00Z,310.473684210526,40.9253698630137,400,6973
2026-07-09T11:10:00Z,534.9166666666671,22.753424657534197,679.9999999999999,6974
2026-07-09T11:15:00Z,534.9166666666671,22.753424657534197,320,6975
2026-07-09T11:20:00Z,252.33333333333303,22.753424657534197,170,6976
2026-07-09T11:25:00Z,63.944444444444386,22.753424657534197,329.99999999999994,6977
2026-07-09T11:30:00Z,63.944444444444386,22.753424657534197,530,6978
2026-07-09T11:35:00Z,63.944444444444386,22.753424657534197,100,6979
2026-07-09T11:40:00Z,63.944444444444386,22.753424657534197,520,6980
2026-07-09T11:45:00Z,63.944444444444386,22.753424657534197,220,6981
2026-07-09T11:50:00Z,63.944444444444386,22.753424657534197,100,6982
2026-07-09T11:55:00Z,63.944444444444386,22.753424657534197,140,6983
2026-07-09T12:00:00Z,63.944444444444386,22.753424657534197,390,6984
2026-07-09T12:05:00Z,63.944444444444386,22.753424657534197,180,6985
2026-07-09T12:10:00Z,63.944444444444386,22.753424657534197,60,6986
2026-07-09T12:15:00Z,63.944444444444386,22.753424657534197,150.00000000000003,6987
2026-07-09T12:20:00Z,63.944444444444386,676.7506849315071,200,6988
2026-07-09T12:25:00Z,63.944444444444386,1632.6,180,6989
2026-07-09T12:30:00Z,63.944444444444386,1889.8,270,6990
2026-07-09T12:35:00Z,63.944444444444386,807.4,250,6991
2026-07-09T12:40:00Z,63.944444444444386,1072.8,260,6992
2026-07-09T12:45:00Z,63.944444444444386,645.6,70,6993
2026-07-09T12:50:00Z,108.500854700855,529.2,0,6994
2026-07-09T12:55:00Z,138.20512820512798,392.14285714285705,90,6995
2026-07-09T13:00:00Z,138.20512820512798,308.257142857143,-20,6996
2026-07-09T13:05:00Z,138.20512820512798,1092,0,6997
2026-07-09T13:10:00Z,138.20512820512798,1398,-10,6998
2026-07-09T13:15:00Z,138.20512820512798,709.76,10,6999
2026-07-09T13:20:00Z,138.20512820512798,173.4,20,7000
2026-07-09T13:25:00Z,138.20512820512798,241.50666666666697,10,7001
2026-07-09T13:30:00Z,172.35531135531104,466.33333333333303,10,7002
2026-07-09T13:35:00Z,180.892857142857,155.33333333333303,0,7003
2026-07-09T13:40:00Z,180.892857142857,155.33333333333303,0,7004
2026-07-09T13:45:00Z,180.892857142857,212.613333333333,0,7005
2026-07-09T13:50:00Z,180.892857142857,513.52,30,7006
2026-07-09T13:55:00Z,267.089285714286,169.5,30,7007
2026-07-09T14:00:00Z,611.875,169.5,40,7008
2026-07-09T14:05:00Z,377.861111111111,312.166666666667,20,7009
2026-07-09T14:10:00Z,221.851851851852,840.1333333333331,30,7010
2026-07-09T14:15:00Z,221.851851851852,231.5,30,7011
2026-07-09T14:20:00Z,221.851851851852,222.2,150.00000000000003,7012
2026-07-09T14:25:00Z,221.851851851852,185,10,7013
2026-07-09T14:30:00Z,339.31481481481507,519.1,80,7014
2026-07-09T14:35:00Z,809.1666666666671,814.6,60,7015
2026-07-09T14:40:00Z,1030.1666666666702,640.9,170,7016
2026-07-09T14:45:00Z,596.2151515151521,638.9,70,7017
2026-07-09T14:50:00Z,487.7272727272729,675.1,10,7018
2026-07-09T14:55:00Z,1130.29090909091,706.4,20,7019
2026-07-09T15:00:00Z,1252.2,1129.8,80,7020
2026-07-09T15:05:00Z,661.111111111111,326.6,250,7021
2026-07-09T15:10:00Z,689.0888888888891,241,310,7022
2026-07-09T15:15:00Z,801,536,360,7023
2026-07-09T15:20:00Z,736.7,635.942857142857,10,7024
2026-07-09T15:25:00Z,663.863636363636,341.714285714286,10,7025
2026-07-09T15:30:00Z,436.8181818181819,521.3428571428569,50,7026
2026-07-09T15:35:00Z,436.8181818181819,415,60,7027
2026-07-09T15:40:00Z,1018.3333333333301,269.35,440,7028
2026-07-09T15:45:00Z,743.466666666666,172.25,490,7029
2026-07-09T15:50:00Z,1069.2,595.8,480.00000000000006,7030
2026-07-09T15:55:00Z,2297.933333333331,188.428571428571,280,7031
2026-07-09T16:00:00Z,486.41666666666697,128.785714285714,240.00000000000003,7032
2026-07-09T16:05:00Z,486.41666666666697,128.785714285714,700,7033
2026-07-09T16:10:00Z,486.41666666666697,511.28571428571394,580,7034
2026-07-09T16:15:00Z,486.41666666666697,204.71428571428595,440,7035
2026-07-09T16:20:00Z,45.99099099099101,522.6666666666671,300,7036
2026-07-09T16:25:00Z,45.99099099099101,284.75641025640994,480.00000000000006,7037
2026-07-09T16:30:00Z,45.99099099099101,41.11538461538459,370,7038
2026-07-09T16:35:00Z,45.99099099099101,41.11538461538459,300,7039
2026-07-09T16:40:00Z,45.99099099099101,41.11538461538459,260,7040
2026-07-09T16:45:00Z,45.99099099099101,41.11538461538459,270,7041
2026-07-09T16:50:00Z,45.99099099099101,41.11538461538459,570.0000000000001,7042
2026-07-09T16:55:00Z,45.99099099099101,41.11538461538459,360,7043
2026-07-09T17:00:00Z,45.99099099099101,41.11538461538459,1250,7044
2026-07-09T17:05:00Z,45.99099099099101,41.11538461538459,1550,7045
2026-07-09T17:10:00Z,45.99099099099101,41.11538461538459,90,7046
2026-07-09T17:15:00Z,45.99099099099101,41.11538461538459,100,7047
2026-07-09T17:20:00Z,45.99099099099101,51.0802197802198,20,7048
2026-07-09T17:25:00Z,45.99099099099101,53.57142857142859,140,7049
2026-07-09T17:30:00Z,45.99099099099101,53.57142857142859,90,7050
2026-07-09T17:35:00Z,45.99099099099101,53.57142857142859,40,7051
2026-07-09T17:40:00Z,45.99099099099101,53.57142857142859,0,7052
2026-07-09T17:45:00Z,45.99099099099101,59.92030075187971,10,7053
2026-07-09T17:50:00Z,45.99099099099101,85.31578947368418,30,7054
2026-07-09T17:55:00Z,45.99099099099101,85.31578947368418,40,7055
2026-07-09T18:00:00Z,45.99099099099101,85.31578947368418,30,7056
2026-07-09T18:05:00Z,45.99099099099101,164.78947368421098,20,7057
2026-07-09T18:10:00Z,64.7666192508298,213.6,70,7058
2026-07-09T18:15:00Z,69.4605263157895,108,40,7059
2026-07-09T18:20:00Z,69.4605263157895,108,0,7060
2026-07-09T18:25:00Z,69.4605263157895,108,30,7061
2026-07-09T18:30:00Z,69.4605263157895,151.84,40,7062
2026-07-09T18:35:00Z,69.4605263157895,162.8,60,7063
2026-07-09T18:40:00Z,69.4605263157895,99.477647058823493,20,7064
2026-07-09T18:45:00Z,69.4605263157895,83.64705882352938,0,7065
2026-07-09T18:50:00Z,69.4605263157895,83.64705882352938,10,7066
2026-07-09T18:55:00Z,69.4605263157895,271.188235294118,20,7067
2026-07-09T19:00:00Z,69.4605263157895,561.3199999999999,50,7068
2026-07-09T19:05:00Z,69.4605263157895,631.697391304348,70,7069
2026-07-09T19:10:00Z,69.4605263157895,63.0869565217391,40,7070
2026-07-09T19:15:00Z,69.4605263157895,63.0869565217391,40,7071
2026-07-09T19:20:00Z,69.4605263157895,63.0869565217391,20,7072
2026-07-09T19:25:00Z,87.29532163742688,63.0869565217391,10,7073
2026-07-09T19:30:00Z,99.18518518518519,605.8347826086962,30,7074
2026-07-09T19:35:00Z,99.18518518518519,789,30,7075
2026-07-09T19:40:00Z,99.18518518518519,811.2,60,7076
2026-07-09T19:45:00Z,99.18518518518519,448.71999999999997,40,7077
2026-07-09T19:50:00Z,99.18518518518519,374.78,20,7078
2026-07-09T19:55:00Z,99.18518518518519,977.7,40,7079
2026-07-09T20:00:00Z,99.18518518518519,887.333333333333,40,7080
2026-07-09T20:05:00Z,99.18518518518519,706.1333333333331,30,7081
2026-07-09T20:10:00Z,99.18518518518519,327.4,20,7082
2026-07-09T20:15:00Z,99.18518518518519,770,0,7083
2026-07-09T20:20:00Z,60.4293447293447,646,70,7084
2026-07-09T20:25:00Z,50.74038461538459,582.333333333333,80,7085
2026-07-09T20:30:00Z,50.74038461538459,381.8,40,7086
2026-07-09T20:35:00Z,50.74038461538459,275.2,60,7087
2026-07-09T20:40:00Z,50.74038461538459,874.866666666667,60,7088
2026-07-09T20:45:00Z,50.74038461538459,505.33333333333303,50,7089
2026-07-09T20:50:00Z,50.74038461538459,1310.4,30,7090
2026-07-09T20:55:00Z,50.74038461538459,2695.1142857142895,60,7091
2026-07-09T21:00:00Z,50.74038461538459,234.85714285714306,10,7092
2026-07-09T21:05:00Z,50.74038461538459,234.85714285714306,20,7093
2026-07-09T21:10:00Z,50.74038461538459,135.15604395604402,70,7094
2026-07-09T21:15:00Z,50.74038461538459,110.230769230769,50,7095
2026-07-09T21:20:00Z,50.74038461538459,101.78461538461502,0,7096
2026-07-09T21:25:00Z,50.74038461538459,68,0,7097
2026-07-09T21:30:00Z,50.74038461538459,68,40,7098
2026-07-09T21:35:00Z,50.74038461538459,68,100,7099
2026-07-09T21:40:00Z,50.74038461538459,68,30,7100
2026-07-09T21:45:00Z,50.74038461538459,60.56666666666669,0,7101
2026-07-09T21:50:00Z,50.74038461538459,58.70833333333331,60,7102
2026-07-09T21:55:00Z,50.74038461538459,58.70833333333331,40,7103
2026-07-09T22:00:00Z,50.74038461538459,58.70833333333331,30,7104
2026-07-09T22:05:00Z,89.88135593220339,58.70833333333331,60,7105
2026-07-09T22:10:00Z,89.88135593220339,62.0833333333333,40,7106
2026-07-09T22:15:00Z,89.88135593220339,62.0833333333333,30,7107
2026-07-09T22:20:00Z,89.88135593220339,62.0833333333333,30,7108
2026-07-09T22:25:00Z,89.88135593220339,62.0833333333333,0,7109
2026-07-09T22:30:00Z,89.88135593220339,59.09696969696971,0,7110
2026-07-09T22:35:00Z,89.88135593220339,47.1515151515151,0,7111
2026-07-09T22:40:00Z,89.88135593220339,47.1515151515151,20,7112
2026-07-09T22:45:00Z,89.88135593220339,47.1515151515151,60,7113
2026-07-09T22:50:00Z,89.88135593220339,47.1515151515151,40,7114
2026-07-09T22:55:00Z,89.88135593220339,47.1515151515151,20,7115
2026-07-09T23:00:00Z,96.2161958568739,47.1515151515151,0,7116
2026-07-09T23:05:00Z,121.55555555555598,51.45260606060609,0,7117
2026-07-09T23:10:00Z,121.55555555555598,54.32,0,7118
2026-07-09T23:15:00Z,121.55555555555598,54.32,10,7119
2026-07-09T23:20:00Z,121.55555555555598,54.32,50,7120
2026-07-09T23:25:00Z,121.55555555555598,54.32,30,7121
2026-07-09T23:30:00Z,121.55555555555598,49.966709677419395,50,7122
2026-07-09T23:35:00Z,121.55555555555598,47.0645161290323,20,7123
2026-07-09T23:40:00Z,121.55555555555598,47.0645161290323,60,7124
2026-07-09T23:45:00Z,113.58444444444501,47.0645161290323,60,7125
2026-07-09T23:50:00Z,81.7,47.0645161290323,60,7126
2026-07-09T23:55:00Z,81.7,47.0645161290323,80,7127
2026-07-10T00:00:00Z,104.8,57.3275985663082,80,7128
2026-07-10T00:05:00Z,104.8,72.7222222222222,40,7129
2026-07-10T00:10:00Z,104.8,72.7222222222222,120.00000000000001,7130
2026-07-10T00:15:00Z,104.8,72.7222222222222,50,7131
2026-07-10T00:20:00Z,104.8,89.79150326797392,20,7132
2026-07-10T00:25:00Z,104.8,94.0588235294118,60,7133
2026-07-10T00:30:00Z,104.8,94.0588235294118,130,7134
2026-07-10T00:35:00Z,104.8,84.5405572755418,10,7135
2026-07-10T00:40:00Z,104.8,70.26315789473679,40,7136
2026-07-10T00:45:00Z,104.8,70.26315789473679,100,7137
2026-07-10T00:50:00Z,111.57333333333398,70.26315789473679,70,7138
2026-07-10T00:55:00Z,113.26666666666702,64.86178489702519,60,7139
2026-07-10T01:00:00Z,113.26666666666702,61.260869565217384,60,7140
2026-07-10T01:05:00Z,113.26666666666702,61.260869565217384,40,7141
2026-07-10T01:10:00Z,113.26666666666702,61.260869565217384,30,7142
2026-07-10T01:15:00Z,113.26666666666702,61.260869565217384,130,7143
2026-07-10T01:20:00Z,113.26666666666702,63.5652173913044,80,7144
2026-07-10T01:25:00Z,113.26666666666702,63.5652173913044,40,7145
2026-07-10T01:30:00Z,113.26666666666702,63.5652173913044,100,7146
2026-07-10T01:35:00Z,137.44307692307697,63.5652173913044,100,7147
2026-07-10T01:40:00Z,143.48717948717905,53.6365663322185,60,7148
2026-07-10T01:45:00Z,143.48717948717905,38.74358974358971,0,7149
2026-07-10T01:50:00Z,143.48717948717905,38.74358974358971,10,7150
2026-07-10T01:55:00Z,143.48717948717905,38.74358974358971,140,7151
2026-07-10T02:00:00Z,143.48717948717905,38.74358974358971,60,7152
2026-07-10T02:05:00Z,143.48717948717905,38.74358974358971,60,7153
2026-07-10T02:10:00Z,143.48717948717905,38.74358974358971,70,7154
2026-07-10T02:15:00Z,93.6666666666667,38.74358974358971,30,7155
2026-07-10T02:20:00Z,93.6666666666667,31.5842283502661,120.00000000000001,7156
2026-07-10T02:25:00Z,93.6666666666667,26.811320754717002,30,7157
2026-07-10T02:30:00Z,93.6666666666667,26.811320754717002,60,7158
2026-07-10T02:35:00Z,93.6666666666667,26.811320754717002,50,7159
2026-07-10T02:40:00Z,93.6666666666667,26.811320754717002,50,7160
2026-07-10T02:45:00Z,93.6666666666667,26.811320754717002,170,7161
2026-07-10T02:50:00Z,93.6666666666667,26.811320754717002,20,7162
2026-07-10T02:55:00Z,93.6666666666667,26.811320754717002,110,7163
2026-07-10T03:00:00Z,93.6666666666667,26.811320754717002,40,7164
2026-07-10T03:05:00Z,93.6666666666667,26.811320754717002,90,7165
2026-07-10T03:10:00Z,93.6666666666667,26.811320754717002,80,7166
2026-07-10T03:15:00Z,119.47916666666701,46.766666666666694,20,7167
2026-07-10T03:20:00Z,119.47916666666701,46.766666666666694,50,7168
2026-07-10T03:25:00Z,119.47916666666701,46.766666666666694,150.00000000000003,7169
2026-07-10T03:30:00Z,119.47916666666701,46.766666666666694,10,7170
2026-07-10T03:35:00Z,119.47916666666701,46.766666666666694,70,7171
2026-07-10T03:40:00Z,119.47916666666701,46.766666666666694,60,7172
2026-07-10T03:45:00Z,119.47916666666701,82.8235294117647,30,7173
2026-07-10T03:50:00Z,119.47916666666701,82.8235294117647,20,7174
2026-07-10T03:55:00Z,119.47916666666701,82.8235294117647,20,7175
2026-07-10T04:05:00Z,216.423076923077,80.47368421052629,40,7176
2026-07-10T04:10:00Z,216.423076923077,80.47368421052629,70,7177
2026-07-10T04:15:00Z,216.423076923077,80.47368421052629,100,7178
2026-07-10T04:20:00Z,216.423076923077,73.65664160401,20,7179
2026-07-10T04:25:00Z,190.82555831265503,71.95238095238088,40,7180
2026-07-10T04:30:00Z,88.4354838709677,71.95238095238088,50,7181
2026-07-10T04:35:00Z,88.4354838709677,71.95238095238088,30,7182
2026-07-10T04:40:00Z,88.4354838709677,58.9122023809524,50,7183
2026-07-10T04:45:00Z,88.4354838709677,50.21875000000001,60,7184
2026-07-10T04:50:00Z,88.4354838709677,50.21875000000001,80,7185
2026-07-10T04:55:00Z,88.4354838709677,50.21875000000001,50,7186
2026-07-10T05:00:00Z,88.4354838709677,50.21875000000001,40,7187
2026-07-10T05:05:00Z,88.4354838709677,50.21875000000001,70,7188
2026-07-10T05:10:00Z,88.4354838709677,51.3685483870968,60,7189
2026-07-10T05:15:00Z,88.4354838709677,55.9677419354839,40,7190
2026-07-10T05:20:00Z,88.4354838709677,55.9677419354839,90,7191
2026-07-10T05:25:00Z,88.4354838709677,55.9677419354839,70,7192
2026-07-10T05:30:00Z,127.67684036393699,55.9677419354839,40,7193
2026-07-10T05:35:00Z,137.48717948717905,55.9677419354839,80,7194
2026-07-10T05:40:00Z,137.48717948717905,55.9677419354839,50,7195
2026-07-10T05:45:00Z,137.48717948717905,123.15384615384598,80,7196
2026-07-10T05:50:00Z,137.48717948717905,123.15384615384598,100,7197
2026-07-10T05:55:00Z,137.48717948717905,103.10969899665598,50,7198
2026-07-10T06:00:00Z,137.48717948717905,73.04347826086959,10,7199
2026-07-10T06:05:00Z,137.48717948717905,73.04347826086959,0,7200
2026-07-10T06:10:00Z,130.146341463415,73.04347826086959,20,7201
2026-07-10T06:15:00Z,130.146341463415,73.04347826086959,10,7202
2026-07-10T06:20:00Z,130.146341463415,87.7086956521739,70,7203
2026-07-10T06:25:00Z,130.146341463415,91.37499999999999,70,7204
2026-07-10T06:30:00Z,130.146341463415,91.37499999999999,30,7205
2026-07-10T06:35:00Z,130.146341463415,98.84411764705881,0,7206
2026-07-10T06:40:00Z,130.146341463415,103.82352941176501,120.00000000000001,7207
2026-07-10T06:45:00Z,130.146341463415,103.82352941176501,40,7208
2026-07-10T06:50:00Z,129.72017738359202,101.93382352941202,10,7209
2026-07-10T06:55:00Z,129.613636363636,94.37499999999999,130,7210
2026-07-10T07:00:00Z,129.613636363636,94.37499999999999,60,7211
2026-07-10T07:05:00Z,129.613636363636,94.37499999999999,140,7212
2026-07-10T07:10:00Z,129.613636363636,72.70588235294117,50,7213
2026-07-10T07:15:00Z,129.613636363636,72.70588235294117,110,7214
2026-07-10T07:20:00Z,129.613636363636,72.70588235294117,90,7215
2026-07-10T07:25:00Z,129.613636363636,60.5339658444023,50,7216
2026-07-10T07:30:00Z,129.613636363636,52.41935483870971,40,7217
2026-07-10T07:35:00Z,166.727272727273,52.41935483870971,70,7218
2026-07-10T07:40:00Z,166.727272727273,52.41935483870971,180,7219
2026-07-10T07:45:00Z,166.727272727273,52.41935483870971,60,7220
2026-07-10T07:50:00Z,166.727272727273,52.41935483870971,110,7221
2026-07-10T07:55:00Z,166.727272727273,58.81524926686219,10,7222
2026-07-10T08:00:00Z,166.727272727273,68.4090909090909,30,7223
2026-07-10T08:05:00Z,159.17149877149902,68.4090909090909,90,7224
2026-07-10T08:10:00Z,147.83783783783804,68.4090909090909,60,7225
2026-07-10T08:15:00Z,147.83783783783804,68.4090909090909,10,7226
2026-07-10T08:20:00Z,147.83783783783804,63,90,7227
2026-07-10T08:25:00Z,147.83783783783804,63,130,7228
2026-07-10T08:30:00Z,147.83783783783804,63,60,7229
2026-07-10T08:35:00Z,147.83783783783804,63,70,7230
2026-07-10T08:40:00Z,147.83783783783804,61,90,7231
2026-07-10T08:45:00Z,147.222222222222,58,150.00000000000003,7232
2026-07-10T08:50:00Z,147.222222222222,58,20,7233
2026-07-10T08:55:00Z,147.222222222222,58,160,7234
2026-07-10T09:00:00Z,147.222222222222,58,20,7235
2026-07-10T09:05:00Z,147.222222222222,55.0413793103448,70,7236
2026-07-10T09:10:00Z,147.222222222222,53.068965517241395,40,7237
2026-07-10T09:15:00Z,147.222222222222,53.068965517241395,50,7238
2026-07-10T09:20:00Z,107.08808080808097,53.068965517241395,120.00000000000001,7239
2026-07-10T09:25:00Z,97.0545454545454,53.068965517241395,90,7240
2026-07-10T09:30:00Z,97.0545454545454,53.068965517241395,70,7241
2026-07-10T09:35:00Z,97.0545454545454,62.3257931034483,50,7242
2026-07-10T09:40:00Z,97.0545454545454,64.64,140,7243
2026-07-10T09:45:00Z,97.0545454545454,64.64,0,7244
2026-07-10T09:50:00Z,97.0545454545454,64.64,90,7245
2026-07-10T09:55:00Z,97.0545454545454,64.64,100,7246
2026-07-10T10:00:00Z,97.0545454545454,70.41371428571432,170,7247
2026-07-10T10:05:00Z,97.0545454545454,71.85714285714289,50,7248
2026-07-10T10:10:00Z,97.0545454545454,71.85714285714289,30,7249
2026-07-10T10:15:00Z,97.25241852487129,71.85714285714289,80,7250
2026-07-10T10:20:00Z,97.30188679245278,67.5178571428571,110,7251
2026-07-10T10:25:00Z,97.30188679245278,64.62499999999999,10,7252
2026-07-10T10:30:00Z,97.30188679245278,64.62499999999999,80,7253
2026-07-10T10:35:00Z,97.30188679245278,64.62499999999999,20,7254
2026-07-10T10:40:00Z,97.30188679245278,64.62499999999999,50,7255
2026-07-10T10:45:00Z,97.30188679245278,126.925,80,7256
2026-07-10T10:50:00Z,97.30188679245278,142.5,10,7257
2026-07-10T10:55:00Z,97.30188679245278,140.83333333333303,40,7258
2026-07-10T11:00:00Z,97.30188679245278,140.41666666666697,130,7259
2026-07-10T11:05:00Z,88.2770234526538,128.97,20,7260
2026-07-10T11:10:00Z,52.1775700934579,111.8,110,7261
2026-07-10T11:15:00Z,52.1775700934579,111.8,50,7262
2026-07-10T11:20:00Z,52.1775700934579,118.09818181818198,60,7263
2026-07-10T11:25:00Z,52.1775700934579,127.545454545455,90,7264
2026-07-10T11:30:00Z,52.1775700934579,121.748863636364,50,7265
2026-07-10T11:35:00Z,52.1775700934579,98.5625,10,7266
2026-07-10T11:40:00Z,52.1775700934579,98.5625,10,7267
2026-07-10T11:45:00Z,52.1775700934579,98.5625,40,7268
2026-07-10T11:50:00Z,52.1775700934579,105.5,140,7269
2026-07-10T11:55:00Z,52.1775700934579,105.5,130,7270
2026-07-10T12:00:00Z,52.1775700934579,112.233333333333,40,7271
2026-07-10T12:05:00Z,52.1775700934579,139.16666666666697,0,7272
2026-07-10T12:10:00Z,52.1775700934579,139.16666666666697,0,7273
2026-07-10T12:15:00Z,52.1775700934579,102.57619047618999,90,7274
2026-07-10T12:20:00Z,52.1775700934579,93.42857142857139,40,7275
2026-07-10T12:25:00Z,52.1775700934579,93.42857142857139,10,7276
2026-07-10T12:30:00Z,52.1775700934579,133.33333333333303,0,7277
2026-07-10T12:35:00Z,52.1775700934579,133.33333333333303,10,7278
2026-07-10T12:40:00Z,52.1775700934579,114.83333333333299,10,7279
2026-07-10T12:45:00Z,52.1775700934579,102.5,10,7280
2026-07-10T12:50:00Z,52.1775700934579,102.5,20,7281
2026-07-10T12:55:00Z,71.49466894826902,103.75,20,7282
2026-07-10T13:00:00Z,76.32394366197181,104.0625,10,7283
2026-07-10T13:05:00Z,76.32394366197181,104.0625,0,7284
2026-07-10T13:10:00Z,76.32394366197181,111.48214285714299,110,7285
2026-07-10T13:15:00Z,76.32394366197181,116.42857142857099,0,7286
2026-07-10T13:20:00Z,76.32394366197181,116.42857142857099,0,7287
2026-07-10T13:25:00Z,76.32394366197181,125.885714285714,0,7288
2026-07-10T13:30:00Z,76.32394366197181,128.25,0,7289
2026-07-10T13:35:00Z,76.32394366197181,113,0,7290
2026-07-10T13:40:00Z,76.32394366197181,90.12499999999999,0,7291
2026-07-10T13:45:00Z,76.32394366197181,90.12499999999999,0,7292
2026-07-10T13:50:00Z,76.32394366197181,90.17058823529408,0,7293
2026-07-10T13:55:00Z,76.32394366197181,90.35294117647057,0,7294
2026-07-10T14:00:00Z,76.32394366197181,90.35294117647057,0,7295
2026-07-10T14:05:00Z,103.19624413145499,90.35294117647057,0,7296
2026-07-10T14:10:00Z,121.111111111111,86.78637770897829,10,7297
2026-07-10T14:15:00Z,121.111111111111,85.89473684210529,10,7298
2026-07-10T14:20:00Z,121.111111111111,85.89473684210529,10,7299
2026-07-10T14:25:00Z,121.111111111111,85.89473684210529,50,7300
2026-07-10T14:30:00Z,121.111111111111,98.58333333333329,20,7301
2026-07-10T14:35:00Z,121.111111111111,98.58333333333329,10,7302
2026-07-10T14:40:00Z,112.25066666666702,146.36190476190498,20,7303
2026-07-10T14:45:00Z,98.96000000000001,178.21428571428595,50,7304
2026-07-10T14:50:00Z,98.96000000000001,178.21428571428595,60,7305
2026-07-10T14:55:00Z,98.96000000000001,89.20285714285708,30,7306
2026-07-10T15:00:00Z,98.96000000000001,66.95,60,7307
2026-07-10T15:05:00Z,98.96000000000001,66.95,70,7308
2026-07-10T15:10:00Z,98.96000000000001,66.95,10,7309
2026-07-10T15:15:00Z,98.96000000000001,49.102000000000004,60,7310
2026-07-10T15:20:00Z,98.96000000000001,44.64,110,7311
2026-07-10T15:25:00Z,98.96000000000001,44.64,20,7312
2026-07-10T15:30:00Z,98.96000000000001,44.64,80,7313
2026-07-10T15:35:00Z,98.96000000000001,44.64,90,7314
2026-07-10T15:40:00Z,98.96000000000001,72.57244444444439,220,7315
2026-07-10T15:45:00Z,98.96000000000001,79.55555555555559,160,7316
2026-07-10T15:50:00Z,98.96000000000001,79.55555555555559,80,7317
2026-07-10T15:55:00Z,98.96000000000001,79.55555555555559,90,7318
2026-07-10T16:00:00Z,98.96000000000001,79.55555555555559,70,7319
2026-07-10T16:05:00Z,98.96000000000001,59.3195402298851,10,7320
2026-07-10T16:10:00Z,98.96000000000001,28.96551724137929,20,7321
2026-07-10T16:15:00Z,98.96000000000001,28.96551724137929,30,7322
2026-07-10T16:20:00Z,78.99504761904761,28.96551724137929,120.00000000000001,7323
2026-07-10T16:25:00Z,49.047619047619094,28.96551724137929,0,7324
2026-07-10T16:30:00Z,49.047619047619094,28.96551724137929,0,7325
2026-07-10T16:35:00Z,49.047619047619094,28.96551724137929,0,7326
2026-07-10T16:40:00Z,49.047619047619094,28.96551724137929,10,7327
2026-07-10T16:45:00Z,49.047619047619094,28.96551724137929,80,7328
2026-07-10T16:50:00Z,49.047619047619094,28.96551724137929,30,7329
2026-07-10T16:55:00Z,49.047619047619094,28.96551724137929,10,7330
2026-07-10T17:00:00Z,49.047619047619094,28.96551724137929,0,7331
2026-07-10T17:05:00Z,49.047619047619094,19.1385579937304,30,7332
2026-07-10T17:10:00Z,49.047619047619094,16.681818181818205,10,7333
2026-07-10T17:15:00Z,49.047619047619094,16.681818181818205,10,7334
2026-07-10T17:20:00Z,49.047619047619094,16.681818181818205,10,7335
2026-07-10T17:25:00Z,49.047619047619094,16.681818181818205,30,7336
2026-07-10T17:30:00Z,49.047619047619094,16.681818181818205,70,7337
2026-07-10T17:35:00Z,49.047619047619094,16.681818181818205,30,7338
2026-07-10T17:40:00Z,49.047619047619094,16.681818181818205,30,7339
2026-07-10T17:45:00Z,49.047619047619094,16.681818181818205,20,7340
2026-07-10T17:50:00Z,49.047619047619094,16.681818181818205,30,7341
2026-07-10T17:55:00Z,49.047619047619094,16.681818181818205,60,7342
2026-07-10T18:00:00Z,49.047619047619094,16.681818181818205,20,7343
2026-07-10T18:05:00Z,58.17593984962411,16.681818181818205,0,7344
2026-07-10T18:10:00Z,71.86842105263158,16.681818181818205,0,7345
2026-07-10T18:15:00Z,71.86842105263158,16.681818181818205,0,7346
2026-07-10T18:20:00Z,71.86842105263158,16.681818181818205,20,7347
2026-07-10T18:25:00Z,71.86842105263158,16.681818181818205,40,7348
2026-07-10T18:30:00Z,71.86842105263158,25.070454545454503,-30,7349
2026-07-10T18:35:00Z,71.86842105263158,58.62500000000001,0,7350
2026-07-10T18:40:00Z,71.86842105263158,58.62500000000001,10,7351
2026-07-10T18:45:00Z,71.86842105263158,58.62500000000001,50,7352
2026-07-10T18:50:00Z,71.86842105263158,58.62500000000001,0,7353
2026-07-10T18:55:00Z,71.86842105263158,66.33055555555549,20,7354
2026-07-10T19:00:00Z,71.86842105263158,77.88888888888887,0,7355
2026-07-10T19:05:00Z,71.86842105263158,77.88888888888887,20,7356
2026-07-10T19:10:00Z,71.86842105263158,77.88888888888887,0,7357
2026-07-10T19:15:00Z,71.86842105263158,64.88148148148149,50,7358
2026-07-10T19:20:00Z,77.56396761133611,61.6296296296296,30,7359
2026-07-10T19:25:00Z,100.346153846154,61.6296296296296,0,7360
2026-07-10T19:30:00Z,100.346153846154,61.6296296296296,20,7361
2026-07-10T19:35:00Z,100.346153846154,61.6296296296296,30,7362
2026-07-10T19:40:00Z,100.346153846154,53.7501915708812,10,7363
2026-07-10T19:45:00Z,100.346153846154,41.93103448275859,10,7364
2026-07-10T19:50:00Z,100.346153846154,41.93103448275859,30,7365
2026-07-10T19:55:00Z,100.346153846154,41.93103448275859,10,7366
2026-07-10T20:00:00Z,100.346153846154,41.93103448275859,70,7367
2026-07-10T20:05:00Z,100.346153846154,41.93103448275859,10,7368
2026-07-10T20:10:00Z,100.346153846154,45.34741379310339,70,7369
2026-07-10T20:15:00Z,68.25313881520779,47.62500000000001,40,7370
2026-07-10T20:20:00Z,60.2298850574713,47.62500000000001,0,7371
2026-07-10T20:25:00Z,60.2298850574713,47.62500000000001,10,7372
2026-07-10T20:30:00Z,60.2298850574713,47.62500000000001,70,7373
2026-07-10T20:35:00Z,60.2298850574713,47.62500000000001,50,7374
2026-07-10T20:40:00Z,60.2298850574713,47.62500000000001,20,7375
2026-07-10T20:45:00Z,60.2298850574713,47.62500000000001,80,7376
2026-07-10T20:50:00Z,60.2298850574713,37.9227272727273,60,7377
2026-07-10T20:55:00Z,60.2298850574713,31.4545454545455,10,7378
2026-07-10T21:00:00Z,60.2298850574713,31.4545454545455,80,7379
2026-07-10T21:05:00Z,60.2298850574713,31.4545454545455,70,7380
2026-07-10T21:10:00Z,60.2298850574713,31.4545454545455,20,7381
2026-07-10T21:15:00Z,60.2298850574713,31.4545454545455,10,7382
2026-07-10T21:20:00Z,60.2298850574713,31.4545454545455,30,7383
2026-07-10T21:25:00Z,60.2298850574713,54.135135135135116,100,7384
2026-07-10T21:30:00Z,60.2298850574713,54.135135135135116,0,7385
2026-07-10T21:35:00Z,60.2298850574713,54.135135135135116,10,7386
2026-07-10T21:40:00Z,45.796754563894496,54.135135135135116,20,7387
2026-07-10T21:45:00Z,24.147058823529402,54.135135135135116,30,7388
2026-07-10T21:50:00Z,24.147058823529402,54.135135135135116,70,7389
2026-07-10T21:55:00Z,24.147058823529402,54.135135135135116,10,7390
2026-07-10T22:00:00Z,24.147058823529402,52.114054054054094,0,7391
2026-07-10T22:05:00Z,24.147058823529402,50.766666666666694,40,7392
2026-07-10T22:10:00Z,24.147058823529402,50.766666666666694,20,7393
2026-07-10T22:15:00Z,24.147058823529402,50.766666666666694,-10,7394
2026-07-10T22:20:00Z,24.147058823529402,50.766666666666694,0,7395
2026-07-10T22:25:00Z,24.147058823529402,50.766666666666694,40,7396
2026-07-10T22:30:00Z,24.147058823529402,43.349909909909904,40,7397
2026-07-10T22:35:00Z,24.147058823529402,38.405405405405396,0,7398
2026-07-10T22:40:00Z,24.147058823529402,38.405405405405396,70,7399
2026-07-10T22:45:00Z,24.147058823529402,38.405405405405396,40,7400
2026-07-10T22:50:00Z,24.147058823529402,38.405405405405396,-10,7401
2026-07-10T22:55:00Z,24.147058823529402,38.405405405405396,0,7402
2026-07-10T23:00:00Z,24.147058823529402,38.405405405405396,40,7403
2026-07-10T23:05:00Z,24.147058823529402,38.6453769559033,-40,7404
2026-07-10T23:10:00Z,24.147058823529402,39.6052631578947,-40,7405
2026-07-10T23:15:00Z,24.147058823529402,39.6052631578947,-20,7406
2026-07-10T23:20:00Z,24.147058823529402,39.6052631578947,-10,7407
2026-07-10T23:25:00Z,24.147058823529402,39.6052631578947,0,7408
2026-07-10T23:30:00Z,24.147058823529402,39.6052631578947,20,7409
2026-07-10T23:35:00Z,24.147058823529402,39.6052631578947,70,7410
2026-07-10T23:40:00Z,24.147058823529402,39.6052631578947,20,7411
2026-07-10T23:45:00Z,24.147058823529402,50.319028340081005,30,7412
2026-07-10T23:50:00Z,24.147058823529402,57.461538461538495,20,7413
2026-07-10T23:55:00Z,24.147058823529402,57.461538461538495,10,7414
2026-07-11T00:00:00Z,17.886206896551695,57.461538461538495,0,7415
2026-07-11T00:05:00Z,17.886206896551695,57.461538461538495,0,7416
2026-07-11T00:10:00Z,17.886206896551695,55.1692307692308,0,7417
2026-07-11T00:15:00Z,17.886206896551695,51.730769230769205,0,7418
2026-07-11T00:20:00Z,17.886206896551695,51.730769230769205,0,7419
2026-07-11T00:25:00Z,17.886206896551695,51.730769230769205,0,7420
2026-07-11T00:30:00Z,17.886206896551695,51.730769230769205,0,7421
2026-07-11T00:35:00Z,17.886206896551695,52.5846153846154,0,7422
2026-07-11T00:40:00Z,17.886206896551695,56,0,7423
2026-07-11T00:45:00Z,17.886206896551695,56,0,7424
2026-07-11T00:50:00Z,17.886206896551695,56,0,7425
2026-07-11T00:55:00Z,17.886206896551695,56,0,7426
2026-07-11T01:00:00Z,17.886206896551695,56,0,7427
2026-07-11T01:05:00Z,17.886206896551695,45.29411764705881,0,7428
2026-07-11T01:10:00Z,17.886206896551695,42.617647058823486,0,7429
2026-07-11T01:15:00Z,17.886206896551695,42.617647058823486,0,7430
2026-07-11T01:20:00Z,17.886206896551695,42.617647058823486,0,7431
2026-07-11T01:25:00Z,17.886206896551695,42.617647058823486,30,7432
2026-07-11T01:30:00Z,17.886206896551695,42.617647058823486,20,7433
2026-07-11T01:35:00Z,17.886206896551695,42.617647058823486,10,7434
2026-07-11T01:40:00Z,17.886206896551695,37.025000000000006,10,7435
2026-07-11T01:45:00Z,17.886206896551695,37.025000000000006,90,7436
2026-07-11T01:50:00Z,17.886206896551695,37.025000000000006,40,7437
2026-07-11T01:55:00Z,17.886206896551695,37.025000000000006,0,7438
2026-07-11T02:00:00Z,17.886206896551695,37.025000000000006,0,7439
2026-07-11T02:05:00Z,17.886206896551695,37.025000000000006,10,7440
2026-07-11T02:10:00Z,17.886206896551695,37.025000000000006,120.00000000000001,7441
2026-07-11T02:15:00Z,17.886206896551695,37.025000000000006,10,7442
2026-07-11T02:20:00Z,17.886206896551695,30.1666666666667,10,7443
2026-07-11T02:25:00Z,17.886206896551695,30.1666666666667,0,7444
2026-07-11T02:30:00Z,17.886206896551695,30.1666666666667,10,7445
2026-07-11T02:35:00Z,17.886206896551695,30.1666666666667,10,7446
2026-07-11T02:40:00Z,17.886206896551695,30.1666666666667,0,7447
2026-07-11T02:45:00Z,17.886206896551695,30.1666666666667,0,7448
2026-07-11T02:50:00Z,17.886206896551695,30.1666666666667,10,7449
2026-07-11T02:55:00Z,17.886206896551695,30.1666666666667,0,7450
2026-07-11T03:00:00Z,17.886206896551695,19.4702380952381,0,7451
2026-07-11T03:05:00Z,17.886206896551695,12.339285714285701,10,7452
2026-07-11T03:10:00Z,17.886206896551695,12.339285714285701,0,7453
2026-07-11T03:15:00Z,17.886206896551695,12.339285714285701,0,7454
2026-07-11T03:20:00Z,17.886206896551695,12.339285714285701,0,7455
2026-07-11T03:25:00Z,17.886206896551695,12.339285714285701,0,7456
2026-07-11T03:30:00Z,17.886206896551695,12.339285714285701,30,7457
2026-07-11T03:35:00Z,17.886206896551695,12.339285714285701,40,7458
2026-07-11T03:40:00Z,17.886206896551695,12.339285714285701,10,7459
2026-07-11T03:45:00Z,17.886206896551695,12.339285714285701,10,7460
2026-07-11T03:50:00Z,17.886206896551695,12.339285714285701,10,7461
2026-07-11T03:55:00Z,17.886206896551695,12.339285714285701,0,7462
2026-07-11T04:05:00Z,17.886206896551695,12.339285714285701,10,7463
2026-07-11T04:10:00Z,17.886206896551695,12.339285714285701,0,7464
2026-07-11T04:15:00Z,17.886206896551695,12.339285714285701,20,7465
2026-07-11T04:20:00Z,17.886206896551695,12.339285714285701,30,7466
2026-07-11T04:25:00Z,17.886206896551695,12.339285714285701,140,7467
2026-07-11T04:30:00Z,17.886206896551695,12.339285714285701,20,7468
2026-07-11T04:35:00Z,17.886206896551695,12.339285714285701,30,7469
2026-07-11T04:40:00Z,17.886206896551695,12.339285714285701,40,7470
2026-07-11T04:45:00Z,17.886206896551695,12.339285714285701,80,7471
2026-07-11T04:50:00Z,489.35501915708795,12.543050193050199,20,7472
2026-07-11T04:55:00Z,607.222222222222,13.3581081081081,60,7473
2026-07-11T05:00:00Z,71.54761904761912,13.3581081081081,30,7474
2026-07-11T05:05:00Z,71.54761904761912,13.3581081081081,70,7475
2026-07-11T05:10:00Z,71.54761904761912,13.3581081081081,80,7476
2026-07-11T05:15:00Z,71.54761904761912,13.3581081081081,30,7477
2026-07-11T05:20:00Z,71.54761904761912,13.3581081081081,10,7478
2026-07-11T05:25:00Z,71.54761904761912,13.3581081081081,40,7479
2026-07-11T05:30:00Z,71.54761904761912,13.3581081081081,40,7480
2026-07-11T05:35:00Z,71.54761904761912,13.3581081081081,60,7481
2026-07-11T05:40:00Z,71.54761904761912,13.3581081081081,60,7482
2026-07-11T05:45:00Z,71.54761904761912,13.3581081081081,30,7483
2026-07-11T05:50:00Z,71.54761904761912,13.3581081081081,10,7484
2026-07-11T05:55:00Z,71.54761904761912,13.3581081081081,20,7485
2026-07-11T06:00:00Z,71.54761904761912,13.3581081081081,70,7486
2026-07-11T06:05:00Z,71.54761904761912,13.3581081081081,460,7487
2026-07-11T06:10:00Z,71.54761904761912,13.3581081081081,310,7488
2026-07-11T06:15:00Z,71.54761904761912,13.3581081081081,30,7489
2026-07-11T06:20:00Z,68.49750117868929,13.3581081081081,10,7490
2026-07-11T06:25:00Z,56.297029702970306,13.3581081081081,0,7491
2026-07-11T06:30:00Z,56.297029702970306,13.3581081081081,10,7492
2026-07-11T06:35:00Z,56.297029702970306,13.3581081081081,10,7493
2026-07-11T06:40:00Z,56.297029702970306,13.3581081081081,0,7494
2026-07-11T06:45:00Z,56.297029702970306,13.3581081081081,0,7495
2026-07-11T06:50:00Z,56.297029702970306,13.3581081081081,0,7496
2026-07-11T06:55:00Z,56.297029702970306,13.3581081081081,0,7497
2026-07-11T07:00:00Z,56.297029702970306,13.3581081081081,0,7498
2026-07-11T07:05:00Z,56.297029702970306,13.3581081081081,20,7499
2026-07-11T07:10:00Z,56.297029702970306,13.3581081081081,0,7500
2026-07-11T07:15:00Z,56.297029702970306,13.3581081081081,0,7501
2026-07-11T07:20:00Z,56.297029702970306,18.60785862785861,10,7502
2026-07-11T07:25:00Z,56.297029702970306,22.1076923076923,80,7503
2026-07-11T07:30:00Z,56.297029702970306,22.1076923076923,420.00000000000006,7504
2026-07-11T07:35:00Z,56.297029702970306,22.1076923076923,130,7505
2026-07-11T07:40:00Z,56.297029702970306,22.1076923076923,60,7506
2026-07-11T07:45:00Z,56.297029702970306,22.1076923076923,30,7507
2026-07-11T07:50:00Z,56.297029702970306,22.1076923076923,0,7508
2026-07-11T07:55:00Z,56.297029702970306,22.1076923076923,140,7509
2026-07-11T08:00:00Z,56.297029702970306,22.1076923076923,70,7510
2026-07-11T08:05:00Z,84.27868852459018,22.1076923076923,30,7511
2026-07-11T08:10:00Z,84.27868852459018,22.1076923076923,40,7512
2026-07-11T08:15:00Z,84.27868852459018,22.1076923076923,30,7513
2026-07-11T08:20:00Z,84.27868852459018,22.1076923076923,10,7514
2026-07-11T08:25:00Z,84.27868852459018,40.0618269230769,0,7515
2026-07-11T08:30:00Z,84.27868852459018,52.03125,0,7516
2026-07-11T08:35:00Z,84.27868852459018,52.03125,10,7517
2026-07-11T08:40:00Z,84.27868852459018,52.03125,20,7518
2026-07-11T08:45:00Z,84.27868852459018,52.03125,20,7519
2026-07-11T08:50:00Z,84.27868852459018,52.03125,0,7520
2026-07-11T08:55:00Z,84.27868852459018,52.83269230769229,0,7521
2026-07-11T09:00:00Z,84.27868852459018,56.0384615384615,10,7522
2026-07-11T09:05:00Z,329.77881462799496,56.0384615384615,0,7523
2026-07-11T09:10:00Z,391.15384615384613,56.0384615384615,10,7524
2026-07-11T09:15:00Z,528.4230769230771,56.0384615384615,30,7525
2026-07-11T09:20:00Z,1158.1799999999998,56.0384615384615,70,7526
2026-07-11T09:25:00Z,1298.02,60.4,20,7527
2026-07-11T09:30:00Z,1444.3,60.4,30,7528
2026-07-11T09:35:00Z,965.8571428571429,60.4,60,7529
2026-07-11T09:40:00Z,830.6761904761912,60.4,70,7530
2026-07-11T09:45:00Z,1114.8666666666702,60.4,20,7531
2026-07-11T09:50:00Z,2805.266666666669,60.4,0,7532
2026-07-11T09:55:00Z,2667.433333333331,560.8,20,7533
2026-07-11T10:00:00Z,6787.5,140.2,10,7534
2026-07-11T10:05:00Z,3678.6,140.2,30,7535
2026-07-11T10:10:00Z,1350.96,140.2,80,7536
2026-07-11T10:15:00Z,1039.84,27.287878787878803,280,7537
2026-07-11T10:20:00Z,1102.1599999999999,27.287878787878803,240.00000000000003,7538
2026-07-11T10:25:00Z,1294.24,27.287878787878803,180,7539
2026-07-11T10:30:00Z,3077.4857142857104,27.287878787878803,580,7540
2026-07-11T10:35:00Z,1042.4285714285704,27.287878787878803,659.9999999999999,7541
2026-07-11T10:40:00Z,567.685714285714,27.287878787878803,730,7542
2026-07-11T10:45:00Z,449,27.287878787878803,520,7543
2026-07-11T10:50:00Z,529.727272727273,27.287878787878803,220,7544
2026-07-11T10:55:00Z,583.545454545455,27.287878787878803,880,7545
2026-07-11T11:00:00Z,575.7717171717171,27.287878787878803,1810,7546
2026-07-11T11:05:00Z,564.111111111111,27.287878787878803,1440,7547
2026-07-11T11:10:00Z,669.719444444444,27.287878787878803,3780.0000000000005,7548
2026-07-11T11:15:00Z,740.125,27.287878787878803,1930,7549
2026-07-11T11:20:00Z,356.2,348.690909090909,779.9999999999999,7550
2026-07-11T11:25:00Z,356.2,162.16666666666697,530,7551
2026-07-11T11:30:00Z,1963.7714285714296,162.16666666666697,659.9999999999999,7552
2026-07-11T11:35:00Z,894.4285714285711,73.47037037037039,730,7553
2026-07-11T11:40:00Z,1903.6,51.2962962962963,1710,7554
2026-07-11T11:45:00Z,1827.48,51.2962962962963,460,7555
2026-07-11T11:50:00Z,1342.2533333333297,51.2962962962963,170,7556
2026-07-11T11:55:00Z,1202.78974358975,51.2962962962963,190,7557
2026-07-11T12:00:00Z,515.5384615384621,39.55986733001659,540,7558
2026-07-11T12:05:00Z,515.5384615384621,21.955223880596993,280,7559
2026-07-11T12:10:00Z,504,21.955223880596993,170,7560
2026-07-11T12:15:00Z,504,21.955223880596993,339.99999999999994,7561
2026-07-11T12:20:00Z,850.4285714285711,21.955223880596993,550,7562
2026-07-11T12:25:00Z,763.6077922077922,21.955223880596993,320,7563
2026-07-11T12:30:00Z,705.727272727273,21.955223880596993,40,7564
2026-07-11T12:35:00Z,693.347474747475,21.955223880596993,400,7565
2026-07-11T12:40:00Z,674.7777777777782,21.955223880596993,1020,7566
2026-07-11T12:45:00Z,974.4311111111109,21.955223880596993,420.00000000000006,7567
2026-07-11T12:50:00Z,875.022857142857,21.955223880596993,1010,7568
2026-07-11T12:55:00Z,818.977142857143,21.955223880596993,840.0000000000001,7569
2026-07-11T13:00:00Z,1297.6,21.955223880596993,730,7570
2026-07-11T13:05:00Z,1075.03,21.955223880596993,900,7571
2026-07-11T13:10:00Z,1382.1499999999999,80.09090909090911,240.00000000000003,7572
2026-07-11T13:15:00Z,898.25,80.09090909090911,50,7573
2026-07-11T13:20:00Z,1089.5166666666603,80.09090909090911,260,7574
2026-07-11T13:25:00Z,1146.8533333333296,80.09090909090911,500,7575
2026-07-11T13:30:00Z,1906.28,70.98011363636361,270,7576
2026-07-11T13:35:00Z,2234.8,64.90625000000001,850.0000000000001,7577
2026-07-11T13:40:00Z,1376.4285714285704,64.90625000000001,260,7578
2026-07-11T13:45:00Z,816.142857142857,64.90625000000001,290.00000000000006,7579
2026-07-11T13:50:00Z,854.9619047619049,64.90625000000001,329.99999999999994,7580
2026-07-11T13:55:00Z,1661.0666666666702,64.90625000000001,480.00000000000006,7581
2026-07-11T14:00:00Z,1624.4,97.65833333333327,510,7582
2026-07-11T14:05:00Z,1358.4,228.66666666666697,390,7583
2026-07-11T14:10:00Z,1779.1,281.57142857142895,740,7584
2026-07-11T14:15:00Z,2436.275,307.9285714285709,600,7585
2026-07-11T14:20:00Z,1344.625,824.7,860.0000000000001,7586
2026-07-11T14:25:00Z,1078.1666666666702,714.470588235294,290.00000000000006,7587
2026-07-11T14:30:00Z,967.9761904761912,86.2352941176471,530,7588
2026-07-11T14:35:00Z,857.571428571428,548.8470588235288,550,7589
2026-07-11T14:40:00Z,733.285714285714,353.466666666667,1100,7590
2026-07-11T14:45:00Z,1236.1,1007.5333333333301,950.0000000000001,7591
2026-07-11T14:50:00Z,2648.82,3031,820.0000000000001,7592
2026-07-11T14:55:00Z,1391.4133333333298,1704.8,470.00000000000006,7593
2026-07-11T15:00:00Z,2881.6666666666692,5323.4,410.00000000000006,7594
2026-07-11T15:05:00Z,1854.9333333333298,2406.2,1030,7595
2026-07-11T15:10:00Z,439.666666666667,1126.8,900,7596
2026-07-11T15:15:00Z,439.666666666667,728,850.0000000000001,7597
2026-07-11T15:20:00Z,646.9333333333341,969,880,7598
2026-07-11T15:25:00Z,1647.3,892.2,1620,7599
2026-07-11T15:30:00Z,869.1888888888891,2760.8,329.99999999999994,7600
2026-07-11T15:35:00Z,646.111111111111,644.3,570.0000000000001,7601
2026-07-11T15:40:00Z,857.571428571429,328.61428571428604,540,7602
2026-07-11T15:45:00Z,2000.8285714285703,280.6190476190481,270,7603
2026-07-11T15:50:00Z,2275.6,715.1333333333331,480.00000000000006,7604
2026-07-11T15:55:00Z,1661.4666666666703,394.18333333333305,810,7605
2026-07-11T16:00:00Z,4102.933333333329,252.55,1480,7606
2026-07-11T16:05:00Z,1441.3333333333296,434,410.00000000000006,7607
2026-07-11T16:10:00Z,2881.6666666666692,770.3,1490,7608
2026-07-11T16:15:00Z,4426.466666666672,497.08,930,7609
2026-07-11T16:20:00Z,2771.833333333331,126.9,250,7610
2026-07-11T16:25:00Z,9324.5,294.12,150.00000000000003,7611
2026-07-11T16:30:00Z,7221,1808.4,320,7612
2026-07-11T16:35:00Z,5743.8,600.2,870.0000000000001,7613
2026-07-11T16:40:00Z,4894.4,1422.8,440,7614
2026-07-11T16:45:00Z,3768.2,1317,220,7615
2026-07-11T16:50:00Z,3160.6,1077.8,240.00000000000003,7616
2026-07-11T16:55:00Z,2772.8,1391.4,1300,7617
2026-07-11T17:00:00Z,2269.6,429.2,770,7618
2026-07-11T17:05:00Z,3197.2,125.33333333333299,850.0000000000001,7619
2026-07-11T17:10:00Z,2630.4,362,1840,7620
2026-07-11T17:15:00Z,2490,663.0666666666671,659.9999999999999,7621
2026-07-11T17:20:00Z,1930.4,418.9,1740,7622
2026-07-11T17:25:00Z,3607.7,1216.5,2060,7623
2026-07-11T17:30:00Z,2939.8,399.4,1120,7624
2026-07-11T17:35:00Z,2646.766666666669,376.8,4790,7625
2026-07-11T17:40:00Z,2519.933333333331,534.56,3800,7626
2026-07-11T17:45:00Z,1996.3,652.04,2790,7627
2026-07-11T17:50:00Z,1271.05,799.4,2340,7628
2026-07-11T17:55:00Z,797.25,699.2,1790,7629
2026-07-11T18:00:00Z,1303,1009.8,1470,7630
2026-07-11T18:05:00Z,1602.04,870.2,1320,7631
2026-07-11T18:10:00Z,1312.1599999999999,1373.7,1200,7632
2026-07-11T18:15:00Z,1012,532.433333333333,1350,7633
2026-07-11T18:20:00Z,1880.56,900.6666666666671,1320,7634
2026-07-11T18:25:00Z,1291.765,802.3,1140.0000000000002,7635
2026-07-11T18:30:00Z,771.625,1665.7,1070,7636
2026-07-11T18:35:00Z,929.8499999999979,1411,1590,7637
2026-07-11T18:40:00Z,1359.6,1475.5,1420,7638
2026-07-11T18:45:00Z,2360,747.7,1270,7639
2026-07-11T18:50:00Z,1868.3714285714295,642.5,1190.0000000000002,7640
2026-07-11T18:55:00Z,916.8571428571429,1517.9,970,7641
2026-07-11T19:00:00Z,936.8571428571429,1486.8,650,7642
2026-07-11T19:05:00Z,906.214285714286,1182.8,329.99999999999994,7643
2026-07-11T19:10:00Z,852.75,1033.8,610,7644
2026-07-11T19:15:00Z,1014.6833333333402,2728.6,770,7645
2026-07-11T19:20:00Z,985.7238095238112,564,490,7646
2026-07-11T19:25:00Z,883.982857142857,858.3,550,7647
2026-07-11T19:30:00Z,662.2,753.0333333333331,830.0000000000001,7648
2026-07-11T19:35:00Z,628.621538461538,303.866666666667,550,7649
2026-07-11T19:40:00Z,494.307692307692,636.6,300,7650
2026-07-11T19:45:00Z,494.307692307692,953.6,410.00000000000006,7651
2026-07-11T19:50:00Z,564.0230769230772,2085.6,740,7652
2026-07-11T19:55:00Z,610.5,564.2,1130.0000000000002,7653
2026-07-11T20:00:00Z,269.02556390977395,2248,840.0000000000001,7654
2026-07-11T20:05:00Z,41.3759398496241,1422.4,390,7655
2026-07-11T20:10:00Z,41.3759398496241,411.56,240.00000000000003,7656
2026-07-11T20:15:00Z,41.3759398496241,231.96,530,7657
2026-07-11T20:20:00Z,41.3759398496241,277.68,410.00000000000006,7658
2026-07-11T20:25:00Z,41.3759398496241,1503.6,390,7659
2026-07-11T20:30:00Z,41.3759398496241,708.8,500,7660
2026-07-11T20:35:00Z,41.3759398496241,338.91999999999996,380,7661
2026-07-11T20:40:00Z,41.3759398496241,274.08,300,7662
2026-07-11T20:45:00Z,41.3759398496241,1807.6,260,7663
2026-07-11T20:50:00Z,41.3759398496241,1434.2,170,7664
2026-07-11T20:55:00Z,41.3759398496241,1064.8,120.00000000000001,7665
2026-07-11T21:00:00Z,41.3759398496241,2812.8,350,7666
2026-07-11T21:05:00Z,41.3759398496241,1022,230,7667
2026-07-11T21:10:00Z,41.3759398496241,2105.6,130,7668
2026-07-11T21:15:00Z,41.3759398496241,3538.6,50,7669
2026-07-11T21:20:00Z,41.3759398496241,1432.2,100,7670
2026-07-11T21:25:00Z,41.3759398496241,6571,50,7671
2026-07-11T21:30:00Z,41.3759398496241,5545,0,7672
2026-07-11T21:35:00Z,41.3759398496241,4095.4,0,7673
2026-07-11T21:40:00Z,41.3759398496241,3588.6,20,7674
2026-07-11T21:45:00Z,41.3759398496241,2437.6,100,7675
2026-07-11T21:50:00Z,41.3759398496241,2247.8,10,7676
2026-07-11T21:55:00Z,41.3759398496241,1973.2,60,7677
2026-07-11T22:00:00Z,41.3759398496241,1742.4,40,7678
2026-07-11T22:05:00Z,41.3759398496241,2149,20,7679
2026-07-11T22:10:00Z,41.3759398496241,1888.2,0,7680
2026-07-11T22:15:00Z,55.91346153846149,1851.6,0,7681
2026-07-11T22:20:00Z,55.91346153846149,1323.6,50,7682
2026-07-11T22:25:00Z,55.91346153846149,2593.4,10,7683
2026-07-11T22:30:00Z,55.91346153846149,2090.8,20,7684
2026-07-11T22:35:00Z,55.91346153846149,2074,-10,7685
2026-07-11T22:40:00Z,55.91346153846149,1887.8,0,7686
2026-07-11T22:45:00Z,55.91346153846149,1367.8,-20,7687
2026-07-11T22:50:00Z,55.91346153846149,1055.7,20,7688
2026-07-11T22:55:00Z,55.91346153846149,418.5,20,7689
2026-07-11T23:00:00Z,55.91346153846149,850,10,7690
2026-07-11T23:05:00Z,55.91346153846149,1216.4,40,7691
2026-07-11T23:10:00Z,55.91346153846149,832.6,10,7692
2026-07-11T23:15:00Z,55.91346153846149,695.2,40,7693
2026-07-11T23:20:00Z,55.91346153846149,1248.5,90,7694
2026-07-11T23:25:00Z,55.91346153846149,927.9,30,7695
2026-07-11T23:30:00Z,55.91346153846149,424.933333333333,10,7696
2026-07-11T23:35:00Z,55.91346153846149,622.466666666667,0,7697
2026-07-11T23:40:00Z,55.91346153846149,1021.9,10,7698
2026-07-11T23:45:00Z,55.91346153846149,1560.9,40,7699
2026-07-11T23:50:00Z,55.91346153846149,1375.4,20,7700
2026-07-11T23:55:00Z,55.91346153846149,636.4,0,7701
2026-07-12T00:00:00Z,25.710526315789497,394.13333333333304,0,7702
2026-07-12T00:05:00Z,25.710526315789497,768.2666666666671,-10,7703
2026-07-12T00:10:00Z,25.710526315789497,606.5333333333331,0,7704
2026-07-12T00:15:00Z,25.710526315789497,501.566666666667,0,7705
2026-07-12T00:20:00Z,25.710526315789497,800.366666666667,0,7706
2026-07-12T00:25:00Z,25.710526315789497,577.5333333333331,0,7707
2026-07-12T00:30:00Z,25.710526315789497,451,0,7708
2026-07-12T00:35:00Z,25.710526315789497,357.8,10,7709
2026-07-12T00:40:00Z,25.710526315789497,191.88888888888906,0,7710
2026-07-12T00:45:00Z,25.710526315789497,260.111111111111,0,7711
2026-07-12T00:50:00Z,25.710526315789497,528.6666666666671,10,7712
2026-07-12T00:55:00Z,25.710526315789497,336.31333333333305,10,7713
2026-07-12T01:00:00Z,25.710526315789497,190.3,80,7714
2026-07-12T01:05:00Z,25.710526315789497,110.32,20,7715
2026-07-12T01:10:00Z,25.710526315789497,57,-70,7716
2026-07-12T01:15:00Z,25.710526315789497,57,0,7717
2026-07-12T01:20:00Z,25.710526315789497,57,0,7718
2026-07-12T01:25:00Z,25.710526315789497,57,20,7719
2026-07-12T01:30:00Z,25.710526315789497,32.1123287671233,0,7720
2026-07-12T01:35:00Z,25.710526315789497,15.5205479452055,0,7721
2026-07-12T01:40:00Z,25.710526315789497,15.5205479452055,20,7722
2026-07-12T01:45:00Z,25.710526315789497,15.5205479452055,20,7723
2026-07-12T01:50:00Z,25.710526315789497,15.5205479452055,0,7724
2026-07-12T01:55:00Z,25.710526315789497,15.5205479452055,-10,7725
2026-07-12T02:00:00Z,25.710526315789497,15.5205479452055,0,7726
2026-07-12T02:05:00Z,25.710526315789497,15.5205479452055,0,7727
2026-07-12T02:10:00Z,25.710526315789497,15.5205479452055,0,7728
2026-07-12T02:15:00Z,25.710526315789497,15.5205479452055,0,7729
2026-07-12T02:20:00Z,25.710526315789497,15.5205479452055,10,7730
2026-07-12T02:25:00Z,25.710526315789497,15.5205479452055,0,7731
2026-07-12T02:30:00Z,25.710526315789497,15.5205479452055,0,7732
2026-07-12T02:35:00Z,25.710526315789497,15.5205479452055,0,7733
2026-07-12T02:40:00Z,25.710526315789497,15.5205479452055,0,7734
2026-07-12T02:45:00Z,25.710526315789497,68.6666666666667,0,7735
2026-07-12T02:50:00Z,25.710526315789497,68.6666666666667,0,7736
2026-07-12T02:55:00Z,25.710526315789497,68.6666666666667,0,7737
2026-07-12T03:00:00Z,25.710526315789497,68.6666666666667,40,7738
2026-07-12T03:05:00Z,25.710526315789497,68.6666666666667,0,7739
2026-07-12T03:10:00Z,25.173006550711598,68.6666666666667,70,7740
2026-07-12T03:15:00Z,25.038626609442098,38.67142857142859,0,7741
2026-07-12T03:20:00Z,25.038626609442098,38.67142857142859,0,7742
2026-07-12T03:25:00Z,25.038626609442098,38.67142857142859,0,7743
2026-07-12T03:30:00Z,25.038626609442098,38.67142857142859,-10,7744
2026-07-12T03:35:00Z,25.038626609442098,38.67142857142859,0,7745
2026-07-12T03:40:00Z,25.038626609442098,38.67142857142859,0,7746
2026-07-12T03:45:00Z,25.038626609442098,38.67142857142859,0,7747
2026-07-12T03:50:00Z,25.038626609442098,38.67142857142859,0,7748
2026-07-12T03:55:00Z,25.038626609442098,38.67142857142859,20,7749
2026-07-12T04:05:00Z,25.038626609442098,38.67142857142859,10,7750
2026-07-12T04:10:00Z,25.038626609442098,38.67142857142859,60,7751
2026-07-12T04:15:00Z,25.038626609442098,38.67142857142859,30,7752
2026-07-12T04:20:00Z,25.038626609442098,38.67142857142859,10,7753
2026-07-12T04:25:00Z,25.038626609442098,10.9579831932773,50,7754
2026-07-12T04:30:00Z,25.038626609442098,10.9579831932773,0,7755
2026-07-12T04:35:00Z,25.038626609442098,10.9579831932773,-20,7756
2026-07-12T04:40:00Z,25.038626609442098,10.9579831932773,0,7757
2026-07-12T04:45:00Z,25.038626609442098,10.9579831932773,0,7758
2026-07-12T04:50:00Z,25.038626609442098,10.9579831932773,0,7759
2026-07-12T04:55:00Z,25.038626609442098,10.9579831932773,0,7760
2026-07-12T05:00:00Z,25.038626609442098,10.9579831932773,0,7761
2026-07-12T05:05:00Z,25.038626609442098,10.9579831932773,0,7762
2026-07-12T05:10:00Z,25.038626609442098,10.9579831932773,0,7763
2026-07-12T05:15:00Z,25.038626609442098,10.9579831932773,0,7764
2026-07-12T05:20:00Z,25.038626609442098,10.9579831932773,20,7765
2026-07-12T05:25:00Z,25.038626609442098,10.9579831932773,20,7766
2026-07-12T05:30:00Z,25.038626609442098,10.9579831932773,0,7767
2026-07-12T05:35:00Z,25.038626609442098,10.9579831932773,-10,7768
2026-07-12T05:40:00Z,25.038626609442098,10.9579831932773,10,7769
2026-07-12T05:45:00Z,25.038626609442098,10.9579831932773,0,7770
2026-07-12T05:50:00Z,25.038626609442098,10.9579831932773,0,7771
2026-07-12T05:55:00Z,25.038626609442098,10.9579831932773,0,7772
2026-07-12T06:00:00Z,25.038626609442098,10.9579831932773,0,7773
2026-07-12T06:05:00Z,25.038626609442098,10.9579831932773,0,7774
2026-07-12T06:10:00Z,25.038626609442098,10.9579831932773,0,7775
2026-07-12T06:15:00Z,25.038626609442098,10.9579831932773,0,7776
2026-07-12T06:20:00Z,25.038626609442098,12.4483142654652,0,7777
2026-07-12T06:25:00Z,25.038626609442098,18.409638554216897,10,7778
2026-07-12T06:30:00Z,25.038626609442098,18.409638554216897,10,7779
2026-07-12T06:35:00Z,25.038626609442098,18.409638554216897,100,7780
2026-07-12T06:40:00Z,25.038626609442098,18.409638554216897,-50,7781
2026-07-12T06:45:00Z,25.038626609442098,18.409638554216897,-20,7782
2026-07-12T06:50:00Z,25.038626609442098,18.409638554216897,-10,7783
2026-07-12T06:55:00Z,25.038626609442098,18.409638554216897,0,7784
2026-07-12T07:00:00Z,69.44756795422032,18.409638554216897,0,7785
2026-07-12T07:05:00Z,247.08333333333303,18.409638554216897,20,7786
2026-07-12T07:10:00Z,247.08333333333303,18.409638554216897,0,7787
2026-07-12T07:15:00Z,247.08333333333303,18.409638554216897,0,7788
2026-07-12T07:20:00Z,247.08333333333303,18.409638554216897,0,7789
2026-07-12T07:25:00Z,859.8499999999999,18.409638554216897,0,7790
2026-07-12T07:30:00Z,1538.2,18.409638554216897,0,7791
2026-07-12T07:35:00Z,1249,18.409638554216897,-10,7792
2026-07-12T07:40:00Z,1774,18.409638554216897,0,7793
2026-07-12T07:45:00Z,1400.7333333333297,20.427491785323095,70,7794
2026-07-12T07:50:00Z,866.333333333333,21.772727272727288,70,7795
2026-07-12T07:55:00Z,651.933333333333,21.772727272727288,-30,7796
2026-07-12T08:00:00Z,509,21.772727272727288,0,7797
2026-07-12T08:05:00Z,509,21.772727272727288,0,7798
2026-07-12T08:10:00Z,806.8571428571429,21.772727272727288,0,7799
2026-07-12T08:15:00Z,548.5899159663862,21.772727272727288,30,7800
2026-07-12T08:20:00Z,376.4117647058819,21.772727272727288,-10,7801
2026-07-12T08:25:00Z,376.4117647058819,21.772727272727288,30,7802
2026-07-12T08:30:00Z,825.429411764706,21.772727272727288,120.00000000000001,7803
2026-07-12T08:35:00Z,2497.75,21.772727272727288,580,7804
2026-07-12T08:40:00Z,1015.625,21.772727272727288,690,7805
2026-07-12T08:45:00Z,702.005,21.772727272727288,510,7806
2026-07-12T08:50:00Z,623.6,20.395143212951396,690,7807
2026-07-12T08:55:00Z,1113.52,18.3287671232877,690,7808
2026-07-12T09:00:00Z,2118.88,18.3287671232877,220,7809
2026-07-12T09:05:00Z,583.4,18.3287671232877,290.00000000000006,7810
2026-07-12T09:10:00Z,583.4,18.3287671232877,240.00000000000003,7811
2026-07-12T09:15:00Z,612.231111111111,18.3287671232877,230,7812
2026-07-12T09:20:00Z,727.555555555556,18.3287671232877,270,7813
2026-07-12T09:25:00Z,665.333333333334,18.3287671232877,200,7814
2026-07-12T09:30:00Z,572,18.3287671232877,110,7815
2026-07-12T09:35:00Z,636.888888888889,18.3287671232877,90,7816
2026-07-12T09:40:00Z,734.222222222222,18.3287671232877,510,7817
2026-07-12T09:45:00Z,991.9888888888871,18.3287671232877,1220,7818
2026-07-12T09:50:00Z,926.4599999999979,18.3287671232877,180,7819
2026-07-12T09:55:00Z,570.4,18.3287671232877,210.00000000000003,7820
2026-07-12T10:00:00Z,1086.1399999999999,18.3287671232877,329.99999999999994,7821
2026-07-12T10:05:00Z,1842.1399999999999,14.892420091324203,560,7822
2026-07-12T10:10:00Z,1285.1885714285702,14.0333333333333,1250,7823
2026-07-12T10:15:00Z,922.514285714286,14.0333333333333,339.99999999999994,7824
2026-07-12T10:20:00Z,925.714285714286,14.0333333333333,60,7825
2026-07-12T10:25:00Z,938.3428571428569,14.0333333333333,150.00000000000003,7826
2026-07-12T10:30:00Z,1559.5,14.0333333333333,170,7827
2026-07-12T10:35:00Z,676.2789473684212,14.0333333333333,329.99999999999994,7828
2026-07-12T10:40:00Z,352.473684210526,14.0333333333333,150.00000000000003,7829
2026-07-12T10:45:00Z,352.473684210526,14.0333333333333,210.00000000000003,7830
2026-07-12T10:50:00Z,352.473684210526,14.0333333333333,210.00000000000003,7831
2026-07-12T10:55:00Z,970.285714285714,14.0333333333333,460,7832
2026-07-12T11:00:00Z,559.531677018633,14.0333333333333,339.99999999999994,7833
2026-07-12T11:05:00Z,285.69565217391306,14.0333333333333,210.00000000000003,7834
2026-07-12T11:10:00Z,285.69565217391306,14.0333333333333,450,7835
2026-07-12T11:15:00Z,285.69565217391306,14.0333333333333,910,7836
2026-07-12T11:20:00Z,285.69565217391306,14.0333333333333,460,7837
2026-07-12T11:25:00Z,389.823529411765,14.0333333333333,310,7838
2026-07-12T11:30:00Z,389.823529411765,14.0333333333333,329.99999999999994,7839
2026-07-12T11:35:00Z,389.823529411765,25.0466666666667,430.00000000000006,7840
2026-07-12T11:40:00Z,256.05441176470606,27.8,750,7841
2026-07-12T11:45:00Z,166.875,27.8,350,7842
2026-07-12T11:50:00Z,166.875,27.8,90,7843
2026-07-12T11:55:00Z,166.875,27.8,30,7844
2026-07-12T12:00:00Z,166.875,27.8,200,7845
2026-07-12T12:05:00Z,166.875,27.8,420.00000000000006,7846
2026-07-12T12:10:00Z,166.875,27.8,200,7847
2026-07-12T12:15:00Z,166.875,27.8,140,7848
2026-07-12T12:20:00Z,196.328571428572,202.84,80,7849
2026-07-12T12:25:00Z,215.96428571428598,746.92,120.00000000000001,7850
2026-07-12T12:30:00Z,215.96428571428598,1004.4,170,7851
2026-07-12T12:35:00Z,215.96428571428598,824.1,220,7852
2026-07-12T12:40:00Z,215.96428571428598,1118.5,160,7853
2026-07-12T12:45:00Z,215.96428571428598,1221.6,170,7854
2026-07-12T12:50:00Z,458.857142857143,490.8,210.00000000000003,7855
2026-07-12T12:55:00Z,458.857142857143,488,180,7856
2026-07-12T13:00:00Z,491.7301587301589,279.8,30,7857
2026-07-12T13:05:00Z,623.222222222222,304.6,60,7858
2026-07-12T13:10:00Z,536.3568627450978,417.4,20,7859
2026-07-12T13:15:00Z,406.05882352941205,410.71999999999997,100,7860
2026-07-12T13:20:00Z,406.05882352941205,269.68,80,7861
2026-07-12T13:25:00Z,406.05882352941205,159.33333333333303,110,7862
2026-07-12T13:30:00Z,862.625,736.866666666667,140,7863
2026-07-12T13:35:00Z,691.5464285714279,2116.533333333331,150.00000000000003,7864
2026-07-12T13:40:00Z,434.9285714285709,560.5866666666672,90,7865
2026-07-12T13:45:00Z,434.9285714285709,306.28,160,7866
2026-07-12T13:50:00Z,424.051428571428,391.85,160,7867
2026-07-12T13:55:00Z,416.8,706.6166666666671,40,7868
2026-07-12T14:00:00Z,416.8,1619.5333333333297,260,7869
2026-07-12T14:05:00Z,463.32,573.4285714285711,110,7870
2026-07-12T14:10:00Z,494.33333333333303,251.54285714285697,310,7871
2026-07-12T14:15:00Z,490.986666666666,169.428571428571,210.00000000000003,7872
2026-07-12T14:20:00Z,477.6,410.96,350,7873
2026-07-12T14:25:00Z,477.6,431.96,170,7874
2026-07-12T14:30:00Z,473.49249999999995,307.2,140,7875
2026-07-12T14:35:00Z,457.0625,339.08,150.00000000000003,7876
2026-07-12T14:40:00Z,457.0625,299.96,230,7877
2026-07-12T14:45:00Z,457.0625,700.64,390,7878
2026-07-12T14:50:00Z,399.14285714285705,531.5333333333331,230,7879
2026-07-12T14:55:00Z,399.14285714285705,325.506666666667,170,7880
2026-07-12T15:00:00Z,390.52539682539697,565.06,170,7881
2026-07-12T15:05:00Z,356.055555555556,1435.1,280,7882
2026-07-12T15:10:00Z,356.055555555556,674,80,7883
2026-07-12T15:15:00Z,356.055555555556,502.8,280,7884
2026-07-12T15:20:00Z,387.01045751634,591.4,220,7885
2026-07-12T15:25:00Z,407.64705882352905,679.6,150.00000000000003,7886
2026-07-12T15:30:00Z,407.64705882352905,1145.2,240.00000000000003,7887
2026-07-12T15:35:00Z,518.592647058823,509,220,7888
2026-07-12T15:40:00Z,962.375,234.16,260,7889
2026-07-12T15:45:00Z,906.092857142857,117.9,320,7890
2026-07-12T15:50:00Z,876.3321428571429,264.606666666667,210.00000000000003,7891
2026-07-12T15:55:00Z,907.375,639.433333333333,120.00000000000001,7892
2026-07-12T16:00:00Z,1232.83,354.34000000000003,40,7893
2026-07-12T16:05:00Z,1708.37,189,150.00000000000003,7894
2026-07-12T16:10:00Z,1882.43,129.4,329.99999999999994,7895
2026-07-12T16:15:00Z,1793.04,159.31,120.00000000000001,7896
2026-07-12T16:20:00Z,1317.94,179.25,70,7897
2026-07-12T16:25:00Z,735.3,330.4,150.00000000000003,7898
2026-07-12T16:30:00Z,922.19,330.6,350,7899
2026-07-12T16:35:00Z,1944.5166666666703,217,120.00000000000001,7900
2026-07-12T16:40:00Z,2546.133333333331,310.6,120.00000000000001,7901
2026-07-12T16:45:00Z,2744.8,98,210.00000000000003,7902
2026-07-12T16:50:00Z,1654.8,98,390,7903
2026-07-12T16:55:00Z,1707.75,98,450,7904
2026-07-12T17:00:00Z,2865.7166666666694,109.76666666666702,260,7905
2026-07-12T17:05:00Z,2623.413333333331,127.41666666666703,410.00000000000006,7906
2026-07-12T17:10:00Z,1550.9771428571398,127.41666666666703,560,7907
2026-07-12T17:15:00Z,934.142857142857,164.375,690,7908
2026-07-12T17:20:00Z,900.833333333333,198.09166666666698,850.0000000000001,7909
2026-07-12T17:25:00Z,1750.6466666666702,231.233333333333,620,7910
2026-07-12T17:30:00Z,1674.72,161.5,420.00000000000006,7911
2026-07-12T17:35:00Z,1414.6399999999999,361.6,190,7912
2026-07-12T17:40:00Z,1278.6,136.545454545455,640,7913
2026-07-12T17:45:00Z,1130.44,136.545454545455,710,7914
2026-07-12T17:50:00Z,1643.0533333333296,280.909090909091,1140.0000000000002,7915
2026-07-12T17:55:00Z,2017.5666666666702,301,1340,7916
2026-07-12T18:00:00Z,1236.8714285714295,326.68,600,7917
2026-07-12T18:05:00Z,856.7485714285741,375.02,800,7918
2026-07-12T18:10:00Z,633.3,496.3,1280,7919
2026-07-12T18:15:00Z,726.7800000000001,404.622222222222,1220,7920
2026-07-12T18:20:00Z,867,159.55555555555597,600,7921
2026-07-12T18:25:00Z,932.9,167.622222222222,390,7922
2026-07-12T18:30:00Z,1013.96666666667,271,370,7923
2026-07-12T18:35:00Z,1272.3333333333296,625.8399999999999,950.0000000000001,7924
2026-07-12T18:40:00Z,637.0909090909089,371.66,600,7925
2026-07-12T18:45:00Z,637.0909090909089,265.5,520,7926
2026-07-12T18:50:00Z,961.7038961038941,313.2,520,7927
2026-07-12T18:55:00Z,858.5142857142839,287.4285714285709,560,7928
2026-07-12T19:00:00Z,582,186.14285714285697,610,7929
2026-07-12T19:05:00Z,562.785714285714,526.5085714285711,930,7930
2026-07-12T19:10:00Z,485.9285714285709,355.2914285714289,410.00000000000006,7931
2026-07-12T19:15:00Z,485.9285714285709,234.85714285714306,440,7932
2026-07-12T19:20:00Z,484.330476190476,511.57142857142895,280,7933
2026-07-12T19:25:00Z,481.933333333333,317.7,300,7934
2026-07-12T19:30:00Z,481.933333333333,408.966666666667,300,7935
2026-07-12T19:35:00Z,316.08068965517197,514.866666666667,570.0000000000001,7936
2026-07-12T19:40:00Z,67.30172413793099,332.366666666667,300,7937
2026-07-12T19:45:00Z,67.30172413793099,125.5,530,7938
2026-07-12T19:50:00Z,67.30172413793099,169.85714285714306,290.00000000000006,7939
2026-07-12T19:55:00Z,67.30172413793099,262.34285714285704,200,7940
2026-07-12T20:00:00Z,67.30172413793099,486.8,470.00000000000006,7941
2026-07-12T20:05:00Z,67.30172413793099,201.57142857142904,290.00000000000006,7942
2026-07-12T20:10:00Z,67.30172413793099,254.02857142857098,250,7943
2026-07-12T20:15:00Z,67.30172413793099,286.6,250,7944
2026-07-12T20:20:00Z,67.30172413793099,454.5,220,7945
2026-07-12T20:25:00Z,67.30172413793099,157.5,130,7946
2026-07-12T20:30:00Z,67.30172413793099,226.97142857142904,350,7947
2026-07-12T20:35:00Z,67.30172413793099,306.9785714285709,200,7948
2026-07-12T20:40:00Z,67.30172413793099,694.05,270,7949
2026-07-12T20:45:00Z,67.30172413793099,671.8,210.00000000000003,7950
2026-07-12T20:50:00Z,67.30172413793099,445.933333333333,30,7951
2026-07-12T20:55:00Z,67.30172413793099,649.2666666666671,0,7952
2026-07-12T21:00:00Z,67.30172413793099,896.4,150.00000000000003,7953
2026-07-12T21:05:00Z,67.30172413793099,1175.3,90,7954
2026-07-12T21:10:00Z,67.30172413793099,1289.3,80,7955
2026-07-12T21:15:00Z,67.30172413793099,1030.4,70,7956
2026-07-12T21:20:00Z,67.30172413793099,718.171428571429,0,7957
2026-07-12T21:25:00Z,67.30172413793099,234.428571428571,0,7958
2026-07-12T21:30:00Z,61.267586206896496,956.9,80,7959
2026-07-12T21:35:00Z,37.131034482758594,1141.7,70,7960
2026-07-12T21:40:00Z,37.131034482758594,1714.2,30,7961
2026-07-12T21:45:00Z,37.131034482758594,2246.1,-10,7962
2026-07-12T21:50:00Z,37.131034482758594,966.5,0,7963
2026-07-12T21:55:00Z,37.131034482758594,1262.3,0,7964
2026-07-12T22:00:00Z,37.131034482758594,1990.9,0,7965
2026-07-12T22:05:00Z,37.131034482758594,1897.2,20,7966
2026-07-12T22:10:00Z,37.131034482758594,870.8,20,7967
2026-07-12T22:15:00Z,37.131034482758594,662.2,60,7968
2026-07-12T22:20:00Z,37.131034482758594,698.933333333333,70,7969
2026-07-12T22:25:00Z,37.131034482758594,1292.6666666666702,10,7970
2026-07-12T22:30:00Z,37.131034482758594,936,10,7971
2026-07-12T22:35:00Z,37.131034482758594,856.8,0,7972
2026-07-12T22:40:00Z,37.131034482758594,861.0666666666671,0,7973
2026-07-12T22:45:00Z,37.131034482758594,839.1333333333331,0,7974
2026-07-12T22:50:00Z,37.131034482758594,958.4,0,7975
2026-07-12T22:55:00Z,37.131034482758594,1504.1333333333296,0,7976
2026-07-12T23:00:00Z,37.131034482758594,785.0166666666671,20,7977
2026-07-12T23:05:00Z,37.131034482758594,641.81,0,7978
2026-07-12T23:10:00Z,37.131034482758594,457.84000000000003,10,7979
2026-07-12T23:15:00Z,37.131034482758594,488.8,40,7980
2026-07-12T23:20:00Z,37.131034482758594,550.6,20,7981
2026-07-12T23:25:00Z,37.131034482758594,810.2666666666671,20,7982
2026-07-12T23:30:00Z,37.131034482758594,450.733333333333,0,7983
2026-07-12T23:35:00Z,37.131034482758594,868.05,20,7984
2026-07-12T23:40:00Z,37.131034482758594,461.03571428571394,0,7985
2026-07-12T23:45:00Z,37.131034482758594,331.4285714285709,20,7986
2026-07-12T23:50:00Z,37.131034482758594,734.4857142857139,40,7987
2026-07-12T23:55:00Z,37.131034482758594,420.6,0,7988
2026-07-13T00:00:00Z,23.2181069958848,470.2,0,7989
2026-07-13T00:05:00Z,23.2181069958848,384.1,20,7990
2026-07-13T00:10:00Z,23.2181069958848,314.5,20,7991
2026-07-13T00:15:00Z,23.2181069958848,328.52,10,7992
2026-07-13T00:20:00Z,23.2181069958848,473.851428571429,50,7993
2026-07-13T00:25:00Z,23.2181069958848,317.857142857143,-30,7994
2026-07-13T00:30:00Z,23.2181069958848,370.77142857142894,0,7995
2026-07-13T00:35:00Z,23.2181069958848,117.05882352941201,40,7996
2026-07-13T00:40:00Z,23.2181069958848,117.05882352941201,10,7997
2026-07-13T00:45:00Z,23.2181069958848,117.05882352941201,0,7998
2026-07-13T00:50:00Z,23.2181069958848,257.663529411765,0,7999
2026-07-13T00:55:00Z,23.2181069958848,190.96,0,8000
2026-07-13T01:00:00Z,23.2181069958848,84,0,8001
2026-07-13T01:05:00Z,23.2181069958848,84,0,8002
2026-07-13T01:10:00Z,23.2181069958848,84,10,8003
2026-07-13T01:15:00Z,23.2181069958848,84,10,8004
2026-07-13T01:20:00Z,23.2181069958848,23.662162162162197,0,8005
2026-07-13T01:25:00Z,23.2181069958848,23.662162162162197,0,8006
2026-07-13T01:30:00Z,23.2181069958848,23.662162162162197,0,8007
2026-07-13T01:35:00Z,23.2181069958848,23.662162162162197,10,8008
2026-07-13T01:40:00Z,23.2181069958848,23.662162162162197,0,8009
2026-07-13T01:45:00Z,23.2181069958848,23.662162162162197,0,8010
2026-07-13T01:50:00Z,23.2181069958848,23.662162162162197,30,8011
2026-07-13T01:55:00Z,23.2181069958848,23.662162162162197,-10,8012
2026-07-13T02:00:00Z,23.2181069958848,23.662162162162197,0,8013
2026-07-13T02:05:00Z,23.2181069958848,23.662162162162197,50,8014
2026-07-13T02:10:00Z,23.2181069958848,23.662162162162197,0,8015
2026-07-13T02:15:00Z,23.2181069958848,23.662162162162197,0,8016
2026-07-13T02:20:00Z,23.2181069958848,23.662162162162197,0,8017
2026-07-13T02:25:00Z,23.2181069958848,23.662162162162197,20,8018
2026-07-13T02:30:00Z,23.2181069958848,23.087507507507496,0,8019
2026-07-13T02:35:00Z,23.2181069958848,20.7888888888889,0,8020
2026-07-13T02:40:00Z,23.2181069958848,20.7888888888889,20,8021
2026-07-13T02:45:00Z,23.2181069958848,20.7888888888889,-10,8022
2026-07-13T02:50:00Z,23.2181069958848,20.7888888888889,10,8023
2026-07-13T02:55:00Z,23.2181069958848,20.7888888888889,30,8024
2026-07-13T03:00:00Z,23.2181069958848,20.7888888888889,0,8025
2026-07-13T03:05:00Z,23.2181069958848,20.7888888888889,10,8026
2026-07-13T03:10:00Z,23.2181069958848,20.7888888888889,0,8027
2026-07-13T03:15:00Z,23.2181069958848,20.7888888888889,0,8028
2026-07-13T03:20:00Z,23.2181069958848,20.7888888888889,0,8029
2026-07-13T03:25:00Z,23.2181069958848,20.7888888888889,0,8030
2026-07-13T03:30:00Z,23.2181069958848,20.7888888888889,0,8031
2026-07-13T03:35:00Z,23.2181069958848,20.7888888888889,0,8032
2026-07-13T03:40:00Z,23.2181069958848,20.7888888888889,0,8033
2026-07-13T03:45:00Z,23.2181069958848,20.7888888888889,0,8034
2026-07-13T03:50:00Z,23.2181069958848,20.7888888888889,0,8035
2026-07-13T03:55:00Z,23.2181069958848,20.7888888888889,0,8036
2026-07-13T04:05:00Z,39.624277456647384,19.394230769230802,0,8037
2026-07-13T04:10:00Z,39.624277456647384,19.394230769230802,0,8038
2026-07-13T04:15:00Z,39.624277456647384,19.394230769230802,0,8039
2026-07-13T04:20:00Z,39.624277456647384,19.394230769230802,0,8040
2026-07-13T04:25:00Z,39.624277456647384,19.394230769230802,0,8041
2026-07-13T04:30:00Z,39.624277456647384,19.394230769230802,0,8042
2026-07-13T04:35:00Z,39.624277456647384,19.394230769230802,0,8043
2026-07-13T04:40:00Z,39.624277456647384,19.394230769230802,0,8044
2026-07-13T04:45:00Z,39.624277456647384,19.394230769230802,0,8045
2026-07-13T04:50:00Z,39.624277456647384,19.394230769230802,0,8046
2026-07-13T04:55:00Z,39.624277456647384,19.394230769230802,0,8047
2026-07-13T05:00:00Z,39.624277456647384,19.394230769230802,0,8048
2026-07-13T05:05:00Z,39.624277456647384,19.394230769230802,0,8049
2026-07-13T05:10:00Z,39.624277456647384,19.394230769230802,0,8050
2026-07-13T05:15:00Z,39.624277456647384,19.394230769230802,30,8051
2026-07-13T05:20:00Z,39.624277456647384,19.394230769230802,-10,8052
2026-07-13T05:25:00Z,39.624277456647384,19.394230769230802,0,8053
2026-07-13T05:30:00Z,39.624277456647384,19.394230769230802,50,8054
2026-07-13T05:35:00Z,39.624277456647384,19.394230769230802,50,8055
2026-07-13T05:40:00Z,39.624277456647384,19.394230769230802,0,8056
2026-07-13T05:45:00Z,39.624277456647384,15.3821906354515,0,8057
2026-07-13T05:50:00Z,39.624277456647384,9.364130434782613,40,8058
2026-07-13T05:55:00Z,39.624277456647384,9.364130434782613,10,8059
2026-07-13T06:00:00Z,39.624277456647384,9.364130434782613,0,8060
2026-07-13T06:05:00Z,39.624277456647384,9.364130434782613,0,8061
2026-07-13T06:10:00Z,39.624277456647384,9.364130434782613,0,8062
2026-07-13T06:15:00Z,39.624277456647384,9.364130434782613,0,8063
2026-07-13T06:20:00Z,39.624277456647384,9.364130434782613,0,8064
2026-07-13T06:25:00Z,39.624277456647384,9.364130434782613,0,8065
2026-07-13T06:30:00Z,39.624277456647384,9.364130434782613,0,8066
2026-07-13T06:35:00Z,39.624277456647384,9.364130434782613,0,8067
2026-07-13T06:40:00Z,39.624277456647384,9.364130434782613,0,8068
2026-07-13T06:45:00Z,39.624277456647384,9.364130434782613,0,8069
2026-07-13T06:50:00Z,39.624277456647384,9.364130434782613,0,8070
2026-07-13T06:55:00Z,135.622124775762,9.364130434782613,0,8071
2026-07-13T07:00:00Z,199.620689655172,9.364130434782613,0,8072
2026-07-13T07:05:00Z,199.620689655172,9.364130434782613,0,8073
2026-07-13T07:10:00Z,199.620689655172,9.364130434782613,0,8074
2026-07-13T07:15:00Z,199.620689655172,9.364130434782613,0,8075
2026-07-13T07:20:00Z,199.620689655172,9.364130434782613,0,8076
2026-07-13T07:25:00Z,875.695566502466,9.364130434782613,0,8077
2026-07-13T07:30:00Z,1171.0285714285703,9.364130434782613,10,8078
2026-07-13T07:35:00Z,1139.2461538461503,9.364130434782613,20,8079
2026-07-13T07:40:00Z,254.23076923076897,9.364130434782613,0,8080
2026-07-13T07:45:00Z,254.23076923076897,9.364130434782613,30,8081
2026-07-13T07:50:00Z,254.23076923076897,9.364130434782613,-20,8082
2026-07-13T07:55:00Z,254.23076923076897,9.364130434782613,-10,8083
2026-07-13T08:00:00Z,254.23076923076897,9.364130434782613,10,8084
2026-07-13T08:05:00Z,241.70370370370395,9.364130434782613,80,8085
2026-07-13T08:10:00Z,241.70370370370395,9.364130434782613,60,8086
2026-07-13T08:15:00Z,241.70370370370395,9.364130434782613,30,8087
2026-07-13T08:20:00Z,241.70370370370395,9.364130434782613,0,8088
2026-07-13T08:25:00Z,241.70370370370395,9.364130434782613,0,8089
2026-07-13T08:30:00Z,518.001481481482,9.364130434782613,160,8090
2026-07-13T08:35:00Z,702.2,9.364130434782613,530,8091
2026-07-13T08:40:00Z,863.38,9.364130434782613,590,8092
2026-07-13T08:45:00Z,1587.0333333333297,9.364130434782613,260,8093
2026-07-13T08:50:00Z,1035.4303030303,17.337959866220704,120.00000000000001,8094
2026-07-13T08:55:00Z,666.4545454545449,22.653846153846203,90,8095
2026-07-13T09:00:00Z,601.7048951048951,22.653846153846203,150.00000000000003,8096
2026-07-13T09:05:00Z,558.5384615384621,22.653846153846203,30,8097
2026-07-13T09:10:00Z,558.5384615384621,22.653846153846203,30,8098
2026-07-13T09:15:00Z,487.692307692308,22.653846153846203,130,8099
2026-07-13T09:20:00Z,487.692307692308,22.653846153846203,70,8100
2026-07-13T09:25:00Z,439.37094017094006,22.653846153846203,110,8101
2026-07-13T09:30:00Z,366.88888888888897,22.653846153846203,20,8102
2026-07-13T09:35:00Z,366.88888888888897,22.653846153846203,70,8103
2026-07-13T09:40:00Z,366.88888888888897,22.653846153846203,410.00000000000006,8104
2026-07-13T09:45:00Z,407.677777777778,22.653846153846203,210.00000000000003,8105
2026-07-13T09:50:00Z,417.875,22.653846153846203,240.00000000000003,8106
2026-07-13T09:55:00Z,417.875,22.653846153846203,770,8107
2026-07-13T10:00:00Z,442.1375,22.653846153846203,420.00000000000006,8108
2026-07-13T10:05:00Z,458.3125,22.653846153846203,170,8109
2026-07-13T10:10:00Z,458.3125,22.653846153846203,220,8110
2026-07-13T10:15:00Z,375.4708333333331,22.653846153846203,210.00000000000003,8111
2026-07-13T10:20:00Z,251.20833333333303,22.653846153846203,240.00000000000003,8112
2026-07-13T10:25:00Z,251.20833333333303,22.653846153846203,30,8113
2026-07-13T10:30:00Z,251.20833333333303,22.653846153846203,230,8114
2026-07-13T10:35:00Z,251.20833333333303,21.6468186134853,210.00000000000003,8115
2026-07-13T10:40:00Z,382.983333333333,21.395061728395103,170,8116
2026-07-13T10:45:00Z,470.83333333333303,21.395061728395103,200,8117
2026-07-13T10:50:00Z,434.08888888888896,21.395061728395103,130,8118
2026-07-13T10:55:00Z,287.111111111111,21.395061728395103,150.00000000000003,8119
2026-07-13T11:00:00Z,287.111111111111,21.395061728395103,160,8120
2026-07-13T11:05:00Z,287.111111111111,21.395061728395103,250,8121
2026-07-13T11:10:00Z,287.111111111111,21.395061728395103,260,8122
2026-07-13T11:15:00Z,287.111111111111,21.395061728395103,140,8123
2026-07-13T11:20:00Z,361.955555555556,21.395061728395103,120.00000000000001,8124
2026-07-13T11:25:00Z,380.666666666667,21.395061728395103,110,8125
2026-07-13T11:30:00Z,380.666666666667,21.395061728395103,130,8126
2026-07-13T11:35:00Z,357.042424242425,21.395061728395103,140,8127
2026-07-13T11:40:00Z,351.136363636364,21.395061728395103,110,8128
2026-07-13T11:45:00Z,351.136363636364,21.395061728395103,90,8129
2026-07-13T11:50:00Z,351.136363636364,21.395061728395103,200,8130
2026-07-13T11:55:00Z,618.167532467534,38.8246913580247,200,8131
2026-07-13T12:00:00Z,1018.71428571429,50.444444444444386,140,8132
2026-07-13T12:05:00Z,816.6666666666671,50.444444444444386,190,8133
2026-07-13T12:10:00Z,980.066666666668,50.444444444444386,130,8134
2026-07-13T12:15:00Z,929.007843137256,50.444444444444386,110,8135
2026-07-13T12:20:00Z,459.23529411764696,155.75555555555596,70,8136
2026-07-13T12:25:00Z,459.23529411764696,639.1,110,8137
2026-07-13T12:30:00Z,512.832679738562,1077,150.00000000000003,8138
2026-07-13T12:35:00Z,727.222222222222,606.66,160,8139
2026-07-13T12:40:00Z,1122.4333333333298,254.84,90,8140
2026-07-13T12:45:00Z,915.4263157894728,198.24285714285696,250,8141
2026-07-13T12:50:00Z,382.21052631578897,94.21428571428571,70,8142
2026-07-13T12:55:00Z,382.21052631578897,94.21428571428571,190,8143
2026-07-13T13:00:00Z,382.21052631578897,101.895238095238,90,8144
2026-07-13T13:05:00Z,645.330994152047,113.41666666666703,180,8145
2026-07-13T13:10:00Z,711.111111111111,113.41666666666703,530,8146
2026-07-13T13:15:00Z,346,135.75,300,8147
2026-07-13T13:20:00Z,346,135.75,510,8148
2026-07-13T13:25:00Z,346,135.75,600,8149
2026-07-13T13:30:00Z,346,533.75,70,8150
2026-07-13T13:35:00Z,574.9599999999999,435.7,190,8151
2026-07-13T13:40:00Z,1322.24,325.9,160,8152
2026-07-13T13:45:00Z,2404.4,1032.5,210.00000000000003,8153
2026-07-13T13:50:00Z,1950.8666666666702,593.1666666666671,480.00000000000006,8154
2026-07-13T13:55:00Z,1205.4533333333397,385.08333333333303,610,8155
2026-07-13T14:00:00Z,1706.28,283.25,310,8156
2026-07-13T14:05:00Z,1445.1,313.15000000000003,150.00000000000003,8157
2026-07-13T14:10:00Z,995.25,423.005555555556,50,8158
2026-07-13T14:15:00Z,709.7409090909089,229.88888888888906,160,8159
2026-07-13T14:20:00Z,638.363636363636,368.555555555556,250,8160
2026-07-13T14:25:00Z,1448.29545454545,410.10909090909104,160,8161
2026-07-13T14:30:00Z,1619.25,175.545454545455,190,8162
2026-07-13T14:35:00Z,2876.2,175.545454545455,200,8163
2026-07-13T14:40:00Z,1553.56,262.166666666667,150.00000000000003,8164
2026-07-13T14:45:00Z,1095.6133333333296,278.83333333333303,250,8165
2026-07-13T14:50:00Z,456.933333333333,273.28571428571394,420.00000000000006,8166
2026-07-13T14:55:00Z,456.933333333333,258.714285714286,1200,8167
2026-07-13T15:00:00Z,440.78,566.9,820.0000000000001,8168
2026-07-13T15:05:00Z,416.55,386.1,510,8169
2026-07-13T15:10:00Z,416.55,152.75,540,8170
2026-07-13T15:15:00Z,416.55,159.42142857142906,590,8171
2026-07-13T15:20:00Z,657.587142857144,169.428571428571,470.00000000000006,8172
2026-07-13T15:25:00Z,1019.14285714286,373.28,430.00000000000006,8173
2026-07-13T15:30:00Z,594.1818181818179,83.2,410.00000000000006,8174
2026-07-13T15:35:00Z,594.1818181818179,83.2,620,8175
2026-07-13T15:40:00Z,1665.23636363636,324.98666666666696,1000,8176
2026-07-13T15:45:00Z,1827.4,277,1330,8177
2026-07-13T15:50:00Z,1476.55,174.33333333333303,560,8178
2026-07-13T15:55:00Z,1399.8785714285702,362,679.9999999999999,8179
2026-07-13T16:00:00Z,1230.5714285714296,216.235294117647,310,8180
2026-07-13T16:05:00Z,2292.1,119.05882352941201,10,8181
2026-07-13T16:10:00Z,1849.25,119.05882352941201,450,8182
2026-07-13T16:15:00Z,1669.37,217.39705882352902,150.00000000000003,8183
2026-07-13T16:20:00Z,1456.52,409.716666666667,110,8184
2026-07-13T16:25:00Z,1305.76,108.16666666666701,170,8185
2026-07-13T16:30:00Z,1519.35,108.16666666666701,300,8186
2026-07-13T16:35:00Z,2579.55,469.525,460,8187
2026-07-13T16:40:00Z,2444.9,215.875,420.00000000000006,8188
2026-07-13T16:45:00Z,2567.4,514.3599999999999,280,8189
2026-07-13T16:50:00Z,1732.4,164.4,520,8190
2026-07-13T16:55:00Z,1630.5,268.16,1030,8191
2026-07-13T17:00:00Z,2576.3,411.4,610,8192
2026-07-13T17:05:00Z,2609.4285714285697,633.6800000000001,630,8193
2026-07-13T17:10:00Z,1230.5714285714296,833.8,560,8194
2026-07-13T17:15:00Z,2037.7333333333297,395.88888888888897,910,8195
2026-07-13T17:20:00Z,2958.8666666666695,354.42539682539694,700,8196
2026-07-13T17:25:00Z,1794.25,188.57142857142904,800,8197
2026-07-13T17:30:00Z,2606.75,469.87428571428603,690,8198
2026-07-13T17:35:00Z,3183.2,442.04,530,8199
2026-07-13T17:40:00Z,2198.266666666669,768.2,900,8200
2026-07-13T17:45:00Z,2249.383333333331,1190.2,1250,8201
2026-07-13T17:50:00Z,1146.1499999999999,397.24,1050,8202
2026-07-13T17:55:00Z,1272.7,177.4,1220,8203
2026-07-13T18:00:00Z,2107.75,185.26,830.0000000000001,8204
2026-07-13T18:05:00Z,1501.4166666666604,190.5,620,8205
2026-07-13T18:10:00Z,1227.1047619047602,638.6,890,8206
2026-07-13T18:15:00Z,1087.1619047619,237,1270,8207
2026-07-13T18:20:00Z,762.6666666666671,349.2,1220,8208
2026-07-13T18:25:00Z,1089.76,596.8,1170.0000000000002,8209
2026-07-13T18:30:00Z,1260.2,224.125,1220,8210
2026-07-13T18:35:00Z,779.9,386.47499999999997,1210,8211
2026-07-13T18:40:00Z,751.7733333333332,718.4,1210,8212
2026-07-13T18:45:00Z,709.5833333333331,1889.8,1310,8213
2026-07-13T18:50:00Z,709.5833333333331,1389.2,1250,8214
2026-07-13T18:55:00Z,718.3,729.466666666667,900,8215
2026-07-13T19:00:00Z,718.3,901.2666666666671,430.00000000000006,8216
2026-07-13T19:05:00Z,1095.8571428571397,1077.9666666666703,659.9999999999999,8217
2026-07-13T19:10:00Z,755.373626373625,649.6666666666671,1210,8218
2026-07-13T19:15:00Z,528.3846153846149,477.83333333333303,650,8219
2026-07-13T19:20:00Z,528.3846153846149,933.7,640,8220
2026-07-13T19:25:00Z,1137.71428571429,1316.5,320,8221
2026-07-13T19:30:00Z,841.485714285716,1319.4,260,8222
2026-07-13T19:35:00Z,644,2127.4666666666694,460,8223
2026-07-13T19:40:00Z,644,864.6,540,8224
2026-07-13T19:45:00Z,305.302857142857,705.3833333333331,350,8225
2026-07-13T19:50:00Z,220.62857142857098,332.25,260,8226
2026-07-13T19:55:00Z,220.62857142857098,332.25,220,8227
2026-07-13T20:00:00Z,220.62857142857098,577.672222222222,210.00000000000003,8228
2026-07-13T20:05:00Z,220.62857142857098,298.555555555556,250,8229
2026-07-13T20:10:00Z,220.62857142857098,335.72222222222194,420.00000000000006,8230
2026-07-13T20:15:00Z,220.62857142857098,303.78,400,8231
2026-07-13T20:20:00Z,196.967819548872,560.92,290.00000000000006,8232
2026-07-13T20:25:00Z,191.052631578947,796.6,130,8233
2026-07-13T20:30:00Z,191.052631578947,631.6800000000001,500,8234
2026-07-13T20:35:00Z,191.052631578947,501.96,590,8235
2026-07-13T20:40:00Z,191.052631578947,1146.86,690,8236
2026-07-13T20:45:00Z,191.052631578947,1492.7,290.00000000000006,8237
2026-07-13T20:50:00Z,191.052631578947,0,140,8238
2026-07-13T20:55:00Z,175.17277192982397,1007.55555555556,170,8239
2026-07-13T21:00:00Z,111.65333333333298,792.7,140,8240
2026-07-13T21:05:00Z,111.65333333333298,1300.1,80,8241
2026-07-13T21:10:00Z,111.65333333333298,1185.8,100,8242
2026-07-13T21:15:00Z,111.65333333333298,1031,100,8243
2026-07-13T21:20:00Z,111.65333333333298,1068,90,8244
2026-07-13T21:25:00Z,111.65333333333298,794.7,70,8245
2026-07-13T21:30:00Z,111.65333333333298,1657.1,70,8246
2026-07-13T21:35:00Z,111.65333333333298,1908.8,110,8247
2026-07-13T21:40:00Z,111.65333333333298,1868.6,70,8248
2026-07-13T21:45:00Z,111.65333333333298,1629.2,50,8249
2026-07-13T21:50:00Z,111.65333333333298,1302.8,40,8250
2026-07-13T21:55:00Z,111.65333333333298,1143,40,8251
2026-07-13T22:00:00Z,111.65333333333298,1742.2,420.00000000000006,8252
2026-07-13T22:05:00Z,111.65333333333298,2371.5,130,8253
2026-07-13T22:10:00Z,100.26171428571402,648.3,60,8254
2026-07-13T22:15:00Z,54.6952380952381,1307.6,40,8255
2026-07-13T22:20:00Z,54.6952380952381,1915.4,40,8256
2026-07-13T22:25:00Z,54.6952380952381,1553,90,8257
2026-07-13T22:30:00Z,54.6952380952381,1696,100,8258
2026-07-13T22:35:00Z,54.6952380952381,1992.6,210.00000000000003,8259
2026-07-13T22:40:00Z,54.6952380952381,1800.4,50,8260
2026-07-13T22:45:00Z,54.6952380952381,1421.2,50,8261
2026-07-13T22:50:00Z,54.6952380952381,494.4,40,8262
2026-07-13T22:55:00Z,54.6952380952381,1124.2,20,8263
2026-07-13T23:00:00Z,54.6952380952381,1725.6,40,8264
2026-07-13T23:05:00Z,54.6952380952381,970.5,0,8265
2026-07-13T23:10:00Z,54.6952380952381,895.8,40,8266
2026-07-13T23:15:00Z,54.6952380952381,440.433333333333,50,8267
2026-07-13T23:20:00Z,54.6952380952381,342.766666666667,0,8268
2026-07-13T23:25:00Z,54.6952380952381,690.1,10,8269
2026-07-13T23:30:00Z,54.6952380952381,823.4,20,8270
2026-07-13T23:35:00Z,54.6952380952381,450.8,20,8271
2026-07-13T23:40:00Z,54.6952380952381,391.6,30,8272
2026-07-13T23:45:00Z,54.6952380952381,331.7,10,8273
2026-07-13T23:50:00Z,54.6952380952381,278.06,10,8274
2026-07-13T23:55:00Z,54.6952380952381,255.04,10,8275
2026-07-14T00:00:00Z,24.010752688171998,689.4,10,8276
2026-07-14T00:05:00Z,24.010752688171998,659.2,10,8277
2026-07-14T00:10:00Z,24.010752688171998,416.08571428571395,20,8278
2026-07-14T00:15:00Z,24.010752688171998,249.26428571428596,10,8279
2026-07-14T00:20:00Z,24.010752688171998,592.05,30,8280
2026-07-14T00:25:00Z,24.010752688171998,895.6,20,8281
2026-07-14T00:30:00Z,24.010752688171998,976.7333333333331,0,8282
2026-07-14T00:35:00Z,24.010752688171998,398.57777777777795,10,8283
2026-07-14T00:40:00Z,24.010752688171998,177.77777777777797,10,8284
2026-07-14T00:45:00Z,24.010752688171998,253.51111111111098,10,8285
2026-07-14T00:50:00Z,24.010752688171998,176,0,8286
2026-07-14T00:55:00Z,24.010752688171998,144,40,8287
2026-07-14T01:00:00Z,24.010752688171998,144,10,8288
2026-07-14T01:05:00Z,24.010752688171998,103.015384615385,0,8289
2026-07-14T01:10:00Z,24.010752688171998,92.76923076923082,30,8290
2026-07-14T01:15:00Z,24.010752688171998,111.701098901099,0,8291
2026-07-14T01:20:00Z,24.010752688171998,187.428571428571,0,8292
2026-07-14T01:25:00Z,24.010752688171998,114.87238095238096,10,8293
2026-07-14T01:30:00Z,24.010752688171998,96.73333333333329,-30,8294
2026-07-14T01:35:00Z,24.010752688171998,96.73333333333329,50,8295
2026-07-14T01:40:00Z,24.010752688171998,109.819393939394,10,8296
2026-07-14T01:45:00Z,24.010752688171998,113.09090909090901,-20,8297
2026-07-14T01:50:00Z,24.010752688171998,237.83636363636398,20,8298
2026-07-14T01:55:00Z,24.010752688171998,274.04,0,8299
2026-07-14T02:00:00Z,24.010752688171998,86.2,10,8300
2026-07-14T02:05:00Z,24.010752688171998,86.2,30,8301
2026-07-14T02:10:00Z,24.010752688171998,141.56,20,8302
2026-07-14T02:15:00Z,24.010752688171998,233.25,0,8303
2026-07-14T02:20:00Z,24.010752688171998,146.75,20,8304
2026-07-14T02:25:00Z,24.010752688171998,101.15384615384598,30,8305
2026-07-14T02:30:00Z,24.010752688171998,101.15384615384598,10,8306
2026-07-14T02:35:00Z,24.010752688171998,73.96849816849819,10,8307
2026-07-14T02:40:00Z,24.010752688171998,33.190476190476204,10,8308
2026-07-14T02:45:00Z,24.010752688171998,33.190476190476204,0,8309
2026-07-14T02:50:00Z,24.010752688171998,33.190476190476204,0,8310
2026-07-14T02:55:00Z,24.010752688171998,33.190476190476204,40,8311
2026-07-14T03:00:00Z,24.010752688171998,33.190476190476204,70,8312
2026-07-14T03:05:00Z,24.010752688171998,33.190476190476204,20,8313
2026-07-14T03:10:00Z,24.010752688171998,33.190476190476204,0,8314
2026-07-14T03:15:00Z,24.010752688171998,33.190476190476204,30,8315
2026-07-14T03:20:00Z,24.010752688171998,30.0588235294118,0,8316
2026-07-14T03:25:00Z,24.010752688171998,30.0588235294118,10,8317
2026-07-14T03:30:00Z,24.010752688171998,30.0588235294118,10,8318
2026-07-14T03:35:00Z,24.010752688171998,30.0588235294118,10,8319
2026-07-14T03:40:00Z,24.010752688171998,30.0588235294118,0,8320
2026-07-14T03:45:00Z,24.010752688171998,30.0588235294118,10,8321
2026-07-14T03:50:00Z,24.010752688171998,26.4448610213316,0,8322
2026-07-14T03:55:00Z,24.010752688171998,11.989010989011,0,8323
2026-07-14T04:05:00Z,24.010752688171998,11.989010989011,20,8324
2026-07-14T04:10:00Z,24.010752688171998,11.989010989011,50,8325
2026-07-14T04:15:00Z,24.010752688171998,11.989010989011,140,8326
2026-07-14T04:20:00Z,24.010752688171998,11.989010989011,10,8327
2026-07-14T04:25:00Z,24.010752688171998,11.989010989011,20,8328
2026-07-14T04:30:00Z,24.010752688171998,11.989010989011,0,8329
2026-07-14T04:35:00Z,24.010752688171998,11.989010989011,20,8330
2026-07-14T04:40:00Z,70.7878787878788,11.989010989011,30,8331
2026-07-14T04:45:00Z,70.7878787878788,11.989010989011,0,8332
2026-07-14T04:50:00Z,70.7878787878788,11.989010989011,-40,8333
2026-07-14T04:55:00Z,70.7878787878788,11.989010989011,-10,8334
2026-07-14T05:00:00Z,70.7878787878788,11.989010989011,20,8335
2026-07-14T05:05:00Z,70.7878787878788,11.989010989011,0,8336
2026-07-14T05:10:00Z,70.7878787878788,11.989010989011,40,8337
2026-07-14T05:15:00Z,70.7878787878788,11.989010989011,50,8338
2026-07-14T05:20:00Z,70.7878787878788,11.989010989011,0,8339
2026-07-14T05:25:00Z,70.7878787878788,27.941860465116303,10,8340
2026-07-14T05:30:00Z,70.7878787878788,27.941860465116303,-10,8341
2026-07-14T05:35:00Z,70.7878787878788,27.941860465116303,20,8342
2026-07-14T05:40:00Z,70.7878787878788,27.941860465116303,60,8343
2026-07-14T05:45:00Z,70.7878787878788,27.941860465116303,-20,8344
2026-07-14T05:50:00Z,70.7878787878788,27.941860465116303,10,8345
2026-07-14T05:55:00Z,70.7878787878788,27.941860465116303,20,8346
2026-07-14T06:00:00Z,70.7878787878788,27.941860465116303,20,8347
2026-07-14T06:05:00Z,70.7878787878788,27.941860465116303,30,8348
2026-07-14T06:10:00Z,70.7878787878788,27.941860465116303,10,8349
2026-07-14T06:15:00Z,85.800303030303,27.941860465116303,0,8350
2026-07-14T06:20:00Z,145.85000000000002,27.941860465116303,0,8351
2026-07-14T06:25:00Z,145.85000000000002,27.941860465116303,10,8352
2026-07-14T06:30:00Z,145.85000000000002,27.941860465116303,0,8353
2026-07-14T06:35:00Z,145.85000000000002,27.941860465116303,20,8354
2026-07-14T06:40:00Z,145.85000000000002,27.941860465116303,40,8355
2026-07-14T06:45:00Z,145.85000000000002,27.941860465116303,150.00000000000003,8356
2026-07-14T06:50:00Z,145.85000000000002,12.528372093023298,20,8357
2026-07-14T06:55:00Z,145.85000000000002,8.675,0,8358
2026-07-14T07:00:00Z,145.85000000000002,8.675,120.00000000000001,8359
2026-07-14T07:05:00Z,145.85000000000002,8.675,70,8360
2026-07-14T07:10:00Z,145.85000000000002,8.675,10,8361
2026-07-14T07:15:00Z,239.972307692308,8.675,0,8362
2026-07-14T07:20:00Z,616.4615384615379,8.675,0,8363
2026-07-14T07:25:00Z,616.4615384615379,8.675,10,8364
2026-07-14T07:30:00Z,690.498901098901,8.675,20,8365
2026-07-14T07:35:00Z,1105.5523809523797,8.675,10,8366
2026-07-14T07:40:00Z,3815.9151515151507,8.675,0,8367
2026-07-14T07:45:00Z,831.9090909090911,8.675,0,8368
2026-07-14T07:50:00Z,831.9090909090911,8.675,30,8369
2026-07-14T07:55:00Z,470.1875,8.675,0,8370
2026-07-14T08:00:00Z,470.1875,8.675,0,8371
2026-07-14T08:05:00Z,470.1875,8.675,10,8372
2026-07-14T08:10:00Z,2470.1041666666697,8.675,40,8373
2026-07-14T08:15:00Z,1287.48888888889,8.675,20,8374
2026-07-14T08:20:00Z,788.4444444444439,8.675,90,8375
2026-07-14T08:25:00Z,2687.3,8.675,250,8376
2026-07-14T08:30:00Z,1620.84285714286,8.675,290.00000000000006,8377
2026-07-14T08:35:00Z,1232.40714285714,8.675,230,8378
2026-07-14T08:40:00Z,1631.1833333333295,8.675,200,8379
2026-07-14T08:45:00Z,1070.22222222222,8.675,540,8380
2026-07-14T08:50:00Z,821.7777777777782,30.812551020408204,2140,8381
2026-07-14T08:55:00Z,1295.9666666666703,36.346938775510196,460,8382
2026-07-14T09:00:00Z,3670.7,36.346938775510196,160,8383
2026-07-14T09:05:00Z,1907.2571428571498,36.346938775510196,200,8384
2026-07-14T09:10:00Z,1218.14285714286,36.346938775510196,560,8385
2026-07-14T09:15:00Z,1987.9,36.346938775510196,339.99999999999994,8386
2026-07-14T09:20:00Z,1661.5,36.346938775510196,840.0000000000001,8387
2026-07-14T09:25:00Z,1190.95,36.346938775510196,980,8388
2026-07-14T09:30:00Z,693.25,36.346938775510196,329.99999999999994,8389
2026-07-14T09:35:00Z,771,36.346938775510196,840.0000000000001,8390
2026-07-14T09:40:00Z,1082,46.7692307692308,850.0000000000001,8391
2026-07-14T09:45:00Z,1788.2,46.7692307692308,659.9999999999999,8392
2026-07-14T09:50:00Z,1319,46.7692307692308,500,8393
2026-07-14T09:55:00Z,1045.56,46.7692307692308,470.00000000000006,8394
2026-07-14T10:00:00Z,977.2,46.7692307692308,620,8395
2026-07-14T10:05:00Z,789.9733333333342,46.7692307692308,470.00000000000006,8396
2026-07-14T10:10:00Z,1136.49523809524,46.7692307692308,1720,8397
2026-07-14T10:15:00Z,1242.6714285714295,46.7692307692308,610,8398
2026-07-14T10:20:00Z,618.5,46.7692307692308,730,8399
2026-07-14T10:25:00Z,618.5,46.7692307692308,690,8400
2026-07-14T10:30:00Z,708.5666666666671,44.035351882160406,650,8401
2026-07-14T10:35:00Z,843.6666666666671,42.2127659574468,1010,8402
2026-07-14T10:40:00Z,843.6666666666671,42.2127659574468,500,8403
2026-07-14T10:45:00Z,1393.8333333333296,42.2127659574468,170,8404
2026-07-14T10:50:00Z,1652.2333333333297,42.2127659574468,390,8405
2026-07-14T10:55:00Z,1087.4666666666703,42.2127659574468,679.9999999999999,8406
2026-07-14T11:00:00Z,667.888888888889,42.2127659574468,659.9999999999999,8407
2026-07-14T11:05:00Z,2374.2444444444395,42.2127659574468,570.0000000000001,8408
2026-07-14T11:10:00Z,2087.90256410256,42.2127659574468,310,8409
2026-07-14T11:15:00Z,733.6153846153851,36.7702127659574,380,8410
2026-07-14T11:20:00Z,733.6153846153851,15,779.9999999999999,8411
2026-07-14T11:25:00Z,767,15,560,8412
2026-07-14T11:30:00Z,2814.4,15,520,8413
2026-07-14T11:35:00Z,1313.4,15,250,8414
2026-07-14T11:40:00Z,1052.8571428571397,15,230,8415
2026-07-14T11:45:00Z,2732.8095238095207,99.4235294117647,190,8416
2026-07-14T11:50:00Z,3208.733333333331,155.705882352941,329.99999999999994,8417
2026-07-14T11:55:00Z,1852.28,155.705882352941,669.9999999999999,8418
2026-07-14T12:00:00Z,669.88923076923,143.14652406417093,700,8419
2026-07-14T12:05:00Z,423.4615384615379,92.9090909090909,550,8420
2026-07-14T12:10:00Z,423.4615384615379,92.9090909090909,339.99999999999994,8421
2026-07-14T12:15:00Z,423.4615384615379,320.3,1060,8422
2026-07-14T12:20:00Z,423.4615384615379,380.1,1150.0000000000002,8423
2026-07-14T12:25:00Z,1463.58461538462,332.8,400,8424
2026-07-14T12:30:00Z,2168.1833333333407,315.4,160,8425
2026-07-14T12:35:00Z,620.9166666666671,787.2,280,8426
2026-07-14T12:40:00Z,620.9166666666671,2956.8,1010,8427
2026-07-14T12:45:00Z,1213.9433333333297,638.05,690,8428
2026-07-14T12:50:00Z,1297.6971428571396,314,390,8429
2026-07-14T12:55:00Z,1251.4095238095301,199.625,1650.0000000000002,8430
2026-07-14T13:00:00Z,1030.9466666666704,670.4,1180.0000000000002,8431
2026-07-14T13:05:00Z,330.066666666667,286.375,760,8432
2026-07-14T13:10:00Z,330.066666666667,1381.1499999999999,930,8433
2026-07-14T13:15:00Z,471.313333333334,1205.6333333333296,90,8434
2026-07-14T13:20:00Z,1036.3,392.166666666667,150.00000000000003,8435
2026-07-14T13:25:00Z,1050.9733333333297,1578.8,200,8436
2026-07-14T13:30:00Z,1109.6666666666702,1277,140,8437
2026-07-14T13:35:00Z,619.785714285714,884.4,590,8438
2026-07-14T13:40:00Z,619.785714285714,963.333333333333,980,8439
2026-07-14T13:45:00Z,607.6785714285712,712.466666666667,300,8440
2026-07-14T13:50:00Z,559.25,889.933333333333,310,8441
2026-07-14T13:55:00Z,559.25,842.0666666666671,620,8442
2026-07-14T14:00:00Z,741.15,2536.8,690,8443
2026-07-14T14:05:00Z,1277.6499999999999,1124,390,8444
2026-07-14T14:10:00Z,3569.8500000000004,848.2,600,8445
2026-07-14T14:15:00Z,2779.125,1317.8,170,8446
2026-07-14T14:20:00Z,873.875,884.2,240.00000000000003,8447
2026-07-14T14:25:00Z,4671.8,1281.2,250,8448
2026-07-14T14:30:00Z,3527.9,323.3,380,8449
2026-07-14T14:35:00Z,5183.1,323.3,290.00000000000006,8450
2026-07-14T14:40:00Z,3035.733333333331,592.16,530,8451
2026-07-14T14:45:00Z,2194.6666666666692,1539.24,240.00000000000003,8452
2026-07-14T14:50:00Z,1742.2,981.6,190,8453
2026-07-14T14:55:00Z,1376.1666666666702,620.9142857142859,360,8454
2026-07-14T15:00:00Z,1644.1933333333295,571.685714285714,200,8455
2026-07-14T15:05:00Z,1242.8114285714296,570.8399999999999,360,8456
2026-07-14T15:10:00Z,1472.8285714285703,1424.91,570.0000000000001,8457
2026-07-14T15:15:00Z,2142.3,668.4499999999999,1580,8458
2026-07-14T15:20:00Z,1703.6599999999999,792.0444444444439,1550,8459
2026-07-14T15:25:00Z,1686.6399999999999,66.2222222222222,1190.0000000000002,8460
2026-07-14T15:30:00Z,1756,899.333333333333,480.00000000000006,8461
2026-07-14T15:35:00Z,2188.6,264.4,2000,8462
2026-07-14T15:40:00Z,1642.4666666666703,474.3,1570,8463
2026-07-14T15:45:00Z,1448.3333333333296,1033.6,2170,8464
2026-07-14T15:50:00Z,1198.2857142857101,1180.1,1350,8465
2026-07-14T15:55:00Z,1293.03428571428,644.9,1090,8466
2026-07-14T16:00:00Z,1115.8228571428601,416.85,810,8467
2026-07-14T16:05:00Z,959.293506493507,1998.85,620,8468
2026-07-14T16:10:00Z,974.1818181818179,1850.3,750,8469
2026-07-14T16:15:00Z,974.1818181818179,292.566666666667,580,8470
2026-07-14T16:20:00Z,317.2380952380949,101.33333333333299,800,8471
2026-07-14T16:25:00Z,317.2380952380949,497.2,810,8472
2026-07-14T16:30:00Z,317.2380952380949,1675.2,870.0000000000001,8473
2026-07-14T16:35:00Z,317.2380952380949,984.7,789.9999999999999,8474
2026-07-14T16:40:00Z,451.61604010025,652,840.0000000000001,8475
2026-07-14T16:45:00Z,485.21052631578897,2466.5,950.0000000000001,8476
2026-07-14T16:50:00Z,485.21052631578897,1770.8,710,8477
2026-07-14T16:55:00Z,485.21052631578897,1075.2,610,8478
2026-07-14T17:00:00Z,667.8,1144.8,470.00000000000006,8479
2026-07-14T17:05:00Z,1886.8,276.5,630,8480
2026-07-14T17:10:00Z,1884.6,296.9,580,8481
2026-07-14T17:15:00Z,214,270.72499999999997,620,8482
2026-07-14T17:20:00Z,214,145.625,450,8483
2026-07-14T17:25:00Z,214,402.45,260,8484
2026-07-14T17:30:00Z,214,1588.9333333333298,270,8485
2026-07-14T17:35:00Z,214,611.6,190,8486
2026-07-14T17:40:00Z,214,396.366666666667,150.00000000000003,8487
2026-07-14T17:45:00Z,214,590.5,50,8488
2026-07-14T17:50:00Z,214,1319.4,230,8489
2026-07-14T17:55:00Z,214,589.4,180,8490
2026-07-14T18:00:00Z,214,1021.7333333333302,90,8491
2026-07-14T18:05:00Z,214,347.266666666667,300,8492
2026-07-14T18:10:00Z,337.98999999999995,338.2,329.99999999999994,8493
2026-07-14T18:15:00Z,420.65000000000003,291.6,920,8494
2026-07-14T18:20:00Z,420.65000000000003,696,659.9999999999999,8495
2026-07-14T18:25:00Z,420.65000000000003,403,150.00000000000003,8496
2026-07-14T18:30:00Z,268.46,995.4,90,8497
2026-07-14T18:35:00Z,167,366.4,70,8498
2026-07-14T18:40:00Z,167,349.8,70,8499
2026-07-14T18:45:00Z,167,464.6,130,8500
2026-07-14T18:50:00Z,167,164.2,150.00000000000003,8501
2026-07-14T18:55:00Z,167,164.2,90,8502
2026-07-14T19:00:00Z,167,939.9142857142859,70,8503
2026-07-14T19:05:00Z,167,1622.2857142857101,110,8504
2026-07-14T19:10:00Z,167,2078,100,8505
2026-07-14T19:15:00Z,167,1730.3333333333296,70,8506
2026-07-14T19:20:00Z,313.7931034482758,545.0666666666671,90,8507
2026-07-14T19:25:00Z,313.7931034482758,3434.2,270,8508
2026-07-14T19:30:00Z,313.7931034482758,2302,100,8509
2026-07-14T19:35:00Z,313.7931034482758,3375.4,50,8510
2026-07-14T19:40:00Z,313.7931034482758,2005,130,8511
2026-07-14T19:45:00Z,306.7991886409739,1385.6,120.00000000000001,8512
2026-07-14T19:50:00Z,278.823529411765,1192,70,8513
2026-07-14T19:55:00Z,278.823529411765,783.8,140,8514
2026-07-14T20:00:00Z,278.823529411765,1026.8,110,8515
2026-07-14T20:05:00Z,278.823529411765,772.2,100,8516
2026-07-14T20:10:00Z,278.823529411765,1184,50,8517
2026-07-14T20:15:00Z,278.823529411765,1219.4,110,8518
2026-07-14T20:20:00Z,236.185026737968,1222,40,8519
2026-07-14T20:25:00Z,172.227272727273,1180.6,50,8520
2026-07-14T20:30:00Z,172.227272727273,1195.8,170,8521
2026-07-14T20:35:00Z,172.227272727273,1470.6,80,8522
2026-07-14T20:40:00Z,172.227272727273,931.6,180,8523
2026-07-14T20:45:00Z,172.227272727273,830.5,120.00000000000001,8524
2026-07-14T20:50:00Z,172.227272727273,622.3,120.00000000000001,8525
2026-07-14T20:55:00Z,172.227272727273,882.2,90,8526
2026-07-14T21:00:00Z,172.227272727273,800.1,130,8527
2026-07-14T21:05:00Z,220.447665847666,600.6333333333331,50,8528
2026-07-14T21:10:00Z,252.59459459459495,617.1866666666672,100,8529
2026-07-14T21:15:00Z,252.59459459459495,387.13,120.00000000000001,8530
2026-07-14T21:20:00Z,252.59459459459495,327.15000000000003,120.00000000000001,8531
2026-07-14T21:25:00Z,252.59459459459495,154.866666666667,120.00000000000001,8532
2026-07-14T21:30:00Z,252.59459459459495,111.33333333333299,140,8533
2026-07-14T21:35:00Z,252.59459459459495,111.33333333333299,90,8534
2026-07-14T21:40:00Z,236.52567567567598,408.2380952380949,140,8535
2026-07-14T21:45:00Z,172.25,284.857142857143,100,8536
2026-07-14T21:50:00Z,172.25,175.37142857142905,90,8537
2026-07-14T21:55:00Z,172.25,317.65000000000003,60,8538
2026-07-14T22:00:00Z,172.25,247.75,50,8539
2026-07-14T22:05:00Z,172.25,1203,80,8540
2026-07-14T22:10:00Z,172.25,1091,120.00000000000001,8541
2026-07-14T22:15:00Z,172.25,139.25925925925898,150.00000000000003,8542
2026-07-14T22:20:00Z,172.25,139.25925925925898,60,8543
2026-07-14T22:25:00Z,170.25133333333304,139.25925925925898,40,8544
2026-07-14T22:30:00Z,167.25333333333302,139.25925925925898,220,8545
2026-07-14T22:35:00Z,167.25333333333302,139.25925925925898,210.00000000000003,8546
2026-07-14T22:40:00Z,167.25333333333302,119.02678062678098,120.00000000000001,8547
2026-07-14T22:45:00Z,167.25333333333302,105.53846153846199,80,8548
2026-07-14T22:50:00Z,167.25333333333302,105.53846153846199,90,8549
2026-07-14T22:55:00Z,167.25333333333302,109.5,90,8550
2026-07-14T23:00:00Z,167.25333333333302,109.5,140,8551
2026-07-14T23:05:00Z,167.25333333333302,137.6,100,8552
2026-07-14T23:10:00Z,167.25333333333302,250,110,8553
2026-07-14T23:15:00Z,167.25333333333302,299.13333333333304,90,8554
2026-07-14T23:20:00Z,167.25333333333302,365.380952380952,0,8555
2026-07-14T23:25:00Z,167.25333333333302,173.57142857142904,20,8556
2026-07-14T23:30:00Z,167.25333333333302,209.51428571428596,10,8557
2026-07-14T23:35:00Z,167.25333333333302,206.475,900,8558
2026-07-14T23:40:00Z,212.977,158.375,600,8559
2026-07-14T23:45:00Z,281.5625,169.01,0,8560
2026-07-14T23:50:00Z,281.5625,176.1,-30,8561
2026-07-14T23:55:00Z,281.5625,106.412727272727,0,8562
2026-07-15T00:00:00Z,84.01234567901231,59.95454545454549,0,8563
2026-07-15T00:05:00Z,84.01234567901231,59.95454545454549,0,8564
2026-07-15T00:10:00Z,84.01234567901231,59.95454545454549,0,8565
2026-07-15T00:15:00Z,84.01234567901231,165.263636363636,20,8566
2026-07-15T00:20:00Z,84.01234567901231,262.9615384615379,0,8567
2026-07-15T00:25:00Z,84.01234567901231,182.076923076923,10,8568
2026-07-15T00:30:00Z,84.01234567901231,173.221538461538,0,8569
2026-07-15T00:35:00Z,84.01234567901231,137.8,0,8570
2026-07-15T00:40:00Z,84.01234567901231,137.8,-10,8571
2026-07-15T00:45:00Z,84.01234567901231,136.21777777777797,70,8572
2026-07-15T00:50:00Z,84.01234567901231,129.88888888888906,550,8573
2026-07-15T00:55:00Z,84.01234567901231,129.88888888888906,40,8574
2026-07-15T01:00:00Z,84.01234567901231,129.88888888888906,0,8575
2026-07-15T01:05:00Z,84.01234567901231,198.86984126984095,-10,8576
2026-07-15T01:10:00Z,84.01234567901231,232.73571428571398,30,8577
2026-07-15T01:15:00Z,84.01234567901231,184.25,20,8578
2026-07-15T01:20:00Z,110.404938271605,171.718181818182,10,8579
2026-07-15T01:25:00Z,128,163.36363636363603,20,8580
2026-07-15T01:30:00Z,128,122.551515151515,30,8581
2026-07-15T01:35:00Z,128,61.3333333333333,0,8582
2026-07-15T01:40:00Z,128,61.3333333333333,0,8583
2026-07-15T01:45:00Z,128,61.3333333333333,0,8584
2026-07-15T01:50:00Z,128,61.3333333333333,30,8585
2026-07-15T01:55:00Z,128,61.3333333333333,30,8586
2026-07-15T02:00:00Z,128,242.14285714285697,20,8587
2026-07-15T02:05:00Z,128,169.72380952380996,20,8588
2026-07-15T02:10:00Z,128,121.44444444444402,0,8589
2026-07-15T02:15:00Z,128,121.44444444444402,10,8590
2026-07-15T02:20:00Z,236,121.44444444444402,10,8591
2026-07-15T02:25:00Z,263,225.57142857142904,10,8592
2026-07-15T02:30:00Z,263,225.57142857142904,0,8593
2026-07-15T02:35:00Z,263,212.53714285714304,0,8594
2026-07-15T02:40:00Z,263,138.605714285714,0,8595
2026-07-15T02:45:00Z,267.541935483871,51.42857142857141,60,8596
2026-07-15T02:50:00Z,268.677419354839,51.42857142857141,30,8597
2026-07-15T02:55:00Z,268.677419354839,51.42857142857141,80,8598
2026-07-15T03:00:00Z,268.677419354839,51.42857142857141,30,8599
2026-07-15T03:05:00Z,268.677419354839,51.42857142857141,10,8600
2026-07-15T03:10:00Z,268.677419354839,51.42857142857141,10,8601
2026-07-15T03:15:00Z,227.71096774193597,74.4178571428571,0,8602
2026-07-15T03:20:00Z,200.4,166.375,0,8603
2026-07-15T03:25:00Z,200.4,639.3499999999999,160,8604
2026-07-15T03:30:00Z,200.4,265.14426229508206,250,8605
2026-07-15T03:35:00Z,200.4,84.57377049180329,170,8606
2026-07-15T03:40:00Z,200.4,84.57377049180329,20,8607
2026-07-15T03:45:00Z,200.4,84.57377049180329,0,8608
2026-07-15T03:50:00Z,200.4,84.57377049180329,160,8609
2026-07-15T03:55:00Z,609.4933333333331,84.57377049180329,530,8610
2026-07-15T04:05:00Z,328.72030651341,84.57377049180329,100,8611
2026-07-15T04:10:00Z,190.344827586207,84.57377049180329,90,8612
2026-07-15T04:15:00Z,190.344827586207,84.57377049180329,260,8613
2026-07-15T04:20:00Z,190.344827586207,84.57377049180329,50,8614
2026-07-15T04:25:00Z,190.344827586207,84.57377049180329,40,8615
2026-07-15T04:30:00Z,190.344827586207,137.34426229508196,30,8616
2026-07-15T04:35:00Z,2605.7375,204,10,8617
2026-07-15T04:40:00Z,477.6875,143.02666666666698,20,8618
2026-07-15T04:45:00Z,477.6875,126.56666666666702,40,8619
2026-07-15T04:50:00Z,477.6875,126.56666666666702,40,8620
2026-07-15T04:55:00Z,179.45945945945903,126.56666666666702,70,8621
2026-07-15T05:00:00Z,179.45945945945903,126.56666666666702,260,8622
2026-07-15T05:05:00Z,179.45945945945903,126.56666666666702,370,8623
2026-07-15T05:10:00Z,179.45945945945903,96.3622222222222,370,8624
2026-07-15T05:15:00Z,179.45945945945903,51.0555555555556,440,8625
2026-07-15T05:20:00Z,179.45945945945903,51.0555555555556,80,8626
2026-07-15T05:25:00Z,179.45945945945903,51.0555555555556,110,8627
2026-07-15T05:30:00Z,2618.58378378379,95.34052287581702,40,8628
2026-07-15T05:35:00Z,149.258064516129,106.41176470588202,100,8629
2026-07-15T05:40:00Z,149.258064516129,106.41176470588202,659.9999999999999,8630
2026-07-15T05:45:00Z,149.258064516129,80.59442724458201,1460,8631
2026-07-15T05:50:00Z,149.258064516129,41.86842105263159,160,8632
2026-07-15T05:55:00Z,149.258064516129,41.86842105263159,110,8633
2026-07-15T06:00:00Z,149.258064516129,41.86842105263159,550,8634
2026-07-15T06:05:00Z,149.258064516129,41.86842105263159,250,8635
2026-07-15T06:10:00Z,149.258064516129,41.86842105263159,90,8636
2026-07-15T06:15:00Z,149.258064516129,41.86842105263159,60,8637
2026-07-15T06:20:00Z,149.258064516129,41.86842105263159,90,8638
2026-07-15T06:25:00Z,149.258064516129,64.9832080200501,40,8639
2026-07-15T06:30:00Z,149.258064516129,70.76190476190482,310,8640
2026-07-15T06:35:00Z,483.6850439882699,70.76190476190482,60,8641
2026-07-15T06:40:00Z,706.6363636363641,70.76190476190482,1280,8642
2026-07-15T06:45:00Z,557.2484848484851,43.0865800865801,160,8643
2026-07-15T06:50:00Z,333.166666666667,24.636363636363598,60,8644
2026-07-15T06:55:00Z,333.166666666667,24.636363636363598,30,8645
2026-07-15T07:00:00Z,333.166666666667,24.636363636363598,90,8646
2026-07-15T07:05:00Z,333.166666666667,24.636363636363598,390,8647
2026-07-15T07:10:00Z,757.0866666666672,24.636363636363598,30,8648
2026-07-15T07:15:00Z,1039.7,24.636363636363598,20,8649
2026-07-15T07:20:00Z,507.127058823529,391.83333333333303,30,8650
2026-07-15T07:25:00Z,152.07843137254903,155.51666666666696,0,8651
2026-07-15T07:30:00Z,152.07843137254903,96.43750000000001,0,8652
2026-07-15T07:35:00Z,152.07843137254903,96.43750000000001,50,8653
2026-07-15T07:40:00Z,152.07843137254903,184.075,60,8654
2026-07-15T07:45:00Z,152.07843137254903,316.5,10,8655
2026-07-15T07:50:00Z,152.07843137254903,210.66666666666697,540,8656
2026-07-15T07:55:00Z,152.07843137254903,200.013333333333,570.0000000000001,8657
2026-07-15T08:00:00Z,152.07843137254903,157.4,110,8658
2026-07-15T08:05:00Z,152.07843137254903,142.04,80,8659
2026-07-15T08:10:00Z,193.219472616633,80.6,40,8660
2026-07-15T08:15:00Z,254.93103448275903,80.6,30,8661
2026-07-15T08:20:00Z,254.93103448275903,80.6,760,8662
2026-07-15T08:25:00Z,254.93103448275903,80.6,339.99999999999994,8663
2026-07-15T08:30:00Z,254.93103448275903,79.5010526315789,60,8664
2026-07-15T08:35:00Z,254.93103448275903,75.10526315789468,40,8665
2026-07-15T08:40:00Z,407.30182555780897,75.10526315789468,20,8666
2026-07-15T08:45:00Z,508.8823529411759,75.10526315789468,50,8667
2026-07-15T08:50:00Z,508.8823529411759,145.26315789473696,30,8668
2026-07-15T08:55:00Z,439.118925831202,438,100,8669
2026-07-15T09:00:00Z,160.065217391304,326.08,50,8670
2026-07-15T09:05:00Z,160.065217391304,238.17,90,8671
2026-07-15T09:10:00Z,160.065217391304,133.125,110,8672
2026-07-15T09:15:00Z,160.065217391304,133.125,110,8673
2026-07-15T09:20:00Z,160.065217391304,119.7,100,8674
2026-07-15T09:25:00Z,160.065217391304,66,40,8675
2026-07-15T09:30:00Z,160.065217391304,253.4,110,8676
2026-07-15T09:35:00Z,160.065217391304,2256.16,110,8677
2026-07-15T09:40:00Z,160.065217391304,139.8,30,8678
2026-07-15T09:45:00Z,199.23076923076897,139.8,120.00000000000001,8679
2026-07-15T09:50:00Z,199.23076923076897,306.39,320,8680
2026-07-15T09:55:00Z,199.23076923076897,603.6961538461541,100,8681
2026-07-15T10:00:00Z,199.23076923076897,50.11538461538459,260,8682
2026-07-15T10:05:00Z,199.23076923076897,50.11538461538459,30,8683
2026-07-15T10:10:00Z,199.23076923076897,50.11538461538459,50,8684
2026-07-15T10:15:00Z,199.23076923076897,50.11538461538459,20,8685
2026-07-15T10:20:00Z,195.79890109890098,92.8673076923077,30,8686
2026-07-15T10:25:00Z,182.07142857142904,263.875,60,8687
2026-07-15T10:30:00Z,182.07142857142904,1442.75909090909,40,8688
2026-07-15T10:35:00Z,182.07142857142904,140.045454545455,10,8689
2026-07-15T10:40:00Z,182.07142857142904,140.045454545455,80,8690
2026-07-15T10:45:00Z,182.07142857142904,140.045454545455,60,8691
2026-07-15T10:50:00Z,182.07142857142904,140.045454545455,30,8692
2026-07-15T10:55:00Z,182.07142857142904,159.529090909091,60,8693
2026-07-15T11:00:00Z,182.07142857142904,164.4,110,8694
2026-07-15T11:05:00Z,263.58465608465605,164.4,80,8695
2026-07-15T11:10:00Z,283.962962962963,59.3574193548387,90,8696
2026-07-15T11:15:00Z,283.962962962963,33.0967741935484,0,8697
2026-07-15T11:20:00Z,283.962962962963,33.0967741935484,50,8698
2026-07-15T11:25:00Z,283.962962962963,33.0967741935484,70,8699
2026-07-15T11:30:00Z,944.8777777777781,33.0967741935484,10,8700
2026-07-15T11:35:00Z,878.723529411765,33.0967741935484,20,8701
2026-07-15T11:40:00Z,173.705882352941,668.338709677419,50,8702
2026-07-15T11:45:00Z,173.705882352941,578.1666666666671,210.00000000000003,8703
2026-07-15T11:50:00Z,173.705882352941,512.1754385964912,60,8704
2026-07-15T11:55:00Z,173.705882352941,64.2105263157895,10,8705
2026-07-15T12:00:00Z,173.705882352941,64.2105263157895,40,8706
2026-07-15T12:05:00Z,173.705882352941,64.2105263157895,40,8707
2026-07-15T12:10:00Z,173.705882352941,535.5263157894739,40,8708
2026-07-15T12:15:00Z,173.705882352941,100.67857142857098,90,8709
2026-07-15T12:20:00Z,173.705882352941,100.67857142857098,150.00000000000003,8710
2026-07-15T12:25:00Z,142.33084648493505,100.67857142857098,70,8711
2026-07-15T12:30:00Z,95.2682926829268,100.67857142857098,150.00000000000003,8712
2026-07-15T12:35:00Z,95.2682926829268,100.67857142857098,130,8713
2026-07-15T12:40:00Z,95.2682926829268,99.0071428571429,450,8714
2026-07-15T12:45:00Z,95.2682926829268,96.5,669.9999999999999,8715
2026-07-15T12:50:00Z,95.2682926829268,96.5,10,8716
2026-07-15T12:55:00Z,95.2682926829268,116.9,80,8717
2026-07-15T13:00:00Z,95.2682926829268,130.5,40,8718
2026-07-15T13:05:00Z,95.2682926829268,130.090909090909,240.00000000000003,8719
2026-07-15T13:10:00Z,95.2682926829268,128.45454545454498,240.00000000000003,8720
2026-07-15T13:15:00Z,95.2682926829268,128.45454545454498,10,8721
2026-07-15T13:20:00Z,95.2682926829268,124,60,8722
2026-07-15T13:25:00Z,95.2682926829268,124,50,8723
2026-07-15T13:30:00Z,95.2682926829268,115.27272727272698,10,8724
2026-07-15T13:35:00Z,95.2682926829268,113.09090909090901,40,8725
2026-07-15T13:40:00Z,95.2682926829268,405.014141414141,90,8726
2026-07-15T13:45:00Z,95.2682926829268,219.88888888888906,20,8727
2026-07-15T13:50:00Z,86.32558139534879,227.53333333333302,80,8728
2026-07-15T13:55:00Z,86.32558139534879,239,20,8729
2026-07-15T14:00:00Z,86.32558139534879,147.93333333333302,20,8730
2026-07-15T14:05:00Z,86.32558139534879,87.2222222222222,40,8731
2026-07-15T14:10:00Z,86.32558139534879,87.2222222222222,30,8732
2026-07-15T14:15:00Z,86.32558139534879,87.2222222222222,40,8733
2026-07-15T14:20:00Z,86.32558139534879,50.6428571428571,60,8734
2026-07-15T14:25:00Z,86.32558139534879,50.6428571428571,30,8735
2026-07-15T14:30:00Z,86.32558139534879,50.6428571428571,60,8736
2026-07-15T14:35:00Z,86.32558139534879,50.6428571428571,60,8737
2026-07-15T14:40:00Z,86.32558139534879,50.6428571428571,100,8738
2026-07-15T14:45:00Z,86.32558139534879,85.6257142857143,150.00000000000003,8739
2026-07-15T14:50:00Z,86.32558139534879,138.1,50,8740
2026-07-15T14:55:00Z,86.32558139534879,98.0915789473684,60,8741
2026-07-15T15:00:00Z,86.32558139534879,38.078947368421105,110,8742
2026-07-15T15:05:00Z,86.32558139534879,38.078947368421105,140,8743
2026-07-15T15:10:00Z,86.32558139534879,38.078947368421105,170,8744
2026-07-15T15:15:00Z,247.92225913621303,38.078947368421105,60,8745
2026-07-15T15:20:00Z,288.32142857142895,38.078947368421105,90,8746
2026-07-15T15:25:00Z,288.32142857142895,38.078947368421105,40,8747
2026-07-15T15:30:00Z,288.32142857142895,38.078947368421105,0,8748
2026-07-15T15:35:00Z,288.32142857142895,293.61578947368395,30,8749
2026-07-15T15:40:00Z,249.419642857143,69.59090909090911,80,8750
2026-07-15T15:45:00Z,93.8125,69.59090909090911,10,8751
2026-07-15T15:50:00Z,93.8125,69.59090909090911,0,8752
2026-07-15T15:55:00Z,93.8125,69.59090909090911,40,8753
2026-07-15T16:00:00Z,93.8125,94.00779220779219,40,8754
2026-07-15T16:05:00Z,93.8125,110.28571428571401,20,8755
2026-07-15T16:10:00Z,93.8125,110.28571428571401,20,8756
2026-07-15T16:15:00Z,3212.3375000000005,145.73714285714303,20,8757
2026-07-15T16:20:00Z,268.43749999999994,154.6,80,8758
2026-07-15T16:25:00Z,268.43749999999994,163.14857142857096,190,8759
2026-07-15T16:30:00Z,268.43749999999994,367.171428571429,110,8760
2026-07-15T16:35:00Z,268.43749999999994,693.1333333333331,320,8761
2026-07-15T16:40:00Z,268.43749999999994,250.56666666666698,50,8762
2026-07-15T16:45:00Z,268.43749999999994,77.83333333333329,0,8763
2026-07-15T16:50:00Z,287.884615384615,77.83333333333329,290.00000000000006,8764
2026-07-15T16:55:00Z,287.884615384615,77.83333333333329,40,8765
2026-07-15T17:00:00Z,287.884615384615,157.63157894736798,10,8766
2026-07-15T17:05:00Z,287.884615384615,157.63157894736798,160,8767
2026-07-15T17:10:00Z,287.884615384615,157.63157894736798,120.00000000000001,8768
2026-07-15T17:15:00Z,232.2592760181,143.31954887218,0,8769
2026-07-15T17:20:00Z,218.35294117647103,86.07142857142858,20,8770
2026-07-15T17:25:00Z,218.35294117647103,86.07142857142858,1790,8771
2026-07-15T17:30:00Z,218.35294117647103,67.88901098901101,40,8772
2026-07-15T17:35:00Z,218.35294117647103,40.61538461538459,60,8773
2026-07-15T17:40:00Z,218.35294117647103,40.61538461538459,90,8774
2026-07-15T17:45:00Z,218.35294117647103,40.61538461538459,310,8775
2026-07-15T17:50:00Z,628.833333333333,40.61538461538459,190,8776
2026-07-15T17:55:00Z,628.833333333333,40.61538461538459,80,8777
2026-07-15T18:00:00Z,480.064102564102,40.61538461538459,90,8778
2026-07-15T18:05:00Z,380.884615384615,40.61538461538459,130,8779
2026-07-15T18:10:00Z,380.884615384615,59.41615384615381,40,8780
2026-07-15T18:15:00Z,380.884615384615,71.95,120.00000000000001,8781
2026-07-15T18:20:00Z,380.884615384615,71.95,90,8782
2026-07-15T18:25:00Z,309.55641025640995,71.95,50,8783
2026-07-15T18:30:00Z,202.56410256410297,142.00857142857097,90,8784
2026-07-15T18:35:00Z,202.56410256410297,170.09142857142905,30,8785
2026-07-15T18:40:00Z,202.56410256410297,95.6,140,8786
2026-07-15T18:45:00Z,202.56410256410297,95.6,30,8787
2026-07-15T18:50:00Z,202.56410256410297,105.63,90,8788
2026-07-15T18:55:00Z,202.56410256410297,145.75,120.00000000000001,8789
2026-07-15T19:00:00Z,202.56410256410297,140.684615384615,10,8790
2026-07-15T19:05:00Z,143.531046431047,137.30769230769204,10,8791
2026-07-15T19:10:00Z,104.17567567567599,137.30769230769204,800,8792
2026-07-15T19:15:00Z,104.17567567567599,50,170,8793
2026-07-15T19:20:00Z,104.17567567567599,50,40,8794
2026-07-15T19:25:00Z,104.17567567567599,50,50,8795
2026-07-15T19:30:00Z,104.17567567567599,50,40,8796
2026-07-15T19:35:00Z,104.17567567567599,50,100,8797
2026-07-15T19:40:00Z,104.17567567567599,49.3333333333333,300,8798
2026-07-15T19:45:00Z,104.17567567567599,48.3333333333333,50,8799
2026-07-15T19:50:00Z,104.17567567567599,48.3333333333333,50,8800
2026-07-15T19:55:00Z,104.17567567567599,48.3333333333333,20,8801
2026-07-15T20:00:00Z,104.17567567567599,48.3333333333333,50,8802
2026-07-15T20:05:00Z,104.17567567567599,48.3333333333333,40,8803
2026-07-15T20:10:00Z,104.17567567567599,104.42857142857099,0,8804
2026-07-15T20:15:00Z,104.17567567567599,188.57142857142904,40,8805
2026-07-15T20:20:00Z,103.19246846846899,186.5,20,8806
2026-07-15T20:25:00Z,102.94666666666703,162.805882352941,80,8807
2026-07-15T20:30:00Z,102.94666666666703,156.882352941176,50,8808
2026-07-15T20:35:00Z,102.94666666666703,156.882352941176,0,8809
2026-07-15T20:40:00Z,102.94666666666703,142.32941176470598,20,8810
2026-07-15T20:45:00Z,102.94666666666703,120.5,20,8811
2026-07-15T20:50:00Z,102.94666666666703,120.5,20,8812
2026-07-15T20:55:00Z,102.94666666666703,106.2,10,8813
2026-07-15T21:00:00Z,102.94666666666703,96.6666666666667,60,8814
2026-07-15T21:05:00Z,102.94666666666703,96.6666666666667,10,8815
2026-07-15T21:10:00Z,102.94666666666703,96.6666666666667,0,8816
2026-07-15T21:15:00Z,102.94666666666703,1974.4736842105299,0,8817
2026-07-15T21:20:00Z,102.94666666666703,167.68421052631598,0,8818
2026-07-15T21:25:00Z,102.94666666666703,167.68421052631598,20,8819
2026-07-15T21:30:00Z,102.94666666666703,167.68421052631598,20,8820
2026-07-15T21:35:00Z,127.65087179487199,357.273684210526,0,8821
2026-07-15T21:40:00Z,133.82692307692304,267.14285714285705,0,8822
2026-07-15T21:45:00Z,133.82692307692304,178.52987012986995,20,8823
2026-07-15T21:50:00Z,133.82692307692304,119.45454545454501,50,8824
2026-07-15T21:55:00Z,133.82692307692304,123.306060606061,60,8825
2026-07-15T22:00:00Z,133.82692307692304,129.08333333333303,0,8826
2026-07-15T22:05:00Z,133.82692307692304,129.08333333333303,30,8827
2026-07-15T22:10:00Z,133.82692307692304,102.78571428571401,70,8828
2026-07-15T22:15:00Z,133.82692307692304,102.78571428571401,10,8829
2026-07-15T22:20:00Z,133.82692307692304,104.82857142857098,-20,8830
2026-07-15T22:25:00Z,220.379487179487,113,0,8831
2026-07-15T22:30:00Z,350.20833333333303,113,10,8832
2026-07-15T22:35:00Z,350.20833333333303,104.78666666666702,60,8833
2026-07-15T22:40:00Z,350.20833333333303,102.733333333333,50,8834
2026-07-15T22:45:00Z,350.20833333333303,102.733333333333,10,8835
2026-07-15T22:50:00Z,286.71410256410195,97.1066666666667,0,8836
2026-07-15T22:55:00Z,244.38461538461502,95.7,50,8837
2026-07-15T23:00:00Z,244.38461538461502,631.997142857143,60,8838
2026-07-15T23:05:00Z,244.38461538461502,308.14285714285705,30,8839
2026-07-15T23:10:00Z,244.38461538461502,64.86363636363639,10,8840
2026-07-15T23:15:00Z,235.830769230769,64.86363636363639,10,8841
2026-07-15T23:20:00Z,223,64.86363636363639,100,8842
2026-07-15T23:25:00Z,223,64.86363636363639,70,8843
2026-07-15T23:30:00Z,223,308.627807486631,120.00000000000001,8844
2026-07-15T23:35:00Z,223,119.41176470588202,410.00000000000006,8845
2026-07-15T23:40:00Z,223,119.41176470588202,260,8846
2026-07-15T23:45:00Z,223,119.41176470588202,180,8847
2026-07-15T23:50:00Z,223,71.0823529411765,50,8848
2026-07-15T23:55:00Z,223,59,40,8849
2026-07-16T00:00:00Z,159.14893617021303,59,440,8850
2026-07-16T00:05:00Z,159.14893617021303,59,140,8851
2026-07-16T00:10:00Z,159.14893617021303,59,10,8852
2026-07-16T00:15:00Z,159.14893617021303,50.20689655172409,0,8853
2026-07-16T00:20:00Z,159.14893617021303,50.20689655172409,10,8854
2026-07-16T00:25:00Z,159.14893617021303,50.20689655172409,860.0000000000001,8855
2026-07-16T00:30:00Z,159.14893617021303,50.20689655172409,100,8856
2026-07-16T00:35:00Z,159.14893617021303,50.20689655172409,100,8857
2026-07-16T00:40:00Z,159.14893617021303,46.5089955022489,10,8858
2026-07-16T00:45:00Z,177.72094064949601,31.7173913043478,10,8859
2026-07-16T00:50:00Z,205.57894736842104,31.7173913043478,30,8860
2026-07-16T00:55:00Z,205.57894736842104,31.7173913043478,30,8861
2026-07-16T01:00:00Z,205.57894736842104,31.7173913043478,10,8862
2026-07-16T01:05:00Z,205.57894736842104,31.7173913043478,620,8863
2026-07-16T01:10:00Z,205.57894736842104,31.7173913043478,250,8864
2026-07-16T01:15:00Z,205.57894736842104,31.7173913043478,240.00000000000003,8865
2026-07-16T01:20:00Z,205.57894736842104,31.7173913043478,60,8866
2026-07-16T01:25:00Z,442.53117408906894,31.7173913043478,40,8867
2026-07-16T01:30:00Z,501.769230769231,45.48387096774189,20,8868
2026-07-16T01:35:00Z,533.3846153846159,45.48387096774189,10,8869
2026-07-16T01:40:00Z,659.8461538461539,45.48387096774189,0,8870
2026-07-16T01:45:00Z,659.8461538461539,45.48387096774189,140,8871
2026-07-16T01:50:00Z,311.51073876618386,45.48387096774189,160,8872
2026-07-16T01:55:00Z,79.2871287128713,45.48387096774189,140,8873
2026-07-16T02:00:00Z,79.2871287128713,50.459737156511395,60,8874
2026-07-16T02:05:00Z,79.2871287128713,51.7037037037037,130,8875
2026-07-16T02:10:00Z,79.2871287128713,51.7037037037037,70,8876
2026-07-16T02:15:00Z,79.2871287128713,51.7037037037037,50,8877
2026-07-16T02:20:00Z,79.2871287128713,51.7037037037037,40,8878
2026-07-16T02:25:00Z,79.2871287128713,43.8222222222222,210.00000000000003,8879
2026-07-16T02:30:00Z,79.2871287128713,32,220,8880
2026-07-16T02:35:00Z,79.2871287128713,32,140,8881
2026-07-16T02:40:00Z,79.2871287128713,32,190,8882
2026-07-16T02:45:00Z,79.2871287128713,32,380,8883
2026-07-16T02:50:00Z,79.2871287128713,32,540,8884
2026-07-16T02:55:00Z,79.2871287128713,32,190,8885
2026-07-16T03:00:00Z,79.2871287128713,32,70,8886
2026-07-16T03:05:00Z,79.2871287128713,32,200,8887
2026-07-16T03:10:00Z,79.2871287128713,96.87499999999999,30,8888
2026-07-16T03:15:00Z,79.2871287128713,96.87499999999999,10,8889
2026-07-16T03:20:00Z,79.2871287128713,96.87499999999999,40,8890
2026-07-16T03:25:00Z,79.2871287128713,379.97499999999997,50,8891
2026-07-16T03:30:00Z,83.73325283747889,415.2,0,8892
2026-07-16T03:35:00Z,90.4024390243902,116.14285714285698,20,8893
2026-07-16T03:40:00Z,90.4024390243902,116.14285714285698,30,8894
2026-07-16T03:45:00Z,90.4024390243902,166.31428571428597,0,8895
2026-07-16T03:50:00Z,90.4024390243902,216.08800000000002,0,8896
2026-07-16T03:55:00Z,90.4024390243902,115.48,0,8897
2026-07-16T04:05:00Z,90.4024390243902,115.48,30,8898
2026-07-16T04:10:00Z,90.4024390243902,115.48,20,8899
2026-07-16T04:15:00Z,90.4024390243902,637.5971282051279,50,8900
2026-07-16T04:20:00Z,90.4024390243902,99.025641025641,10,8901
2026-07-16T04:25:00Z,90.4024390243902,99.025641025641,0,8902
2026-07-16T04:30:00Z,90.4024390243902,99.025641025641,0,8903
2026-07-16T04:35:00Z,90.4024390243902,99.025641025641,0,8904
2026-07-16T04:40:00Z,90.4024390243902,99.025641025641,0,8905
2026-07-16T04:45:00Z,90.4024390243902,99.025641025641,0,8906
2026-07-16T04:50:00Z,90.4024390243902,99.025641025641,20,8907
2026-07-16T04:55:00Z,287.925925925926,277.915384615385,0,8908
2026-07-16T05:00:00Z,287.925925925926,769.5,0,8909
2026-07-16T05:05:00Z,287.925925925926,310,30,8910
2026-07-16T05:10:00Z,287.925925925926,43.21875000000001,10,8911
2026-07-16T05:15:00Z,287.925925925926,43.21875000000001,0,8912
2026-07-16T05:20:00Z,167.82385874246302,43.21875000000001,0,8913
2026-07-16T05:25:00Z,87.75581395348838,43.21875000000001,10,8914
2026-07-16T05:30:00Z,87.75581395348838,43.21875000000001,20,8915
2026-07-16T05:35:00Z,87.75581395348838,43.21875000000001,0,8916
2026-07-16T05:40:00Z,87.75581395348838,157.6875,100,8917
2026-07-16T05:45:00Z,87.75581395348838,206.36,0,8918
2026-07-16T05:50:00Z,87.75581395348838,164.9,40,8919
2026-07-16T05:55:00Z,87.75581395348838,125.82888888888897,90,8920
2026-07-16T06:00:00Z,87.75581395348838,67.2222222222222,10,8921
2026-07-16T06:05:00Z,87.75581395348838,67.2222222222222,60,8922
2026-07-16T06:10:00Z,87.75581395348838,67.2222222222222,120.00000000000001,8923
2026-07-16T06:15:00Z,87.75581395348838,281.044444444444,70,8924
2026-07-16T06:20:00Z,87.75581395348838,256.57142857142895,150.00000000000003,8925
2026-07-16T06:25:00Z,87.75581395348838,178.22857142857097,90,8926
2026-07-16T06:30:00Z,87.75581395348838,126,80,8927
2026-07-16T06:35:00Z,87.75581395348838,484.5,60,8928
2026-07-16T06:40:00Z,87.75581395348838,493.7,20,8929
2026-07-16T06:45:00Z,82.00985200845668,381.5,20,8930
2026-07-16T06:50:00Z,73.3909090909091,191.18,40,8931
2026-07-16T06:55:00Z,73.3909090909091,133.20888888888902,0,8932
2026-07-16T07:00:00Z,73.3909090909091,130.61111111111097,-20,8933
2026-07-16T07:05:00Z,73.3909090909091,130.61111111111097,60,8934
2026-07-16T07:10:00Z,73.3909090909091,112.975375375375,100,8935
2026-07-16T07:15:00Z,73.3909090909091,42.4324324324324,30,8936
2026-07-16T07:20:00Z,73.3909090909091,42.4324324324324,0,8937
2026-07-16T07:25:00Z,73.3909090909091,42.4324324324324,70,8938
2026-07-16T07:30:00Z,73.3909090909091,42.4324324324324,40,8939
2026-07-16T07:35:00Z,73.3909090909091,42.4324324324324,30,8940
2026-07-16T07:40:00Z,73.3909090909091,42.4324324324324,0,8941
2026-07-16T07:45:00Z,73.3909090909091,42.4324324324324,20,8942
2026-07-16T07:50:00Z,73.3909090909091,21.1773955773956,20,8943
2026-07-16T07:55:00Z,73.3909090909091,15.863636363636402,50,8944
2026-07-16T08:00:00Z,73.3909090909091,15.863636363636402,20,8945
2026-07-16T08:05:00Z,73.3909090909091,15.863636363636402,10,8946
2026-07-16T08:10:00Z,73.3909090909091,15.863636363636402,20,8947
2026-07-16T08:15:00Z,73.3909090909091,15.863636363636402,10,8948
2026-07-16T08:20:00Z,73.3909090909091,15.863636363636402,40,8949
2026-07-16T08:25:00Z,73.3909090909091,15.863636363636402,10,8950
2026-07-16T08:30:00Z,73.3909090909091,15.863636363636402,10,8951
2026-07-16T08:35:00Z,110.00845849802398,15.863636363636402,0,8952
2026-07-16T08:40:00Z,164.934782608696,15.863636363636402,20,8953
2026-07-16T08:45:00Z,164.934782608696,15.863636363636402,70,8954
2026-07-16T08:50:00Z,164.934782608696,15.863636363636402,30,8955
2026-07-16T08:55:00Z,164.934782608696,15.863636363636402,60,8956
2026-07-16T09:00:00Z,164.934782608696,15.863636363636402,40,8957
2026-07-16T09:05:00Z,164.934782608696,15.863636363636402,30,8958
2026-07-16T09:10:00Z,164.934782608696,15.863636363636402,20,8959
2026-07-16T09:15:00Z,164.934782608696,24.065909090909095,10,8960
2026-07-16T09:20:00Z,182.366576086957,56.875,50,8961
2026-07-16T09:25:00Z,252.09374999999997,56.875,30,8962
2026-07-16T09:30:00Z,252.09374999999997,56.875,0,8963
2026-07-16T09:35:00Z,252.09374999999997,56.875,10,8964
2026-07-16T09:40:00Z,252.09374999999997,73.82499999999999,20,8965
2026-07-16T09:45:00Z,252.09374999999997,99.25,70,8966
2026-07-16T09:50:00Z,252.09374999999997,99.25,50,8967
2026-07-16T09:55:00Z,95.3273214285714,110.84444444444401,90,8968
2026-07-16T10:00:00Z,56.1357142857143,157.222222222222,30,8969
2026-07-16T10:05:00Z,56.1357142857143,198.8,20,8970
2026-07-16T10:10:00Z,56.1357142857143,224.83333333333303,100,8971
2026-07-16T10:15:00Z,56.1357142857143,79.5,30,8972
2026-07-16T10:20:00Z,56.1357142857143,79.5,50,8973
2026-07-16T10:25:00Z,56.1357142857143,79.5,90,8974
2026-07-16T10:30:00Z,56.1357142857143,76.2461538461538,210.00000000000003,8975
2026-07-16T10:35:00Z,56.1357142857143,63.230769230769205,329.99999999999994,8976
2026-07-16T10:40:00Z,56.1357142857143,63.230769230769205,40,8977
2026-07-16T10:45:00Z,56.1357142857143,63.230769230769205,50,8978
2026-07-16T10:50:00Z,56.1357142857143,63.230769230769205,130,8979
2026-07-16T10:55:00Z,56.1357142857143,63.230769230769205,120.00000000000001,8980
2026-07-16T11:00:00Z,56.1357142857143,91.25,70,8981
2026-07-16T11:05:00Z,56.1357142857143,91.25,90,8982
2026-07-16T11:10:00Z,56.1357142857143,91.25,120.00000000000001,8983
2026-07-16T11:15:00Z,56.1357142857143,53.55,50,8984
2026-07-16T11:20:00Z,56.1357142857143,44.12500000000001,50,8985
2026-07-16T11:25:00Z,56.1357142857143,44.12500000000001,10,8986
2026-07-16T11:30:00Z,56.1357142857143,44.12500000000001,20,8987
2026-07-16T11:35:00Z,56.1357142857143,44.12500000000001,20,8988
2026-07-16T11:40:00Z,56.1357142857143,44.12500000000001,20,8989
2026-07-16T11:45:00Z,56.1357142857143,42.5365384615385,0,8990
2026-07-16T11:50:00Z,56.1357142857143,40.15384615384618,20,8991
2026-07-16T11:55:00Z,56.1357142857143,40.15384615384618,20,8992
2026-07-16T12:00:00Z,56.1357142857143,40.15384615384618,20,8993
2026-07-16T12:05:00Z,56.1357142857143,40.15384615384618,30,8994
2026-07-16T12:10:00Z,56.1357142857143,40.15384615384618,10,8995
2026-07-16T12:15:00Z,93.75181818181811,40.15384615384618,0,8996
2026-07-16T12:20:00Z,103.15584415584398,40.15384615384618,10,8997
2026-07-16T12:25:00Z,103.15584415584398,52.84153846153849,0,8998
2026-07-16T12:30:00Z,103.15584415584398,61.3,60,8999
2026-07-16T12:35:00Z,103.15584415584398,61.3,30,9000
2026-07-16T12:40:00Z,103.15584415584398,61.3,40,9001
2026-07-16T12:45:00Z,103.15584415584398,50.86146341463409,20,9002
2026-07-16T12:50:00Z,103.15584415584398,43.9024390243902,40,9003
2026-07-16T12:55:00Z,103.15584415584398,43.9024390243902,40,9004
2026-07-16T13:00:00Z,103.15584415584398,43.9024390243902,0,9005
2026-07-16T13:05:00Z,103.15584415584398,43.9024390243902,10,9006
2026-07-16T13:10:00Z,103.15584415584398,43.9024390243902,10,9007
2026-07-16T13:15:00Z,103.15584415584398,43.9024390243902,30,9008
2026-07-16T13:20:00Z,103.15584415584398,43.9024390243902,0,9009
2026-07-16T13:25:00Z,103.15584415584398,64.1164634146342,130,9010
2026-07-16T13:30:00Z,111.63776878858799,94.43750000000001,30,9011
2026-07-16T13:35:00Z,124.360655737705,94.43750000000001,0,9012
2026-07-16T13:40:00Z,124.360655737705,90.51,0,9013
2026-07-16T13:45:00Z,124.360655737705,74.8,0,9014
2026-07-16T13:50:00Z,124.360655737705,74.8,20,9015
2026-07-16T13:55:00Z,124.360655737705,74.8,120.00000000000001,9016
2026-07-16T14:00:00Z,124.360655737705,78.42750000000001,30,9017
2026-07-16T14:05:00Z,124.360655737705,92.93750000000001,10,9018
2026-07-16T14:10:00Z,124.360655737705,92.93750000000001,50,9019
2026-07-16T14:15:00Z,124.360655737705,92.93750000000001,100,9020
2026-07-16T14:20:00Z,124.360655737705,352.33333333333303,110,9021
2026-07-16T14:25:00Z,124.360655737705,274.282051282051,70,9022
2026-07-16T14:30:00Z,110.088524590164,134.692307692308,80,9023
2026-07-16T14:35:00Z,53,134.692307692308,80,9024
2026-07-16T14:40:00Z,53,224,90,9025
2026-07-16T14:45:00Z,53,163.27142857142903,20,9026
2026-07-16T14:50:00Z,53,122.78571428571401,120.00000000000001,9027
2026-07-16T14:55:00Z,31.8,122.78571428571401,120.00000000000001,9028
2026-07-16T15:00:00Z,16.148275862069,64.7857142857143,80,9029
2026-07-16T15:05:00Z,26.9137931034483,50.2857142857143,30,9030
2026-07-16T15:10:00Z,26.9137931034483,50.2857142857143,100,9031
2026-07-16T15:15:00Z,26.9137931034483,50.2857142857143,50,9032
2026-07-16T15:20:00Z,26.9137931034483,50.2857142857143,60,9033
2026-07-16T15:25:00Z,26.9137931034483,46.95746031746029,90,9034
2026-07-16T15:30:00Z,26.9137931034483,33.64444444444439,10,9035
2026-07-16T15:35:00Z,26.9137931034483,33.64444444444439,50,9036
2026-07-16T15:40:00Z,26.9137931034483,33.64444444444439,120.00000000000001,9037
2026-07-16T15:45:00Z,26.9137931034483,33.64444444444439,10,9038
2026-07-16T15:50:00Z,26.9137931034483,33.64444444444439,20,9039
2026-07-16T15:55:00Z,26.9137931034483,33.64444444444439,0,9040
2026-07-16T16:00:00Z,26.9137931034483,33.64444444444439,-10,9041
2026-07-16T16:05:00Z,26.9137931034483,33.64444444444439,0,9042
2026-07-16T16:10:00Z,26.9137931034483,39.12464646464648,20,9043
2026-07-16T16:15:00Z,26.9137931034483,61.0454545454545,20,9044
2026-07-16T16:20:00Z,26.9137931034483,61.0454545454545,20,9045
2026-07-16T16:25:00Z,26.9137931034483,61.0454545454545,20,9046
2026-07-16T16:30:00Z,26.9137931034483,61.0454545454545,20,9047
2026-07-16T16:35:00Z,26.9137931034483,50.38840125391849,20,9048
2026-07-16T16:40:00Z,26.9137931034483,47.724137931034505,20,9049
2026-07-16T16:45:00Z,26.9137931034483,47.724137931034505,20,9050
2026-07-16T16:50:00Z,26.9137931034483,47.724137931034505,20,9051
2026-07-16T16:55:00Z,33.4937304075235,47.724137931034505,20,9052
2026-07-16T17:00:00Z,43.36363636363639,47.724137931034505,20,9053
2026-07-16T17:05:00Z,43.36363636363639,50.96666666666669,20,9054
2026-07-16T17:10:00Z,43.36363636363639,50.96666666666669,20,9055
2026-07-16T17:15:00Z,43.36363636363639,50.96666666666669,20,9056
2026-07-16T17:20:00Z,43.36363636363639,50.96666666666669,20,9057
2026-07-16T17:25:00Z,43.36363636363639,50.96666666666669,20,9058
2026-07-16T17:30:00Z,43.36363636363639,50.96666666666669,20,9059
2026-07-16T17:35:00Z,43.36363636363639,52.416666666666686,20,9060
2026-07-16T17:40:00Z,43.36363636363639,52.416666666666686,20,9061
2026-07-16T17:45:00Z,43.36363636363639,52.416666666666686,20,9062
2026-07-16T17:50:00Z,83.07818181818176,52.416666666666686,20,9063
2026-07-16T17:55:00Z,142.65,67.48333333333329,20,9064
2026-07-16T18:00:00Z,142.65,127.75,20,9065
2026-07-16T18:05:00Z,142.65,127.75,20,9066
2026-07-16T18:10:00Z,168.426363636364,122.495454545455,20,9067
2026-07-16T18:15:00Z,207.090909090909,121.181818181818,20,9068
2026-07-16T18:20:00Z,223.11717171717197,131.818181818182,20,9069
2026-07-16T18:25:00Z,287.22222222222194,138.909090909091,20,9070
2026-07-16T18:30:00Z,224.2,116.94545454545501,20,9071
2026-07-16T18:35:00Z,129.66666666666697,84,20,9072
2026-07-16T18:40:00Z,129.66666666666697,84,20,9073
2026-07-16T18:45:00Z,129.66666666666697,94.89333333333329,20,9074
2026-07-16T18:50:00Z,233.293333333333,138.46666666666698,20,9075
2026-07-16T18:55:00Z,259.2,138.46666666666698,20,9076
2026-07-16T19:00:00Z,118.897142857143,136.12333333333302,20,9077
2026-07-16T19:05:00Z,83.82142857142858,126.75,20,9078
2026-07-16T19:10:00Z,83.82142857142858,126.75,20,9079
2026-07-16T19:15:00Z,83.82142857142858,95.56176470588241,20,9080
2026-07-16T19:20:00Z,83.82142857142858,87.7647058823529,20,9081
2026-07-16T19:25:00Z,79.89956709956711,87.7647058823529,20,9082
2026-07-16T19:30:00Z,64.21212121212119,62.43529411764709,20,9083
2026-07-16T19:35:00Z,64.21212121212119,24.441176470588196,20,9084
2026-07-16T19:40:00Z,64.21212121212119,24.441176470588196,20,9085
2026-07-16T19:45:00Z,64.21212121212119,24.441176470588196,20,9086
2026-07-16T19:50:00Z,64.21212121212119,24.441176470588196,20,9087
2026-07-16T19:55:00Z,64.21212121212119,24.441176470588196,20,9088
2026-07-16T20:00:00Z,65.30063795853269,24.441176470588196,20,9089
2026-07-16T20:05:00Z,66.0263157894737,24.441176470588196,20,9090
2026-07-16T20:10:00Z,66.0263157894737,24.441176470588196,20,9091
2026-07-16T20:15:00Z,66.0263157894737,24.441176470588196,20,9092
2026-07-16T20:20:00Z,66.0263157894737,24.441176470588196,20,9093
2026-07-16T20:25:00Z,66.0263157894737,24.441176470588196,20,9094
2026-07-16T20:30:00Z,66.0263157894737,24.441176470588196,20,9095
2026-07-16T20:35:00Z,66.0263157894737,24.441176470588196,20,9096
2026-07-16T20:40:00Z,240.545454545455,28.99592760181,20,9097
2026-07-16T20:45:00Z,240.545454545455,30.134615384615405,20,9098
2026-07-16T20:50:00Z,157.10909090909098,30.134615384615405,20,9099
2026-07-16T20:55:00Z,136.25,30.134615384615405,20,9100
2026-07-16T21:00:00Z,136.25,30.134615384615405,20,9101
2026-07-16T21:05:00Z,231.32000000000002,30.134615384615405,20,9102
2026-07-16T21:10:00Z,294.7,30.134615384615405,20,9103
2026-07-16T21:15:00Z,228.418461538461,30.134615384615405,20,9104
2026-07-16T21:20:00Z,184.23076923076897,30.134615384615405,20,9105
2026-07-16T21:25:00Z,184.23076923076897,30.134615384615405,20,9106
2026-07-16T21:30:00Z,122.27777777777798,39.066483516483494,20,9107
2026-07-16T21:35:00Z,122.27777777777798,52.4642857142857,20,9108
2026-07-16T21:40:00Z,122.27777777777798,52.4642857142857,20,9109
2026-07-16T21:45:00Z,160.04358974358996,52.4642857142857,20,9110
2026-07-16T21:50:00Z,216.692307692308,52.4642857142857,20,9111
2026-07-16T21:55:00Z,216.692307692308,52.4642857142857,20,9112
2026-07-16T22:00:00Z,215.178461538462,35.4493788819876,20,9113
2026-07-16T22:05:00Z,214.8,31.195652173912997,20,9114
2026-07-16T22:10:00Z,226.426666666666,31.195652173912997,20,9115
2026-07-16T22:15:00Z,229.33333333333303,31.195652173912997,20,9116
2026-07-16T22:20:00Z,160.818181818182,31.195652173912997,20,9117
2026-07-16T22:25:00Z,58.0454545454545,31.195652173912997,20,9118
2026-07-16T22:30:00Z,58.0454545454545,31.195652173912997,20,9119
2026-07-16T22:35:00Z,58.0454545454545,31.195652173912997,20,9120
2026-07-16T22:40:00Z,58.0454545454545,31.195652173912997,20,9121
2026-07-16T22:45:00Z,58.0454545454545,83.0600790513834,20,9122
2026-07-16T22:50:00Z,58.0454545454545,117.636363636364,20,9123
2026-07-16T22:55:00Z,58.0454545454545,99.51515151515149,20,9124
2026-07-16T23:00:00Z,58.0454545454545,72.33333333333329,20,9125
2026-07-16T23:05:00Z,291.2681818181819,72.33333333333329,20,9126
2026-07-16T23:10:00Z,446.75,72.33333333333329,20,9127
2026-07-16T23:15:00Z,213.25,94.46666666666671,20,9128
2026-07-16T23:20:00Z,213.25,183,20,9129
2026-07-16T23:25:00Z,112.39375,147.969230769231,20,9130
2026-07-16T23:30:00Z,45.15625,124.615384615385,20,9131
2026-07-16T23:35:00Z,45.15625,124.615384615385,20,9132
2026-07-16T23:40:00Z,45.15625,111.25,20,9133
2026-07-16T23:45:00Z,45.15625,111.25,20,9134
2026-07-16T23:50:00Z,45.15625,179.27499999999998,20,9135
2026-07-16T23:55:00Z,45.15625,224.625,20,9136
2026-07-17T00:00:00Z,34.91304347826089,115.33333333333299,20,9137
2026-07-17T00:05:00Z,34.91304347826089,115.33333333333299,20,9138
2026-07-17T00:10:00Z,34.91304347826089,70.91472868217052,20,9139
2026-07-17T00:15:00Z,34.91304347826089,41.302325581395394,20,9140
2026-07-17T00:20:00Z,34.91304347826089,41.302325581395394,20,9141
2026-07-17T00:25:00Z,34.91304347826089,41.302325581395394,20,9142
2026-07-17T00:30:00Z,34.91304347826089,41.302325581395394,20,9143
2026-07-17T00:35:00Z,34.91304347826089,41.302325581395394,20,9144
2026-07-17T00:40:00Z,34.91304347826089,41.302325581395394,20,9145
2026-07-17T00:45:00Z,34.91304347826089,41.302325581395394,20,9146
2026-07-17T00:50:00Z,34.91304347826089,41.302325581395394,20,9147
2026-07-17T00:55:00Z,34.91304347826089,154.8,20,9148
2026-07-17T01:00:00Z,34.91304347826089,154.8,20,9149
2026-07-17T01:05:00Z,34.91304347826089,41.948717948717906,20,9150
2026-07-17T01:10:00Z,53.266666666666694,41.948717948717906,20,9151
2026-07-17T01:15:00Z,53.266666666666694,41.948717948717906,20,9152
2026-07-17T01:20:00Z,53.266666666666694,41.948717948717906,20,9153
2026-07-17T01:25:00Z,53.266666666666694,41.948717948717906,20,9154
2026-07-17T01:30:00Z,53.266666666666694,41.948717948717906,20,9155
2026-07-17T01:35:00Z,53.266666666666694,41.948717948717906,20,9156
2026-07-17T01:40:00Z,53.266666666666694,55.225641025640996,20,9157
2026-07-17T01:45:00Z,53.266666666666694,108.33333333333299,20,9158
2026-07-17T01:50:00Z,53.266666666666694,108.33333333333299,20,9159
2026-07-17T01:55:00Z,84.79310344827593,108.33333333333299,20,9160
2026-07-17T02:00:00Z,84.79310344827593,158.75833333333304,20,9161
2026-07-17T02:05:00Z,84.79310344827593,192.375,20,9162
2026-07-17T02:10:00Z,84.79310344827593,217.14285714285697,20,9163
2026-07-17T02:15:00Z,84.79310344827593,160.15714285714304,20,9164
2026-07-17T02:20:00Z,97.08448275862068,122.16666666666701,20,9165
2026-07-17T02:25:00Z,146.25,150.53333333333302,20,9166
2026-07-17T02:30:00Z,146.25,264,20,9167
2026-07-17T02:35:00Z,146.25,87.7222222222222,20,9168
2026-07-17T02:40:00Z,106.6,87.7222222222222,20,9169
2026-07-17T02:45:00Z,106.6,87.7222222222222,20,9170
2026-07-17T02:50:00Z,106.6,106.233333333333,20,9171
2026-07-17T02:55:00Z,106.6,134,20,9172
2026-07-17T03:00:00Z,207.818181818182,143.8,20,9173
2026-07-17T03:05:00Z,207.818181818182,183,20,9174
2026-07-17T03:10:00Z,259.51919191919194,175.96,20,9175
2026-07-17T03:15:00Z,272.444444444444,174.2,20,9176
2026-07-17T03:20:00Z,72.6111111111111,63.5447619047619,20,9177
2026-07-17T03:25:00Z,72.6111111111111,35.8809523809524,20,9178
2026-07-17T03:30:00Z,72.6111111111111,35.8809523809524,20,9179
2026-07-17T03:35:00Z,72.6111111111111,35.8809523809524,20,9180
2026-07-17T03:40:00Z,72.6111111111111,35.8809523809524,20,9181
2026-07-17T03:45:00Z,72.6111111111111,35.8809523809524,20,9182
2026-07-17T03:50:00Z,72.6111111111111,35.8809523809524,20,9183
2026-07-17T03:55:00Z,56.7419405320813,35.8809523809524,20,9184
2026-07-17T04:05:00Z,52.774647887323894,499.72499999999997,20,9185
2026-07-17T04:10:00Z,52.774647887323894,241.625,20,9186
2026-07-17T04:15:00Z,52.774647887323894,191.69,20,9187
2026-07-17T04:20:00Z,52.774647887323894,158.4,20,9188
2026-07-17T04:25:00Z,52.774647887323894,90.2810526315789,20,9189
2026-07-17T04:30:00Z,52.774647887323894,44.86842105263159,20,9190
2026-07-17T04:35:00Z,52.774647887323894,44.86842105263159,20,9191
2026-07-17T04:40:00Z,52.774647887323894,44.86842105263159,20,9192
2026-07-17T04:45:00Z,52.774647887323894,44.86842105263159,20,9193
2026-07-17T04:50:00Z,52.774647887323894,44.86842105263159,20,9194
2026-07-17T04:55:00Z,52.774647887323894,44.86842105263159,20,9195
2026-07-17T05:00:00Z,52.774647887323894,44.86842105263159,20,9196
2026-07-17T05:05:00Z,382.78485915493,40.4,20,9197
2026-07-17T05:10:00Z,194.375,40.4,20,9198
2026-07-17T05:15:00Z,194.375,40.4,20,9199
2026-07-17T05:20:00Z,194.375,40.4,20,9200
2026-07-17T05:25:00Z,194.375,40.4,20,9201
2026-07-17T05:30:00Z,215.51730769230798,40.4,20,9202
2026-07-17T05:35:00Z,247.23076923076897,40.4,20,9203
2026-07-17T05:40:00Z,247.23076923076897,42.1142857142857,20,9204
2026-07-17T05:45:00Z,67.37303556658387,42.1142857142857,20,9205
2026-07-17T05:50:00Z,22.408602150537593,42.1142857142857,20,9206
2026-07-17T05:55:00Z,22.408602150537593,42.1142857142857,20,9207
2026-07-17T06:00:00Z,22.408602150537593,42.1142857142857,20,9208
2026-07-17T06:05:00Z,22.408602150537593,42.1142857142857,20,9209
2026-07-17T06:10:00Z,22.408602150537593,42.1142857142857,20,9210
2026-07-17T06:15:00Z,22.408602150537593,31.20833333333329,20,9211
2026-07-17T06:20:00Z,22.408602150537593,31.20833333333329,20,9212
2026-07-17T06:25:00Z,22.408602150537593,31.20833333333329,20,9213
2026-07-17T06:30:00Z,22.408602150537593,31.20833333333329,20,9214
2026-07-17T06:35:00Z,22.408602150537593,31.20833333333329,20,9215
2026-07-17T06:40:00Z,22.408602150537593,31.20833333333329,20,9216
2026-07-17T06:45:00Z,22.408602150537593,31.20833333333329,20,9217
2026-07-17T06:50:00Z,22.408602150537593,31.20833333333329,20,9218
2026-07-17T06:55:00Z,22.408602150537593,31.20833333333329,20,9219
2026-07-17T07:00:00Z,22.408602150537593,51.948529411764696,20,9220
2026-07-17T07:05:00Z,22.408602150537593,83.0588235294118,20,9221
2026-07-17T07:10:00Z,22.408602150537593,83.0588235294118,20,9222
2026-07-17T07:15:00Z,392.92688172043,83.0588235294118,20,9223
2026-07-17T07:20:00Z,469.676923076923,94.47058823529409,20,9224
2026-07-17T07:25:00Z,118.346153846154,94.47058823529409,20,9225
2026-07-17T07:30:00Z,118.346153846154,94.47058823529409,20,9226
2026-07-17T07:35:00Z,118.346153846154,104.80361990950202,20,9227
2026-07-17T07:40:00Z,118.346153846154,111.69230769230799,20,9228
2026-07-17T07:45:00Z,155.56923076923098,111.69230769230799,20,9229
2026-07-17T07:50:00Z,180.38461538461502,89.1875,20,9230
2026-07-17T07:55:00Z,180.38461538461502,89.1875,20,9231
2026-07-17T08:00:00Z,178.61904761904796,89.1875,20,9232
2026-07-17T08:05:00Z,178.61904761904796,156.9375,20,9233
2026-07-17T08:10:00Z,178.61904761904796,176.62,20,9234
2026-07-17T08:15:00Z,178.61904761904796,187.6,20,9235
2026-07-17T08:20:00Z,2054.28095238095,156.18625,20,9236
2026-07-17T08:25:00Z,147.392857142857,30.531250000000004,20,9237
2026-07-17T08:30:00Z,147.392857142857,30.531250000000004,20,9238
2026-07-17T08:35:00Z,147.392857142857,30.531250000000004,20,9239
2026-07-17T08:40:00Z,147.392857142857,30.531250000000004,20,9240
2026-07-17T08:45:00Z,147.392857142857,30.531250000000004,20,9241
2026-07-17T08:50:00Z,1462.78968253968,30.531250000000004,20,9242
2026-07-17T08:55:00Z,252.77777777777797,26.750694444444402,20,9243
2026-07-17T09:00:00Z,446.71111111111094,25.8055555555556,20,9244
2026-07-17T09:05:00Z,630.4,25.8055555555556,20,9245
2026-07-17T09:10:00Z,546.8285714285721,25.8055555555556,20,9246
2026-07-17T09:15:00Z,372.90989010989006,25.8055555555556,20,9247
2026-07-17T09:20:00Z,117.69230769230799,25.8055555555556,20,9248
2026-07-17T09:25:00Z,117.69230769230799,25.8055555555556,20,9249
2026-07-17T09:30:00Z,267.97692307692296,25.8055555555556,20,9250
2026-07-17T09:35:00Z,368.166666666667,25.8055555555556,20,9251
2026-07-17T09:40:00Z,316.1190476190481,25.8055555555556,20,9252
2026-07-17T09:45:00Z,107.92857142857099,25.8055555555556,20,9253
2026-07-17T09:50:00Z,107.92857142857099,25.8055555555556,20,9254
2026-07-17T09:55:00Z,149.64603174603099,25.8055555555556,20,9255
2026-07-17T10:00:00Z,212.222222222222,25.8055555555556,20,9256
2026-07-17T10:05:00Z,212.222222222222,208.10833333333304,20,9257
2026-07-17T10:10:00Z,212.222222222222,140.125,20,9258
2026-07-17T10:15:00Z,161.164444444444,140.125,20,9259
2026-07-17T10:20:00Z,148.4,140.125,20,9260
2026-07-17T10:25:00Z,148.4,140.125,20,9261
2026-07-17T10:30:00Z,277.91999999999996,115.28879310344799,20,9262
2026-07-17T10:35:00Z,310.3,78.03448275862068,20,9263
2026-07-17T10:40:00Z,158.481052631579,78.03448275862068,20,9264
2026-07-17T10:45:00Z,120.526315789474,78.03448275862068,20,9265
2026-07-17T10:50:00Z,120.526315789474,78.03448275862068,20,9266
2026-07-17T10:55:00Z,120.526315789474,78.03448275862068,20,9267
2026-07-17T11:00:00Z,89.91428571428571,62.39310344827591,20,9268
2026-07-17T11:05:00Z,89.91428571428571,51.96551724137931,20,9269
2026-07-17T11:10:00Z,89.91428571428571,51.96551724137931,20,9270
2026-07-17T11:15:00Z,89.91428571428571,51.96551724137931,20,9271
2026-07-17T11:20:00Z,89.91428571428571,51.96551724137931,20,9272
2026-07-17T11:25:00Z,89.91428571428571,51.96551724137931,20,9273
2026-07-17T11:30:00Z,89.91428571428571,23.438001407459502,20,9274
2026-07-17T11:35:00Z,147.17647058823502,16.306122448979597,20,9275
2026-07-17T11:40:00Z,147.17647058823502,16.306122448979597,20,9276
2026-07-17T11:45:00Z,147.17647058823502,16.306122448979597,20,9277
2026-07-17T11:50:00Z,76.28438133874229,16.306122448979597,20,9278
2026-07-17T11:55:00Z,29.022988505747097,16.306122448979597,20,9279
2026-07-17T12:00:00Z,29.022988505747097,16.306122448979597,20,9280
2026-07-17T12:05:00Z,29.022988505747097,16.306122448979597,20,9281
2026-07-17T12:10:00Z,29.022988505747097,16.306122448979597,20,9282
2026-07-17T12:15:00Z,29.022988505747097,16.306122448979597,20,9283
2026-07-17T12:20:00Z,29.022988505747097,220.692307692308,20,9284
2026-07-17T12:25:00Z,29.022988505747097,220.692307692308,20,9285
2026-07-17T12:30:00Z,29.022988505747097,159.710622710623,20,9286
2026-07-17T12:35:00Z,29.022988505747097,68.2380952380952,20,9287
2026-07-17T12:40:00Z,29.022988505747097,68.2380952380952,20,9288
2026-07-17T12:45:00Z,29.022988505747097,68.2380952380952,20,9289
2026-07-17T12:50:00Z,29.022988505747097,105.42380952381001,20,9290
2026-07-17T12:55:00Z,29.022988505747097,254.16666666666697,20,9291
2026-07-17T13:00:00Z,29.022988505747097,187.09523809523802,20,9292
2026-07-17T13:05:00Z,29.022988505747097,187.09523809523802,20,9293
2026-07-17T13:10:00Z,29.022988505747097,187.09523809523802,20,9294
2026-07-17T13:15:00Z,38.87765006385689,187.09523809523802,20,9295
2026-07-17T13:20:00Z,78.2962962962963,885.5990476190481,20,9296
2026-07-17T13:25:00Z,78.2962962962963,622.3,20,9297
2026-07-17T13:30:00Z,78.2962962962963,253.151578947368,20,9298
2026-07-17T13:35:00Z,78.2962962962963,7.052631578947369,20,9299
2026-07-17T13:40:00Z,78.2962962962963,7.052631578947369,20,9300
2026-07-17T13:45:00Z,607.659259259259,7.052631578947369,20,9301
2026-07-17T13:50:00Z,275.2,852.6105263157889,20,9302
2026-07-17T13:55:00Z,159,135.57142857142904,20,9303
2026-07-17T14:00:00Z,159,398.3285714285709,20,9304
2026-07-17T14:05:00Z,400.91999999999996,531.3,20,9305
2026-07-17T14:10:00Z,828.6800000000001,483.8,20,9306
2026-07-17T14:15:00Z,1287.55,301.692307692308,20,9307
2026-07-17T14:20:00Z,450.62142857142896,160.461538461538,20,9308
2026-07-17T14:25:00Z,376.914285714286,160.461538461538,20,9309
2026-07-17T14:30:00Z,453.714285714286,447.509615384615,20,9310
2026-07-17T14:35:00Z,927.6,638.875,20,9311
2026-07-17T14:40:00Z,1788.2,147.25,20,9312
2026-07-17T14:45:00Z,1346.2,147.25,20,9313
2026-07-17T14:50:00Z,790.333333333333,179.5,20,9314
2026-07-17T14:55:00Z,834.866666666667,198.6,20,9315
2026-07-17T15:00:00Z,687.8,195,20,9316
2026-07-17T15:05:00Z,4850.6,195,20,9317
2026-07-17T15:10:00Z,1851.9,136.2,20,9318
2026-07-17T15:15:00Z,2126.3,121.5,20,9319
2026-07-17T15:20:00Z,1259.4666666666703,122.35,20,9320
2026-07-17T15:25:00Z,586.64761904762,123.62499999999999,20,9321
2026-07-17T15:30:00Z,438.81904761904707,279.6583333333331,20,9322
2026-07-17T15:35:00Z,595.866666666666,208.826666666667,20,9323
2026-07-17T15:40:00Z,825.9499999999999,135.6,20,9324
2026-07-17T15:45:00Z,1259.3166666666702,118.48,20,9325
2026-07-17T15:50:00Z,495.6,107.06666666666702,20,9326
2026-07-17T15:55:00Z,337.08333333333303,107.06666666666702,20,9327
2026-07-17T16:00:00Z,281.05,69.2266666666667,20,9328
2026-07-17T16:05:00Z,197,44,20,9329
2026-07-17T16:10:00Z,197,44,20,9330
2026-07-17T16:15:00Z,97.57142857142858,44,20,9331
2026-07-17T16:20:00Z,97.57142857142858,44,20,9332
2026-07-17T16:25:00Z,240.97714285714304,44,20,9333
2026-07-17T16:30:00Z,701.926153846154,44,20,9334
2026-07-17T16:35:00Z,251.23076923076897,54.839999999999996,20,9335
2026-07-17T16:40:00Z,251.23076923076897,62.06666666666669,20,9336
2026-07-17T16:45:00Z,2270.8923076923106,62.06666666666669,20,9337
2026-07-17T16:50:00Z,725.686486486486,62.06666666666669,20,9338
2026-07-17T16:55:00Z,133.10810810810798,62.06666666666669,20,9339
2026-07-17T17:00:00Z,133.10810810810798,62.06666666666669,20,9340
2026-07-17T17:05:00Z,133.10810810810798,38.683809523809494,20,9341
2026-07-17T17:10:00Z,133.10810810810798,23.0952380952381,20,9342
2026-07-17T17:15:00Z,133.10810810810798,23.0952380952381,20,9343
2026-07-17T17:20:00Z,133.10810810810798,23.0952380952381,20,9344
2026-07-17T17:25:00Z,865.9648648648649,23.0952380952381,20,9345
2026-07-17T17:30:00Z,1652.3666666666702,23.0952380952381,20,9346
2026-07-17T17:35:00Z,1580.1333333333296,23.0952380952381,20,9347
2026-07-17T17:40:00Z,617.8,23.0952380952381,20,9348
2026-07-17T17:45:00Z,458.33333333333303,23.0952380952381,20,9349
2026-07-17T17:50:00Z,747.0666666666671,23.0952380952381,20,9350
2026-07-17T17:55:00Z,706.8,23.0952380952381,20,9351
2026-07-17T18:00:00Z,375.375,23.0952380952381,20,9352
2026-07-17T18:05:00Z,455.14500000000004,23.0952380952381,20,9353
2026-07-17T18:10:00Z,580.9599999999999,41.69444444444439,20,9354
2026-07-17T18:15:00Z,456.643076923077,41.69444444444439,20,9355
2026-07-17T18:20:00Z,256.307692307692,41.69444444444439,20,9356
2026-07-17T18:25:00Z,256.307692307692,41.69444444444439,20,9357
2026-07-17T18:30:00Z,349.12820512820497,41.69444444444439,20,9358
2026-07-17T18:35:00Z,372.33333333333303,41.69444444444439,20,9359
2026-07-17T18:40:00Z,187,41.69444444444439,20,9360
2026-07-17T18:45:00Z,187,635.0988888888891,20,9361
2026-07-17T18:50:00Z,187,327.61333333333306,20,9362
2026-07-17T18:55:00Z,420.2,60.9333333333333,20,9363
2026-07-17T19:00:00Z,1473.9333333333298,60.9333333333333,20,9364
2026-07-17T19:05:00Z,1053.0666666666702,376.08,20,9365
2026-07-17T19:10:00Z,1784.2,811.88,20,9366
2026-07-17T19:15:00Z,2556,1334.0666666666702,20,9367
2026-07-17T19:20:00Z,608.2,449.233333333333,20,9368
2026-07-17T19:25:00Z,1377.3,220.06,20,9369
2026-07-17T19:30:00Z,2031.3666666666702,193.4,20,9370
2026-07-17T19:35:00Z,195.66666666666697,1073.44,20,9371
2026-07-17T19:40:00Z,195.66666666666697,1555.2,20,9372
2026-07-17T19:45:00Z,195.66666666666697,1207.5,20,9373
2026-07-17T19:50:00Z,195.66666666666697,821.5,20,9374
2026-07-17T19:55:00Z,195.66666666666697,813.2,20,9375
2026-07-17T20:00:00Z,290.5,643.4,20,9376
2026-07-17T20:05:00Z,290.5,3659.4,20,9377
2026-07-17T20:10:00Z,290.5,2055.8,20,9378
2026-07-17T20:15:00Z,290.5,2081,20,9379
2026-07-17T20:20:00Z,190.3,1491,20,9380
2026-07-17T20:25:00Z,123.5,450.91999999999996,20,9381
2026-07-17T20:30:00Z,153.690909090909,273.32,20,9382
2026-07-17T20:35:00Z,274.454545454545,295.38776220877196,20,9383
2026-07-17T20:40:00Z,274.454545454545,147.77858386535095,20,9384
2026-07-17T20:45:00Z,274.454545454545,147.77858386535095,20,9385
2026-07-17T20:50:00Z,274.454545454545,147.77858386535095,20,9386
2026-07-17T20:55:00Z,75.85607038123159,147.77858386535095,20,9387
2026-07-17T21:00:00Z,26.206451612903198,147.77858386535095,20,9388
2026-07-17T21:05:00Z,26.206451612903198,147.77858386535095,20,9389
2026-07-17T21:10:00Z,26.206451612903198,147.77858386535095,20,9390
2026-07-17T21:15:00Z,26.206451612903198,147.77858386535095,20,9391
2026-07-17T21:20:00Z,26.206451612903198,147.77858386535095,20,9392
2026-07-17T21:25:00Z,26.206451612903198,147.77858386535095,20,9393
2026-07-17T21:30:00Z,26.206451612903198,147.77858386535095,20,9394
2026-07-17T21:35:00Z,26.206451612903198,147.77858386535095,20,9395
2026-07-17T21:40:00Z,26.206451612903198,147.77858386535095,20,9396
2026-07-17T21:45:00Z,26.206451612903198,147.77858386535095,20,9397
2026-07-17T21:50:00Z,26.206451612903198,147.77858386535095,20,9398
2026-07-17T21:55:00Z,26.206451612903198,147.77858386535095,20,9399
2026-07-17T22:00:00Z,26.206451612903198,147.77858386535095,20,9400
2026-07-17T22:05:00Z,26.206451612903198,147.77858386535095,20,9401
2026-07-17T22:10:00Z,26.206451612903198,147.77858386535095,20,9402
2026-07-17T22:15:00Z,26.206451612903198,147.77858386535095,20,9403
2026-07-17T22:20:00Z,26.206451612903198,147.77858386535095,20,9404
2026-07-17T22:25:00Z,26.206451612903198,147.77858386535095,20,9405
2026-07-17T22:30:00Z,26.206451612903198,147.77858386535095,20,9406
2026-07-17T22:35:00Z,26.206451612903198,147.77858386535095,20,9407
2026-07-17T22:40:00Z,26.206451612903198,147.77858386535095,20,9408
2026-07-17T22:45:00Z,26.206451612903198,147.77858386535095,20,9409
2026-07-17T22:50:00Z,26.206451612903198,147.77858386535095,20,9410
2026-07-17T22:55:00Z,26.206451612903198,147.77858386535095,20,9411
2026-07-17T23:00:00Z,26.206451612903198,147.77858386535095,20,9412
2026-07-17T23:05:00Z,26.206451612903198,147.77858386535095,20,9413
2026-07-17T23:10:00Z,26.206451612903198,147.77858386535095,20,9414
2026-07-17T23:15:00Z,26.206451612903198,147.77858386535095,20,9415
2026-07-17T23:20:00Z,26.206451612903198,147.77858386535095,20,9416
2026-07-17T23:25:00Z,26.206451612903198,147.77858386535095,20,9417
2026-07-17T23:30:00Z,8.72700460829493,147.77858386535095,20,9418
2026-07-17T23:35:00Z,4.357142857142859,147.77858386535095,20,9419
2026-07-17T23:40:00Z,4.357142857142859,147.77858386535095,20,9420
2026-07-17T23:45:00Z,4.357142857142859,147.77858386535095,20,9421
2026-07-17T23:50:00Z,4.357142857142859,147.77858386535095,20,9422
2026-07-17T23:55:00Z,4.357142857142859,147.77858386535095,20,9423
2026-07-18T00:00:00Z,3.0170454545454497,147.77858386535095,20,9424
2026-07-18T00:05:00Z,3.0170454545454497,147.77858386535095,20,9425
2026-07-18T00:10:00Z,3.0170454545454497,147.77858386535095,20,9426
2026-07-18T00:15:00Z,3.0170454545454497,147.77858386535095,20,9427
2026-07-18T00:20:00Z,3.0170454545454497,147.77858386535095,20,9428
2026-07-18T00:25:00Z,3.0170454545454497,147.77858386535095,20,9429
2026-07-18T00:30:00Z,3.0170454545454497,147.77858386535095,20,9430
2026-07-18T00:35:00Z,3.0170454545454497,147.77858386535095,20,9431
2026-07-18T00:40:00Z,3.0170454545454497,147.77858386535095,20,9432
2026-07-18T00:45:00Z,3.0170454545454497,147.77858386535095,20,9433
2026-07-18T00:50:00Z,3.0170454545454497,147.77858386535095,20,9434
2026-07-18T00:55:00Z,3.0170454545454497,147.77858386535095,20,9435
2026-07-18T01:00:00Z,3.0170454545454497,147.77858386535095,20,9436
2026-07-18T01:05:00Z,3.0170454545454497,147.77858386535095,20,9437
2026-07-18T01:10:00Z,3.0170454545454497,147.77858386535095,20,9438
2026-07-18T01:15:00Z,3.0170454545454497,147.77858386535095,20,9439
2026-07-18T01:20:00Z,3.0170454545454497,147.77858386535095,20,9440
2026-07-18T01:25:00Z,3.0170454545454497,147.77858386535095,20,9441
2026-07-18T01:30:00Z,3.0170454545454497,147.77858386535095,20,9442
2026-07-18T01:35:00Z,3.0170454545454497,147.77858386535095,20,9443
2026-07-18T01:40:00Z,3.0170454545454497,147.77858386535095,20,9444
2026-07-18T01:45:00Z,3.0170454545454497,147.77858386535095,20,9445
2026-07-18T01:50:00Z,3.0170454545454497,147.77858386535095,20,9446
2026-07-18T01:55:00Z,3.0170454545454497,147.77858386535095,20,9447
2026-07-18T02:00:00Z,3.0170454545454497,147.77858386535095,20,9448
2026-07-18T02:05:00Z,3.0170454545454497,147.77858386535095,20,9449
2026-07-18T02:10:00Z,3.0170454545454497,147.77858386535095,20,9450
2026-07-18T02:15:00Z,3.0170454545454497,147.77858386535095,20,9451
2026-07-18T02:20:00Z,3.0170454545454497,147.77858386535095,20,9452
2026-07-18T02:25:00Z,3.0170454545454497,147.77858386535095,20,9453
2026-07-18T02:30:00Z,3.0170454545454497,147.77858386535095,20,9454
2026-07-18T02:35:00Z,3.0170454545454497,147.77858386535095,20,9455
2026-07-18T02:40:00Z,3.0170454545454497,147.77858386535095,20,9456
2026-07-18T02:45:00Z,3.0170454545454497,147.77858386535095,20,9457
2026-07-18T02:50:00Z,3.0170454545454497,147.77858386535095,20,9458
2026-07-18T02:55:00Z,3.0170454545454497,147.77858386535095,20,9459
2026-07-18T03:00:00Z,NA,147.77858386535095,20,9460
2026-07-18T03:05:00Z,NA,147.77858386535095,20,9461
2026-07-18T03:10:00Z,NA,147.77858386535095,20,9462
2026-07-18T03:15:00Z,NA,147.77858386535095,20,9463
2026-07-18T03:20:00Z,NA,147.77858386535095,20,9464
2026-07-18T03:25:00Z,NA,147.77858386535095,20,9465
2026-07-18T03:30:00Z,NA,147.77858386535095,20,9466
2026-07-18T03:35:00Z,NA,147.77858386535095,20,9467
2026-07-18T03:40:00Z,NA,147.77858386535095,20,9468
2026-07-18T03:45:00Z,NA,147.77858386535095,20,9469
2026-07-18T03:50:00Z,NA,147.77858386535095,20,9470
2026-07-18T03:55:00Z,NA,147.77858386535095,20,9471
2026-07-18T04:05:00Z,NA,147.77858386535095,NA,9472
2026-07-18T04:10:00Z,NA,147.77858386535095,NA,9473
2026-07-18T04:15:00Z,NA,147.77858386535095,NA,9474
2026-07-18T04:20:00Z,NA,147.77858386535095,NA,9475
2026-07-18T04:25:00Z,NA,147.77858386535095,NA,9476
2026-07-18T04:30:00Z,NA,147.77858386535095,NA,9477
2026-07-18T04:35:00Z,NA,147.77858386535095,NA,9478
2026-07-18T04:40:00Z,NA,147.77858386535095,NA,9479
2026-07-18T04:45:00Z,NA,147.77858386535095,NA,9480
2026-07-18T04:50:00Z,NA,147.77858386535095,NA,9481
2026-07-18T04:55:00Z,NA,147.77858386535095,NA,9482
2026-07-18T05:00:00Z,NA,147.77858386535095,NA,9483
2026-07-18T05:05:00Z,NA,147.77858386535095,NA,9484
2026-07-18T05:10:00Z,NA,147.77858386535095,NA,9485
2026-07-18T05:15:00Z,NA,147.77858386535095,NA,9486
2026-07-18T05:20:00Z,NA,147.77858386535095,NA,9487
2026-07-18T05:25:00Z,NA,147.77858386535095,NA,9488
2026-07-18T05:30:00Z,NA,147.77858386535095,NA,9489
2026-07-18T05:35:00Z,NA,147.77858386535095,NA,9490
2026-07-18T05:40:00Z,NA,147.77858386535095,NA,9491
2026-07-18T05:45:00Z,NA,147.77858386535095,NA,9492
2026-07-18T05:50:00Z,NA,147.77858386535095,NA,9493
2026-07-18T05:55:00Z,NA,147.77858386535095,NA,9494
2026-07-18T06:00:00Z,NA,147.77858386535095,NA,9495
2026-07-18T06:05:00Z,NA,147.77858386535095,NA,9496
2026-07-18T06:10:00Z,NA,147.77858386535095,NA,9497
2026-07-18T06:15:00Z,NA,147.77858386535095,NA,9498
2026-07-18T06:20:00Z,NA,147.77858386535095,NA,9499
2026-07-18T06:25:00Z,NA,147.77858386535095,NA,9500
2026-07-18T06:30:00Z,NA,147.77858386535095,NA,9501
2026-07-18T06:35:00Z,NA,147.77858386535095,NA,9502
2026-07-18T06:40:00Z,NA,147.77858386535095,NA,9503
2026-07-18T06:45:00Z,NA,147.77858386535095,NA,9504
2026-07-18T06:50:00Z,NA,147.77858386535095,NA,9505
2026-07-18T06:55:00Z,NA,147.77858386535095,NA,9506
2026-07-18T07:00:00Z,NA,147.77858386535095,NA,9507
2026-07-18T07:05:00Z,NA,147.77858386535095,NA,9508
2026-07-18T07:10:00Z,NA,147.77858386535095,NA,9509
2026-07-18T07:15:00Z,NA,147.77858386535095,NA,9510
2026-07-18T07:20:00Z,NA,147.77858386535095,NA,9511
2026-07-18T07:25:00Z,NA,147.77858386535095,NA,9512
2026-07-18T07:30:00Z,NA,147.77858386535095,NA,9513
2026-07-18T07:35:00Z,NA,147.77858386535095,NA,9514
2026-07-18T07:40:00Z,NA,147.77858386535095,NA,9515
2026-07-18T07:45:00Z,NA,147.77858386535095,NA,9516
2026-07-18T07:50:00Z,NA,147.77858386535095,NA,9517
2026-07-18T07:55:00Z,NA,147.77858386535095,NA,9518
2026-07-18T08:00:00Z,NA,NA,NA,9519
2026-07-18T08:05:00Z,NA,NA,NA,9520
2026-07-18T08:10:00Z,NA,NA,NA,9521
2026-07-18T08:15:00Z,NA,NA,NA,9522
2026-07-18T08:20:00Z,NA,NA,NA,9523
2026-07-18T08:25:00Z,NA,NA,NA,9524
2026-07-18T08:30:00Z,NA,NA,NA,9525
2026-07-18T08:35:00Z,NA,NA,NA,9526
2026-07-18T08:40:00Z,NA,NA,NA,9527
2026-07-18T08:45:00Z,NA,NA,NA,9528
2026-07-18T08:50:00Z,NA,NA,NA,9529
2026-07-18T08:55:00Z,NA,NA,NA,9530
2026-07-18T09:00:00Z,NA,NA,NA,9531
2026-07-18T09:05:00Z,NA,NA,NA,9532
2026-07-18T09:10:00Z,NA,NA,NA,9533
2026-07-18T09:15:00Z,NA,NA,NA,9534
2026-07-18T09:20:00Z,NA,NA,NA,9535
2026-07-18T09:25:00Z,NA,NA,NA,9536
2026-07-18T09:30:00Z,NA,NA,NA,9537
2026-07-18T09:35:00Z,NA,NA,NA,9538
2026-07-18T09:40:00Z,NA,NA,NA,9539
2026-07-18T09:45:00Z,NA,NA,NA,9540
2026-07-18T09:50:00Z,NA,NA,NA,9541
2026-07-18T09:55:00Z,NA,NA,NA,9542
2026-07-18T10:00:00Z,NA,NA,NA,9543
2026-07-18T10:05:00Z,NA,NA,NA,9544
2026-07-18T10:10:00Z,NA,NA,NA,9545
2026-07-18T10:15:00Z,NA,NA,NA,9546
2026-07-18T10:20:00Z,NA,NA,NA,9547
2026-07-18T10:25:00Z,NA,NA,NA,9548
2026-07-18T10:30:00Z,NA,NA,NA,9549
2026-07-18T10:35:00Z,NA,NA,NA,9550
2026-07-18T10:40:00Z,NA,NA,NA,9551
2026-07-18T10:45:00Z,NA,NA,NA,9552
2026-07-18T10:50:00Z,NA,NA,NA,9553
2026-07-18T10:55:00Z,NA,NA,NA,9554
2026-07-18T11:00:00Z,NA,NA,NA,9555
2026-07-18T11:05:00Z,NA,NA,NA,9556
2026-07-18T11:10:00Z,NA,NA,NA,9557
2026-07-18T11:15:00Z,NA,NA,NA,9558
2026-07-18T11:20:00Z,NA,NA,NA,9559
2026-07-18T11:25:00Z,NA,NA,NA,9560
2026-07-18T11:30:00Z,NA,NA,NA,9561
2026-07-18T11:35:00Z,NA,NA,NA,9562
2026-07-18T11:40:00Z,NA,NA,NA,9563
2026-07-18T11:45:00Z,NA,NA,NA,9564
2026-07-18T11:50:00Z,NA,NA,NA,9565
2026-07-18T11:55:00Z,NA,NA,NA,9566
2026-07-18T12:00:00Z,NA,NA,NA,9567
2026-07-18T12:05:00Z,NA,NA,NA,9568
2026-07-18T12:10:00Z,NA,NA,NA,9569
2026-07-18T12:15:00Z,NA,NA,NA,9570
2026-07-18T12:20:00Z,NA,NA,NA,9571
2026-07-18T12:25:00Z,NA,NA,NA,9572
2026-07-18T12:30:00Z,NA,NA,NA,9573
2026-07-18T12:35:00Z,NA,NA,NA,9574
2026-07-18T12:40:00Z,NA,NA,NA,9575
2026-07-18T12:45:00Z,NA,NA,NA,9576
2026-07-18T12:50:00Z,NA,NA,NA,9577
2026-07-18T12:55:00Z,NA,NA,NA,9578
2026-07-18T13:00:00Z,NA,NA,NA,9579
2026-07-18T13:05:00Z,NA,NA,NA,9580
2026-07-18T13:10:00Z,NA,NA,NA,9581
2026-07-18T13:15:00Z,NA,NA,NA,9582
2026-07-18T13:20:00Z,NA,NA,NA,9583
2026-07-18T13:25:00Z,NA,NA,NA,9584
2026-07-18T13:30:00Z,NA,NA,NA,9585
2026-07-18T13:35:00Z,NA,NA,NA,9586
2026-07-18T13:40:00Z,NA,NA,NA,9587
2026-07-18T13:45:00Z,NA,NA,NA,9588
2026-07-18T13:50:00Z,NA,NA,NA,9589
2026-07-18T13:55:00Z,NA,NA,NA,9590
2026-07-18T14:00:00Z,NA,NA,NA,9591
2026-07-18T14:05:00Z,NA,NA,NA,9592
2026-07-18T14:10:00Z,NA,NA,NA,9593
2026-07-18T14:15:00Z,NA,NA,NA,9594
2026-07-18T14:20:00Z,NA,NA,NA,9595
2026-07-18T14:25:00Z,NA,NA,NA,9596
2026-07-18T14:30:00Z,NA,NA,NA,9597
2026-07-18T14:35:00Z,NA,NA,NA,9598
2026-07-18T14:40:00Z,NA,NA,NA,9599
2026-07-18T14:45:00Z,NA,NA,NA,9600
2026-07-18T14:50:00Z,NA,NA,NA,9601
2026-07-18T14:55:00Z,NA,NA,NA,9602
2026-07-18T15:00:00Z,NA,NA,NA,9603
2026-07-18T15:05:00Z,NA,NA,NA,9604
2026-07-18T15:10:00Z,NA,NA,NA,9605
2026-07-18T15:15:00Z,NA,NA,NA,9606
2026-07-18T15:20:00Z,NA,NA,NA,9607
2026-07-18T15:25:00Z,NA,NA,NA,9608
2026-07-18T15:30:00Z,NA,NA,NA,9609
2026-07-18T15:35:00Z,NA,NA,NA,9610
2026-07-18T15:40:00Z,NA,NA,NA,9611
2026-07-18T15:45:00Z,NA,NA,NA,9612
2026-07-18T15:50:00Z,NA,NA,NA,9613
2026-07-18T15:55:00Z,NA,NA,NA,9614
2026-07-18T16:00:00Z,NA,NA,NA,9615
2026-07-18T16:05:00Z,NA,NA,NA,9616
2026-07-18T16:10:00Z,NA,NA,NA,9617
2026-07-18T16:15:00Z,NA,NA,NA,9618
2026-07-18T16:20:00Z,NA,NA,NA,9619
2026-07-18T16:25:00Z,NA,NA,NA,9620
2026-07-18T16:30:00Z,NA,NA,NA,9621
2026-07-18T16:35:00Z,NA,NA,NA,9622
2026-07-18T16:40:00Z,NA,NA,NA,9623
2026-07-18T16:45:00Z,NA,NA,NA,9624
2026-07-18T16:50:00Z,NA,NA,NA,9625
2026-07-18T16:55:00Z,NA,NA,NA,9626
2026-07-18T17:00:00Z,NA,NA,NA,9627
2026-07-18T17:05:00Z,NA,NA,NA,9628
2026-07-18T17:10:00Z,NA,NA,NA,9629
2026-07-18T17:15:00Z,NA,NA,NA,9630
2026-07-18T17:20:00Z,NA,NA,NA,9631
2026-07-18T17:25:00Z,NA,NA,NA,9632
2026-07-18T17:30:00Z,NA,NA,NA,9633
2026-07-18T17:35:00Z,NA,NA,NA,9634
2026-07-18T17:40:00Z,NA,NA,NA,9635
2026-07-18T17:45:00Z,NA,NA,NA,9636
2026-07-18T17:50:00Z,NA,NA,NA,9637
2026-07-18T17:55:00Z,NA,NA,NA,9638
2026-07-18T18:00:00Z,NA,NA,NA,9639
2026-07-18T18:05:00Z,NA,NA,NA,9640
2026-07-18T18:10:00Z,NA,NA,NA,9641
2026-07-18T18:15:00Z,NA,NA,NA,9642
2026-07-18T18:20:00Z,NA,NA,NA,9643
2026-07-18T18:25:00Z,NA,NA,NA,9644
2026-07-18T18:30:00Z,NA,NA,NA,9645
2026-07-18T18:35:00Z,NA,NA,NA,9646
2026-07-18T18:40:00Z,NA,NA,NA,9647
2026-07-18T18:45:00Z,NA,NA,NA,9648
2026-07-18T18:50:00Z,NA,NA,NA,9649
2026-07-18T18:55:00Z,NA,NA,NA,9650
2026-07-18T19:00:00Z,NA,NA,NA,9651
2026-07-18T19:05:00Z,NA,NA,NA,9652
2026-07-18T19:10:00Z,NA,NA,NA,9653
2026-07-18T19:15:00Z,NA,NA,NA,9654
2026-07-18T19:20:00Z,NA,NA,NA,9655
2026-07-18T19:25:00Z,NA,NA,NA,9656
2026-07-18T19:30:00Z,NA,NA,NA,9657
2026-07-18T19:35:00Z,NA,NA,NA,9658
2026-07-18T19:40:00Z,NA,NA,NA,9659
2026-07-18T19:45:00Z,NA,NA,NA,9660
2026-07-18T19:50:00Z,NA,NA,NA,9661
2026-07-18T19:55:00Z,NA,NA,NA,9662
2026-07-18T20:00:00Z,NA,NA,NA,9663
2026-07-18T20:05:00Z,NA,NA,NA,9664
2026-07-18T20:10:00Z,NA,NA,NA,9665
2026-07-18T20:15:00Z,NA,NA,NA,9666
2026-07-18T20:20:00Z,NA,NA,NA,9667
2026-07-18T20:25:00Z,NA,NA,NA,9668
2026-07-18T20:30:00Z,NA,NA,NA,9669
2026-07-18T20:35:00Z,NA,NA,NA,9670
2026-07-18T20:40:00Z,NA,NA,NA,9671
2026-07-18T20:45:00Z,NA,NA,NA,9672
2026-07-18T20:50:00Z,NA,NA,NA,9673
2026-07-18T20:55:00Z,NA,NA,NA,9674
2026-07-18T21:00:00Z,NA,NA,NA,9675
2026-07-18T21:05:00Z,NA,NA,NA,9676
2026-07-18T21:10:00Z,NA,NA,NA,9677
2026-07-18T21:15:00Z,NA,NA,NA,9678
2026-07-18T21:20:00Z,NA,NA,NA,9679
2026-07-18T21:25:00Z,NA,NA,NA,9680
2026-07-18T21:30:00Z,NA,NA,NA,9681
2026-07-18T21:35:00Z,NA,NA,NA,9682
2026-07-18T21:40:00Z,NA,NA,NA,9683
2026-07-18T21:45:00Z,NA,NA,NA,9684
2026-07-18T21:50:00Z,NA,NA,NA,9685
2026-07-18T21:55:00Z,NA,NA,NA,9686
2026-07-18T22:00:00Z,NA,NA,NA,9687
2026-07-18T22:05:00Z,NA,NA,NA,9688
2026-07-18T22:10:00Z,NA,NA,NA,9689
2026-07-18T22:15:00Z,NA,NA,NA,9690
2026-07-18T22:20:00Z,NA,NA,NA,9691
2026-07-18T22:25:00Z,NA,NA,NA,9692
2026-07-18T22:30:00Z,NA,NA,NA,9693
2026-07-18T22:35:00Z,NA,NA,NA,9694
2026-07-18T22:40:00Z,NA,NA,NA,9695
2026-07-18T22:45:00Z,NA,NA,NA,9696
2026-07-18T22:50:00Z,NA,NA,NA,9697
2026-07-18T22:55:00Z,NA,NA,NA,9698
2026-07-18T23:00:00Z,NA,NA,NA,9699
2026-07-18T23:05:00Z,NA,NA,NA,9700
2026-07-18T23:10:00Z,NA,NA,NA,9701
2026-07-18T23:15:00Z,NA,NA,NA,9702
2026-07-18T23:20:00Z,NA,NA,NA,9703
2026-07-18T23:25:00Z,NA,NA,NA,9704
2026-07-18T23:30:00Z,NA,NA,NA,9705
2026-07-18T23:35:00Z,NA,NA,NA,9706
2026-07-18T23:40:00Z,NA,NA,NA,9707
2026-07-18T23:45:00Z,NA,NA,NA,9708
2026-07-18T23:50:00Z,NA,NA,NA,9709
2026-07-18T23:55:00Z,NA,NA,NA,9710
2026-07-19T00:00:00Z,NA,NA,NA,9711
2026-07-19T00:05:00Z,NA,NA,NA,9712
2026-07-19T00:10:00Z,NA,NA,NA,9713
2026-07-19T00:15:00Z,NA,NA,NA,9714
2026-07-19T00:20:00Z,NA,NA,NA,9715
2026-07-19T00:25:00Z,NA,NA,NA,9716
2026-07-19T00:30:00Z,NA,NA,NA,9717
2026-07-19T00:35:00Z,NA,NA,NA,9718
2026-07-19T00:40:00Z,NA,NA,NA,9719
2026-07-19T00:45:00Z,NA,NA,NA,9720
2026-07-19T00:50:00Z,NA,NA,NA,9721
2026-07-19T00:55:00Z,NA,NA,NA,9722
2026-07-19T01:00:00Z,NA,NA,NA,9723
2026-07-19T01:05:00Z,NA,NA,NA,9724
2026-07-19T01:10:00Z,NA,NA,NA,9725
2026-07-19T01:15:00Z,NA,NA,NA,9726
2026-07-19T01:20:00Z,NA,NA,NA,9727
2026-07-19T01:25:00Z,NA,NA,NA,9728
2026-07-19T01:30:00Z,NA,NA,NA,9729
2026-07-19T01:35:00Z,NA,NA,NA,9730
2026-07-19T01:40:00Z,NA,NA,NA,9731
2026-07-19T01:45:00Z,NA,NA,NA,9732
2026-07-19T01:50:00Z,NA,NA,NA,9733
2026-07-19T01:55:00Z,NA,NA,NA,9734
2026-07-19T02:00:00Z,NA,NA,NA,9735
2026-07-19T02:05:00Z,NA,NA,NA,9736
2026-07-19T02:10:00Z,NA,NA,NA,9737
2026-07-19T02:15:00Z,NA,NA,NA,9738
2026-07-19T02:20:00Z,NA,NA,NA,9739
2026-07-19T02:25:00Z,NA,NA,NA,9740
2026-07-19T02:30:00Z,NA,NA,NA,9741
2026-07-19T02:35:00Z,NA,NA,NA,9742
2026-07-19T02:40:00Z,NA,NA,NA,9743
2026-07-19T02:45:00Z,NA,NA,NA,9744
2026-07-19T02:50:00Z,NA,NA,NA,9745
2026-07-19T02:55:00Z,NA,NA,NA,9746
2026-07-19T03:00:00Z,NA,NA,NA,9747
2026-07-19T03:05:00Z,NA,NA,NA,9748
2026-07-19T03:10:00Z,NA,NA,NA,9749
2026-07-19T03:15:00Z,NA,NA,NA,9750
2026-07-19T03:20:00Z,NA,NA,NA,9751
2026-07-19T03:25:00Z,NA,NA,NA,9752
2026-07-19T03:30:00Z,NA,NA,NA,9753
2026-07-19T03:35:00Z,NA,NA,NA,9754
2026-07-19T03:40:00Z,NA,NA,NA,9755
2026-07-19T03:45:00Z,NA,NA,NA,9756
2026-07-19T03:50:00Z,NA,NA,NA,9757
2026-07-19T03:55:00Z,NA,NA,NA,9758
2026-07-19T04:05:00Z,NA,NA,NA,9759
2026-07-19T04:10:00Z,NA,NA,NA,9760
2026-07-19T04:15:00Z,NA,NA,NA,9761
2026-07-19T04:20:00Z,NA,NA,NA,9762
2026-07-19T04:25:00Z,NA,NA,NA,9763
2026-07-19T04:30:00Z,NA,NA,NA,9764
2026-07-19T04:35:00Z,NA,NA,NA,9765
2026-07-19T04:40:00Z,NA,NA,NA,9766
2026-07-19T04:45:00Z,NA,NA,NA,9767
2026-07-19T04:50:00Z,NA,NA,NA,9768
2026-07-19T04:55:00Z,NA,NA,NA,9769
2026-07-19T05:00:00Z,NA,NA,NA,9770
2026-07-19T05:05:00Z,NA,NA,NA,9771
2026-07-19T05:10:00Z,NA,NA,NA,9772
2026-07-19T05:15:00Z,NA,NA,NA,9773
2026-07-19T05:20:00Z,NA,NA,NA,9774
2026-07-19T05:25:00Z,NA,NA,NA,9775
2026-07-19T05:30:00Z,NA,NA,NA,9776
2026-07-19T05:35:00Z,NA,NA,NA,9777
2026-07-19T05:40:00Z,NA,NA,NA,9778
2026-07-19T05:45:00Z,NA,NA,NA,9779
2026-07-19T05:50:00Z,NA,NA,NA,9780
2026-07-19T05:55:00Z,NA,NA,NA,9781
2026-07-19T06:00:00Z,NA,NA,NA,9782
2026-07-19T06:05:00Z,NA,NA,NA,9783
2026-07-19T06:10:00Z,NA,NA,NA,9784
2026-07-19T06:15:00Z,NA,NA,NA,9785
2026-07-19T06:20:00Z,NA,NA,NA,9786
2026-07-19T06:25:00Z,NA,NA,NA,9787
2026-07-19T06:30:00Z,NA,NA,NA,9788
2026-07-19T06:35:00Z,NA,NA,NA,9789
2026-07-19T06:40:00Z,NA,NA,NA,9790
2026-07-19T06:45:00Z,NA,NA,NA,9791
2026-07-19T06:50:00Z,NA,NA,NA,9792
2026-07-19T06:55:00Z,NA,NA,NA,9793
2026-07-19T07:00:00Z,NA,NA,NA,9794
2026-07-19T07:05:00Z,NA,NA,NA,9795
2026-07-19T07:10:00Z,NA,NA,NA,9796
2026-07-19T07:15:00Z,NA,NA,NA,9797
2026-07-19T07:20:00Z,NA,NA,NA,9798
2026-07-19T07:25:00Z,NA,NA,NA,9799
2026-07-19T07:30:00Z,NA,NA,NA,9800
2026-07-19T07:35:00Z,NA,NA,NA,9801
2026-07-19T07:40:00Z,NA,NA,NA,9802
2026-07-19T07:45:00Z,NA,NA,NA,9803
2026-07-19T07:50:00Z,NA,NA,NA,9804
2026-07-19T07:55:00Z,NA,NA,NA,9805
2026-07-19T08:00:00Z,NA,NA,NA,9806
2026-07-19T08:05:00Z,NA,NA,NA,9807
2026-07-19T08:10:00Z,NA,NA,NA,9808
2026-07-19T08:15:00Z,NA,NA,NA,9809
2026-07-19T08:20:00Z,NA,NA,NA,9810
2026-07-19T08:25:00Z,NA,NA,NA,9811
2026-07-19T08:30:00Z,NA,NA,NA,9812
2026-07-19T08:35:00Z,NA,NA,NA,9813
2026-07-19T08:40:00Z,NA,NA,NA,9814
2026-07-19T08:45:00Z,NA,NA,NA,9815
2026-07-19T08:50:00Z,NA,NA,NA,9816
2026-07-19T08:55:00Z,NA,NA,NA,9817
2026-07-19T09:00:00Z,NA,NA,NA,9818
2026-07-19T09:05:00Z,NA,NA,NA,9819
2026-07-19T09:10:00Z,NA,NA,NA,9820
2026-07-19T09:15:00Z,NA,NA,NA,9821
2026-07-19T09:20:00Z,NA,NA,NA,9822
2026-07-19T09:25:00Z,NA,NA,NA,9823
2026-07-19T09:30:00Z,NA,NA,NA,9824
2026-07-19T09:35:00Z,NA,NA,NA,9825
2026-07-19T09:40:00Z,NA,NA,NA,9826
2026-07-19T09:45:00Z,NA,NA,NA,9827
2026-07-19T09:50:00Z,NA,NA,NA,9828
2026-07-19T09:55:00Z,NA,NA,NA,9829
2026-07-19T10:00:00Z,NA,NA,NA,9830
2026-07-19T10:05:00Z,NA,NA,NA,9831
2026-07-19T10:10:00Z,NA,NA,NA,9832
2026-07-19T10:15:00Z,NA,NA,NA,9833
2026-07-19T10:20:00Z,NA,NA,NA,9834
2026-07-19T10:25:00Z,NA,NA,NA,9835
2026-07-19T10:30:00Z,NA,NA,NA,9836
2026-07-19T10:35:00Z,NA,NA,NA,9837
2026-07-19T10:40:00Z,NA,NA,NA,9838
2026-07-19T10:45:00Z,NA,NA,NA,9839
2026-07-19T10:50:00Z,NA,NA,NA,9840
2026-07-19T10:55:00Z,NA,NA,NA,9841
2026-07-19T11:00:00Z,NA,NA,NA,9842
2026-07-19T11:05:00Z,NA,NA,NA,9843
2026-07-19T11:10:00Z,NA,NA,NA,9844
2026-07-19T11:15:00Z,NA,NA,NA,9845
2026-07-19T11:20:00Z,NA,NA,NA,9846
2026-07-19T11:25:00Z,NA,NA,NA,9847
2026-07-19T11:30:00Z,NA,NA,NA,9848
2026-07-19T11:35:00Z,NA,NA,NA,9849
2026-07-19T11:40:00Z,NA,NA,NA,9850
2026-07-19T11:45:00Z,NA,NA,NA,9851
2026-07-19T11:50:00Z,NA,NA,NA,9852
2026-07-19T11:55:00Z,NA,NA,NA,9853
2026-07-19T12:00:00Z,NA,NA,NA,9854
2026-07-19T12:05:00Z,NA,NA,NA,9855
2026-07-19T12:10:00Z,NA,NA,NA,9856
2026-07-19T12:15:00Z,NA,NA,NA,9857
2026-07-19T12:20:00Z,NA,NA,NA,9858
2026-07-19T12:25:00Z,NA,NA,NA,9859
2026-07-19T12:30:00Z,NA,NA,NA,9860
2026-07-19T12:35:00Z,NA,NA,NA,9861
2026-07-19T12:40:00Z,NA,NA,NA,9862
2026-07-19T12:45:00Z,NA,NA,NA,9863
2026-07-19T12:50:00Z,NA,NA,NA,9864
2026-07-19T12:55:00Z,NA,NA,NA,9865
2026-07-19T13:00:00Z,NA,NA,NA,9866
2026-07-19T13:05:00Z,NA,NA,NA,9867
2026-07-19T13:10:00Z,NA,NA,NA,9868
2026-07-19T13:15:00Z,NA,NA,NA,9869
2026-07-19T13:20:00Z,NA,NA,NA,9870
2026-07-19T13:25:00Z,NA,NA,NA,9871
2026-07-19T13:30:00Z,NA,NA,NA,9872
2026-07-19T13:35:00Z,NA,NA,NA,9873
2026-07-19T13:40:00Z,NA,NA,NA,9874
2026-07-19T13:45:00Z,NA,NA,NA,9875
2026-07-19T13:50:00Z,NA,NA,NA,9876
2026-07-19T13:55:00Z,NA,NA,NA,9877
2026-07-19T14:00:00Z,NA,NA,NA,9878
2026-07-19T14:05:00Z,NA,NA,NA,9879
2026-07-19T14:10:00Z,NA,NA,NA,9880
2026-07-19T14:15:00Z,NA,NA,NA,9881
2026-07-19T14:20:00Z,NA,NA,NA,9882
2026-07-19T14:25:00Z,NA,NA,NA,9883
2026-07-19T14:30:00Z,NA,NA,NA,9884
2026-07-19T14:35:00Z,NA,NA,NA,9885
2026-07-19T14:40:00Z,NA,NA,NA,9886
2026-07-19T14:45:00Z,NA,NA,NA,9887
2026-07-19T14:50:00Z,NA,NA,NA,9888
2026-07-19T14:55:00Z,NA,NA,NA,9889
2026-07-19T15:00:00Z,NA,NA,NA,9890
2026-07-19T15:05:00Z,NA,NA,NA,9891
2026-07-19T15:10:00Z,NA,NA,NA,9892
2026-07-19T15:15:00Z,NA,NA,NA,9893
2026-07-19T15:20:00Z,NA,NA,NA,9894
2026-07-19T15:25:00Z,NA,NA,NA,9895
2026-07-19T15:30:00Z,NA,NA,NA,9896
2026-07-19T15:35:00Z,NA,NA,NA,9897
2026-07-19T15:40:00Z,NA,NA,NA,9898
2026-07-19T15:45:00Z,NA,NA,NA,9899
2026-07-19T15:50:00Z,NA,NA,NA,9900
2026-07-19T15:55:00Z,NA,NA,NA,9901
2026-07-19T16:00:00Z,NA,NA,NA,9902
2026-07-19T16:05:00Z,NA,NA,NA,9903
2026-07-19T16:10:00Z,NA,NA,NA,9904
2026-07-19T16:15:00Z,NA,NA,NA,9905
2026-07-19T16:20:00Z,NA,NA,NA,9906
2026-07-19T16:25:00Z,NA,NA,NA,9907
2026-07-19T16:30:00Z,NA,NA,NA,9908
2026-07-19T16:35:00Z,NA,NA,NA,9909
2026-07-19T16:40:00Z,NA,NA,NA,9910
2026-07-19T16:45:00Z,NA,NA,NA,9911
2026-07-19T16:50:00Z,NA,NA,NA,9912
2026-07-19T16:55:00Z,NA,NA,NA,9913
2026-07-19T17:00:00Z,NA,NA,NA,9914
2026-07-19T17:05:00Z,NA,NA,NA,9915
2026-07-19T17:10:00Z,NA,NA,NA,9916
2026-07-19T17:15:00Z,NA,NA,NA,9917
2026-07-19T17:20:00Z,NA,NA,NA,9918
2026-07-19T17:25:00Z,NA,NA,NA,9919
2026-07-19T17:30:00Z,NA,NA,NA,9920
2026-07-19T17:35:00Z,NA,NA,NA,9921
2026-07-19T17:40:00Z,NA,NA,NA,9922
2026-07-19T17:45:00Z,NA,NA,NA,9923
2026-07-19T17:50:00Z,NA,NA,NA,9924
2026-07-19T17:55:00Z,NA,NA,NA,9925
2026-07-19T18:00:00Z,NA,NA,NA,9926
2026-07-19T18:05:00Z,NA,NA,NA,9927
2026-07-19T18:10:00Z,NA,NA,NA,9928
2026-07-19T18:15:00Z,NA,NA,NA,9929
2026-07-19T18:20:00Z,NA,NA,NA,9930
2026-07-19T18:25:00Z,NA,NA,NA,9931
2026-07-19T18:30:00Z,NA,NA,NA,9932
2026-07-19T18:35:00Z,NA,NA,NA,9933
2026-07-19T18:40:00Z,NA,NA,NA,9934
2026-07-19T18:45:00Z,NA,NA,NA,9935
2026-07-19T18:50:00Z,NA,NA,NA,9936
2026-07-19T18:55:00Z,NA,NA,NA,9937
2026-07-19T19:00:00Z,NA,NA,NA,9938
2026-07-19T19:05:00Z,NA,NA,NA,9939
2026-07-19T19:10:00Z,NA,NA,NA,9940
2026-07-19T19:15:00Z,NA,NA,NA,9941
2026-07-19T19:20:00Z,NA,NA,NA,9942
2026-07-19T19:25:00Z,NA,NA,NA,9943
2026-07-19T19:30:00Z,NA,NA,NA,9944
2026-07-19T19:35:00Z,NA,NA,NA,9945
2026-07-19T19:40:00Z,NA,NA,NA,9946
2026-07-19T19:45:00Z,NA,NA,NA,9947
2026-07-19T19:50:00Z,NA,NA,NA,9948
2026-07-19T19:55:00Z,NA,NA,NA,9949
2026-07-19T20:00:00Z,NA,NA,NA,9950
2026-07-19T20:05:00Z,NA,NA,NA,9951
2026-07-19T20:10:00Z,NA,NA,NA,9952
2026-07-19T20:15:00Z,NA,NA,NA,9953
2026-07-19T20:20:00Z,NA,NA,NA,9954
2026-07-19T20:25:00Z,NA,NA,NA,9955
2026-07-19T20:30:00Z,NA,NA,NA,9956
2026-07-19T20:35:00Z,NA,NA,NA,9957
2026-07-19T20:40:00Z,NA,NA,NA,9958
2026-07-19T20:45:00Z,NA,NA,NA,9959
2026-07-19T20:50:00Z,NA,NA,NA,9960
2026-07-19T20:55:00Z,NA,NA,NA,9961
2026-07-19T21:00:00Z,NA,NA,NA,9962
2026-07-19T21:05:00Z,NA,NA,NA,9963
2026-07-19T21:10:00Z,NA,NA,NA,9964
2026-07-19T21:15:00Z,NA,NA,NA,9965
2026-07-19T21:20:00Z,NA,NA,NA,9966
2026-07-19T21:25:00Z,NA,NA,NA,9967
2026-07-19T21:30:00Z,NA,NA,NA,9968
2026-07-19T21:35:00Z,NA,NA,NA,9969
2026-07-19T21:40:00Z,NA,NA,NA,9970
2026-07-19T21:45:00Z,NA,NA,NA,9971
2026-07-19T21:50:00Z,NA,NA,NA,9972
2026-07-19T21:55:00Z,NA,NA,NA,9973
2026-07-19T22:00:00Z,NA,NA,NA,9974
2026-07-19T22:05:00Z,NA,NA,NA,9975
2026-07-19T22:10:00Z,NA,NA,NA,9976
2026-07-19T22:15:00Z,NA,NA,NA,9977
2026-07-19T22:20:00Z,NA,NA,NA,9978
2026-07-19T22:25:00Z,NA,NA,NA,9979
2026-07-19T22:30:00Z,NA,NA,NA,9980
2026-07-19T22:35:00Z,NA,NA,NA,9981
2026-07-19T22:40:00Z,NA,NA,NA,9982
2026-07-19T22:45:00Z,NA,NA,NA,9983
2026-07-19T22:50:00Z,NA,NA,NA,9984
2026-07-19T22:55:00Z,NA,NA,NA,9985
2026-07-19T23:00:00Z,NA,NA,NA,9986
2026-07-19T23:05:00Z,NA,NA,NA,9987
2026-07-19T23:10:00Z,NA,NA,NA,9988
2026-07-19T23:15:00Z,NA,NA,NA,9989
2026-07-19T23:20:00Z,NA,NA,NA,9990
2026-07-19T23:25:00Z,NA,NA,NA,9991
2026-07-19T23:30:00Z,NA,NA,NA,9992
2026-07-19T23:35:00Z,NA,NA,NA,9993
2026-07-19T23:40:00Z,NA,NA,NA,9994
2026-07-19T23:45:00Z,NA,NA,NA,9995
2026-07-19T23:50:00Z,NA,NA,NA,9996
2026-07-19T23:55:00Z,NA,NA,NA,9997
2026-07-20T00:00:00Z,NA,NA,NA,9998
2026-07-20T00:05:00Z,NA,NA,NA,9999
2026-07-20T00:10:00Z,NA,NA,NA,10000
2026-07-20T00:15:00Z,NA,NA,NA,10001
2026-07-20T00:20:00Z,NA,NA,NA,10002
2026-07-20T00:25:00Z,NA,NA,NA,10003
2026-07-20T00:30:00Z,NA,NA,NA,10004
2026-07-20T00:35:00Z,NA,NA,NA,10005
2026-07-20T00:40:00Z,NA,NA,NA,10006
2026-07-20T00:45:00Z,NA,NA,NA,10007
2026-07-20T00:50:00Z,NA,NA,NA,10008
2026-07-20T00:55:00Z,NA,NA,NA,10009
2026-07-20T01:00:00Z,NA,NA,NA,10010
2026-07-20T01:05:00Z,NA,NA,NA,10011
2026-07-20T01:10:00Z,NA,NA,NA,10012
2026-07-20T01:15:00Z,NA,NA,NA,10013
2026-07-20T01:20:00Z,NA,NA,NA,10014
2026-07-20T01:25:00Z,NA,NA,NA,10015
2026-07-20T01:30:00Z,NA,NA,NA,10016
2026-07-20T01:35:00Z,NA,NA,NA,10017
2026-07-20T01:40:00Z,NA,NA,NA,10018
2026-07-20T01:45:00Z,NA,NA,NA,10019
2026-07-20T01:50:00Z,NA,NA,NA,10020
2026-07-20T01:55:00Z,NA,NA,NA,10021
2026-07-20T02:00:00Z,NA,NA,NA,10022
2026-07-20T02:05:00Z,NA,NA,NA,10023
2026-07-20T02:10:00Z,NA,NA,NA,10024
2026-07-20T02:15:00Z,NA,NA,NA,10025
2026-07-20T02:20:00Z,NA,NA,NA,10026
2026-07-20T02:25:00Z,NA,NA,NA,10027
2026-07-20T02:30:00Z,NA,NA,NA,10028
2026-07-20T02:35:00Z,NA,NA,NA,10029
2026-07-20T02:40:00Z,NA,NA,NA,10030
2026-07-20T02:45:00Z,NA,NA,NA,10031
2026-07-20T02:50:00Z,NA,NA,NA,10032
2026-07-20T02:55:00Z,NA,NA,NA,10033
2026-07-20T03:00:00Z,NA,NA,NA,10034
2026-07-20T03:05:00Z,NA,NA,NA,10035
2026-07-20T03:10:00Z,NA,NA,NA,10036
2026-07-20T03:15:00Z,NA,NA,NA,10037
2026-07-20T03:20:00Z,NA,NA,NA,10038
2026-07-20T03:25:00Z,NA,NA,NA,10039
2026-07-20T03:30:00Z,NA,NA,NA,10040
2026-07-20T03:35:00Z,NA,NA,NA,10041
2026-07-20T03:40:00Z,NA,NA,NA,10042
2026-07-20T03:45:00Z,NA,NA,NA,10043
2026-07-20T03:50:00Z,NA,NA,NA,10044
2026-07-20T03:55:00Z,NA,NA,NA,10045
2026-07-20T04:05:00Z,NA,NA,NA,10046
2026-07-20T04:10:00Z,NA,NA,NA,10047
2026-07-20T04:15:00Z,NA,NA,NA,10048
2026-07-20T04:20:00Z,NA,NA,NA,10049
2026-07-20T04:25:00Z,NA,NA,NA,10050
2026-07-20T04:30:00Z,NA,NA,NA,10051
2026-07-20T04:35:00Z,NA,NA,NA,10052
2026-07-20T04:40:00Z,NA,NA,NA,10053
2026-07-20T04:45:00Z,NA,NA,NA,10054
2026-07-20T04:50:00Z,NA,NA,NA,10055
2026-07-20T04:55:00Z,NA,NA,NA,10056
2026-07-20T05:00:00Z,NA,NA,NA,10057
2026-07-20T05:05:00Z,NA,NA,NA,10058
2026-07-20T05:10:00Z,NA,NA,NA,10059
2026-07-20T05:15:00Z,NA,NA,NA,10060
2026-07-20T05:20:00Z,NA,NA,NA,10061
2026-07-20T05:25:00Z,NA,NA,NA,10062
2026-07-20T05:30:00Z,NA,NA,NA,10063
2026-07-20T05:35:00Z,NA,NA,NA,10064
2026-07-20T05:40:00Z,NA,NA,NA,10065
2026-07-20T05:45:00Z,NA,NA,NA,10066
2026-07-20T05:50:00Z,NA,NA,NA,10067
2026-07-20T05:55:00Z,NA,NA,NA,10068
2026-07-20T06:00:00Z,NA,NA,NA,10069
2026-07-20T06:05:00Z,NA,NA,NA,10070
2026-07-20T06:10:00Z,NA,NA,NA,10071
2026-07-20T06:15:00Z,NA,NA,NA,10072
2026-07-20T06:20:00Z,NA,NA,NA,10073
2026-07-20T06:25:00Z,NA,NA,NA,10074
2026-07-20T06:30:00Z,NA,NA,NA,10075
2026-07-20T06:35:00Z,NA,NA,NA,10076
2026-07-20T06:40:00Z,NA,NA,NA,10077
2026-07-20T06:45:00Z,NA,NA,NA,10078
2026-07-20T06:50:00Z,NA,NA,NA,10079
2026-07-20T06:55:00Z,NA,NA,NA,10080
2026-07-20T07:00:00Z,NA,NA,NA,10081
2026-07-20T07:05:00Z,NA,NA,NA,10082
2026-07-20T07:10:00Z,NA,NA,NA,10083
2026-07-20T07:15:00Z,NA,NA,NA,10084
2026-07-20T07:20:00Z,NA,NA,NA,10085
2026-07-20T07:25:00Z,NA,NA,NA,10086
2026-07-20T07:30:00Z,NA,NA,NA,10087
2026-07-20T07:35:00Z,NA,NA,NA,10088
2026-07-20T07:40:00Z,NA,NA,NA,10089
2026-07-20T07:45:00Z,NA,NA,NA,10090
2026-07-20T07:50:00Z,NA,NA,NA,10091
2026-07-20T07:55:00Z,NA,NA,NA,10092
2026-07-20T08:00:00Z,NA,NA,NA,10093
2026-07-20T08:05:00Z,NA,NA,NA,10094
2026-07-20T08:10:00Z,NA,NA,NA,10095
2026-07-20T08:15:00Z,NA,NA,NA,10096
2026-07-20T08:20:00Z,NA,NA,NA,10097
2026-07-20T08:25:00Z,NA,NA,NA,10098
2026-07-20T08:30:00Z,NA,NA,NA,10099
2026-07-20T08:35:00Z,NA,NA,NA,10100
2026-07-20T08:40:00Z,NA,NA,NA,10101
2026-07-20T08:45:00Z,NA,NA,NA,10102
2026-07-20T08:50:00Z,NA,NA,NA,10103
2026-07-20T08:55:00Z,NA,NA,NA,10104
2026-07-20T09:00:00Z,NA,NA,NA,10105
2026-07-20T09:05:00Z,NA,NA,NA,10106
2026-07-20T09:10:00Z,NA,NA,NA,10107
2026-07-20T09:15:00Z,NA,NA,NA,10108
2026-07-20T09:20:00Z,NA,NA,NA,10109
2026-07-20T09:25:00Z,NA,NA,NA,10110
2026-07-20T09:30:00Z,NA,NA,NA,10111
2026-07-20T09:35:00Z,NA,NA,NA,10112
2026-07-20T09:40:00Z,NA,NA,NA,10113
2026-07-20T09:45:00Z,NA,NA,NA,10114
2026-07-20T09:50:00Z,NA,NA,NA,10115
2026-07-20T09:55:00Z,NA,NA,NA,10116
2026-07-20T10:00:00Z,NA,NA,NA,10117
2026-07-20T10:05:00Z,NA,NA,NA,10118
2026-07-20T10:10:00Z,NA,NA,NA,10119
2026-07-20T10:15:00Z,NA,NA,NA,10120
2026-07-20T10:20:00Z,NA,NA,NA,10121
2026-07-20T10:25:00Z,NA,NA,NA,10122
2026-07-20T10:30:00Z,NA,NA,NA,10123
2026-07-20T10:35:00Z,NA,NA,NA,10124
2026-07-20T10:40:00Z,NA,NA,NA,10125
2026-07-20T10:45:00Z,NA,NA,NA,10126
2026-07-20T10:50:00Z,NA,NA,NA,10127
2026-07-20T10:55:00Z,NA,NA,NA,10128
2026-07-20T11:00:00Z,NA,NA,NA,10129
2026-07-20T11:05:00Z,NA,NA,NA,10130
2026-07-20T11:10:00Z,NA,NA,NA,10131
2026-07-20T11:15:00Z,NA,NA,NA,10132
2026-07-20T11:20:00Z,NA,NA,NA,10133
2026-07-20T11:25:00Z,NA,NA,NA,10134
2026-07-20T11:30:00Z,NA,NA,NA,10135
2026-07-20T11:35:00Z,NA,NA,NA,10136
2026-07-20T11:40:00Z,NA,NA,NA,10137
2026-07-20T11:45:00Z,NA,NA,NA,10138
2026-07-20T11:50:00Z,NA,NA,NA,10139
2026-07-20T11:55:00Z,NA,NA,NA,10140
2026-07-20T12:00:00Z,NA,NA,NA,10141
2026-07-20T12:05:00Z,NA,NA,NA,10142
2026-07-20T12:10:00Z,NA,NA,NA,10143
2026-07-20T12:15:00Z,NA,NA,NA,10144
2026-07-20T12:20:00Z,NA,NA,NA,10145
2026-07-20T12:25:00Z,NA,NA,NA,10146
2026-07-20T12:30:00Z,NA,NA,NA,10147
2026-07-20T12:35:00Z,NA,NA,NA,10148
2026-07-20T12:40:00Z,NA,NA,NA,10149
2026-07-20T12:45:00Z,NA,NA,NA,10150
2026-07-20T12:50:00Z,NA,NA,NA,10151
2026-07-20T12:55:00Z,NA,NA,NA,10152
2026-07-20T13:00:00Z,NA,NA,NA,10153
2026-07-20T13:05:00Z,NA,NA,NA,10154
2026-07-20T13:10:00Z,NA,NA,NA,10155
2026-07-20T13:15:00Z,NA,NA,NA,10156
2026-07-20T13:20:00Z,NA,NA,NA,10157
2026-07-20T13:25:00Z,NA,NA,NA,10158
2026-07-20T13:30:00Z,NA,NA,NA,10159
2026-07-20T13:35:00Z,NA,NA,NA,10160
2026-07-20T13:40:00Z,NA,NA,NA,10161
2026-07-20T13:45:00Z,NA,NA,NA,10162
2026-07-20T13:50:00Z,NA,NA,NA,10163
2026-07-20T13:55:00Z,NA,NA,NA,10164
2026-07-20T14:00:00Z,NA,NA,NA,10165
2026-07-20T14:05:00Z,NA,NA,NA,10166
2026-07-20T14:10:00Z,NA,NA,NA,10167
2026-07-20T14:15:00Z,NA,NA,NA,10168
2026-07-20T14:20:00Z,NA,NA,NA,10169
2026-07-20T14:25:00Z,NA,NA,NA,10170
2026-07-20T14:30:00Z,NA,NA,NA,10171
2026-07-20T14:35:00Z,NA,NA,NA,10172
2026-07-20T14:40:00Z,NA,NA,NA,10173
2026-07-20T14:45:00Z,NA,NA,NA,10174
2026-07-20T14:50:00Z,NA,NA,NA,10175
2026-07-20T14:55:00Z,NA,NA,NA,10176
2026-07-20T15:00:00Z,NA,NA,NA,10177
2026-07-20T15:05:00Z,NA,NA,NA,10178
2026-07-20T15:10:00Z,NA,NA,NA,10179
2026-07-20T15:15:00Z,NA,NA,NA,10180
2026-07-20T15:20:00Z,NA,NA,NA,10181
2026-07-20T15:25:00Z,NA,NA,NA,10182
2026-07-20T15:30:00Z,NA,NA,NA,10183
2026-07-20T15:35:00Z,NA,NA,NA,10184
2026-07-20T15:40:00Z,NA,NA,NA,10185
2026-07-20T15:45:00Z,NA,NA,NA,10186
2026-07-20T15:50:00Z,NA,NA,NA,10187
2026-07-20T15:55:00Z,NA,NA,NA,10188
2026-07-20T16:00:00Z,NA,NA,NA,10189
2026-07-20T16:05:00Z,NA,NA,NA,10190
2026-07-20T16:10:00Z,NA,NA,NA,10191
2026-07-20T16:15:00Z,NA,NA,NA,10192
2026-07-20T16:20:00Z,NA,NA,NA,10193
2026-07-20T16:25:00Z,NA,NA,NA,10194
2026-07-20T16:30:00Z,NA,NA,NA,10195
2026-07-20T16:35:00Z,NA,NA,NA,10196
2026-07-20T16:40:00Z,NA,NA,NA,10197
2026-07-20T16:45:00Z,NA,NA,NA,10198
2026-07-20T16:50:00Z,NA,NA,NA,10199
2026-07-20T16:55:00Z,NA,NA,NA,10200
2026-07-20T17:00:00Z,NA,NA,NA,10201
2026-07-20T17:05:00Z,NA,NA,NA,10202
2026-07-20T17:10:00Z,NA,NA,NA,10203
2026-07-20T17:15:00Z,NA,NA,NA,10204
2026-07-20T17:20:00Z,NA,NA,NA,10205
2026-07-20T17:25:00Z,NA,NA,NA,10206
2026-07-20T17:30:00Z,NA,NA,NA,10207
2026-07-20T17:35:00Z,NA,NA,NA,10208
2026-07-20T17:40:00Z,NA,NA,NA,10209
2026-07-20T17:45:00Z,NA,NA,NA,10210
2026-07-20T17:50:00Z,NA,NA,NA,10211
2026-07-20T17:55:00Z,NA,NA,NA,10212
2026-07-20T18:00:00Z,NA,NA,NA,10213
2026-07-20T18:05:00Z,NA,NA,NA,10214
2026-07-20T18:10:00Z,NA,NA,NA,10215
2026-07-20T18:15:00Z,NA,NA,NA,10216
2026-07-20T18:20:00Z,NA,NA,NA,10217
2026-07-20T18:25:00Z,NA,NA,NA,10218
2026-07-20T18:30:00Z,NA,NA,NA,10219
2026-07-20T18:35:00Z,NA,NA,NA,10220
2026-07-20T18:40:00Z,NA,NA,NA,10221
2026-07-20T18:45:00Z,NA,NA,NA,10222
2026-07-20T18:50:00Z,NA,NA,NA,10223
2026-07-20T18:55:00Z,NA,NA,NA,10224
2026-07-20T19:00:00Z,NA,NA,NA,10225
2026-07-20T19:05:00Z,NA,NA,NA,10226
2026-07-20T19:10:00Z,NA,NA,NA,10227
2026-07-20T19:15:00Z,NA,NA,NA,10228
2026-07-20T19:20:00Z,NA,NA,NA,10229
2026-07-20T19:25:00Z,NA,NA,NA,10230
2026-07-20T19:30:00Z,NA,NA,NA,10231
2026-07-20T19:35:00Z,NA,NA,NA,10232
2026-07-20T19:40:00Z,NA,NA,NA,10233
2026-07-20T19:45:00Z,NA,NA,NA,10234
2026-07-20T19:50:00Z,NA,NA,NA,10235
2026-07-20T19:55:00Z,NA,NA,NA,10236
2026-07-20T20:00:00Z,NA,NA,NA,10237
2026-07-20T20:05:00Z,NA,NA,NA,10238
2026-07-20T20:10:00Z,NA,NA,NA,10239
2026-07-20T20:15:00Z,NA,NA,NA,10240
2026-07-20T20:20:00Z,NA,NA,NA,10241
2026-07-20T20:25:00Z,NA,NA,NA,10242
2026-07-20T20:30:00Z,NA,NA,NA,10243
2026-07-20T20:35:00Z,NA,NA,NA,10244
2026-07-20T20:40:00Z,NA,NA,NA,10245
2026-07-20T20:45:00Z,NA,NA,NA,10246
2026-07-20T20:50:00Z,NA,NA,NA,10247
2026-07-20T20:55:00Z,NA,NA,NA,10248
2026-07-20T21:00:00Z,NA,NA,NA,10249
2026-07-20T21:05:00Z,NA,NA,NA,10250
2026-07-20T21:10:00Z,NA,NA,NA,10251
2026-07-20T21:15:00Z,NA,NA,NA,10252
2026-07-20T21:20:00Z,NA,NA,NA,10253
2026-07-20T21:25:00Z,NA,NA,NA,10254
2026-07-20T21:30:00Z,NA,NA,NA,10255
2026-07-20T21:35:00Z,NA,NA,NA,10256
2026-07-20T21:40:00Z,NA,NA,NA,10257
2026-07-20T21:45:00Z,NA,NA,NA,10258
2026-07-20T21:50:00Z,NA,NA,NA,10259
2026-07-20T21:55:00Z,NA,NA,NA,10260
2026-07-20T22:00:00Z,NA,NA,NA,10261
2026-07-20T22:05:00Z,NA,NA,NA,10262
2026-07-20T22:10:00Z,NA,NA,NA,10263
2026-07-20T22:15:00Z,NA,NA,NA,10264
2026-07-20T22:20:00Z,NA,NA,NA,10265
2026-07-20T22:25:00Z,NA,NA,NA,10266
2026-07-20T22:30:00Z,NA,NA,NA,10267
2026-07-20T22:35:00Z,NA,NA,NA,10268
2026-07-20T22:40:00Z,NA,NA,NA,10269
2026-07-20T22:45:00Z,NA,NA,NA,10270
2026-07-20T22:50:00Z,NA,NA,NA,10271
2026-07-20T22:55:00Z,NA,NA,NA,10272
2026-07-20T23:00:00Z,NA,NA,NA,10273
2026-07-20T23:05:00Z,NA,NA,NA,10274
2026-07-20T23:10:00Z,NA,NA,NA,10275
2026-07-20T23:15:00Z,NA,NA,NA,10276
2026-07-20T23:20:00Z,NA,NA,NA,10277
2026-07-20T23:25:00Z,NA,NA,NA,10278
2026-07-20T23:30:00Z,NA,NA,NA,10279
2026-07-20T23:35:00Z,NA,NA,NA,10280
2026-07-20T23:40:00Z,NA,NA,NA,10281
2026-07-20T23:45:00Z,NA,NA,NA,10282
2026-07-20T23:50:00Z,NA,NA,NA,10283
2026-07-20T23:55:00Z,NA,NA,NA,10284
2026-07-21T00:00:00Z,NA,NA,NA,10285
2026-07-21T00:05:00Z,NA,NA,NA,10286
2026-07-21T00:10:00Z,NA,NA,NA,10287
2026-07-21T00:15:00Z,NA,NA,NA,10288
2026-07-21T00:20:00Z,NA,NA,NA,10289
2026-07-21T00:25:00Z,NA,NA,NA,10290
2026-07-21T00:30:00Z,NA,NA,NA,10291
2026-07-21T00:35:00Z,NA,NA,NA,10292
2026-07-21T00:40:00Z,NA,NA,NA,10293
2026-07-21T00:45:00Z,NA,NA,NA,10294
2026-07-21T00:50:00Z,NA,NA,NA,10295
2026-07-21T00:55:00Z,NA,NA,NA,10296
2026-07-21T01:00:00Z,NA,NA,NA,10297
2026-07-21T01:05:00Z,NA,NA,NA,10298
2026-07-21T01:10:00Z,NA,NA,NA,10299
2026-07-21T01:15:00Z,NA,NA,NA,10300
2026-07-21T01:20:00Z,NA,NA,NA,10301
2026-07-21T01:25:00Z,NA,NA,NA,10302
2026-07-21T01:30:00Z,NA,NA,NA,10303
2026-07-21T01:35:00Z,NA,NA,NA,10304
2026-07-21T01:40:00Z,NA,NA,NA,10305
2026-07-21T01:45:00Z,NA,NA,NA,10306
2026-07-21T01:50:00Z,NA,NA,NA,10307
2026-07-21T01:55:00Z,NA,NA,NA,10308
2026-07-21T02:00:00Z,NA,NA,NA,10309
2026-07-21T02:05:00Z,NA,NA,NA,10310
2026-07-21T02:10:00Z,NA,NA,NA,10311
2026-07-21T02:15:00Z,NA,NA,NA,10312
2026-07-21T02:20:00Z,NA,NA,NA,10313
2026-07-21T02:25:00Z,NA,NA,NA,10314
2026-07-21T02:30:00Z,NA,NA,NA,10315
2026-07-21T02:35:00Z,NA,NA,NA,10316
2026-07-21T02:40:00Z,NA,NA,NA,10317
2026-07-21T02:45:00Z,NA,NA,NA,10318
2026-07-21T02:50:00Z,NA,NA,NA,10319
2026-07-21T02:55:00Z,NA,NA,NA,10320
2026-07-21T03:00:00Z,NA,NA,NA,10321
2026-07-21T03:05:00Z,NA,NA,NA,10322
2026-07-21T03:10:00Z,NA,NA,NA,10323
2026-07-21T03:15:00Z,NA,NA,NA,10324
2026-07-21T03:20:00Z,NA,NA,NA,10325
2026-07-21T03:25:00Z,NA,NA,NA,10326
2026-07-21T03:30:00Z,NA,NA,NA,10327
2026-07-21T03:35:00Z,NA,NA,NA,10328
2026-07-21T03:40:00Z,NA,NA,NA,10329
2026-07-21T03:45:00Z,NA,NA,NA,10330
2026-07-21T03:50:00Z,NA,NA,NA,10331
2026-07-21T03:55:00Z,NA,NA,NA,10332
2026-07-21T04:05:00Z,NA,NA,NA,10333
2026-07-21T04:10:00Z,NA,NA,NA,10334
2026-07-21T04:15:00Z,NA,NA,NA,10335
2026-07-21T04:20:00Z,NA,NA,NA,10336
2026-07-21T04:25:00Z,NA,NA,NA,10337
2026-07-21T04:30:00Z,NA,NA,NA,10338
2026-07-21T04:35:00Z,NA,NA,NA,10339
2026-07-21T04:40:00Z,NA,NA,NA,10340
2026-07-21T04:45:00Z,NA,NA,NA,10341
2026-07-21T04:50:00Z,NA,NA,NA,10342
2026-07-21T04:55:00Z,NA,NA,NA,10343
2026-07-21T05:00:00Z,NA,NA,NA,10344
2026-07-21T05:05:00Z,NA,NA,NA,10345
2026-07-21T05:10:00Z,NA,NA,NA,10346
2026-07-21T05:15:00Z,NA,NA,NA,10347
2026-07-21T05:20:00Z,NA,NA,NA,10348
2026-07-21T05:25:00Z,NA,NA,NA,10349
2026-07-21T05:30:00Z,NA,NA,NA,10350
2026-07-21T05:35:00Z,NA,NA,NA,10351
2026-07-21T05:40:00Z,NA,NA,NA,10352
2026-07-21T05:45:00Z,NA,NA,NA,10353
2026-07-21T05:50:00Z,NA,NA,NA,10354
2026-07-21T05:55:00Z,NA,NA,NA,10355
2026-07-21T06:00:00Z,NA,NA,NA,10356
2026-07-21T06:05:00Z,NA,NA,NA,10357
2026-07-21T06:10:00Z,NA,NA,NA,10358
2026-07-21T06:15:00Z,NA,NA,NA,10359
2026-07-21T06:20:00Z,NA,NA,NA,10360
2026-07-21T06:25:00Z,NA,NA,NA,10361
2026-07-21T06:30:00Z,NA,NA,NA,10362
2026-07-21T06:35:00Z,NA,NA,NA,10363
2026-07-21T06:40:00Z,NA,NA,NA,10364
2026-07-21T06:45:00Z,NA,NA,NA,10365
2026-07-21T06:50:00Z,NA,NA,NA,10366
2026-07-21T06:55:00Z,NA,NA,NA,10367
2026-07-21T07:00:00Z,NA,NA,NA,10368
2026-07-21T07:05:00Z,NA,NA,NA,10369
2026-07-21T07:10:00Z,NA,NA,NA,10370
2026-07-21T07:15:00Z,NA,NA,NA,10371
2026-07-21T07:20:00Z,NA,NA,NA,10372
2026-07-21T07:25:00Z,NA,NA,NA,10373
2026-07-21T07:30:00Z,NA,NA,NA,10374
2026-07-21T07:35:00Z,NA,NA,NA,10375
2026-07-21T07:40:00Z,NA,NA,NA,10376
2026-07-21T07:45:00Z,NA,NA,NA,10377
2026-07-21T07:50:00Z,NA,NA,NA,10378
2026-07-21T07:55:00Z,NA,NA,NA,10379
2026-07-21T08:00:00Z,NA,NA,NA,10380
2026-07-21T08:05:00Z,NA,NA,NA,10381
2026-07-21T08:10:00Z,NA,NA,NA,10382
2026-07-21T08:15:00Z,NA,NA,NA,10383
2026-07-21T08:20:00Z,NA,NA,NA,10384
2026-07-21T08:25:00Z,NA,NA,NA,10385
2026-07-21T08:30:00Z,NA,NA,NA,10386
2026-07-21T08:35:00Z,NA,NA,NA,10387
2026-07-21T08:40:00Z,NA,NA,NA,10388
2026-07-21T08:45:00Z,NA,NA,NA,10389
2026-07-21T08:50:00Z,NA,NA,NA,10390
2026-07-21T08:55:00Z,NA,NA,NA,10391
2026-07-21T09:00:00Z,NA,NA,NA,10392
2026-07-21T09:05:00Z,NA,NA,NA,10393
2026-07-21T09:10:00Z,NA,NA,NA,10394
2026-07-21T09:15:00Z,NA,NA,NA,10395
2026-07-21T09:20:00Z,NA,NA,NA,10396
2026-07-21T09:25:00Z,NA,NA,NA,10397
2026-07-21T09:30:00Z,NA,NA,NA,10398
2026-07-21T09:35:00Z,NA,NA,NA,10399
2026-07-21T09:40:00Z,NA,NA,NA,10400
2026-07-21T09:45:00Z,NA,NA,NA,10401
2026-07-21T09:50:00Z,NA,NA,NA,10402
2026-07-21T09:55:00Z,NA,NA,NA,10403
2026-07-21T10:00:00Z,NA,NA,NA,10404
2026-07-21T10:05:00Z,NA,NA,NA,10405
2026-07-21T10:10:00Z,NA,NA,NA,10406
2026-07-21T10:15:00Z,NA,NA,NA,10407
2026-07-21T10:20:00Z,NA,NA,NA,10408
2026-07-21T10:25:00Z,NA,NA,NA,10409
2026-07-21T10:30:00Z,NA,NA,NA,10410
2026-07-21T10:35:00Z,NA,NA,NA,10411
2026-07-21T10:40:00Z,NA,NA,NA,10412
2026-07-21T10:45:00Z,NA,NA,NA,10413
2026-07-21T10:50:00Z,NA,NA,NA,10414
2026-07-21T10:55:00Z,NA,NA,NA,10415
2026-07-21T11:00:00Z,NA,NA,NA,10416
2026-07-21T11:05:00Z,NA,NA,NA,10417
2026-07-21T11:10:00Z,NA,NA,NA,10418
2026-07-21T11:15:00Z,NA,NA,NA,10419
2026-07-21T11:20:00Z,NA,NA,NA,10420
2026-07-21T11:25:00Z,NA,NA,NA,10421
2026-07-21T11:30:00Z,NA,NA,NA,10422
2026-07-21T11:35:00Z,NA,NA,NA,10423
2026-07-21T11:40:00Z,NA,NA,NA,10424
2026-07-21T11:45:00Z,NA,NA,NA,10425
2026-07-21T11:50:00Z,NA,NA,NA,10426
2026-07-21T11:55:00Z,NA,NA,NA,10427
2026-07-21T12:00:00Z,NA,NA,NA,10428
2026-07-21T12:05:00Z,NA,NA,NA,10429
2026-07-21T12:10:00Z,NA,NA,NA,10430
2026-07-21T12:15:00Z,NA,NA,NA,10431
2026-07-21T12:20:00Z,NA,NA,NA,10432
2026-07-21T12:25:00Z,NA,NA,NA,10433
2026-07-21T12:30:00Z,NA,NA,NA,10434
2026-07-21T12:35:00Z,NA,NA,NA,10435
2026-07-21T12:40:00Z,NA,NA,NA,10436
2026-07-21T12:45:00Z,NA,NA,NA,10437
2026-07-21T12:50:00Z,NA,NA,NA,10438
2026-07-21T12:55:00Z,NA,NA,NA,10439
2026-07-21T13:00:00Z,NA,NA,NA,10440
2026-07-21T13:05:00Z,NA,NA,NA,10441
2026-07-21T13:10:00Z,NA,NA,NA,10442
2026-07-21T13:15:00Z,NA,NA,NA,10443
2026-07-21T13:20:00Z,NA,NA,NA,10444
2026-07-21T13:25:00Z,NA,NA,NA,10445
2026-07-21T13:30:00Z,NA,NA,NA,10446
2026-07-21T13:35:00Z,NA,NA,NA,10447
2026-07-21T13:40:00Z,NA,NA,NA,10448
2026-07-21T13:45:00Z,NA,NA,NA,10449
2026-07-21T13:50:00Z,NA,NA,NA,10450
2026-07-21T13:55:00Z,NA,NA,NA,10451
2026-07-21T14:00:00Z,NA,NA,NA,10452
2026-07-21T14:05:00Z,NA,NA,NA,10453
2026-07-21T14:10:00Z,NA,NA,NA,10454
2026-07-21T14:15:00Z,NA,NA,NA,10455
2026-07-21T14:20:00Z,NA,NA,NA,10456
2026-07-21T14:25:00Z,NA,NA,NA,10457
2026-07-21T14:30:00Z,NA,NA,NA,10458
2026-07-21T14:35:00Z,NA,NA,NA,10459
2026-07-21T14:40:00Z,NA,NA,NA,10460
2026-07-21T14:45:00Z,NA,NA,NA,10461
2026-07-21T14:50:00Z,NA,NA,NA,10462
2026-07-21T14:55:00Z,NA,NA,NA,10463
2026-07-21T15:00:00Z,NA,NA,NA,10464
2026-07-21T15:05:00Z,NA,NA,NA,10465
2026-07-21T15:10:00Z,NA,NA,NA,10466
2026-07-21T15:15:00Z,NA,NA,NA,10467
2026-07-21T15:20:00Z,NA,NA,NA,10468
2026-07-21T15:25:00Z,NA,NA,NA,10469
2026-07-21T15:30:00Z,NA,NA,NA,10470
2026-07-21T15:35:00Z,NA,NA,NA,10471
2026-07-21T15:40:00Z,NA,NA,NA,10472
2026-07-21T15:45:00Z,NA,NA,NA,10473
2026-07-21T15:50:00Z,NA,NA,NA,10474
2026-07-21T15:55:00Z,NA,NA,NA,10475
2026-07-21T16:00:00Z,NA,NA,NA,10476
2026-07-21T16:05:00Z,NA,NA,NA,10477
2026-07-21T16:10:00Z,NA,NA,NA,10478
2026-07-21T16:15:00Z,NA,NA,NA,10479
2026-07-21T16:20:00Z,NA,NA,NA,10480
2026-07-21T16:25:00Z,NA,NA,NA,10481
2026-07-21T16:30:00Z,NA,NA,NA,10482
2026-07-21T16:35:00Z,NA,NA,NA,10483
2026-07-21T16:40:00Z,NA,NA,NA,10484
2026-07-21T16:45:00Z,NA,NA,NA,10485
2026-07-21T16:50:00Z,NA,NA,NA,10486
2026-07-21T16:55:00Z,NA,NA,NA,10487
2026-07-21T17:00:00Z,NA,NA,NA,10488
2026-07-21T17:05:00Z,NA,NA,NA,10489
2026-07-21T17:10:00Z,NA,NA,NA,10490
2026-07-21T17:15:00Z,NA,NA,NA,10491
2026-07-21T17:20:00Z,NA,NA,NA,10492
2026-07-21T17:25:00Z,NA,NA,NA,10493
2026-07-21T17:30:00Z,NA,NA,NA,10494
2026-07-21T17:35:00Z,NA,NA,NA,10495
2026-07-21T17:40:00Z,NA,NA,NA,10496
2026-07-21T17:45:00Z,NA,NA,NA,10497
2026-07-21T17:50:00Z,NA,NA,NA,10498
2026-07-21T17:55:00Z,NA,NA,NA,10499
2026-07-21T18:00:00Z,NA,NA,NA,10500
2026-07-21T18:05:00Z,NA,NA,NA,10501
2026-07-21T18:10:00Z,NA,NA,NA,10502
2026-07-21T18:15:00Z,NA,NA,NA,10503
2026-07-21T18:20:00Z,NA,NA,NA,10504
2026-07-21T18:25:00Z,NA,NA,NA,10505
2026-07-21T18:30:00Z,NA,NA,NA,10506
2026-07-21T18:35:00Z,NA,NA,NA,10507
2026-07-21T18:40:00Z,NA,NA,NA,10508
2026-07-21T18:45:00Z,NA,NA,NA,10509
2026-07-21T18:50:00Z,NA,NA,NA,10510
2026-07-21T18:55:00Z,NA,NA,NA,10511
2026-07-21T19:00:00Z,NA,NA,NA,10512
2026-07-21T19:05:00Z,NA,NA,NA,10513
2026-07-21T19:10:00Z,NA,NA,NA,10514
2026-07-21T19:15:00Z,NA,NA,NA,10515
2026-07-21T19:20:00Z,NA,NA,NA,10516
2026-07-21T19:25:00Z,NA,NA,NA,10517
2026-07-21T19:30:00Z,NA,NA,NA,10518
2026-07-21T19:35:00Z,NA,NA,NA,10519
2026-07-21T19:40:00Z,NA,NA,NA,10520
2026-07-21T19:45:00Z,NA,NA,NA,10521
2026-07-21T19:50:00Z,NA,NA,NA,10522
2026-07-21T19:55:00Z,NA,NA,NA,10523
2026-07-21T20:00:00Z,NA,NA,NA,10524
2026-07-21T20:05:00Z,NA,NA,NA,10525
2026-07-21T20:10:00Z,NA,NA,NA,10526
2026-07-21T20:15:00Z,NA,NA,NA,10527
2026-07-21T20:20:00Z,NA,NA,NA,10528
2026-07-21T20:25:00Z,NA,NA,NA,10529
2026-07-21T20:30:00Z,NA,NA,NA,10530
2026-07-21T20:35:00Z,NA,NA,NA,10531
2026-07-21T20:40:00Z,NA,NA,NA,10532
2026-07-21T20:45:00Z,NA,NA,NA,10533
2026-07-21T20:50:00Z,NA,NA,NA,10534
2026-07-21T20:55:00Z,NA,NA,NA,10535
2026-07-21T21:00:00Z,NA,NA,NA,10536
2026-07-21T21:05:00Z,NA,NA,NA,10537
2026-07-21T21:10:00Z,NA,NA,NA,10538
2026-07-21T21:15:00Z,NA,NA,NA,10539
2026-07-21T21:20:00Z,NA,NA,NA,10540
2026-07-21T21:25:00Z,NA,NA,NA,10541
2026-07-21T21:30:00Z,NA,NA,NA,10542
2026-07-21T21:35:00Z,NA,NA,NA,10543
2026-07-21T21:40:00Z,NA,NA,NA,10544
2026-07-21T21:45:00Z,NA,NA,NA,10545
2026-07-21T21:50:00Z,NA,NA,NA,10546
2026-07-21T21:55:00Z,NA,NA,NA,10547
2026-07-21T22:00:00Z,NA,NA,NA,10548
2026-07-21T22:05:00Z,NA,NA,NA,10549
2026-07-21T22:10:00Z,NA,NA,NA,10550
2026-07-21T22:15:00Z,NA,NA,NA,10551
2026-07-21T22:20:00Z,NA,NA,NA,10552
2026-07-21T22:25:00Z,NA,NA,NA,10553
2026-07-21T22:30:00Z,NA,NA,NA,10554
2026-07-21T22:35:00Z,NA,NA,NA,10555
2026-07-21T22:40:00Z,NA,NA,NA,10556
2026-07-21T22:45:00Z,NA,NA,NA,10557
2026-07-21T22:50:00Z,NA,NA,NA,10558
2026-07-21T22:55:00Z,NA,NA,NA,10559
2026-07-21T23:00:00Z,NA,NA,NA,10560
2026-07-21T23:05:00Z,NA,NA,NA,10561
2026-07-21T23:10:00Z,NA,NA,NA,10562
2026-07-21T23:15:00Z,NA,NA,NA,10563
2026-07-21T23:20:00Z,NA,NA,NA,10564
2026-07-21T23:25:00Z,NA,NA,NA,10565
2026-07-21T23:30:00Z,NA,NA,NA,10566
2026-07-21T23:35:00Z,NA,NA,NA,10567
2026-07-21T23:40:00Z,NA,NA,NA,10568
2026-07-21T23:45:00Z,NA,NA,NA,10569
2026-07-21T23:50:00Z,NA,NA,NA,10570
2026-07-21T23:55:00Z,NA,NA,NA,10571
2026-07-22T00:00:00Z,NA,NA,NA,10572
2026-07-22T00:05:00Z,NA,NA,NA,10573
2026-07-22T00:10:00Z,NA,NA,NA,10574
2026-07-22T00:15:00Z,NA,NA,NA,10575
2026-07-22T00:20:00Z,NA,NA,NA,10576
2026-07-22T00:25:00Z,NA,NA,NA,10577
2026-07-22T00:30:00Z,NA,NA,NA,10578
2026-07-22T00:35:00Z,NA,NA,NA,10579
2026-07-22T00:40:00Z,NA,NA,NA,10580
2026-07-22T00:45:00Z,NA,NA,NA,10581
2026-07-22T00:50:00Z,NA,NA,NA,10582
2026-07-22T00:55:00Z,NA,NA,NA,10583
2026-07-22T01:00:00Z,NA,NA,NA,10584
2026-07-22T01:05:00Z,NA,NA,NA,10585
2026-07-22T01:10:00Z,NA,NA,NA,10586
2026-07-22T01:15:00Z,NA,NA,NA,10587
2026-07-22T01:20:00Z,NA,NA,NA,10588
2026-07-22T01:25:00Z,NA,NA,NA,10589
2026-07-22T01:30:00Z,NA,NA,NA,10590
2026-07-22T01:35:00Z,NA,NA,NA,10591
2026-07-22T01:40:00Z,NA,NA,NA,10592
2026-07-22T01:45:00Z,NA,NA,NA,10593
2026-07-22T01:50:00Z,NA,NA,NA,10594
2026-07-22T01:55:00Z,NA,NA,NA,10595
2026-07-22T02:00:00Z,NA,NA,NA,10596
2026-07-22T02:05:00Z,NA,NA,NA,10597
2026-07-22T02:10:00Z,NA,NA,NA,10598
2026-07-22T02:15:00Z,NA,NA,NA,10599
2026-07-22T02:20:00Z,NA,NA,NA,10600
2026-07-22T02:25:00Z,NA,NA,NA,10601
2026-07-22T02:30:00Z,NA,NA,NA,10602
2026-07-22T02:35:00Z,NA,NA,NA,10603
2026-07-22T02:40:00Z,NA,NA,NA,10604
2026-07-22T02:45:00Z,NA,NA,NA,10605
2026-07-22T02:50:00Z,NA,NA,NA,10606
2026-07-22T02:55:00Z,NA,NA,NA,10607
2026-07-22T03:00:00Z,NA,NA,NA,10608
2026-07-22T03:05:00Z,NA,NA,NA,10609
2026-07-22T03:10:00Z,NA,NA,NA,10610
2026-07-22T03:15:00Z,NA,NA,NA,10611
2026-07-22T03:20:00Z,NA,NA,NA,10612
2026-07-22T03:25:00Z,NA,NA,NA,10613
2026-07-22T03:30:00Z,NA,NA,NA,10614
2026-07-22T03:35:00Z,NA,NA,NA,10615
2026-07-22T03:40:00Z,NA,NA,NA,10616
2026-07-22T03:45:00Z,NA,NA,NA,10617
2026-07-22T03:50:00Z,NA,NA,NA,10618
2026-07-22T03:55:00Z,NA,NA,NA,10619
2026-07-22T04:05:00Z,NA,NA,NA,10620
2026-07-22T04:10:00Z,NA,NA,NA,10621
2026-07-22T04:15:00Z,NA,NA,NA,10622
2026-07-22T04:20:00Z,NA,NA,NA,10623
2026-07-22T04:25:00Z,NA,NA,NA,10624
2026-07-22T04:30:00Z,NA,NA,NA,10625
2026-07-22T04:35:00Z,NA,NA,NA,10626
2026-07-22T04:40:00Z,NA,NA,NA,10627
2026-07-22T04:45:00Z,NA,NA,NA,10628
2026-07-22T04:50:00Z,NA,NA,NA,10629
2026-07-22T04:55:00Z,NA,NA,NA,10630
2026-07-22T05:00:00Z,NA,NA,NA,10631
2026-07-22T05:05:00Z,NA,NA,NA,10632
2026-07-22T05:10:00Z,NA,NA,NA,10633
2026-07-22T05:15:00Z,NA,NA,NA,10634
2026-07-22T05:20:00Z,NA,NA,NA,10635
2026-07-22T05:25:00Z,NA,NA,NA,10636
2026-07-22T05:30:00Z,NA,NA,NA,10637
2026-07-22T05:35:00Z,NA,NA,NA,10638
2026-07-22T05:40:00Z,NA,NA,NA,10639
2026-07-22T05:45:00Z,NA,NA,NA,10640
2026-07-22T05:50:00Z,NA,NA,NA,10641
2026-07-22T05:55:00Z,NA,NA,NA,10642
2026-07-22T06:00:00Z,NA,NA,NA,10643
2026-07-22T06:05:00Z,NA,NA,NA,10644
2026-07-22T06:10:00Z,NA,NA,NA,10645
2026-07-22T06:15:00Z,NA,NA,NA,10646
2026-07-22T06:20:00Z,NA,NA,NA,10647
2026-07-22T06:25:00Z,NA,NA,NA,10648
2026-07-22T06:30:00Z,NA,NA,NA,10649
2026-07-22T06:35:00Z,NA,NA,NA,10650
2026-07-22T06:40:00Z,NA,NA,NA,10651
2026-07-22T06:45:00Z,NA,NA,NA,10652
2026-07-22T06:50:00Z,NA,NA,NA,10653
2026-07-22T06:55:00Z,NA,NA,NA,10654
2026-07-22T07:00:00Z,NA,NA,NA,10655
2026-07-22T07:05:00Z,NA,NA,NA,10656
2026-07-22T07:10:00Z,NA,NA,NA,10657
2026-07-22T07:15:00Z,NA,NA,NA,10658
2026-07-22T07:20:00Z,NA,NA,NA,10659
2026-07-22T07:25:00Z,NA,NA,NA,10660
2026-07-22T07:30:00Z,NA,NA,NA,10661
2026-07-22T07:35:00Z,NA,NA,NA,10662
2026-07-22T07:40:00Z,NA,NA,NA,10663
2026-07-22T07:45:00Z,NA,NA,NA,10664
2026-07-22T07:50:00Z,NA,NA,NA,10665
2026-07-22T07:55:00Z,NA,NA,NA,10666
2026-07-22T08:00:00Z,NA,NA,NA,10667
2026-07-22T08:05:00Z,NA,NA,NA,10668
2026-07-22T08:10:00Z,NA,NA,NA,10669
2026-07-22T08:15:00Z,NA,NA,NA,10670
2026-07-22T08:20:00Z,NA,NA,NA,10671
2026-07-22T08:25:00Z,NA,NA,NA,10672
2026-07-22T08:30:00Z,NA,NA,NA,10673
2026-07-22T08:35:00Z,NA,NA,NA,10674
2026-07-22T08:40:00Z,NA,NA,NA,10675
2026-07-22T08:45:00Z,NA,NA,NA,10676
2026-07-22T08:50:00Z,NA,NA,NA,10677
2026-07-22T08:55:00Z,NA,NA,NA,10678
2026-07-22T09:00:00Z,NA,NA,NA,10679
2026-07-22T09:05:00Z,NA,NA,NA,10680
2026-07-22T09:10:00Z,NA,NA,NA,10681
2026-07-22T09:15:00Z,NA,NA,NA,10682
2026-07-22T09:20:00Z,NA,NA,NA,10683
2026-07-22T09:25:00Z,NA,NA,NA,10684
2026-07-22T09:30:00Z,NA,NA,NA,10685
2026-07-22T09:35:00Z,NA,NA,NA,10686
2026-07-22T09:40:00Z,NA,NA,NA,10687
2026-07-22T09:45:00Z,NA,NA,NA,10688
2026-07-22T09:50:00Z,NA,NA,NA,10689
2026-07-22T09:55:00Z,NA,NA,NA,10690
2026-07-22T10:00:00Z,NA,NA,NA,10691
2026-07-22T10:05:00Z,NA,NA,NA,10692
2026-07-22T10:10:00Z,NA,NA,NA,10693
2026-07-22T10:15:00Z,NA,NA,NA,10694
2026-07-22T10:20:00Z,NA,NA,NA,10695
2026-07-22T10:25:00Z,NA,NA,NA,10696
2026-07-22T10:30:00Z,NA,NA,NA,10697
2026-07-22T10:35:00Z,NA,NA,NA,10698
2026-07-22T10:40:00Z,NA,NA,NA,10699
2026-07-22T10:45:00Z,NA,NA,NA,10700
2026-07-22T10:50:00Z,NA,NA,NA,10701
2026-07-22T10:55:00Z,NA,NA,NA,10702
2026-07-22T11:00:00Z,NA,NA,NA,10703
2026-07-22T11:05:00Z,NA,NA,NA,10704
2026-07-22T11:10:00Z,NA,NA,NA,10705
2026-07-22T11:15:00Z,NA,NA,NA,10706
2026-07-22T11:20:00Z,NA,NA,NA,10707
2026-07-22T11:25:00Z,NA,NA,NA,10708
2026-07-22T11:30:00Z,NA,NA,NA,10709
2026-07-22T11:35:00Z,NA,NA,NA,10710
2026-07-22T11:40:00Z,NA,NA,NA,10711
2026-07-22T11:45:00Z,NA,NA,NA,10712
2026-07-22T11:50:00Z,NA,NA,NA,10713
2026-07-22T11:55:00Z,NA,NA,NA,10714
2026-07-22T12:00:00Z,NA,NA,NA,10715
2026-07-22T12:05:00Z,NA,NA,NA,10716
2026-07-22T12:10:00Z,NA,NA,NA,10717
2026-07-22T12:15:00Z,NA,NA,NA,10718
2026-07-22T12:20:00Z,NA,NA,NA,10719
2026-07-22T12:25:00Z,NA,NA,NA,10720
2026-07-22T12:30:00Z,NA,NA,NA,10721
2026-07-22T12:35:00Z,NA,NA,NA,10722
2026-07-22T12:40:00Z,NA,NA,NA,10723
2026-07-22T12:45:00Z,NA,NA,NA,10724
2026-07-22T12:50:00Z,NA,NA,NA,10725
2026-07-22T12:55:00Z,NA,NA,NA,10726
2026-07-22T13:00:00Z,NA,NA,NA,10727
2026-07-22T13:05:00Z,NA,NA,NA,10728
2026-07-22T13:10:00Z,NA,NA,NA,10729
2026-07-22T13:15:00Z,NA,NA,NA,10730
2026-07-22T13:20:00Z,NA,NA,NA,10731
2026-07-22T13:25:00Z,NA,NA,NA,10732
2026-07-22T13:30:00Z,NA,NA,NA,10733
2026-07-22T13:35:00Z,NA,NA,NA,10734
2026-07-22T13:40:00Z,NA,NA,NA,10735
2026-07-22T13:45:00Z,NA,NA,NA,10736
2026-07-22T13:50:00Z,NA,NA,NA,10737
2026-07-22T13:55:00Z,NA,NA,NA,10738
2026-07-22T14:00:00Z,NA,NA,NA,10739
2026-07-22T14:05:00Z,NA,NA,NA,10740
2026-07-22T14:10:00Z,NA,NA,NA,10741
2026-07-22T14:15:00Z,NA,NA,NA,10742
2026-07-22T14:20:00Z,NA,NA,NA,10743
2026-07-22T14:25:00Z,NA,NA,NA,10744
2026-07-22T14:30:00Z,NA,NA,NA,10745
2026-07-22T14:35:00Z,NA,NA,NA,10746
2026-07-22T14:40:00Z,NA,NA,NA,10747
2026-07-22T14:45:00Z,NA,NA,NA,10748
2026-07-22T14:50:00Z,NA,NA,NA,10749
2026-07-22T14:55:00Z,NA,NA,NA,10750
2026-07-22T15:00:00Z,NA,NA,NA,10751
2026-07-22T15:05:00Z,NA,NA,NA,10752
2026-07-22T15:10:00Z,NA,NA,NA,10753
2026-07-22T15:15:00Z,NA,NA,NA,10754
2026-07-22T15:20:00Z,NA,NA,NA,10755
2026-07-22T15:25:00Z,NA,NA,NA,10756
2026-07-22T15:30:00Z,NA,NA,NA,10757
2026-07-22T15:35:00Z,NA,NA,NA,10758
2026-07-22T15:40:00Z,NA,NA,NA,10759
2026-07-22T15:45:00Z,NA,NA,NA,10760
2026-07-22T15:50:00Z,NA,NA,NA,10761
2026-07-22T15:55:00Z,NA,NA,NA,10762
2026-07-22T16:00:00Z,NA,NA,NA,10763
2026-07-22T16:05:00Z,NA,NA,NA,10764
2026-07-22T16:10:00Z,NA,NA,NA,10765
2026-07-22T16:15:00Z,NA,NA,NA,10766
2026-07-22T16:20:00Z,NA,NA,NA,10767
2026-07-22T16:25:00Z,NA,NA,NA,10768
2026-07-22T16:30:00Z,NA,NA,NA,10769
2026-07-22T16:35:00Z,NA,NA,NA,10770
2026-07-22T16:40:00Z,NA,NA,NA,10771
2026-07-22T16:45:00Z,NA,NA,NA,10772
2026-07-22T16:50:00Z,NA,NA,NA,10773
2026-07-22T16:55:00Z,NA,NA,NA,10774
2026-07-22T17:00:00Z,NA,NA,NA,10775
2026-07-22T17:05:00Z,NA,NA,NA,10776
2026-07-22T17:10:00Z,NA,NA,NA,10777
2026-07-22T17:15:00Z,NA,NA,NA,10778
2026-07-22T17:20:00Z,NA,NA,NA,10779
2026-07-22T17:25:00Z,NA,NA,NA,10780
2026-07-22T17:30:00Z,NA,NA,NA,10781
2026-07-22T17:35:00Z,NA,NA,NA,10782
2026-07-22T17:40:00Z,NA,NA,NA,10783
2026-07-22T17:45:00Z,NA,NA,NA,10784
2026-07-22T17:50:00Z,NA,NA,NA,10785
2026-07-22T17:55:00Z,NA,NA,NA,10786
2026-07-22T18:00:00Z,NA,NA,NA,10787
2026-07-22T18:05:00Z,NA,NA,NA,10788
2026-07-22T18:10:00Z,NA,NA,NA,10789
2026-07-22T18:15:00Z,NA,NA,NA,10790
2026-07-22T18:20:00Z,NA,NA,NA,10791
2026-07-22T18:25:00Z,NA,NA,NA,10792
2026-07-22T18:30:00Z,NA,NA,NA,10793
2026-07-22T18:35:00Z,NA,NA,NA,10794
2026-07-22T18:40:00Z,NA,NA,NA,10795
2026-07-22T18:45:00Z,NA,NA,NA,10796
2026-07-22T18:50:00Z,NA,NA,NA,10797
2026-07-22T18:55:00Z,NA,NA,NA,10798
2026-07-22T19:00:00Z,NA,NA,NA,10799
2026-07-22T19:05:00Z,NA,NA,NA,10800
2026-07-22T19:10:00Z,NA,NA,NA,10801
2026-07-22T19:15:00Z,NA,NA,NA,10802
2026-07-22T19:20:00Z,NA,NA,NA,10803
2026-07-22T19:25:00Z,NA,NA,NA,10804
2026-07-22T19:30:00Z,NA,NA,NA,10805
2026-07-22T19:35:00Z,NA,NA,NA,10806
2026-07-22T19:40:00Z,NA,NA,NA,10807
2026-07-22T19:45:00Z,NA,NA,NA,10808
2026-07-22T19:50:00Z,NA,NA,NA,10809
2026-07-22T19:55:00Z,NA,NA,NA,10810
2026-07-22T20:00:00Z,NA,NA,NA,10811
2026-07-22T20:05:00Z,NA,NA,NA,10812
2026-07-22T20:10:00Z,NA,NA,NA,10813
2026-07-22T20:15:00Z,NA,NA,NA,10814
2026-07-22T20:20:00Z,NA,NA,NA,10815
2026-07-22T20:25:00Z,NA,NA,NA,10816
2026-07-22T20:30:00Z,NA,NA,NA,10817
2026-07-22T20:35:00Z,NA,NA,NA,10818
2026-07-22T20:40:00Z,NA,NA,NA,10819
2026-07-22T20:45:00Z,NA,NA,NA,10820
2026-07-22T20:50:00Z,NA,NA,NA,10821
2026-07-22T20:55:00Z,NA,NA,NA,10822
2026-07-22T21:00:00Z,NA,NA,NA,10823
2026-07-22T21:05:00Z,NA,NA,NA,10824
2026-07-22T21:10:00Z,NA,NA,NA,10825
2026-07-22T21:15:00Z,NA,NA,NA,10826
2026-07-22T21:20:00Z,NA,NA,NA,10827
2026-07-22T21:25:00Z,NA,NA,NA,10828
2026-07-22T21:30:00Z,NA,NA,NA,10829
2026-07-22T21:35:00Z,NA,NA,NA,10830
2026-07-22T21:40:00Z,NA,NA,NA,10831
2026-07-22T21:45:00Z,NA,NA,NA,10832
2026-07-22T21:50:00Z,NA,NA,NA,10833
2026-07-22T21:55:00Z,NA,NA,NA,10834
2026-07-22T22:00:00Z,NA,NA,NA,10835
2026-07-22T22:05:00Z,NA,NA,NA,10836
2026-07-22T22:10:00Z,NA,NA,NA,10837
2026-07-22T22:15:00Z,NA,NA,NA,10838
2026-07-22T22:20:00Z,NA,NA,NA,10839
2026-07-22T22:25:00Z,NA,NA,NA,10840
2026-07-22T22:30:00Z,NA,NA,NA,10841
2026-07-22T22:35:00Z,NA,NA,NA,10842
2026-07-22T22:40:00Z,NA,NA,NA,10843
2026-07-22T22:45:00Z,NA,NA,NA,10844
2026-07-22T22:50:00Z,NA,NA,NA,10845
2026-07-22T22:55:00Z,NA,NA,NA,10846
2026-07-22T23:00:00Z,NA,NA,NA,10847
2026-07-22T23:05:00Z,NA,NA,NA,10848
2026-07-22T23:10:00Z,NA,NA,NA,10849
2026-07-22T23:15:00Z,NA,NA,NA,10850
2026-07-22T23:20:00Z,NA,NA,NA,10851
2026-07-22T23:25:00Z,NA,NA,NA,10852
2026-07-22T23:30:00Z,NA,NA,NA,10853
2026-07-22T23:35:00Z,NA,NA,NA,10854
2026-07-22T23:40:00Z,NA,NA,NA,10855
2026-07-22T23:45:00Z,NA,NA,NA,10856
2026-07-22T23:50:00Z,NA,NA,NA,10857
2026-07-22T23:55:00Z,NA,NA,NA,10858
2026-07-23T00:00:00Z,NA,NA,NA,10859
2026-07-23T00:05:00Z,NA,NA,NA,10860
2026-07-23T00:10:00Z,NA,NA,NA,10861
2026-07-23T00:15:00Z,NA,NA,NA,10862
2026-07-23T00:20:00Z,NA,NA,NA,10863
2026-07-23T00:25:00Z,NA,NA,NA,10864
2026-07-23T00:30:00Z,NA,NA,NA,10865
2026-07-23T00:35:00Z,NA,NA,NA,10866
2026-07-23T00:40:00Z,NA,NA,NA,10867
2026-07-23T00:45:00Z,NA,NA,NA,10868
2026-07-23T00:50:00Z,NA,NA,NA,10869
2026-07-23T00:55:00Z,NA,NA,NA,10870
2026-07-23T01:00:00Z,NA,NA,NA,10871
2026-07-23T01:05:00Z,NA,NA,NA,10872
2026-07-23T01:10:00Z,NA,NA,NA,10873
2026-07-23T01:15:00Z,NA,NA,NA,10874
2026-07-23T01:20:00Z,NA,NA,NA,10875
2026-07-23T01:25:00Z,NA,NA,NA,10876
2026-07-23T01:30:00Z,NA,NA,NA,10877
2026-07-23T01:35:00Z,NA,NA,NA,10878
2026-07-23T01:40:00Z,NA,NA,NA,10879
2026-07-23T01:45:00Z,NA,NA,NA,10880
2026-07-23T01:50:00Z,NA,NA,NA,10881
2026-07-23T01:55:00Z,NA,NA,NA,10882
2026-07-23T02:00:00Z,NA,NA,NA,10883
2026-07-23T02:05:00Z,NA,NA,NA,10884
2026-07-23T02:10:00Z,NA,NA,NA,10885
2026-07-23T02:15:00Z,NA,NA,NA,10886
2026-07-23T02:20:00Z,NA,NA,NA,10887
2026-07-23T02:25:00Z,NA,NA,NA,10888
2026-07-23T02:30:00Z,NA,NA,NA,10889
2026-07-23T02:35:00Z,NA,NA,NA,10890
2026-07-23T02:40:00Z,NA,NA,NA,10891
2026-07-23T02:45:00Z,NA,NA,NA,10892
2026-07-23T02:50:00Z,NA,NA,NA,10893
2026-07-23T02:55:00Z,NA,NA,NA,10894
2026-07-23T03:00:00Z,NA,NA,NA,10895
2026-07-23T03:05:00Z,NA,NA,NA,10896
2026-07-23T03:10:00Z,NA,NA,NA,10897
2026-07-23T03:15:00Z,NA,NA,NA,10898
2026-07-23T03:20:00Z,NA,NA,NA,10899
2026-07-23T03:25:00Z,NA,NA,NA,10900
2026-07-23T03:30:00Z,NA,NA,NA,10901
2026-07-23T03:35:00Z,NA,NA,NA,10902
2026-07-23T03:40:00Z,NA,NA,NA,10903
2026-07-23T03:45:00Z,NA,NA,NA,10904
2026-07-23T03:50:00Z,NA,NA,NA,10905
2026-07-23T03:55:00Z,NA,NA,NA,10906
2026-07-23T04:05:00Z,NA,NA,NA,10907
2026-07-23T04:10:00Z,NA,NA,NA,10908
2026-07-23T04:15:00Z,NA,NA,NA,10909
2026-07-23T04:20:00Z,NA,NA,NA,10910
2026-07-23T04:25:00Z,NA,NA,NA,10911
2026-07-23T04:30:00Z,NA,NA,NA,10912
2026-07-23T04:35:00Z,NA,NA,NA,10913
2026-07-23T04:40:00Z,NA,NA,NA,10914
2026-07-23T04:45:00Z,NA,NA,NA,10915
2026-07-23T04:50:00Z,NA,NA,NA,10916
2026-07-23T04:55:00Z,NA,NA,NA,10917
2026-07-23T05:00:00Z,NA,NA,NA,10918
2026-07-23T05:05:00Z,NA,NA,NA,10919
2026-07-23T05:10:00Z,NA,NA,NA,10920
2026-07-23T05:15:00Z,NA,NA,NA,10921
2026-07-23T05:20:00Z,NA,NA,NA,10922
2026-07-23T05:25:00Z,NA,NA,NA,10923
2026-07-23T05:30:00Z,NA,NA,NA,10924
2026-07-23T05:35:00Z,NA,NA,NA,10925
2026-07-23T05:40:00Z,NA,NA,NA,10926
2026-07-23T05:45:00Z,NA,NA,NA,10927
2026-07-23T05:50:00Z,NA,NA,NA,10928
2026-07-23T05:55:00Z,NA,NA,NA,10929
2026-07-23T06:00:00Z,NA,NA,NA,10930
2026-07-23T06:05:00Z,NA,NA,NA,10931
2026-07-23T06:10:00Z,NA,NA,NA,10932
2026-07-23T06:15:00Z,NA,NA,NA,10933
2026-07-23T06:20:00Z,NA,NA,NA,10934
2026-07-23T06:25:00Z,NA,NA,NA,10935
2026-07-23T06:30:00Z,NA,NA,NA,10936
2026-07-23T06:35:00Z,NA,NA,NA,10937
2026-07-23T06:40:00Z,NA,NA,NA,10938
2026-07-23T06:45:00Z,NA,NA,NA,10939
2026-07-23T06:50:00Z,NA,NA,NA,10940
2026-07-23T06:55:00Z,NA,NA,NA,10941
2026-07-23T07:00:00Z,NA,NA,NA,10942
2026-07-23T07:05:00Z,NA,NA,NA,10943
2026-07-23T07:10:00Z,NA,NA,NA,10944
2026-07-23T07:15:00Z,NA,NA,NA,10945
2026-07-23T07:20:00Z,NA,NA,NA,10946
2026-07-23T07:25:00Z,NA,NA,NA,10947
2026-07-23T07:30:00Z,NA,NA,NA,10948
2026-07-23T07:35:00Z,NA,NA,NA,10949
2026-07-23T07:40:00Z,NA,NA,NA,10950
2026-07-23T07:45:00Z,NA,NA,NA,10951
2026-07-23T07:50:00Z,NA,NA,NA,10952
2026-07-23T07:55:00Z,NA,NA,NA,10953
2026-07-23T08:00:00Z,NA,NA,NA,10954
2026-07-23T08:05:00Z,NA,NA,NA,10955
2026-07-23T08:10:00Z,NA,NA,NA,10956
2026-07-23T08:15:00Z,NA,NA,NA,10957
2026-07-23T08:20:00Z,NA,NA,NA,10958
2026-07-23T08:25:00Z,NA,NA,NA,10959
2026-07-23T08:30:00Z,NA,NA,NA,10960
2026-07-23T08:35:00Z,NA,NA,NA,10961
2026-07-23T08:40:00Z,NA,NA,NA,10962
2026-07-23T08:45:00Z,NA,NA,NA,10963
2026-07-23T08:50:00Z,NA,NA,NA,10964
2026-07-23T08:55:00Z,NA,NA,NA,10965
2026-07-23T09:00:00Z,NA,NA,NA,10966
2026-07-23T09:05:00Z,NA,NA,NA,10967
2026-07-23T09:10:00Z,NA,NA,NA,10968
2026-07-23T09:15:00Z,NA,NA,NA,10969
2026-07-23T09:20:00Z,NA,NA,NA,10970
2026-07-23T09:25:00Z,NA,NA,NA,10971
2026-07-23T09:30:00Z,NA,NA,NA,10972
2026-07-23T09:35:00Z,NA,NA,NA,10973
2026-07-23T09:40:00Z,NA,NA,NA,10974
2026-07-23T09:45:00Z,NA,NA,NA,10975
2026-07-23T09:50:00Z,NA,NA,NA,10976
2026-07-23T09:55:00Z,NA,NA,NA,10977
2026-07-23T10:00:00Z,NA,NA,NA,10978
2026-07-23T10:05:00Z,NA,NA,NA,10979
2026-07-23T10:10:00Z,NA,NA,NA,10980
2026-07-23T10:15:00Z,NA,NA,NA,10981
2026-07-23T10:20:00Z,NA,NA,NA,10982
2026-07-23T10:25:00Z,NA,NA,NA,10983
2026-07-23T10:30:00Z,NA,NA,NA,10984
2026-07-23T10:35:00Z,NA,NA,NA,10985
2026-07-23T10:40:00Z,NA,NA,NA,10986
2026-07-23T10:45:00Z,NA,NA,NA,10987
2026-07-23T10:50:00Z,NA,NA,NA,10988
2026-07-23T10:55:00Z,NA,NA,NA,10989
2026-07-23T11:00:00Z,NA,NA,NA,10990
2026-07-23T11:05:00Z,NA,NA,NA,10991
2026-07-23T11:10:00Z,NA,NA,NA,10992
2026-07-23T11:15:00Z,NA,NA,NA,10993
2026-07-23T11:20:00Z,NA,NA,NA,10994
2026-07-23T11:25:00Z,NA,NA,NA,10995
2026-07-23T11:30:00Z,NA,NA,NA,10996
2026-07-23T11:35:00Z,NA,NA,NA,10997
2026-07-23T11:40:00Z,NA,NA,NA,10998
2026-07-23T11:45:00Z,NA,NA,NA,10999
2026-07-23T11:50:00Z,NA,NA,NA,11000
2026-07-23T11:55:00Z,NA,NA,NA,11001
2026-07-23T12:00:00Z,NA,NA,NA,11002
2026-07-23T12:05:00Z,NA,NA,NA,11003
2026-07-23T12:10:00Z,NA,NA,NA,11004
2026-07-23T12:15:00Z,NA,NA,NA,11005
2026-07-23T12:20:00Z,NA,NA,NA,11006
2026-07-23T12:25:00Z,NA,NA,NA,11007
2026-07-23T12:30:00Z,NA,NA,NA,11008
2026-07-23T12:35:00Z,NA,NA,NA,11009
2026-07-23T12:40:00Z,NA,NA,NA,11010
2026-07-23T12:45:00Z,NA,NA,NA,11011
2026-07-23T12:50:00Z,NA,NA,NA,11012
2026-07-23T12:55:00Z,NA,NA,NA,11013
2026-07-23T13:00:00Z,NA,NA,NA,11014
2026-07-23T13:05:00Z,NA,NA,NA,11015
2026-07-23T13:10:00Z,NA,NA,NA,11016
2026-07-23T13:15:00Z,NA,NA,NA,11017
2026-07-23T13:20:00Z,NA,NA,NA,11018
2026-07-23T13:25:00Z,NA,NA,NA,11019
2026-07-23T13:30:00Z,NA,NA,NA,11020
2026-07-23T13:35:00Z,NA,NA,NA,11021
2026-07-23T13:40:00Z,NA,NA,NA,11022
2026-07-23T13:45:00Z,NA,NA,NA,11023
2026-07-23T13:50:00Z,NA,NA,NA,11024
2026-07-23T13:55:00Z,NA,NA,NA,11025
2026-07-23T14:00:00Z,NA,NA,NA,11026
2026-07-23T14:05:00Z,NA,NA,NA,11027
2026-07-23T14:10:00Z,NA,NA,NA,11028
2026-07-23T14:15:00Z,NA,NA,NA,11029
2026-07-23T14:20:00Z,NA,NA,NA,11030
2026-07-23T14:25:00Z,NA,NA,NA,11031
2026-07-23T14:30:00Z,NA,NA,NA,11032
2026-07-23T14:35:00Z,NA,NA,NA,11033
2026-07-23T14:40:00Z,NA,NA,NA,11034
2026-07-23T14:45:00Z,NA,NA,NA,11035
2026-07-23T14:50:00Z,NA,NA,NA,11036
2026-07-23T14:55:00Z,NA,NA,NA,11037
2026-07-23T15:00:00Z,NA,NA,NA,11038
2026-07-23T15:05:00Z,NA,NA,NA,11039
2026-07-23T15:10:00Z,NA,NA,NA,11040
2026-07-23T15:15:00Z,NA,NA,NA,11041
2026-07-23T15:20:00Z,NA,NA,NA,11042
2026-07-23T15:25:00Z,NA,NA,NA,11043
2026-07-23T15:30:00Z,NA,NA,NA,11044
2026-07-23T15:35:00Z,NA,NA,NA,11045
2026-07-23T15:40:00Z,NA,NA,NA,11046
2026-07-23T15:45:00Z,NA,NA,NA,11047
2026-07-23T15:50:00Z,NA,NA,NA,11048
2026-07-23T15:55:00Z,NA,NA,NA,11049
2026-07-23T16:00:00Z,NA,NA,NA,11050
2026-07-23T16:05:00Z,NA,NA,NA,11051
2026-07-23T16:10:00Z,NA,NA,NA,11052
2026-07-23T16:15:00Z,NA,NA,NA,11053
2026-07-23T16:20:00Z,NA,NA,NA,11054
2026-07-23T16:25:00Z,NA,NA,NA,11055
2026-07-23T16:30:00Z,NA,NA,NA,11056
2026-07-23T16:35:00Z,NA,NA,NA,11057
2026-07-23T16:40:00Z,NA,NA,NA,11058
2026-07-23T16:45:00Z,NA,NA,NA,11059
2026-07-23T16:50:00Z,NA,NA,NA,11060
2026-07-23T16:55:00Z,NA,NA,NA,11061
2026-07-23T17:00:00Z,NA,NA,NA,11062
2026-07-23T17:05:00Z,NA,NA,NA,11063
2026-07-23T17:10:00Z,NA,NA,NA,11064
2026-07-23T17:15:00Z,NA,NA,NA,11065
2026-07-23T17:20:00Z,NA,NA,NA,11066
2026-07-23T17:25:00Z,NA,NA,NA,11067
2026-07-23T17:30:00Z,NA,NA,NA,11068
2026-07-23T17:35:00Z,NA,NA,NA,11069
2026-07-23T17:40:00Z,NA,NA,NA,11070
2026-07-23T17:45:00Z,NA,NA,NA,11071
2026-07-23T17:50:00Z,NA,NA,NA,11072
2026-07-23T17:55:00Z,NA,NA,NA,11073
2026-07-23T18:00:00Z,NA,NA,NA,11074
2026-07-23T18:05:00Z,NA,NA,NA,11075
2026-07-23T18:10:00Z,NA,NA,NA,11076
2026-07-23T18:15:00Z,NA,NA,NA,11077
2026-07-23T18:20:00Z,NA,NA,NA,11078
2026-07-23T18:25:00Z,NA,NA,NA,11079
2026-07-23T18:30:00Z,NA,NA,NA,11080
2026-07-23T18:35:00Z,NA,NA,NA,11081
2026-07-23T18:40:00Z,NA,NA,NA,11082
2026-07-23T18:45:00Z,NA,NA,NA,11083
2026-07-23T18:50:00Z,NA,NA,NA,11084
2026-07-23T18:55:00Z,NA,NA,NA,11085
2026-07-23T19:00:00Z,NA,NA,NA,11086
2026-07-23T19:05:00Z,NA,NA,NA,11087
2026-07-23T19:10:00Z,NA,NA,NA,11088
2026-07-23T19:15:00Z,NA,NA,NA,11089
2026-07-23T19:20:00Z,NA,NA,NA,11090
2026-07-23T19:25:00Z,NA,NA,NA,11091
2026-07-23T19:30:00Z,NA,NA,NA,11092
2026-07-23T19:35:00Z,NA,NA,NA,11093
2026-07-23T19:40:00Z,NA,NA,NA,11094
2026-07-23T19:45:00Z,NA,NA,NA,11095
2026-07-23T19:50:00Z,NA,NA,NA,11096
2026-07-23T19:55:00Z,NA,NA,NA,11097
2026-07-23T20:00:00Z,NA,NA,NA,11098
2026-07-23T20:05:00Z,NA,NA,NA,11099
2026-07-23T20:10:00Z,NA,NA,NA,11100
2026-07-23T20:15:00Z,NA,NA,NA,11101
2026-07-23T20:20:00Z,NA,NA,NA,11102
2026-07-23T20:25:00Z,NA,NA,NA,11103
2026-07-23T20:30:00Z,NA,NA,NA,11104
2026-07-23T20:35:00Z,NA,NA,NA,11105
2026-07-23T20:40:00Z,NA,NA,NA,11106
2026-07-23T20:45:00Z,NA,NA,NA,11107
2026-07-23T20:50:00Z,NA,NA,NA,11108
2026-07-23T20:55:00Z,NA,NA,NA,11109
2026-07-23T21:00:00Z,NA,NA,NA,11110
2026-07-23T21:05:00Z,NA,NA,NA,11111
2026-07-23T21:10:00Z,NA,NA,NA,11112
2026-07-23T21:15:00Z,NA,NA,NA,11113
2026-07-23T21:20:00Z,NA,NA,NA,11114
2026-07-23T21:25:00Z,NA,NA,NA,11115
2026-07-23T21:30:00Z,NA,NA,NA,11116
2026-07-23T21:35:00Z,NA,NA,NA,11117
2026-07-23T21:40:00Z,NA,NA,NA,11118
2026-07-23T21:45:00Z,NA,NA,NA,11119
2026-07-23T21:50:00Z,NA,NA,NA,11120
2026-07-23T21:55:00Z,NA,NA,NA,11121
2026-07-23T22:00:00Z,NA,NA,NA,11122
2026-07-23T22:05:00Z,NA,NA,NA,11123
2026-07-23T22:10:00Z,NA,NA,NA,11124
2026-07-23T22:15:00Z,NA,NA,NA,11125
2026-07-23T22:20:00Z,NA,NA,NA,11126
2026-07-23T22:25:00Z,NA,NA,NA,11127
2026-07-23T22:30:00Z,NA,NA,NA,11128
2026-07-23T22:35:00Z,NA,NA,NA,11129
2026-07-23T22:40:00Z,NA,NA,NA,11130
2026-07-23T22:45:00Z,NA,NA,NA,11131
2026-07-23T22:50:00Z,NA,NA,NA,11132
2026-07-23T22:55:00Z,NA,NA,NA,11133
2026-07-23T23:00:00Z,NA,NA,NA,11134
2026-07-23T23:05:00Z,NA,NA,NA,11135
2026-07-23T23:10:00Z,NA,NA,NA,11136
2026-07-23T23:15:00Z,NA,NA,NA,11137
2026-07-23T23:20:00Z,NA,NA,NA,11138
2026-07-23T23:25:00Z,NA,NA,NA,11139
2026-07-23T23:30:00Z,NA,NA,NA,11140
2026-07-23T23:35:00Z,NA,NA,NA,11141
2026-07-23T23:40:00Z,NA,NA,NA,11142
2026-07-23T23:45:00Z,NA,NA,NA,11143
2026-07-23T23:50:00Z,NA,NA,NA,11144
2026-07-23T23:55:00Z,NA,NA,NA,11145
2026-07-24T00:00:00Z,NA,NA,NA,11146
2026-07-24T00:05:00Z,NA,NA,NA,11147
2026-07-24T00:10:00Z,NA,NA,NA,11148
2026-07-24T00:15:00Z,NA,NA,NA,11149
2026-07-24T00:20:00Z,NA,NA,NA,11150
2026-07-24T00:25:00Z,NA,NA,NA,11151
2026-07-24T00:30:00Z,NA,NA,NA,11152
2026-07-24T00:35:00Z,NA,NA,NA,11153
2026-07-24T00:40:00Z,NA,NA,NA,11154
2026-07-24T00:45:00Z,NA,NA,NA,11155
2026-07-24T00:50:00Z,NA,NA,NA,11156
2026-07-24T00:55:00Z,NA,NA,NA,11157
2026-07-24T01:00:00Z,NA,NA,NA,11158
2026-07-24T01:05:00Z,NA,NA,NA,11159
2026-07-24T01:10:00Z,NA,NA,NA,11160
2026-07-24T01:15:00Z,NA,NA,NA,11161
2026-07-24T01:20:00Z,NA,NA,NA,11162
2026-07-24T01:25:00Z,NA,NA,NA,11163
2026-07-24T01:30:00Z,NA,NA,NA,11164
2026-07-24T01:35:00Z,NA,NA,NA,11165
2026-07-24T01:40:00Z,NA,NA,NA,11166
2026-07-24T01:45:00Z,NA,NA,NA,11167
2026-07-24T01:50:00Z,NA,NA,NA,11168
2026-07-24T01:55:00Z,NA,NA,NA,11169
2026-07-24T02:00:00Z,NA,NA,NA,11170
2026-07-24T02:05:00Z,NA,NA,NA,11171
2026-07-24T02:10:00Z,NA,NA,NA,11172
2026-07-24T02:15:00Z,NA,NA,NA,11173
2026-07-24T02:20:00Z,NA,NA,NA,11174
2026-07-24T02:25:00Z,NA,NA,NA,11175
2026-07-24T02:30:00Z,NA,NA,NA,11176
2026-07-24T02:35:00Z,NA,NA,NA,11177
2026-07-24T02:40:00Z,NA,NA,NA,11178
2026-07-24T02:45:00Z,NA,NA,NA,11179
2026-07-24T02:50:00Z,NA,NA,NA,11180
2026-07-24T02:55:00Z,NA,NA,NA,11181
2026-07-24T03:00:00Z,NA,NA,NA,11182
2026-07-24T03:05:00Z,NA,NA,NA,11183
2026-07-24T03:10:00Z,NA,NA,NA,11184
2026-07-24T03:15:00Z,NA,NA,NA,11185
2026-07-24T03:20:00Z,NA,NA,NA,11186
2026-07-24T03:25:00Z,NA,NA,NA,11187
2026-07-24T03:30:00Z,NA,NA,NA,11188
2026-07-24T03:35:00Z,NA,NA,NA,11189
2026-07-24T03:40:00Z,NA,NA,NA,11190
2026-07-24T03:45:00Z,NA,NA,NA,11191
2026-07-24T03:50:00Z,NA,NA,NA,11192
2026-07-24T03:55:00Z,NA,NA,NA,11193
2026-07-24T04:05:00Z,NA,NA,NA,11194
2026-07-24T04:10:00Z,NA,NA,NA,11195
2026-07-24T04:15:00Z,NA,NA,NA,11196
2026-07-24T04:20:00Z,NA,NA,NA,11197
2026-07-24T04:25:00Z,NA,NA,NA,11198
2026-07-24T04:30:00Z,NA,NA,NA,11199
2026-07-24T04:35:00Z,NA,NA,NA,11200
2026-07-24T04:40:00Z,NA,NA,NA,11201
2026-07-24T04:45:00Z,NA,NA,NA,11202
2026-07-24T04:50:00Z,NA,NA,NA,11203
2026-07-24T04:55:00Z,NA,NA,NA,11204
2026-07-24T05:00:00Z,NA,NA,NA,11205
2026-07-24T05:05:00Z,NA,NA,NA,11206
2026-07-24T05:10:00Z,NA,NA,NA,11207
2026-07-24T05:15:00Z,NA,NA,NA,11208
2026-07-24T05:20:00Z,NA,NA,NA,11209
2026-07-24T05:25:00Z,NA,NA,NA,11210
2026-07-24T05:30:00Z,NA,NA,NA,11211
2026-07-24T05:35:00Z,NA,NA,NA,11212
2026-07-24T05:40:00Z,NA,NA,NA,11213
2026-07-24T05:45:00Z,NA,NA,NA,11214
2026-07-24T05:50:00Z,NA,NA,NA,11215
2026-07-24T05:55:00Z,NA,NA,NA,11216
2026-07-24T06:00:00Z,NA,NA,NA,11217
2026-07-24T06:05:00Z,NA,NA,NA,11218
2026-07-24T06:10:00Z,NA,NA,NA,11219
2026-07-24T06:15:00Z,NA,NA,NA,11220
2026-07-24T06:20:00Z,NA,NA,NA,11221
2026-07-24T06:25:00Z,NA,NA,NA,11222
2026-07-24T06:30:00Z,NA,NA,NA,11223
2026-07-24T06:35:00Z,NA,NA,NA,11224
2026-07-24T06:40:00Z,NA,NA,NA,11225
2026-07-24T06:45:00Z,NA,NA,NA,11226
2026-07-24T06:50:00Z,NA,NA,NA,11227
2026-07-24T06:55:00Z,NA,NA,NA,11228
2026-07-24T07:00:00Z,NA,NA,NA,11229
2026-07-24T07:05:00Z,NA,NA,NA,11230
2026-07-24T07:10:00Z,NA,NA,NA,11231
2026-07-24T07:15:00Z,NA,NA,NA,11232
2026-07-24T07:20:00Z,NA,NA,NA,11233
2026-07-24T07:25:00Z,NA,NA,NA,11234
2026-07-24T07:30:00Z,NA,NA,NA,11235
2026-07-24T07:35:00Z,NA,NA,NA,11236
2026-07-24T07:40:00Z,NA,NA,NA,11237
2026-07-24T07:45:00Z,NA,NA,NA,11238
2026-07-24T07:50:00Z,NA,NA,NA,11239
2026-07-24T07:55:00Z,NA,NA,NA,11240
2026-07-24T08:00:00Z,NA,NA,NA,11241
2026-07-24T08:05:00Z,NA,NA,NA,11242
2026-07-24T08:10:00Z,NA,NA,NA,11243
2026-07-24T08:15:00Z,NA,NA,NA,11244
2026-07-24T08:20:00Z,NA,NA,NA,11245
2026-07-24T08:25:00Z,NA,NA,NA,11246
2026-07-24T08:30:00Z,NA,NA,NA,11247
2026-07-24T08:35:00Z,NA,NA,NA,11248
2026-07-24T08:40:00Z,NA,NA,NA,11249
2026-07-24T08:45:00Z,NA,NA,NA,11250
2026-07-24T08:50:00Z,NA,NA,NA,11251
2026-07-24T08:55:00Z,NA,NA,NA,11252
2026-07-24T09:00:00Z,NA,NA,NA,11253
2026-07-24T09:05:00Z,NA,NA,NA,11254
2026-07-24T09:10:00Z,NA,NA,NA,11255
2026-07-24T09:15:00Z,NA,NA,NA,11256
2026-07-24T09:20:00Z,NA,NA,NA,11257
2026-07-24T09:25:00Z,NA,NA,NA,11258
2026-07-24T09:30:00Z,NA,NA,NA,11259
2026-07-24T09:35:00Z,NA,NA,NA,11260
2026-07-24T09:40:00Z,NA,NA,NA,11261
2026-07-24T09:45:00Z,NA,NA,NA,11262
2026-07-24T09:50:00Z,NA,NA,NA,11263
2026-07-24T09:55:00Z,NA,NA,NA,11264
2026-07-24T10:00:00Z,NA,NA,NA,11265
2026-07-24T10:05:00Z,NA,NA,NA,11266
2026-07-24T10:10:00Z,NA,NA,NA,11267
2026-07-24T10:15:00Z,NA,NA,NA,11268
2026-07-24T10:20:00Z,NA,NA,NA,11269
2026-07-24T10:25:00Z,NA,NA,NA,11270
2026-07-24T10:30:00Z,NA,NA,NA,11271
2026-07-24T10:35:00Z,NA,NA,NA,11272
2026-07-24T10:40:00Z,NA,NA,NA,11273
2026-07-24T10:45:00Z,NA,NA,NA,11274
2026-07-24T10:50:00Z,NA,NA,NA,11275
2026-07-24T10:55:00Z,NA,NA,NA,11276
2026-07-24T11:00:00Z,NA,NA,NA,11277
2026-07-24T11:05:00Z,NA,NA,NA,11278
2026-07-24T11:10:00Z,NA,NA,NA,11279
2026-07-24T11:15:00Z,NA,NA,NA,11280
2026-07-24T11:20:00Z,NA,NA,NA,11281
2026-07-24T11:25:00Z,NA,NA,NA,11282
2026-07-24T11:30:00Z,NA,NA,NA,11283
2026-07-24T11:35:00Z,NA,NA,NA,11284
2026-07-24T11:40:00Z,NA,NA,NA,11285
2026-07-24T11:45:00Z,NA,NA,NA,11286
2026-07-24T11:50:00Z,NA,NA,NA,11287
2026-07-24T11:55:00Z,NA,NA,NA,11288
2026-07-24T12:00:00Z,NA,NA,NA,11289
2026-07-24T12:05:00Z,NA,NA,NA,11290
2026-07-24T12:10:00Z,NA,NA,NA,11291
2026-07-24T12:15:00Z,NA,NA,NA,11292
2026-07-24T12:20:00Z,NA,NA,NA,11293
2026-07-24T12:25:00Z,NA,NA,NA,11294
2026-07-24T12:30:00Z,NA,NA,NA,11295
2026-07-24T12:35:00Z,NA,NA,NA,11296
2026-07-24T12:40:00Z,NA,NA,NA,11297
2026-07-24T12:45:00Z,NA,NA,NA,11298
2026-07-24T12:50:00Z,NA,NA,NA,11299
2026-07-24T12:55:00Z,NA,NA,NA,11300
2026-07-24T13:00:00Z,NA,NA,NA,11301
2026-07-24T13:05:00Z,NA,NA,NA,11302
2026-07-24T13:10:00Z,NA,NA,NA,11303
2026-07-24T13:15:00Z,NA,NA,NA,11304
2026-07-24T13:20:00Z,NA,NA,NA,11305
2026-07-24T13:25:00Z,NA,NA,NA,11306
2026-07-24T13:30:00Z,NA,NA,NA,11307
2026-07-24T13:35:00Z,NA,NA,NA,11308
2026-07-24T13:40:00Z,NA,NA,NA,11309
2026-07-24T13:45:00Z,NA,NA,NA,11310
2026-07-24T13:50:00Z,NA,NA,NA,11311
2026-07-24T13:55:00Z,NA,NA,NA,11312
2026-07-24T14:00:00Z,NA,NA,NA,11313
2026-07-24T14:05:00Z,NA,NA,NA,11314
2026-07-24T14:10:00Z,NA,NA,NA,11315
2026-07-24T14:15:00Z,NA,NA,NA,11316
2026-07-24T14:20:00Z,NA,NA,NA,11317
2026-07-24T14:25:00Z,NA,NA,NA,11318
2026-07-24T14:30:00Z,NA,NA,NA,11319
2026-07-24T14:35:00Z,NA,NA,NA,11320
2026-07-24T14:40:00Z,NA,NA,NA,11321
2026-07-24T14:45:00Z,NA,NA,NA,11322
2026-07-24T14:50:00Z,NA,NA,NA,11323
2026-07-24T14:55:00Z,NA,NA,NA,11324
2026-07-24T15:00:00Z,NA,NA,NA,11325
2026-07-24T15:05:00Z,NA,NA,NA,11326
2026-07-24T15:10:00Z,NA,NA,NA,11327
2026-07-24T15:15:00Z,NA,NA,NA,11328
2026-07-24T15:20:00Z,NA,NA,NA,11329
2026-07-24T15:25:00Z,NA,NA,NA,11330
2026-07-24T15:30:00Z,NA,NA,NA,11331
2026-07-24T15:35:00Z,NA,NA,NA,11332
2026-07-24T15:40:00Z,NA,NA,NA,11333
2026-07-24T15:45:00Z,NA,NA,NA,11334
2026-07-24T15:50:00Z,NA,NA,NA,11335
2026-07-24T15:55:00Z,NA,NA,NA,11336
2026-07-24T16:00:00Z,NA,NA,NA,11337
2026-07-24T16:05:00Z,NA,NA,NA,11338
2026-07-24T16:10:00Z,NA,NA,NA,11339
2026-07-24T16:15:00Z,NA,NA,NA,11340
2026-07-24T16:20:00Z,NA,NA,NA,11341
2026-07-24T16:25:00Z,NA,NA,NA,11342
2026-07-24T16:30:00Z,NA,NA,NA,11343
2026-07-24T16:35:00Z,NA,NA,NA,11344
2026-07-24T16:40:00Z,NA,NA,NA,11345
2026-07-24T16:45:00Z,NA,NA,NA,11346
2026-07-24T16:50:00Z,NA,NA,NA,11347
2026-07-24T16:55:00Z,NA,NA,NA,11348
2026-07-24T17:00:00Z,NA,NA,NA,11349
2026-07-24T17:05:00Z,NA,NA,NA,11350
2026-07-24T17:10:00Z,NA,NA,NA,11351
2026-07-24T17:15:00Z,NA,NA,NA,11352
2026-07-24T17:20:00Z,NA,NA,NA,11353
2026-07-24T17:25:00Z,NA,NA,NA,11354
2026-07-24T17:30:00Z,NA,NA,NA,11355
2026-07-24T17:35:00Z,NA,NA,NA,11356
2026-07-24T17:40:00Z,NA,NA,NA,11357
2026-07-24T17:45:00Z,NA,NA,NA,11358
2026-07-24T17:50:00Z,NA,NA,NA,11359
2026-07-24T17:55:00Z,NA,NA,NA,11360
2026-07-24T18:00:00Z,NA,NA,NA,11361
2026-07-24T18:05:00Z,NA,NA,NA,11362
2026-07-24T18:10:00Z,NA,NA,NA,11363
2026-07-24T18:15:00Z,NA,NA,NA,11364
2026-07-24T18:20:00Z,NA,NA,NA,11365
2026-07-24T18:25:00Z,NA,NA,NA,11366
2026-07-24T18:30:00Z,NA,NA,NA,11367
2026-07-24T18:35:00Z,NA,NA,NA,11368
2026-07-24T18:40:00Z,NA,NA,NA,11369
2026-07-24T18:45:00Z,NA,NA,NA,11370
2026-07-24T18:50:00Z,NA,NA,NA,11371
2026-07-24T18:55:00Z,NA,NA,NA,11372
2026-07-24T19:00:00Z,NA,NA,NA,11373
2026-07-24T19:05:00Z,NA,NA,NA,11374
2026-07-24T19:10:00Z,NA,NA,NA,11375
2026-07-24T19:15:00Z,NA,NA,NA,11376
2026-07-24T19:20:00Z,NA,NA,NA,11377
2026-07-24T19:25:00Z,NA,NA,NA,11378
2026-07-24T19:30:00Z,NA,NA,NA,11379
2026-07-24T19:35:00Z,NA,NA,NA,11380
2026-07-24T19:40:00Z,NA,NA,NA,11381
2026-07-24T19:45:00Z,NA,NA,NA,11382
2026-07-24T19:50:00Z,NA,NA,NA,11383
2026-07-24T19:55:00Z,NA,NA,NA,11384
2026-07-24T20:00:00Z,NA,NA,NA,11385
2026-07-24T20:05:00Z,NA,NA,NA,11386
2026-07-24T20:10:00Z,NA,NA,NA,11387
2026-07-24T20:15:00Z,NA,NA,NA,11388
2026-07-24T20:20:00Z,NA,NA,NA,11389
2026-07-24T20:25:00Z,NA,NA,NA,11390
2026-07-24T20:30:00Z,NA,NA,NA,11391
2026-07-24T20:35:00Z,NA,NA,NA,11392
2026-07-24T20:40:00Z,NA,NA,NA,11393
2026-07-24T20:45:00Z,NA,NA,NA,11394
2026-07-24T20:50:00Z,NA,NA,NA,11395
2026-07-24T20:55:00Z,NA,NA,NA,11396
2026-07-24T21:00:00Z,NA,NA,NA,11397
2026-07-24T21:05:00Z,NA,NA,NA,11398
2026-07-24T21:10:00Z,NA,NA,NA,11399
2026-07-24T21:15:00Z,NA,NA,NA,11400
2026-07-24T21:20:00Z,NA,NA,NA,11401
2026-07-24T21:25:00Z,NA,NA,NA,11402
2026-07-24T21:30:00Z,NA,NA,NA,11403
2026-07-24T21:35:00Z,NA,NA,NA,11404
2026-07-24T21:40:00Z,NA,NA,NA,11405
2026-07-24T21:45:00Z,NA,NA,NA,11406
2026-07-24T21:50:00Z,NA,NA,NA,11407
2026-07-24T21:55:00Z,NA,NA,NA,11408
2026-07-24T22:00:00Z,NA,NA,NA,11409
2026-07-24T22:05:00Z,NA,NA,NA,11410
2026-07-24T22:10:00Z,NA,NA,NA,11411
2026-07-24T22:15:00Z,NA,NA,NA,11412
2026-07-24T22:20:00Z,NA,NA,NA,11413
2026-07-24T22:25:00Z,NA,NA,NA,11414
2026-07-24T22:30:00Z,NA,NA,NA,11415
2026-07-24T22:35:00Z,NA,NA,NA,11416
2026-07-24T22:40:00Z,NA,NA,NA,11417
2026-07-24T22:45:00Z,NA,NA,NA,11418
2026-07-24T22:50:00Z,NA,NA,NA,11419
2026-07-24T22:55:00Z,NA,NA,NA,11420
2026-07-24T23:00:00Z,NA,NA,NA,11421
2026-07-24T23:05:00Z,NA,NA,NA,11422
2026-07-24T23:10:00Z,NA,NA,NA,11423
2026-07-24T23:15:00Z,NA,NA,NA,11424
2026-07-24T23:20:00Z,NA,NA,NA,11425
2026-07-24T23:25:00Z,NA,NA,NA,11426
2026-07-24T23:30:00Z,NA,NA,NA,11427
2026-07-24T23:35:00Z,NA,NA,NA,11428
2026-07-24T23:40:00Z,NA,NA,NA,11429
2026-07-24T23:45:00Z,NA,NA,NA,11430
2026-07-24T23:50:00Z,NA,NA,NA,11431
2026-07-24T23:55:00Z,NA,NA,NA,11432
2026-07-25T00:00:00Z,NA,NA,NA,11433
2026-07-25T00:05:00Z,NA,NA,NA,11434
2026-07-25T00:10:00Z,NA,NA,NA,11435
2026-07-25T00:15:00Z,NA,NA,NA,11436
2026-07-25T00:20:00Z,NA,NA,NA,11437
2026-07-25T00:25:00Z,NA,NA,NA,11438
2026-07-25T00:30:00Z,NA,NA,NA,11439
2026-07-25T00:35:00Z,NA,NA,NA,11440
2026-07-25T00:40:00Z,NA,NA,NA,11441
2026-07-25T00:45:00Z,NA,NA,NA,11442
2026-07-25T00:50:00Z,NA,NA,NA,11443
2026-07-25T00:55:00Z,NA,NA,NA,11444
2026-07-25T01:00:00Z,NA,NA,NA,11445
2026-07-25T01:05:00Z,NA,NA,NA,11446
2026-07-25T01:10:00Z,NA,NA,NA,11447
2026-07-25T01:15:00Z,NA,NA,NA,11448
2026-07-25T01:20:00Z,NA,NA,NA,11449
2026-07-25T01:25:00Z,NA,NA,NA,11450
2026-07-25T01:30:00Z,NA,NA,NA,11451
2026-07-25T01:35:00Z,NA,NA,NA,11452
2026-07-25T01:40:00Z,NA,NA,NA,11453
2026-07-25T01:45:00Z,NA,NA,NA,11454
2026-07-25T01:50:00Z,NA,NA,NA,11455
2026-07-25T01:55:00Z,NA,NA,NA,11456
2026-07-25T02:00:00Z,NA,NA,NA,11457
2026-07-25T02:05:00Z,NA,NA,NA,11458
2026-07-25T02:10:00Z,NA,NA,NA,11459
2026-07-25T02:15:00Z,NA,NA,NA,11460
2026-07-25T02:20:00Z,NA,NA,NA,11461
2026-07-25T02:25:00Z,NA,NA,NA,11462
2026-07-25T02:30:00Z,NA,NA,NA,11463
2026-07-25T02:35:00Z,NA,NA,NA,11464
2026-07-25T02:40:00Z,NA,NA,NA,11465
2026-07-25T02:45:00Z,NA,NA,NA,11466
2026-07-25T02:50:00Z,NA,NA,NA,11467
2026-07-25T02:55:00Z,NA,NA,NA,11468
2026-07-25T03:00:00Z,NA,NA,NA,11469
2026-07-25T03:05:00Z,NA,NA,NA,11470
2026-07-25T03:10:00Z,NA,NA,NA,11471
2026-07-25T03:15:00Z,NA,NA,NA,11472
2026-07-25T03:20:00Z,NA,NA,NA,11473
2026-07-25T03:25:00Z,NA,NA,NA,11474
2026-07-25T03:30:00Z,NA,NA,NA,11475
2026-07-25T03:35:00Z,NA,NA,NA,11476
2026-07-25T03:40:00Z,NA,NA,NA,11477
2026-07-25T03:45:00Z,NA,NA,NA,11478
2026-07-25T03:50:00Z,NA,NA,NA,11479
2026-07-25T03:55:00Z,NA,NA,NA,11480
2026-07-25T04:05:00Z,NA,NA,NA,11481
2026-07-25T04:10:00Z,NA,NA,NA,11482
2026-07-25T04:15:00Z,NA,NA,NA,11483
2026-07-25T04:20:00Z,NA,NA,NA,11484
2026-07-25T04:25:00Z,NA,NA,NA,11485
2026-07-25T04:30:00Z,NA,NA,NA,11486
2026-07-25T04:35:00Z,NA,NA,NA,11487
2026-07-25T04:40:00Z,NA,NA,NA,11488
2026-07-25T04:45:00Z,NA,NA,NA,11489
2026-07-25T04:50:00Z,NA,NA,NA,11490
2026-07-25T04:55:00Z,NA,NA,NA,11491
2026-07-25T05:00:00Z,NA,NA,NA,11492
2026-07-25T05:05:00Z,NA,NA,NA,11493
2026-07-25T05:10:00Z,NA,NA,NA,11494
2026-07-25T05:15:00Z,NA,NA,NA,11495
2026-07-25T05:20:00Z,NA,NA,NA,11496
2026-07-25T05:25:00Z,NA,NA,NA,11497
2026-07-25T05:30:00Z,NA,NA,NA,11498
2026-07-25T05:35:00Z,NA,NA,NA,11499
2026-07-25T05:40:00Z,NA,NA,NA,11500
2026-07-25T05:45:00Z,NA,NA,NA,11501
2026-07-25T05:50:00Z,NA,NA,NA,11502
2026-07-25T05:55:00Z,NA,NA,NA,11503
2026-07-25T06:00:00Z,NA,NA,NA,11504
2026-07-25T06:05:00Z,NA,NA,NA,11505
2026-07-25T06:10:00Z,NA,NA,NA,11506
2026-07-25T06:15:00Z,NA,NA,NA,11507
2026-07-25T06:20:00Z,NA,NA,NA,11508
2026-07-25T06:25:00Z,NA,NA,NA,11509
2026-07-25T06:30:00Z,NA,NA,NA,11510
2026-07-25T06:35:00Z,NA,NA,NA,11511
2026-07-25T06:40:00Z,NA,NA,NA,11512
2026-07-25T06:45:00Z,NA,NA,NA,11513
2026-07-25T06:50:00Z,NA,NA,NA,11514
2026-07-25T06:55:00Z,NA,NA,NA,11515
2026-07-25T07:00:00Z,NA,NA,NA,11516
2026-07-25T07:05:00Z,NA,NA,NA,11517
2026-07-25T07:10:00Z,NA,NA,NA,11518
2026-07-25T07:15:00Z,NA,NA,NA,11519
2026-07-25T07:20:00Z,NA,NA,NA,11520
2026-07-25T07:25:00Z,NA,NA,NA,11521
2026-07-25T07:30:00Z,NA,NA,NA,11522
2026-07-25T07:35:00Z,NA,NA,NA,11523
2026-07-25T07:40:00Z,NA,NA,NA,11524
2026-07-25T07:45:00Z,NA,NA,NA,11525
2026-07-25T07:50:00Z,NA,NA,NA,11526
2026-07-25T07:55:00Z,NA,NA,NA,11527
2026-07-25T08:00:00Z,NA,NA,NA,11528
2026-07-25T08:05:00Z,NA,NA,NA,11529
2026-07-25T08:10:00Z,NA,NA,NA,11530
2026-07-25T08:15:00Z,NA,NA,NA,11531
2026-07-25T08:20:00Z,NA,NA,NA,11532
2026-07-25T08:25:00Z,NA,NA,NA,11533
2026-07-25T08:30:00Z,NA,NA,NA,11534
2026-07-25T08:35:00Z,NA,NA,NA,11535
2026-07-25T08:40:00Z,NA,NA,NA,11536
2026-07-25T08:45:00Z,NA,NA,NA,11537
2026-07-25T08:50:00Z,NA,NA,NA,11538
2026-07-25T08:55:00Z,NA,NA,NA,11539
2026-07-25T09:00:00Z,NA,NA,NA,11540
2026-07-25T09:05:00Z,NA,NA,NA,11541
2026-07-25T09:10:00Z,NA,NA,NA,11542
2026-07-25T09:15:00Z,NA,NA,NA,11543
2026-07-25T09:20:00Z,NA,NA,NA,11544
2026-07-25T09:25:00Z,NA,NA,NA,11545
2026-07-25T09:30:00Z,NA,NA,NA,11546
2026-07-25T09:35:00Z,NA,NA,NA,11547
2026-07-25T09:40:00Z,NA,NA,NA,11548
2026-07-25T09:45:00Z,NA,NA,NA,11549
2026-07-25T09:50:00Z,NA,NA,NA,11550
2026-07-25T09:55:00Z,NA,NA,NA,11551
2026-07-25T10:00:00Z,NA,NA,NA,11552
2026-07-25T10:05:00Z,NA,NA,NA,11553
2026-07-25T10:10:00Z,NA,NA,NA,11554
2026-07-25T10:15:00Z,NA,NA,NA,11555
2026-07-25T10:20:00Z,NA,NA,NA,11556
2026-07-25T10:25:00Z,NA,NA,NA,11557
2026-07-25T10:30:00Z,NA,NA,NA,11558
2026-07-25T10:35:00Z,NA,NA,NA,11559
2026-07-25T10:40:00Z,NA,NA,NA,11560
2026-07-25T10:45:00Z,NA,NA,NA,11561
2026-07-25T10:50:00Z,NA,NA,NA,11562
2026-07-25T10:55:00Z,NA,NA,NA,11563
2026-07-25T11:00:00Z,NA,NA,NA,11564
2026-07-25T11:05:00Z,NA,NA,NA,11565
2026-07-25T11:10:00Z,NA,NA,NA,11566
2026-07-25T11:15:00Z,NA,NA,NA,11567
2026-07-25T11:20:00Z,NA,NA,NA,11568
2026-07-25T11:25:00Z,NA,NA,NA,11569
2026-07-25T11:30:00Z,NA,NA,NA,11570
2026-07-25T11:35:00Z,NA,NA,NA,11571
2026-07-25T11:40:00Z,NA,NA,NA,11572
2026-07-25T11:45:00Z,NA,NA,NA,11573
2026-07-25T11:50:00Z,NA,NA,NA,11574
2026-07-25T11:55:00Z,NA,NA,NA,11575
2026-07-25T12:00:00Z,NA,NA,NA,11576
2026-07-25T12:05:00Z,NA,NA,NA,11577
2026-07-25T12:10:00Z,NA,NA,NA,11578
2026-07-25T12:15:00Z,NA,NA,NA,11579
2026-07-25T12:20:00Z,NA,NA,NA,11580
2026-07-25T12:25:00Z,NA,NA,NA,11581
2026-07-25T12:30:00Z,NA,NA,NA,11582
2026-07-25T12:35:00Z,NA,NA,NA,11583
2026-07-25T12:40:00Z,NA,NA,NA,11584
2026-07-25T12:45:00Z,NA,NA,NA,11585
2026-07-25T12:50:00Z,NA,NA,NA,11586
2026-07-25T12:55:00Z,NA,NA,NA,11587
2026-07-25T13:00:00Z,NA,NA,NA,11588
2026-07-25T13:05:00Z,NA,NA,NA,11589
2026-07-25T13:10:00Z,NA,NA,NA,11590
2026-07-25T13:15:00Z,NA,NA,NA,11591
2026-07-25T13:20:00Z,NA,NA,NA,11592
2026-07-25T13:25:00Z,NA,NA,NA,11593
2026-07-25T13:30:00Z,NA,NA,NA,11594
2026-07-25T13:35:00Z,NA,NA,NA,11595
2026-07-25T13:40:00Z,NA,NA,NA,11596
2026-07-25T13:45:00Z,NA,NA,NA,11597
2026-07-25T13:50:00Z,NA,NA,NA,11598
2026-07-25T13:55:00Z,NA,NA,NA,11599
2026-07-25T14:00:00Z,NA,NA,NA,11600
2026-07-25T14:05:00Z,NA,NA,NA,11601
2026-07-25T14:10:00Z,NA,NA,NA,11602
2026-07-25T14:15:00Z,NA,NA,NA,11603
2026-07-25T14:20:00Z,NA,NA,NA,11604
2026-07-25T14:25:00Z,NA,NA,NA,11605
2026-07-25T14:30:00Z,NA,NA,NA,11606
2026-07-25T14:35:00Z,NA,NA,NA,11607
2026-07-25T14:40:00Z,NA,NA,NA,11608
2026-07-25T14:45:00Z,NA,NA,NA,11609
2026-07-25T14:50:00Z,NA,NA,NA,11610
2026-07-25T14:55:00Z,NA,NA,NA,11611
2026-07-25T15:00:00Z,NA,NA,NA,11612
2026-07-25T15:05:00Z,NA,NA,NA,11613
2026-07-25T15:10:00Z,NA,NA,NA,11614
2026-07-25T15:15:00Z,NA,NA,NA,11615
2026-07-25T15:20:00Z,NA,NA,NA,11616
2026-07-25T15:25:00Z,NA,NA,NA,11617
2026-07-25T15:30:00Z,NA,NA,NA,11618
2026-07-25T15:35:00Z,NA,NA,NA,11619
2026-07-25T15:40:00Z,NA,NA,NA,11620
2026-07-25T15:45:00Z,NA,NA,NA,11621
2026-07-25T15:50:00Z,NA,NA,NA,11622
2026-07-25T15:55:00Z,NA,NA,NA,11623
2026-07-25T16:00:00Z,NA,NA,NA,11624
2026-07-25T16:05:00Z,NA,NA,NA,11625
2026-07-25T16:10:00Z,NA,NA,NA,11626
2026-07-25T16:15:00Z,NA,NA,NA,11627
2026-07-25T16:20:00Z,NA,NA,NA,11628
2026-07-25T16:25:00Z,NA,NA,NA,11629
2026-07-25T16:30:00Z,NA,NA,NA,11630
2026-07-25T16:35:00Z,NA,NA,NA,11631
2026-07-25T16:40:00Z,NA,NA,NA,11632
2026-07-25T16:45:00Z,NA,NA,NA,11633
2026-07-25T16:50:00Z,NA,NA,NA,11634
2026-07-25T16:55:00Z,NA,NA,NA,11635
2026-07-25T17:00:00Z,NA,NA,NA,11636
2026-07-25T17:05:00Z,NA,NA,NA,11637
2026-07-25T17:10:00Z,NA,NA,NA,11638
2026-07-25T17:15:00Z,NA,NA,NA,11639
2026-07-25T17:20:00Z,NA,NA,NA,11640
2026-07-25T17:25:00Z,NA,NA,NA,11641
2026-07-25T17:30:00Z,NA,NA,NA,11642
2026-07-25T17:35:00Z,NA,NA,NA,11643
2026-07-25T17:40:00Z,NA,NA,NA,11644
2026-07-25T17:45:00Z,NA,NA,NA,11645
2026-07-25T17:50:00Z,NA,NA,NA,11646
2026-07-25T17:55:00Z,NA,NA,NA,11647
2026-07-25T18:00:00Z,NA,NA,NA,11648
2026-07-25T18:05:00Z,NA,NA,NA,11649
2026-07-25T18:10:00Z,NA,NA,NA,11650
2026-07-25T18:15:00Z,NA,NA,NA,11651
2026-07-25T18:20:00Z,NA,NA,NA,11652
2026-07-25T18:25:00Z,NA,NA,NA,11653
2026-07-25T18:30:00Z,NA,NA,NA,11654
2026-07-25T18:35:00Z,NA,NA,NA,11655
2026-07-25T18:40:00Z,NA,NA,NA,11656
2026-07-25T18:45:00Z,NA,NA,NA,11657
2026-07-25T18:50:00Z,NA,NA,NA,11658
2026-07-25T18:55:00Z,NA,NA,NA,11659
2026-07-25T19:00:00Z,NA,NA,NA,11660
2026-07-25T19:05:00Z,NA,NA,NA,11661
2026-07-25T19:10:00Z,NA,NA,NA,11662
2026-07-25T19:15:00Z,NA,NA,NA,11663
2026-07-25T19:20:00Z,NA,NA,NA,11664
2026-07-25T19:25:00Z,NA,NA,NA,11665
2026-07-25T19:30:00Z,NA,NA,NA,11666
2026-07-25T19:35:00Z,NA,NA,NA,11667
2026-07-25T19:40:00Z,NA,NA,NA,11668
2026-07-25T19:45:00Z,NA,NA,NA,11669
2026-07-25T19:50:00Z,NA,NA,NA,11670
2026-07-25T19:55:00Z,NA,NA,NA,11671
2026-07-25T20:00:00Z,NA,NA,NA,11672
2026-07-25T20:05:00Z,NA,NA,NA,11673
2026-07-25T20:10:00Z,NA,NA,NA,11674
2026-07-25T20:15:00Z,NA,NA,NA,11675
2026-07-25T20:20:00Z,NA,NA,NA,11676
2026-07-25T20:25:00Z,NA,NA,NA,11677
2026-07-25T20:30:00Z,NA,NA,NA,11678
2026-07-25T20:35:00Z,NA,NA,NA,11679
2026-07-25T20:40:00Z,NA,NA,NA,11680
2026-07-25T20:45:00Z,NA,NA,NA,11681
2026-07-25T20:50:00Z,NA,NA,NA,11682
2026-07-25T20:55:00Z,NA,NA,NA,11683
2026-07-25T21:00:00Z,NA,NA,NA,11684
2026-07-25T21:05:00Z,NA,NA,NA,11685
2026-07-25T21:10:00Z,NA,NA,NA,11686
2026-07-25T21:15:00Z,NA,NA,NA,11687
2026-07-25T21:20:00Z,NA,NA,NA,11688
2026-07-25T21:25:00Z,NA,NA,NA,11689
2026-07-25T21:30:00Z,NA,NA,NA,11690
2026-07-25T21:35:00Z,NA,NA,NA,11691
2026-07-25T21:40:00Z,NA,NA,NA,11692
2026-07-25T21:45:00Z,NA,NA,NA,11693
2026-07-25T21:50:00Z,NA,NA,NA,11694
2026-07-25T21:55:00Z,NA,NA,NA,11695
2026-07-25T22:00:00Z,NA,NA,NA,11696
2026-07-25T22:05:00Z,NA,NA,NA,11697
2026-07-25T22:10:00Z,NA,NA,NA,11698
2026-07-25T22:15:00Z,NA,NA,NA,11699
2026-07-25T22:20:00Z,NA,NA,NA,11700
2026-07-25T22:25:00Z,NA,NA,NA,11701
2026-07-25T22:30:00Z,NA,NA,NA,11702
2026-07-25T22:35:00Z,NA,NA,NA,11703
2026-07-25T22:40:00Z,NA,NA,NA,11704
2026-07-25T22:45:00Z,NA,NA,NA,11705
2026-07-25T22:50:00Z,NA,NA,NA,11706
2026-07-25T22:55:00Z,NA,NA,NA,11707
2026-07-25T23:00:00Z,NA,NA,NA,11708
2026-07-25T23:05:00Z,NA,NA,NA,11709
2026-07-25T23:10:00Z,NA,NA,NA,11710
2026-07-25T23:15:00Z,NA,NA,NA,11711
2026-07-25T23:20:00Z,NA,NA,NA,11712
2026-07-25T23:25:00Z,NA,NA,NA,11713
2026-07-25T23:30:00Z,NA,NA,NA,11714
2026-07-25T23:35:00Z,NA,NA,NA,11715
2026-07-25T23:40:00Z,NA,NA,NA,11716
2026-07-25T23:45:00Z,NA,NA,NA,11717
2026-07-25T23:50:00Z,NA,NA,NA,11718
2026-07-25T23:55:00Z,NA,NA,NA,11719
2026-07-26T00:00:00Z,NA,NA,NA,11720
2026-07-26T00:05:00Z,NA,NA,NA,11721
2026-07-26T00:10:00Z,NA,NA,NA,11722
2026-07-26T00:15:00Z,NA,NA,NA,11723
2026-07-26T00:20:00Z,NA,NA,NA,11724
2026-07-26T00:25:00Z,NA,NA,NA,11725
2026-07-26T00:30:00Z,NA,NA,NA,11726
2026-07-26T00:35:00Z,NA,NA,NA,11727
2026-07-26T00:40:00Z,NA,NA,NA,11728
2026-07-26T00:45:00Z,NA,NA,NA,11729
2026-07-26T00:50:00Z,NA,NA,NA,11730
2026-07-26T00:55:00Z,NA,NA,NA,11731
2026-07-26T01:00:00Z,NA,NA,NA,11732
2026-07-26T01:05:00Z,NA,NA,NA,11733
2026-07-26T01:10:00Z,NA,NA,NA,11734
2026-07-26T01:15:00Z,NA,NA,NA,11735
2026-07-26T01:20:00Z,NA,NA,NA,11736
2026-07-26T01:25:00Z,NA,NA,NA,11737
2026-07-26T01:30:00Z,NA,NA,NA,11738
2026-07-26T01:35:00Z,NA,NA,NA,11739
2026-07-26T01:40:00Z,NA,NA,NA,11740
2026-07-26T01:45:00Z,NA,NA,NA,11741
2026-07-26T01:50:00Z,NA,NA,NA,11742
2026-07-26T01:55:00Z,NA,NA,NA,11743
2026-07-26T02:00:00Z,NA,NA,NA,11744
2026-07-26T02:05:00Z,NA,NA,NA,11745
2026-07-26T02:10:00Z,NA,NA,NA,11746
2026-07-26T02:15:00Z,NA,NA,NA,11747
2026-07-26T02:20:00Z,NA,NA,NA,11748
2026-07-26T02:25:00Z,NA,NA,NA,11749
2026-07-26T02:30:00Z,NA,NA,NA,11750
2026-07-26T02:35:00Z,NA,NA,NA,11751
2026-07-26T02:40:00Z,NA,NA,NA,11752
2026-07-26T02:45:00Z,NA,NA,NA,11753
2026-07-26T02:50:00Z,NA,NA,NA,11754
2026-07-26T02:55:00Z,NA,NA,NA,11755
2026-07-26T03:00:00Z,NA,NA,NA,11756
2026-07-26T03:05:00Z,NA,NA,NA,11757
2026-07-26T03:10:00Z,NA,NA,NA,11758
2026-07-26T03:15:00Z,NA,NA,NA,11759
2026-07-26T03:20:00Z,NA,NA,NA,11760
2026-07-26T03:25:00Z,NA,NA,NA,11761
2026-07-26T03:30:00Z,NA,NA,NA,11762
2026-07-26T03:35:00Z,NA,NA,NA,11763
2026-07-26T03:40:00Z,NA,NA,NA,11764
2026-07-26T03:45:00Z,NA,NA,NA,11765
2026-07-26T03:50:00Z,NA,NA,NA,11766
2026-07-26T03:55:00Z,NA,NA,NA,11767
2026-07-26T04:05:00Z,NA,NA,NA,11768
2026-07-26T04:10:00Z,NA,NA,NA,11769
2026-07-26T04:15:00Z,NA,NA,NA,11770
2026-07-26T04:20:00Z,NA,NA,NA,11771
2026-07-26T04:25:00Z,NA,NA,NA,11772
2026-07-26T04:30:00Z,NA,NA,NA,11773
2026-07-26T04:35:00Z,NA,NA,NA,11774
2026-07-26T04:40:00Z,NA,NA,NA,11775
2026-07-26T04:45:00Z,NA,NA,NA,11776
2026-07-26T04:50:00Z,NA,NA,NA,11777
2026-07-26T04:55:00Z,NA,NA,NA,11778
2026-07-26T05:00:00Z,NA,NA,NA,11779
2026-07-26T05:05:00Z,NA,NA,NA,11780
2026-07-26T05:10:00Z,NA,NA,NA,11781
2026-07-26T05:15:00Z,NA,NA,NA,11782
2026-07-26T05:20:00Z,NA,NA,NA,11783
2026-07-26T05:25:00Z,NA,NA,NA,11784
2026-07-26T05:30:00Z,NA,NA,NA,11785
2026-07-26T05:35:00Z,NA,NA,NA,11786
2026-07-26T05:40:00Z,NA,NA,NA,11787
2026-07-26T05:45:00Z,NA,NA,NA,11788
2026-07-26T05:50:00Z,NA,NA,NA,11789
2026-07-26T05:55:00Z,NA,NA,NA,11790
2026-07-26T06:00:00Z,NA,NA,NA,11791
2026-07-26T06:05:00Z,NA,NA,NA,11792
2026-07-26T06:10:00Z,NA,NA,NA,11793
2026-07-26T06:15:00Z,NA,NA,NA,11794
2026-07-26T06:20:00Z,NA,NA,NA,11795
2026-07-26T06:25:00Z,NA,NA,NA,11796
2026-07-26T06:30:00Z,NA,NA,NA,11797
2026-07-26T06:35:00Z,NA,NA,NA,11798
2026-07-26T06:40:00Z,NA,NA,NA,11799
2026-07-26T06:45:00Z,NA,NA,NA,11800
2026-07-26T06:50:00Z,NA,NA,NA,11801
2026-07-26T06:55:00Z,NA,NA,NA,11802
2026-07-26T07:00:00Z,NA,NA,NA,11803
2026-07-26T07:05:00Z,NA,NA,NA,11804
2026-07-26T07:10:00Z,NA,NA,NA,11805
2026-07-26T07:15:00Z,NA,NA,NA,11806
2026-07-26T07:20:00Z,NA,NA,NA,11807
2026-07-26T07:25:00Z,NA,NA,NA,11808
2026-07-26T07:30:00Z,NA,NA,NA,11809
2026-07-26T07:35:00Z,NA,NA,NA,11810
2026-07-26T07:40:00Z,NA,NA,NA,11811
2026-07-26T07:45:00Z,NA,NA,NA,11812
2026-07-26T07:50:00Z,NA,NA,NA,11813
2026-07-26T07:55:00Z,NA,NA,NA,11814
2026-07-26T08:00:00Z,NA,NA,NA,11815
2026-07-26T08:05:00Z,NA,NA,NA,11816
2026-07-26T08:10:00Z,NA,NA,NA,11817
2026-07-26T08:15:00Z,NA,NA,NA,11818
2026-07-26T08:20:00Z,NA,NA,NA,11819
2026-07-26T08:25:00Z,NA,NA,NA,11820
2026-07-26T08:30:00Z,NA,NA,NA,11821
2026-07-26T08:35:00Z,NA,NA,NA,11822
2026-07-26T08:40:00Z,NA,NA,NA,11823
2026-07-26T08:45:00Z,NA,NA,NA,11824
2026-07-26T08:50:00Z,NA,NA,NA,11825
2026-07-26T08:55:00Z,NA,NA,NA,11826
2026-07-26T09:00:00Z,NA,NA,NA,11827
2026-07-26T09:05:00Z,NA,NA,NA,11828
2026-07-26T09:10:00Z,NA,NA,NA,11829
2026-07-26T09:15:00Z,NA,NA,NA,11830
2026-07-26T09:20:00Z,NA,NA,NA,11831
2026-07-26T09:25:00Z,NA,NA,NA,11832
2026-07-26T09:30:00Z,NA,NA,NA,11833
2026-07-26T09:35:00Z,NA,NA,NA,11834
2026-07-26T09:40:00Z,NA,NA,NA,11835
2026-07-26T09:45:00Z,NA,NA,NA,11836
2026-07-26T09:50:00Z,NA,NA,NA,11837
2026-07-26T09:55:00Z,NA,NA,NA,11838
2026-07-26T10:00:00Z,NA,NA,NA,11839
2026-07-26T10:05:00Z,NA,NA,NA,11840
2026-07-26T10:10:00Z,NA,NA,NA,11841
2026-07-26T10:15:00Z,NA,NA,NA,11842
2026-07-26T10:20:00Z,NA,NA,NA,11843
2026-07-26T10:25:00Z,NA,NA,NA,11844
2026-07-26T10:30:00Z,NA,NA,NA,11845
2026-07-26T10:35:00Z,NA,NA,NA,11846
2026-07-26T10:40:00Z,NA,NA,NA,11847
2026-07-26T10:45:00Z,NA,NA,NA,11848
2026-07-26T10:50:00Z,NA,NA,NA,11849
2026-07-26T10:55:00Z,NA,NA,NA,11850
2026-07-26T11:00:00Z,NA,NA,NA,11851
2026-07-26T11:05:00Z,NA,NA,NA,11852
2026-07-26T11:10:00Z,NA,NA,NA,11853
2026-07-26T11:15:00Z,NA,NA,NA,11854
2026-07-26T11:20:00Z,NA,NA,NA,11855
2026-07-26T11:25:00Z,NA,NA,NA,11856
2026-07-26T11:30:00Z,NA,NA,NA,11857
2026-07-26T11:35:00Z,NA,NA,NA,11858
2026-07-26T11:40:00Z,NA,NA,NA,11859
2026-07-26T11:45:00Z,NA,NA,NA,11860
2026-07-26T11:50:00Z,NA,NA,NA,11861
2026-07-26T11:55:00Z,NA,NA,NA,11862
2026-07-26T12:00:00Z,NA,NA,NA,11863
2026-07-26T12:05:00Z,NA,NA,NA,11864
2026-07-26T12:10:00Z,NA,NA,NA,11865
2026-07-26T12:15:00Z,NA,NA,NA,11866
2026-07-26T12:20:00Z,NA,NA,NA,11867
2026-07-26T12:25:00Z,NA,NA,NA,11868
2026-07-26T12:30:00Z,NA,NA,NA,11869
2026-07-26T12:35:00Z,NA,NA,NA,11870
2026-07-26T12:40:00Z,NA,NA,NA,11871
2026-07-26T12:45:00Z,NA,NA,NA,11872
2026-07-26T12:50:00Z,NA,NA,NA,11873
2026-07-26T12:55:00Z,NA,NA,NA,11874
2026-07-26T13:00:00Z,NA,NA,NA,11875
2026-07-26T13:05:00Z,NA,NA,NA,11876
2026-07-26T13:10:00Z,NA,NA,NA,11877
2026-07-26T13:15:00Z,NA,NA,NA,11878
2026-07-26T13:20:00Z,NA,NA,NA,11879
2026-07-26T13:25:00Z,NA,NA,NA,11880
2026-07-26T13:30:00Z,NA,NA,NA,11881
2026-07-26T13:35:00Z,NA,NA,NA,11882
2026-07-26T13:40:00Z,NA,NA,NA,11883
2026-07-26T13:45:00Z,NA,NA,NA,11884
2026-07-26T13:50:00Z,NA,NA,NA,11885
2026-07-26T13:55:00Z,NA,NA,NA,11886
2026-07-26T14:00:00Z,NA,NA,NA,11887
2026-07-26T14:05:00Z,NA,NA,NA,11888
2026-07-26T14:10:00Z,NA,NA,NA,11889
2026-07-26T14:15:00Z,NA,NA,NA,11890
2026-07-26T14:20:00Z,NA,NA,NA,11891
2026-07-26T14:25:00Z,NA,NA,NA,11892
2026-07-26T14:30:00Z,NA,NA,NA,11893
2026-07-26T14:35:00Z,NA,NA,NA,11894
2026-07-26T14:40:00Z,NA,NA,NA,11895
2026-07-26T14:45:00Z,NA,NA,NA,11896
2026-07-26T14:50:00Z,NA,NA,NA,11897
2026-07-26T14:55:00Z,NA,NA,NA,11898
2026-07-26T15:00:00Z,NA,NA,NA,11899
2026-07-26T15:05:00Z,NA,NA,NA,11900
2026-07-26T15:10:00Z,NA,NA,NA,11901
2026-07-26T15:15:00Z,NA,NA,NA,11902
2026-07-26T15:20:00Z,NA,NA,NA,11903
2026-07-26T15:25:00Z,NA,NA,NA,11904
2026-07-26T15:30:00Z,NA,NA,NA,11905
2026-07-26T15:35:00Z,NA,NA,NA,11906
2026-07-26T15:40:00Z,NA,NA,NA,11907
2026-07-26T15:45:00Z,NA,NA,NA,11908
2026-07-26T15:50:00Z,NA,NA,NA,11909
2026-07-26T15:55:00Z,NA,NA,NA,11910
2026-07-26T16:00:00Z,NA,NA,NA,11911
2026-07-26T16:05:00Z,NA,NA,NA,11912
2026-07-26T16:10:00Z,NA,NA,NA,11913
2026-07-26T16:15:00Z,NA,NA,NA,11914
2026-07-26T16:20:00Z,NA,NA,NA,11915
2026-07-26T16:25:00Z,NA,NA,NA,11916
2026-07-26T16:30:00Z,NA,NA,NA,11917
2026-07-26T16:35:00Z,NA,NA,NA,11918
2026-07-26T16:40:00Z,NA,NA,NA,11919
2026-07-26T16:45:00Z,NA,NA,NA,11920
2026-07-26T16:50:00Z,NA,NA,NA,11921
2026-07-26T16:55:00Z,NA,NA,NA,11922
2026-07-26T17:00:00Z,NA,NA,NA,11923
2026-07-26T17:05:00Z,NA,NA,NA,11924
2026-07-26T17:10:00Z,NA,NA,NA,11925
2026-07-26T17:15:00Z,NA,NA,NA,11926
2026-07-26T17:20:00Z,NA,NA,NA,11927
2026-07-26T17:25:00Z,NA,NA,NA,11928
2026-07-26T17:30:00Z,NA,NA,NA,11929
2026-07-26T17:35:00Z,NA,NA,NA,11930
2026-07-26T17:40:00Z,NA,NA,NA,11931
2026-07-26T17:45:00Z,NA,NA,NA,11932
2026-07-26T17:50:00Z,NA,NA,NA,11933
2026-07-26T17:55:00Z,NA,NA,NA,11934
2026-07-26T18:00:00Z,NA,NA,NA,11935
2026-07-26T18:05:00Z,NA,NA,NA,11936
2026-07-26T18:10:00Z,NA,NA,NA,11937
2026-07-26T18:15:00Z,NA,NA,NA,11938
2026-07-26T18:20:00Z,NA,NA,NA,11939
2026-07-26T18:25:00Z,NA,NA,NA,11940
2026-07-26T18:30:00Z,NA,NA,NA,11941
2026-07-26T18:35:00Z,NA,NA,NA,11942
2026-07-26T18:40:00Z,NA,NA,NA,11943
2026-07-26T18:45:00Z,NA,NA,NA,11944
2026-07-26T18:50:00Z,NA,NA,NA,11945
2026-07-26T18:55:00Z,NA,NA,NA,11946
2026-07-26T19:00:00Z,NA,NA,NA,11947
2026-07-26T19:05:00Z,NA,NA,NA,11948
2026-07-26T19:10:00Z,NA,NA,NA,11949
2026-07-26T19:15:00Z,NA,NA,NA,11950
2026-07-26T19:20:00Z,NA,NA,NA,11951
2026-07-26T19:25:00Z,NA,NA,NA,11952
2026-07-26T19:30:00Z,NA,NA,NA,11953
2026-07-26T19:35:00Z,NA,NA,NA,11954
2026-07-26T19:40:00Z,NA,NA,NA,11955
2026-07-26T19:45:00Z,NA,NA,NA,11956
2026-07-26T19:50:00Z,NA,NA,NA,11957
2026-07-26T19:55:00Z,NA,NA,NA,11958
2026-07-26T20:00:00Z,NA,NA,NA,11959
2026-07-26T20:05:00Z,NA,NA,NA,11960
2026-07-26T20:10:00Z,NA,NA,NA,11961
2026-07-26T20:15:00Z,NA,NA,NA,11962
2026-07-26T20:20:00Z,NA,NA,NA,11963
2026-07-26T20:25:00Z,NA,NA,NA,11964
2026-07-26T20:30:00Z,NA,NA,NA,11965
2026-07-26T20:35:00Z,NA,NA,NA,11966
2026-07-26T20:40:00Z,NA,NA,NA,11967
2026-07-26T20:45:00Z,NA,NA,NA,11968
2026-07-26T20:50:00Z,NA,NA,NA,11969
2026-07-26T20:55:00Z,NA,NA,NA,11970
2026-07-26T21:00:00Z,NA,NA,NA,11971
2026-07-26T21:05:00Z,NA,NA,NA,11972
2026-07-26T21:10:00Z,NA,NA,NA,11973
2026-07-26T21:15:00Z,NA,NA,NA,11974
2026-07-26T21:20:00Z,NA,NA,NA,11975
2026-07-26T21:25:00Z,NA,NA,NA,11976
2026-07-26T21:30:00Z,NA,NA,NA,11977
2026-07-26T21:35:00Z,NA,NA,NA,11978
2026-07-26T21:40:00Z,NA,NA,NA,11979
2026-07-26T21:45:00Z,NA,NA,NA,11980
2026-07-26T21:50:00Z,NA,NA,NA,11981
2026-07-26T21:55:00Z,NA,NA,NA,11982
2026-07-26T22:00:00Z,NA,NA,NA,11983
2026-07-26T22:05:00Z,NA,NA,NA,11984
2026-07-26T22:10:00Z,NA,NA,NA,11985
2026-07-26T22:15:00Z,NA,NA,NA,11986
2026-07-26T22:20:00Z,NA,NA,NA,11987
2026-07-26T22:25:00Z,NA,NA,NA,11988
2026-07-26T22:30:00Z,NA,NA,NA,11989
2026-07-26T22:35:00Z,NA,NA,NA,11990
2026-07-26T22:40:00Z,NA,NA,NA,11991
2026-07-26T22:45:00Z,NA,NA,NA,11992
2026-07-26T22:50:00Z,NA,NA,NA,11993
2026-07-26T22:55:00Z,NA,NA,NA,11994
2026-07-26T23:00:00Z,NA,NA,NA,11995
2026-07-26T23:05:00Z,NA,NA,NA,11996
2026-07-26T23:10:00Z,NA,NA,NA,11997
2026-07-26T23:15:00Z,NA,NA,NA,11998
2026-07-26T23:20:00Z,NA,NA,NA,11999
2026-07-26T23:25:00Z,NA,NA,NA,12000
2026-07-26T23:30:00Z,NA,NA,NA,12001
2026-07-26T23:35:00Z,NA,NA,NA,12002
2026-07-26T23:40:00Z,NA,NA,NA,12003
2026-07-26T23:45:00Z,NA,NA,NA,12004
2026-07-26T23:50:00Z,NA,NA,NA,12005
2026-07-26T23:55:00Z,NA,NA,NA,12006
2026-07-27T00:00:00Z,NA,NA,NA,12007
2026-07-27T00:05:00Z,NA,NA,NA,12008
2026-07-27T00:10:00Z,NA,NA,NA,12009
2026-07-27T00:15:00Z,NA,NA,NA,12010
2026-07-27T00:20:00Z,NA,NA,NA,12011
2026-07-27T00:25:00Z,NA,NA,NA,12012
2026-07-27T00:30:00Z,NA,NA,NA,12013
2026-07-27T00:35:00Z,NA,NA,NA,12014
2026-07-27T00:40:00Z,NA,NA,NA,12015
2026-07-27T00:45:00Z,NA,NA,NA,12016
2026-07-27T00:50:00Z,NA,NA,NA,12017
2026-07-27T00:55:00Z,NA,NA,NA,12018
2026-07-27T01:00:00Z,NA,NA,NA,12019
2026-07-27T01:05:00Z,NA,NA,NA,12020
2026-07-27T01:10:00Z,NA,NA,NA,12021
2026-07-27T01:15:00Z,NA,NA,NA,12022
2026-07-27T01:20:00Z,NA,NA,NA,12023
2026-07-27T01:25:00Z,NA,NA,NA,12024
2026-07-27T01:30:00Z,NA,NA,NA,12025
2026-07-27T01:35:00Z,NA,NA,NA,12026
2026-07-27T01:40:00Z,NA,NA,NA,12027
2026-07-27T01:45:00Z,NA,NA,NA,12028
2026-07-27T01:50:00Z,NA,NA,NA,12029
2026-07-27T01:55:00Z,NA,NA,NA,12030
2026-07-27T02:00:00Z,NA,NA,NA,12031
2026-07-27T02:05:00Z,NA,NA,NA,12032
2026-07-27T02:10:00Z,NA,NA,NA,12033
2026-07-27T02:15:00Z,NA,NA,NA,12034
2026-07-27T02:20:00Z,NA,NA,NA,12035
2026-07-27T02:25:00Z,NA,NA,NA,12036
2026-07-27T02:30:00Z,NA,NA,NA,12037
2026-07-27T02:35:00Z,NA,NA,NA,12038
2026-07-27T02:40:00Z,NA,NA,NA,12039
2026-07-27T02:45:00Z,NA,NA,NA,12040
2026-07-27T02:50:00Z,NA,NA,NA,12041
2026-07-27T02:55:00Z,NA,NA,NA,12042
2026-07-27T03:00:00Z,NA,NA,NA,12043
2026-07-27T03:05:00Z,NA,NA,NA,12044
2026-07-27T03:10:00Z,NA,NA,NA,12045
2026-07-27T03:15:00Z,NA,NA,NA,12046
2026-07-27T03:20:00Z,NA,NA,NA,12047
2026-07-27T03:25:00Z,NA,NA,NA,12048
2026-07-27T03:30:00Z,NA,NA,NA,12049
2026-07-27T03:35:00Z,NA,NA,NA,12050
2026-07-27T03:40:00Z,NA,NA,NA,12051
2026-07-27T03:45:00Z,NA,NA,NA,12052
2026-07-27T03:50:00Z,NA,NA,NA,12053
2026-07-27T03:55:00Z,NA,NA,NA,12054
2026-07-27T04:05:00Z,NA,NA,NA,12055
2026-07-27T04:10:00Z,NA,NA,NA,12056
2026-07-27T04:15:00Z,NA,NA,NA,12057
2026-07-27T04:20:00Z,NA,NA,NA,12058
2026-07-27T04:25:00Z,NA,NA,NA,12059
2026-07-27T04:30:00Z,NA,NA,NA,12060
2026-07-27T04:35:00Z,NA,NA,NA,12061
2026-07-27T04:40:00Z,NA,NA,NA,12062
2026-07-27T04:45:00Z,NA,NA,NA,12063
2026-07-27T04:50:00Z,NA,NA,NA,12064
2026-07-27T04:55:00Z,NA,NA,NA,12065
2026-07-27T05:00:00Z,NA,NA,NA,12066
2026-07-27T05:05:00Z,NA,NA,NA,12067
2026-07-27T05:10:00Z,NA,NA,NA,12068
2026-07-27T05:15:00Z,NA,NA,NA,12069
2026-07-27T05:20:00Z,NA,NA,NA,12070
2026-07-27T05:25:00Z,NA,NA,NA,12071
2026-07-27T05:30:00Z,NA,NA,NA,12072
2026-07-27T05:35:00Z,NA,NA,NA,12073
2026-07-27T05:40:00Z,NA,NA,NA,12074
2026-07-27T05:45:00Z,NA,NA,NA,12075
2026-07-27T05:50:00Z,NA,NA,NA,12076
2026-07-27T05:55:00Z,NA,NA,NA,12077
2026-07-27T06:00:00Z,NA,NA,NA,12078
2026-07-27T06:05:00Z,NA,NA,NA,12079
2026-07-27T06:10:00Z,NA,NA,NA,12080
2026-07-27T06:15:00Z,NA,NA,NA,12081
2026-07-27T06:20:00Z,NA,NA,NA,12082
2026-07-27T06:25:00Z,NA,NA,NA,12083
2026-07-27T06:30:00Z,NA,NA,NA,12084
2026-07-27T06:35:00Z,NA,NA,NA,12085
2026-07-27T06:40:00Z,NA,NA,NA,12086
2026-07-27T06:45:00Z,NA,NA,NA,12087
2026-07-27T06:50:00Z,NA,NA,NA,12088
2026-07-27T06:55:00Z,NA,NA,NA,12089
2026-07-27T07:00:00Z,NA,NA,NA,12090
2026-07-27T07:05:00Z,NA,NA,NA,12091
2026-07-27T07:10:00Z,NA,NA,NA,12092
2026-07-27T07:15:00Z,NA,NA,NA,12093
2026-07-27T07:20:00Z,NA,NA,NA,12094
2026-07-27T07:25:00Z,NA,NA,NA,12095
2026-07-27T07:30:00Z,NA,NA,NA,12096
2026-07-27T07:35:00Z,NA,NA,NA,12097
2026-07-27T07:40:00Z,NA,NA,NA,12098
2026-07-27T07:45:00Z,NA,NA,NA,12099
2026-07-27T07:50:00Z,NA,NA,NA,12100
2026-07-27T07:55:00Z,NA,NA,NA,12101
2026-07-27T08:00:00Z,NA,NA,NA,12102
2026-07-27T08:05:00Z,NA,NA,NA,12103
2026-07-27T08:10:00Z,NA,NA,NA,12104
2026-07-27T08:15:00Z,NA,NA,NA,12105
2026-07-27T08:20:00Z,NA,NA,NA,12106
2026-07-27T08:25:00Z,NA,NA,NA,12107
2026-07-27T08:30:00Z,NA,NA,NA,12108
2026-07-27T08:35:00Z,NA,NA,NA,12109
2026-07-27T08:40:00Z,NA,NA,NA,12110
2026-07-27T08:45:00Z,NA,NA,NA,12111
2026-07-27T08:50:00Z,NA,NA,NA,12112
2026-07-27T08:55:00Z,NA,NA,NA,12113
2026-07-27T09:00:00Z,NA,NA,NA,12114
2026-07-27T09:05:00Z,NA,NA,NA,12115
2026-07-27T09:10:00Z,NA,NA,NA,12116
2026-07-27T09:15:00Z,NA,NA,NA,12117
2026-07-27T09:20:00Z,NA,NA,NA,12118
2026-07-27T09:25:00Z,NA,NA,NA,12119
2026-07-27T09:30:00Z,NA,NA,NA,12120
2026-07-27T09:35:00Z,NA,NA,NA,12121
2026-07-27T09:40:00Z,NA,NA,NA,12122
2026-07-27T09:45:00Z,NA,NA,NA,12123
2026-07-27T09:50:00Z,NA,NA,NA,12124
2026-07-27T09:55:00Z,NA,NA,NA,12125
2026-07-27T10:00:00Z,NA,NA,NA,12126
2026-07-27T10:05:00Z,NA,NA,NA,12127
2026-07-27T10:10:00Z,NA,NA,NA,12128
2026-07-27T10:15:00Z,NA,NA,NA,12129
2026-07-27T10:20:00Z,NA,NA,NA,12130
2026-07-27T10:25:00Z,NA,NA,NA,12131
2026-07-27T10:30:00Z,NA,NA,NA,12132
2026-07-27T10:35:00Z,NA,NA,NA,12133
2026-07-27T10:40:00Z,NA,NA,NA,12134
2026-07-27T10:45:00Z,NA,NA,NA,12135
2026-07-27T10:50:00Z,NA,NA,NA,12136
2026-07-27T10:55:00Z,NA,NA,NA,12137
2026-07-27T11:00:00Z,NA,NA,NA,12138
2026-07-27T11:05:00Z,NA,NA,NA,12139
2026-07-27T11:10:00Z,NA,NA,NA,12140
2026-07-27T11:15:00Z,NA,NA,NA,12141
2026-07-27T11:20:00Z,NA,NA,NA,12142
2026-07-27T11:25:00Z,NA,NA,NA,12143
2026-07-27T11:30:00Z,NA,NA,NA,12144
2026-07-27T11:35:00Z,NA,NA,NA,12145
2026-07-27T11:40:00Z,NA,NA,NA,12146
2026-07-27T11:45:00Z,NA,NA,NA,12147
2026-07-27T11:50:00Z,NA,NA,NA,12148
2026-07-27T11:55:00Z,NA,NA,NA,12149
2026-07-27T12:00:00Z,NA,NA,NA,12150
2026-07-27T12:05:00Z,NA,NA,NA,12151
2026-07-27T12:10:00Z,NA,NA,NA,12152
2026-07-27T12:15:00Z,NA,NA,NA,12153
2026-07-27T12:20:00Z,NA,NA,NA,12154
2026-07-27T12:25:00Z,NA,NA,NA,12155
2026-07-27T12:30:00Z,NA,NA,NA,12156
2026-07-27T12:35:00Z,NA,NA,NA,12157
2026-07-27T12:40:00Z,NA,NA,NA,12158
2026-07-27T12:45:00Z,NA,NA,NA,12159
2026-07-27T12:50:00Z,NA,NA,NA,12160
2026-07-27T12:55:00Z,13.0293577981651,NA,NA,12161
2026-07-27T13:00:00Z,21.715596330275194,NA,NA,12162
2026-07-27T13:05:00Z,21.715596330275194,NA,NA,12163
2026-07-27T13:10:00Z,21.715596330275194,NA,NA,12164
2026-07-27T13:15:00Z,21.715596330275194,NA,NA,12165
2026-07-27T13:20:00Z,21.715596330275194,NA,NA,12166
2026-07-27T13:25:00Z,21.715596330275194,NA,NA,12167
2026-07-27T13:30:00Z,21.715596330275194,NA,NA,12168
2026-07-27T13:35:00Z,21.715596330275194,NA,NA,12169
2026-07-27T13:40:00Z,21.715596330275194,NA,NA,12170
2026-07-27T13:45:00Z,21.715596330275194,NA,NA,12171
2026-07-27T13:50:00Z,21.715596330275194,NA,NA,12172
2026-07-27T13:55:00Z,21.715596330275194,NA,0,12173
2026-07-27T14:00:00Z,21.715596330275194,NA,0,12174
2026-07-27T14:05:00Z,21.715596330275194,NA,0,12175
2026-07-27T14:10:00Z,21.715596330275194,NA,20,12176
2026-07-27T14:15:00Z,21.715596330275194,NA,30,12177
2026-07-27T14:20:00Z,21.715596330275194,NA,30,12178
2026-07-27T14:25:00Z,21.715596330275194,NA,30,12179
2026-07-27T14:30:00Z,21.715596330275194,NA,10,12180
2026-07-27T14:35:00Z,21.715596330275194,NA,0,12181
2026-07-27T14:40:00Z,21.715596330275194,NA,0,12182
2026-07-27T14:45:00Z,71.93286285579859,NA,0,12183
2026-07-27T14:50:00Z,84.48717948717952,NA,-10,12184
2026-07-27T14:55:00Z,84.48717948717952,NA,0,12185
2026-07-27T15:00:00Z,84.48717948717952,NA,-10,12186
2026-07-27T15:05:00Z,84.48717948717952,NA,-10,12187
2026-07-27T15:10:00Z,84.48717948717952,NA,-10,12188
2026-07-27T15:15:00Z,84.48717948717952,NA,-10,12189
2026-07-27T15:20:00Z,84.48717948717952,NA,-40,12190
2026-07-27T15:25:00Z,40.338709677419395,NA,-20,12191
2026-07-27T15:30:00Z,40.338709677419395,NA,-20,12192
2026-07-27T15:35:00Z,40.338709677419395,NA,0,12193
2026-07-27T15:40:00Z,40.338709677419395,NA,0,12194
2026-07-27T15:45:00Z,40.338709677419395,NA,0,12195
2026-07-27T15:50:00Z,40.338709677419395,NA,-10,12196
2026-07-27T15:55:00Z,40.338709677419395,NA,-10,12197
2026-07-27T16:00:00Z,40.338709677419395,NA,0,12198
2026-07-27T16:05:00Z,40.338709677419395,NA,0,12199
2026-07-27T16:10:00Z,40.338709677419395,NA,0,12200
2026-07-27T16:15:00Z,40.338709677419395,NA,-20,12201
2026-07-27T16:20:00Z,40.338709677419395,NA,-20,12202
2026-07-27T16:25:00Z,58.506072106261904,NA,0,12203
2026-07-27T16:30:00Z,70.6176470588235,NA,0,12204
2026-07-27T16:35:00Z,70.6176470588235,NA,0,12205
2026-07-27T16:40:00Z,70.6176470588235,NA,-10,12206
2026-07-27T16:45:00Z,70.6176470588235,NA,-20,12207
2026-07-27T16:50:00Z,70.6176470588235,NA,0,12208
2026-07-27T16:55:00Z,70.6176470588235,NA,0,12209
2026-07-27T17:00:00Z,78.58506787330319,NA,-10,12210
2026-07-27T17:05:00Z,80.5769230769231,NA,-20,12211
2026-07-27T17:10:00Z,80.5769230769231,NA,0,12212
2026-07-27T17:15:00Z,80.5769230769231,NA,0,12213
2026-07-27T17:20:00Z,80.5769230769231,NA,0,12214
2026-07-27T17:25:00Z,96.7907692307692,NA,0,12215
2026-07-27T17:30:00Z,107.6,NA,0,12216
2026-07-27T17:35:00Z,107.6,NA,0,12217
2026-07-27T17:40:00Z,107.6,NA,0,12218
2026-07-27T17:45:00Z,107.6,NA,0,12219
2026-07-27T17:50:00Z,89.72387096774189,147.77858386535095,0,12220
2026-07-27T17:55:00Z,77.80645161290319,147.77858386535095,0,12221
2026-07-27T18:00:00Z,77.80645161290319,147.77858386535095,0,12222
2026-07-27T18:05:00Z,77.80645161290319,147.77858386535095,0,12223
2026-07-27T18:10:00Z,77.80645161290319,147.77858386535095,0,12224
2026-07-27T18:15:00Z,77.80645161290319,147.77858386535095,0,12225
2026-07-27T18:20:00Z,68.32289535798577,147.77858386535095,0,12226
2026-07-27T18:25:00Z,54.0975609756098,147.77858386535095,0,12227
2026-07-27T18:30:00Z,54.0975609756098,147.77858386535095,0,12228
2026-07-27T18:35:00Z,54.0975609756098,147.77858386535095,0,12229
2026-07-27T18:40:00Z,54.0975609756098,147.77858386535095,0,12230
2026-07-27T18:45:00Z,54.0975609756098,147.77858386535095,0,12231
2026-07-27T18:50:00Z,54.0975609756098,147.77858386535095,0,12232
2026-07-27T18:55:00Z,54.0975609756098,147.77858386535095,0,12233
2026-07-27T19:00:00Z,47.0095302619693,147.77858386535095,0,12234
2026-07-27T19:05:00Z,18.657407407407405,147.77858386535095,0,12235
2026-07-27T19:10:00Z,18.657407407407405,147.77858386535095,0,12236
2026-07-27T19:15:00Z,18.657407407407405,147.77858386535095,0,12237
2026-07-27T19:20:00Z,18.657407407407405,147.77858386535095,0,12238
2026-07-27T19:25:00Z,18.657407407407405,147.77858386535095,0,12239
2026-07-27T19:30:00Z,18.657407407407405,147.77858386535095,0,12240
2026-07-27T19:35:00Z,18.657407407407405,147.77858386535095,0,12241
2026-07-27T19:40:00Z,18.657407407407405,147.77858386535095,0,12242
2026-07-27T19:45:00Z,18.657407407407405,147.77858386535095,0,12243
2026-07-27T19:50:00Z,18.657407407407405,147.77858386535095,0,12244
2026-07-27T19:55:00Z,18.657407407407405,147.77858386535095,0,12245
2026-07-27T20:00:00Z,18.657407407407405,147.77858386535095,0,12246
2026-07-27T20:05:00Z,18.657407407407405,147.77858386535095,0,12247
2026-07-27T20:10:00Z,18.657407407407405,147.77858386535095,0,12248
2026-07-27T20:15:00Z,18.657407407407405,147.77858386535095,0,12249
2026-07-27T20:20:00Z,18.657407407407405,147.77858386535095,0,12250
2026-07-27T20:25:00Z,18.657407407407405,147.77858386535095,0,12251
2026-07-27T20:30:00Z,18.657407407407405,147.77858386535095,0,12252
2026-07-27T20:35:00Z,18.657407407407405,147.77858386535095,0,12253
2026-07-27T20:40:00Z,18.657407407407405,147.77858386535095,0,12254
2026-07-27T20:45:00Z,18.657407407407405,147.77858386535095,0,12255
2026-07-27T20:50:00Z,118.52296296296299,147.77858386535095,0,12256
2026-07-27T20:55:00Z,185.1,147.77858386535095,0,12257
2026-07-27T21:00:00Z,185.1,147.77858386535095,0,12258
2026-07-27T21:05:00Z,185.1,147.77858386535095,0,12259
2026-07-27T21:10:00Z,89.31096774193551,147.77858386535095,0,12260
2026-07-27T21:15:00Z,25.451612903225794,147.77858386535095,0,12261
2026-07-27T21:20:00Z,25.451612903225794,147.77858386535095,0,12262
2026-07-27T21:25:00Z,25.451612903225794,147.77858386535095,0,12263
2026-07-27T21:30:00Z,25.451612903225794,147.77858386535095,0,12264
2026-07-27T21:35:00Z,25.451612903225794,147.77858386535095,0,12265
2026-07-27T21:40:00Z,25.451612903225794,147.77858386535095,0,12266
2026-07-27T21:45:00Z,25.451612903225794,147.77858386535095,0,12267
2026-07-27T21:50:00Z,25.451612903225794,147.77858386535095,0,12268
2026-07-27T21:55:00Z,25.451612903225794,147.77858386535095,0,12269
2026-07-27T22:00:00Z,25.451612903225794,147.77858386535095,0,12270
2026-07-27T22:05:00Z,25.451612903225794,147.77858386535095,0,12271
2026-07-27T22:10:00Z,25.451612903225794,147.77858386535095,0,12272
2026-07-27T22:15:00Z,25.451612903225794,147.77858386535095,0,12273
2026-07-27T22:20:00Z,25.451612903225794,147.77858386535095,0,12274
2026-07-27T22:25:00Z,25.451612903225794,147.77858386535095,0,12275
2026-07-27T22:30:00Z,25.451612903225794,147.77858386535095,0,12276
2026-07-27T22:35:00Z,25.451612903225794,147.77858386535095,0,12277
2026-07-27T22:40:00Z,25.451612903225794,147.77858386535095,0,12278
2026-07-27T22:45:00Z,110.380952380952,147.77858386535095,0,12279
2026-07-27T22:50:00Z,110.380952380952,147.77858386535095,0,12280
2026-07-27T22:55:00Z,110.380952380952,147.77858386535095,0,12281
2026-07-27T23:00:00Z,110.380952380952,147.77858386535095,0,12282
2026-07-27T23:05:00Z,205.37619047619,147.77858386535095,0,12283
2026-07-27T23:10:00Z,343.65000000000003,147.77858386535095,0,12284
2026-07-27T23:15:00Z,502.337804878049,147.77858386535095,0,12285
2026-07-27T23:20:00Z,53.21951219512201,147.77858386535095,0,12286
2026-07-27T23:25:00Z,53.21951219512201,147.77858386535095,0,12287
2026-07-27T23:30:00Z,53.21951219512201,147.77858386535095,0,12288
2026-07-27T23:35:00Z,53.21951219512201,147.77858386535095,0,12289
2026-07-27T23:40:00Z,53.21951219512201,147.77858386535095,0,12290
2026-07-27T23:45:00Z,53.21951219512201,147.77858386535095,0,12291
2026-07-27T23:50:00Z,53.21951219512201,147.77858386535095,0,12292
2026-07-27T23:55:00Z,53.21951219512201,147.77858386535095,0,12293
2026-07-28T00:00:00Z,28.3125,147.77858386535095,0,12294
2026-07-28T00:05:00Z,28.3125,147.77858386535095,0,12295
2026-07-28T00:10:00Z,28.3125,147.77858386535095,0,12296
2026-07-28T00:15:00Z,28.3125,147.77858386535095,0,12297
2026-07-28T00:20:00Z,28.3125,147.77858386535095,0,12298
2026-07-28T00:25:00Z,28.3125,147.77858386535095,0,12299
2026-07-28T00:30:00Z,28.3125,147.77858386535095,0,12300
2026-07-28T00:35:00Z,28.3125,147.77858386535095,0,12301
2026-07-28T00:40:00Z,28.3125,147.77858386535095,0,12302
2026-07-28T00:45:00Z,28.3125,147.77858386535095,0,12303
2026-07-28T00:50:00Z,28.3125,147.77858386535095,0,12304
2026-07-28T00:55:00Z,28.3125,147.77858386535095,0,12305
2026-07-28T01:00:00Z,28.3125,147.77858386535095,0,12306
2026-07-28T01:05:00Z,28.3125,147.77858386535095,0,12307
2026-07-28T01:10:00Z,28.3125,147.77858386535095,0,12308
2026-07-28T01:15:00Z,28.3125,147.77858386535095,0,12309
2026-07-28T01:20:00Z,206.929166666666,147.77858386535095,0,12310
2026-07-28T01:25:00Z,251.58333333333303,147.77858386535095,0,12311
2026-07-28T01:30:00Z,179.3125,147.77858386535095,0,12312
2026-07-28T01:35:00Z,70.90625000000001,147.77858386535095,0,12313
2026-07-28T01:40:00Z,70.90625000000001,147.77858386535095,0,12314
2026-07-28T01:45:00Z,70.90625000000001,147.77858386535095,0,12315
2026-07-28T01:50:00Z,70.90625000000001,147.77858386535095,0,12316
2026-07-28T01:55:00Z,70.90625000000001,147.77858386535095,0,12317
2026-07-28T02:00:00Z,70.90625000000001,147.77858386535095,0,12318
2026-07-28T02:05:00Z,84.0952380952381,147.77858386535095,0,12319
2026-07-28T02:10:00Z,84.0952380952381,147.77858386535095,0,12320
2026-07-28T02:15:00Z,84.0952380952381,147.77858386535095,0,12321
2026-07-28T02:20:00Z,84.0952380952381,147.77858386535095,0,12322
2026-07-28T02:25:00Z,84.0952380952381,147.77858386535095,0,12323
2026-07-28T02:30:00Z,84.0952380952381,147.77858386535095,0,12324
2026-07-28T02:35:00Z,84.0952380952381,147.77858386535095,0,12325
2026-07-28T02:40:00Z,84.0952380952381,147.77858386535095,0,12326
2026-07-28T02:45:00Z,55.325051759834395,147.77858386535095,0,12327
2026-07-28T02:50:00Z,36.1449275362319,147.77858386535095,0,12328
2026-07-28T02:55:00Z,36.1449275362319,147.77858386535095,0,12329
2026-07-28T03:00:00Z,36.1449275362319,147.77858386535095,0,12330
2026-07-28T03:05:00Z,36.1449275362319,147.77858386535095,0,12331
2026-07-28T03:10:00Z,36.1449275362319,147.77858386535095,0,12332
2026-07-28T03:15:00Z,36.1449275362319,147.77858386535095,0,12333
2026-07-28T03:20:00Z,36.1449275362319,147.77858386535095,0,12334
2026-07-28T03:25:00Z,36.1449275362319,147.77858386535095,0,12335
2026-07-28T03:30:00Z,36.1449275362319,147.77858386535095,0,12336
2026-07-28T03:35:00Z,36.1449275362319,147.77858386535095,0,12337
2026-07-28T03:40:00Z,36.1449275362319,147.77858386535095,0,12338
2026-07-28T03:45:00Z,36.1449275362319,147.77858386535095,0,12339
2026-07-28T03:50:00Z,36.1449275362319,147.77858386535095,0,12340
2026-07-28T03:55:00Z,38.9575569358178,147.77858386535095,0,12341
2026-07-28T04:05:00Z,39.6607142857143,147.77858386535095,0,12342
2026-07-28T04:10:00Z,39.6607142857143,147.77858386535095,0,12343
2026-07-28T04:15:00Z,39.6607142857143,147.77858386535095,0,12344
2026-07-28T04:20:00Z,39.6607142857143,147.77858386535095,0,12345
2026-07-28T04:25:00Z,39.6607142857143,147.77858386535095,0,12346
2026-07-28T04:30:00Z,39.6607142857143,147.77858386535095,0,12347
2026-07-28T04:35:00Z,39.6607142857143,147.77858386535095,0,12348
2026-07-28T04:40:00Z,39.6607142857143,147.77858386535095,0,12349
2026-07-28T04:45:00Z,39.6607142857143,147.77858386535095,0,12350
2026-07-28T04:50:00Z,141.11428571428596,147.77858386535095,0,12351
2026-07-28T04:55:00Z,208.75,147.77858386535095,0,12352
2026-07-28T05:00:00Z,187.627272727273,147.77858386535095,0,12353
2026-07-28T05:05:00Z,103.136363636364,147.77858386535095,0,12354
2026-07-28T05:10:00Z,103.136363636364,147.77858386535095,0,12355
2026-07-28T05:15:00Z,103.136363636364,147.77858386535095,0,12356
2026-07-28T05:20:00Z,103.136363636364,147.77858386535095,0,12357
2026-07-28T05:25:00Z,51.0272727272728,147.77858386535095,0,12358
2026-07-28T05:30:00Z,38,147.77858386535095,0,12359
2026-07-28T05:35:00Z,38,147.77858386535095,0,12360
2026-07-28T05:40:00Z,38,147.77858386535095,0,12361
2026-07-28T05:45:00Z,38,147.77858386535095,0,12362
2026-07-28T05:50:00Z,38,147.77858386535095,0,12363
2026-07-28T05:55:00Z,38,147.77858386535095,0,12364
2026-07-28T06:00:00Z,38,147.77858386535095,0,12365
2026-07-28T06:05:00Z,38,147.77858386535095,0,12366
2026-07-28T06:10:00Z,227.8,147.77858386535095,0,12367
2026-07-28T06:15:00Z,417.0870967741939,147.77858386535095,0,12368
2026-07-28T06:20:00Z,35.4354838709677,147.77858386535095,0,12369
2026-07-28T06:25:00Z,35.4354838709677,147.77858386535095,0,12370
2026-07-28T06:30:00Z,35.4354838709677,147.77858386535095,0,12371
2026-07-28T06:35:00Z,35.4354838709677,147.77858386535095,0,12372
2026-07-28T06:40:00Z,35.4354838709677,147.77858386535095,0,12373
2026-07-28T06:45:00Z,35.4354838709677,147.77858386535095,0,12374
2026-07-28T06:50:00Z,35.4354838709677,147.77858386535095,0,12375
2026-07-28T06:55:00Z,35.4354838709677,147.77858386535095,0,12376
2026-07-28T07:00:00Z,35.4354838709677,147.77858386535095,0,12377
2026-07-28T07:05:00Z,35.4354838709677,147.77858386535095,0,12378
2026-07-28T07:10:00Z,35.4354838709677,147.77858386535095,0,12379
2026-07-28T07:15:00Z,35.4354838709677,147.77858386535095,0,12380
2026-07-28T07:20:00Z,393.0870967741939,147.77858386535095,0,12381
2026-07-28T07:25:00Z,350.875,147.77858386535095,0,12382
2026-07-28T07:30:00Z,402.205,147.77858386535095,0,12383
2026-07-28T07:35:00Z,312.510476190476,147.77858386535095,0,12384
2026-07-28T07:40:00Z,62.476190476190496,147.77858386535095,0,12385
2026-07-28T07:45:00Z,62.476190476190496,147.77858386535095,0,12386
2026-07-28T07:50:00Z,62.476190476190496,147.77858386535095,0,12387
2026-07-28T07:55:00Z,62.476190476190496,147.77858386535095,0,12388
2026-07-28T08:00:00Z,62.476190476190496,147.77858386535095,0,12389
2026-07-28T08:05:00Z,62.476190476190496,147.77858386535095,0,12390
2026-07-28T08:10:00Z,62.476190476190496,147.77858386535095,0,12391
2026-07-28T08:15:00Z,62.476190476190496,147.77858386535095,0,12392
2026-07-28T08:20:00Z,355.8,147.77858386535095,0,12393
2026-07-28T08:25:00Z,198.608695652174,147.77858386535095,0,12394
2026-07-28T08:30:00Z,198.608695652174,147.77858386535095,0,12395
2026-07-28T08:35:00Z,198.608695652174,147.77858386535095,0,12396
2026-07-28T08:40:00Z,198.608695652174,147.77858386535095,0,12397
2026-07-28T08:45:00Z,213.525217391304,147.77858386535095,10,12398
2026-07-28T08:50:00Z,235.9,147.77858386535095,0,12399
2026-07-28T08:55:00Z,234.04909090909098,147.77858386535095,0,12400
2026-07-28T09:00:00Z,231.272727272727,147.77858386535095,0,12401
2026-07-28T09:05:00Z,210.923444976076,147.77858386535095,0,12402
2026-07-28T09:10:00Z,129.526315789474,147.77858386535095,0,12403
2026-07-28T09:15:00Z,129.526315789474,147.77858386535095,0,12404
2026-07-28T09:20:00Z,129.526315789474,147.77858386535095,0,12405
2026-07-28T09:25:00Z,212.75578947368402,147.77858386535095,0,12406
2026-07-28T09:30:00Z,268.46476190476204,147.77858386535095,0,12407
2026-07-28T09:35:00Z,164.76190476190496,147.77858386535095,20,12408
2026-07-28T09:40:00Z,164.76190476190496,147.77858386535095,0,12409
2026-07-28T09:45:00Z,164.76190476190496,147.77858386535095,0,12410
2026-07-28T09:50:00Z,151.07352380952398,147.77858386535095,0,12411
2026-07-28T09:55:00Z,96.32,147.77858386535095,0,12412
2026-07-28T10:00:00Z,96.32,147.77858386535095,0,12413
2026-07-28T10:05:00Z,96.32,147.77858386535095,20,12414
2026-07-28T10:10:00Z,96.32,147.77858386535095,10,12415
2026-07-28T10:15:00Z,110.54171428571402,147.77858386535095,10,12416
2026-07-28T10:20:00Z,167.428571428571,147.77858386535095,10,12417
2026-07-28T10:25:00Z,167.428571428571,147.77858386535095,10,12418
2026-07-28T10:30:00Z,136.328110599078,147.77858386535095,0,12419
2026-07-28T10:35:00Z,89.67741935483869,147.77858386535095,0,12420
2026-07-28T10:40:00Z,89.67741935483869,147.77858386535095,30,12421
2026-07-28T10:45:00Z,89.67741935483869,147.77858386535095,0,12422
2026-07-28T10:50:00Z,89.67741935483869,147.77858386535095,0,12423
2026-07-28T10:55:00Z,89.67741935483869,147.77858386535095,0,12424
2026-07-28T11:00:00Z,80.29365962180204,147.77858386535095,0,12425
2026-07-28T11:05:00Z,42.758620689655196,147.77858386535095,0,12426
2026-07-28T11:10:00Z,42.758620689655196,147.77858386535095,0,12427
2026-07-28T11:15:00Z,42.758620689655196,147.77858386535095,0,12428
2026-07-28T11:20:00Z,42.758620689655196,147.77858386535095,0,12429
2026-07-28T11:25:00Z,42.758620689655196,147.77858386535095,0,12430
2026-07-28T11:30:00Z,42.758620689655196,147.77858386535095,20,12431
2026-07-28T11:35:00Z,42.758620689655196,147.77858386535095,0,12432
2026-07-28T11:40:00Z,42.758620689655196,147.77858386535095,10,12433
2026-07-28T11:45:00Z,42.758620689655196,147.77858386535095,10,12434
2026-07-28T11:50:00Z,42.758620689655196,147.77858386535095,0,12435
2026-07-28T11:55:00Z,42.758620689655196,147.77858386535095,0,12436
2026-07-28T12:00:00Z,130.84630541871903,147.77858386535095,10,12437
2026-07-28T12:05:00Z,177.83428571428598,147.77858386535095,0,12438
2026-07-28T12:10:00Z,130.88571428571402,147.77858386535095,0,12439
2026-07-28T12:15:00Z,130.88571428571402,147.77858386535095,0,12440
2026-07-28T12:20:00Z,130.88571428571402,147.77858386535095,10,12441
2026-07-28T12:25:00Z,130.88571428571402,147.77858386535095,10,12442
2026-07-28T12:30:00Z,130.88571428571402,147.77858386535095,0,12443
2026-07-28T12:35:00Z,130.88571428571402,147.77858386535095,0,12444
2026-07-28T12:40:00Z,122.940571428571,147.77858386535095,0,12445
2026-07-28T12:45:00Z,91.16,147.77858386535095,0,12446
2026-07-28T12:50:00Z,91.16,147.77858386535095,0,12447
2026-07-28T12:55:00Z,91.16,147.77858386535095,-10,12448
2026-07-28T13:00:00Z,91.16,147.77858386535095,0,12449
2026-07-28T13:05:00Z,83.2746666666667,147.77858386535095,0,12450
2026-07-28T13:10:00Z,51.733333333333306,147.77858386535095,0,12451
2026-07-28T13:15:00Z,51.733333333333306,147.77858386535095,20,12452
2026-07-28T13:20:00Z,51.733333333333306,147.77858386535095,20,12453
2026-07-28T13:25:00Z,51.733333333333306,147.77858386535095,20,12454
2026-07-28T13:30:00Z,51.733333333333306,147.77858386535095,0,12455
2026-07-28T13:35:00Z,51.733333333333306,147.77858386535095,0,12456
2026-07-28T13:40:00Z,51.733333333333306,147.77858386535095,10,12457
2026-07-28T13:45:00Z,51.733333333333306,147.77858386535095,10,12458
2026-07-28T13:50:00Z,87.0066666666666,147.77858386535095,0,12459
2026-07-28T13:55:00Z,228.1,147.77858386535095,0,12460
2026-07-28T14:00:00Z,216.56,147.77858386535095,0,12461
2026-07-28T14:05:00Z,170.4,147.77858386535095,0,12462
2026-07-28T14:10:00Z,170.4,147.77858386535095,10,12463
2026-07-28T14:15:00Z,177.72,147.77858386535095,0,12464
2026-07-28T14:20:00Z,207,147.77858386535095,0,12465
2026-07-28T14:25:00Z,207,147.77858386535095,0,12466
2026-07-28T14:30:00Z,212.133333333334,147.77858386535095,-10,12467
2026-07-28T14:35:00Z,213.41666666666697,147.77858386535095,10,12468
2026-07-28T14:40:00Z,269.93571428571494,147.77858386535095,0,12469
2026-07-28T14:45:00Z,354.714285714286,147.77858386535095,0,12470
2026-07-28T14:50:00Z,211.16666666666697,130.49286709228102,0,12471
2026-07-28T14:55:00Z,211.16666666666697,61.349999999999994,0,12472
2026-07-28T15:00:00Z,389.026666666667,61.349999999999994,0,12473
2026-07-28T15:05:00Z,290.29263157894695,61.349999999999994,10,12474
2026-07-28T15:10:00Z,145.421052631579,106.8,10,12475
2026-07-28T15:15:00Z,145.421052631579,251.433846153846,10,12476
2026-07-28T15:20:00Z,145.421052631579,102.76923076923102,0,12477
2026-07-28T15:25:00Z,279.80421052631607,102.76923076923102,10,12478
2026-07-28T15:30:00Z,313.4,217.647692307692,10,12479
2026-07-28T15:35:00Z,251.657777777778,95.35,10,12480
2026-07-28T15:40:00Z,236.222222222222,95.35,10,12481
2026-07-28T15:45:00Z,371.6,95.35,10,12482
2026-07-28T15:50:00Z,1657.55,73.2229032258064,10,12483
2026-07-28T15:55:00Z,578.65,40.0322580645161,30,12484
2026-07-28T16:00:00Z,423.05,40.0322580645161,30,12485
2026-07-28T16:05:00Z,552.59,40.0322580645161,10,12486
2026-07-28T16:10:00Z,555.01,40.0322580645161,0,12487
2026-07-28T16:15:00Z,299.125,40.0322580645161,30,12488
2026-07-28T16:20:00Z,2410.225,45.696394686907006,10,12489
2026-07-28T16:25:00Z,1175,68.35294117647057,10,12490
2026-07-28T16:30:00Z,482.8,68.35294117647057,10,12491
2026-07-28T16:35:00Z,362.4,68.35294117647057,0,12492
2026-07-28T16:40:00Z,524.08,54.574936061381095,0,12493
2026-07-28T16:45:00Z,355.09142857142893,51.1304347826087,10,12494
2026-07-28T16:50:00Z,461.857142857143,51.1304347826087,0,12495
2026-07-28T16:55:00Z,314.415873015873,51.1304347826087,0,12496
2026-07-28T17:00:00Z,277.555555555556,68.18434782608698,70,12497
2026-07-28T17:05:00Z,127.736842105263,134.029090909091,40,12498
2026-07-28T17:10:00Z,127.736842105263,124.545454545455,20,12499
2026-07-28T17:15:00Z,127.736842105263,124.545454545455,20,12500
2026-07-28T17:20:00Z,125.02583732057397,124.545454545455,20,12501
2026-07-28T17:25:00Z,114.181818181818,124.545454545455,20,12502
2026-07-28T17:30:00Z,114.181818181818,226.64242424242403,120.00000000000001,12503
2026-07-28T17:35:00Z,114.181818181818,144.50303030303002,30,12504
2026-07-28T17:40:00Z,114.181818181818,72.7272727272727,20,12505
2026-07-28T17:45:00Z,1076.1363636363699,72.7272727272727,30,12506
2026-07-28T17:50:00Z,887.566666666666,72.7272727272727,30,12507
2026-07-28T17:55:00Z,434.17333333333306,83.2929292929293,30,12508
2026-07-28T18:00:00Z,318.4,125.55555555555598,40,12509
2026-07-28T18:05:00Z,212.26,84.30630630630628,20,12510
2026-07-28T18:10:00Z,141.5,22.432432432432396,20,12511
2026-07-28T18:15:00Z,141.5,22.432432432432396,10,12512
2026-07-28T18:20:00Z,141.5,22.432432432432396,0,12513
2026-07-28T18:25:00Z,124.90476190476201,22.432432432432396,20,12514
2026-07-28T18:30:00Z,124.90476190476201,22.432432432432396,10,12515
2026-07-28T18:35:00Z,124.90476190476201,22.432432432432396,0,12516
2026-07-28T18:40:00Z,124.90476190476201,22.432432432432396,20,12517
2026-07-28T18:45:00Z,155.580952380952,136,10,12518
2026-07-28T18:50:00Z,2876.6,136,0,12519
2026-07-28T18:55:00Z,75,197.1,50,12520
2026-07-28T19:00:00Z,75,211.04285714285697,60,12521
2026-07-28T19:05:00Z,75,205.71428571428595,40,12522
2026-07-28T19:10:00Z,75,170.74285714285696,10,12523
2026-07-28T19:15:00Z,949.875,189.68,0,12524
2026-07-28T19:20:00Z,549.375,183.85333333333304,10,12525
2026-07-28T19:25:00Z,357.65000000000003,169.96666666666698,10,12526
2026-07-28T19:30:00Z,222.75,298.55,0,12527
2026-07-28T19:35:00Z,212.125,148.625,10,12528
2026-07-28T19:40:00Z,212.125,305.72499999999997,10,12529
2026-07-28T19:45:00Z,225.6,293.14545454545504,0,12530
2026-07-28T19:50:00Z,279.5,114.727272727273,0,12531
2026-07-28T19:55:00Z,2006.2,114.727272727273,0,12532
2026-07-28T20:00:00Z,2065.2,490.1,130,12533
2026-07-28T20:05:00Z,1756.95,143.51904761904797,20,12534
2026-07-28T20:10:00Z,319.375,67.52380952380949,0,12535
2026-07-28T20:15:00Z,197.40833333333404,67.52380952380949,10,12536
2026-07-28T20:20:00Z,166.91666666666697,67.52380952380949,0,12537
2026-07-28T20:25:00Z,882.2166666666661,230.50952380952398,40,12538
2026-07-28T20:30:00Z,1507.9333333333298,283.214285714286,40,12539
2026-07-28T20:35:00Z,1092.5428571428602,199.285714285714,20,12540
2026-07-28T20:40:00Z,603.714285714286,383.15000000000003,10,12541
2026-07-28T20:45:00Z,452.057142857143,95.25,20,12542
2026-07-28T20:50:00Z,909.4857142857139,1921.6,0,12543
2026-07-28T20:55:00Z,4845.6,745.4,0,12544
2026-07-28T21:00:00Z,4263.25,442,30,12545
2026-07-28T21:05:00Z,328.8115384615379,435.5,60,12546
2026-07-28T21:10:00Z,232.076923076923,436.9857142857139,100,12547
2026-07-28T21:15:00Z,196.865174825175,272.714285714286,90,12548
2026-07-28T21:20:00Z,56.01818181818181,2009.52,20,12549
2026-07-28T21:25:00Z,56.01818181818181,1549.28,20,12550
2026-07-28T21:30:00Z,56.01818181818181,205,20,12551
2026-07-28T21:35:00Z,56.01818181818181,316,30,12552
2026-07-28T21:40:00Z,56.01818181818181,409,100,12553
2026-07-28T21:45:00Z,56.01818181818181,357.8,90,12554
2026-07-28T21:50:00Z,56.01818181818181,345.3,60,12555
2026-07-28T21:55:00Z,56.01818181818181,368.5,30,12556
2026-07-28T22:00:00Z,56.01818181818181,57.133333333333304,40,12557
2026-07-28T22:05:00Z,56.01818181818181,57.133333333333304,230,12558
2026-07-28T22:10:00Z,56.3523232323232,57.133333333333304,350,12559
2026-07-28T22:15:00Z,57.688888888888904,169.33333333333303,40,12560
2026-07-28T22:20:00Z,57.688888888888904,150.65614035087702,10,12561
2026-07-28T22:25:00Z,57.688888888888904,75.94736842105262,30,12562
2026-07-28T22:30:00Z,57.688888888888904,75.94736842105262,10,12563
2026-07-28T22:35:00Z,57.688888888888904,75.94736842105262,10,12564
2026-07-28T22:40:00Z,57.688888888888904,225.76842105263205,20,12565
2026-07-28T22:45:00Z,57.688888888888904,629.55,0,12566
2026-07-28T22:50:00Z,57.688888888888904,330.75,10,12567
2026-07-28T22:55:00Z,48.2577777777778,452.3,20,12568
2026-07-28T23:00:00Z,10.5333333333333,359.8461538461539,0,12569
2026-07-28T23:05:00Z,10.5333333333333,99.61538461538458,0,12570
2026-07-28T23:10:00Z,10.5333333333333,99.61538461538458,10,12571
2026-07-28T23:15:00Z,10.5333333333333,79.84688644688639,0,12572
2026-07-28T23:20:00Z,10.5333333333333,74.9047619047619,20,12573
2026-07-28T23:25:00Z,10.5333333333333,74.9047619047619,0,12574
2026-07-28T23:30:00Z,10.5333333333333,74.9047619047619,0,12575
2026-07-28T23:35:00Z,10.5333333333333,254.36190476190498,0,12576
2026-07-28T23:40:00Z,10.5333333333333,132,0,12577
2026-07-28T23:45:00Z,10.5333333333333,71.5,10,12578
2026-07-28T23:50:00Z,10.5333333333333,1832.5,10,12579
2026-07-28T23:55:00Z,10.5333333333333,172.5,0,12580
2026-07-29T00:00:00Z,14.8452380952381,137.35714285714306,0,12581
2026-07-29T00:05:00Z,14.8452380952381,84.64285714285708,0,12582
2026-07-29T00:10:00Z,14.8452380952381,84.64285714285708,0,12583
2026-07-29T00:15:00Z,14.8452380952381,762.0571428571429,0,12584
2026-07-29T00:20:00Z,14.8452380952381,398.28,0,12585
2026-07-29T00:25:00Z,14.8452380952381,175.7,10,12586
2026-07-29T00:30:00Z,14.8452380952381,355.41999999999996,0,12587
2026-07-29T00:35:00Z,14.8452380952381,206.37142857142905,0,12588
2026-07-29T00:40:00Z,14.8452380952381,101.714285714286,0,12589
2026-07-29T00:45:00Z,14.8452380952381,101.714285714286,0,12590
2026-07-29T00:50:00Z,14.8452380952381,153.875,0,12591
2026-07-29T00:55:00Z,14.8452380952381,1591.9250000000002,-10,12592
2026-07-29T01:00:00Z,14.8452380952381,1514,0,12593
2026-07-29T01:05:00Z,14.8452380952381,1817.4,10,12594
2026-07-29T01:10:00Z,14.8452380952381,252.8,20,12595
2026-07-29T01:15:00Z,14.8452380952381,269.05,0,12596
2026-07-29T01:20:00Z,14.8452380952381,109.75,0,12597
2026-07-29T01:25:00Z,14.8452380952381,1207.2,0,12598
2026-07-29T01:30:00Z,14.8452380952381,825.9,0,12599
2026-07-29T01:35:00Z,14.8452380952381,1057.7,0,12600
2026-07-29T01:40:00Z,14.8452380952381,599.6,0,12601
2026-07-29T01:45:00Z,14.8452380952381,321.4,0,12602
2026-07-29T01:50:00Z,14.8452380952381,569.8,0,12603
2026-07-29T01:55:00Z,14.8452380952381,3209.2,0,12604
2026-07-29T02:00:00Z,14.8452380952381,5324,20,12605
2026-07-29T02:05:00Z,14.8452380952381,282,10,12606
2026-07-29T02:10:00Z,14.8452380952381,213,0,12607
2026-07-29T02:15:00Z,14.8452380952381,181.48888888888905,0,12608
2026-07-29T02:20:00Z,14.8452380952381,134.222222222222,0,12609
2026-07-29T02:25:00Z,14.8452380952381,94.9252525252525,0,12610
2026-07-29T02:30:00Z,14.8452380952381,68.7272727272727,0,12611
2026-07-29T02:35:00Z,14.8452380952381,68.7272727272727,0,12612
2026-07-29T02:40:00Z,14.8452380952381,68.7272727272727,0,12613
2026-07-29T02:45:00Z,15.1973583594022,63.6721407624633,0,12614
2026-07-29T02:50:00Z,16.605839416058405,43.4516129032258,0,12615
2026-07-29T02:55:00Z,16.605839416058405,43.4516129032258,0,12616
2026-07-29T03:00:00Z,16.605839416058405,43.4516129032258,0,12617
2026-07-29T03:05:00Z,16.605839416058405,43.4516129032258,0,12618
2026-07-29T03:10:00Z,16.605839416058405,43.4516129032258,0,12619
2026-07-29T03:15:00Z,16.605839416058405,43.4516129032258,0,12620
2026-07-29T03:20:00Z,16.605839416058405,193.2,0,12621
2026-07-29T03:25:00Z,16.605839416058405,143.76923076923097,0,12622
2026-07-29T03:30:00Z,16.605839416058405,143.76923076923097,0,12623
2026-07-29T03:35:00Z,16.605839416058405,102.20439560439601,0,12624
2026-07-29T03:40:00Z,16.605839416058405,39.85714285714289,0,12625
2026-07-29T03:45:00Z,16.605839416058405,39.85714285714289,0,12626
2026-07-29T03:50:00Z,16.605839416058405,39.85714285714289,0,12627
2026-07-29T03:55:00Z,16.605839416058405,39.85714285714289,0,12628
2026-07-29T04:05:00Z,16.605839416058405,26.4931677018634,0,12629
2026-07-29T04:10:00Z,16.605839416058405,23.1521739130435,0,12630
2026-07-29T04:15:00Z,16.605839416058405,23.1521739130435,0,12631
2026-07-29T04:20:00Z,16.605839416058405,23.1521739130435,0,12632
2026-07-29T04:25:00Z,16.605839416058405,23.1521739130435,0,12633
2026-07-29T04:30:00Z,16.605839416058405,23.1521739130435,0,12634
2026-07-29T04:35:00Z,16.605839416058405,23.1521739130435,0,12635
2026-07-29T04:40:00Z,16.605839416058405,23.1521739130435,0,12636
2026-07-29T04:45:00Z,16.605839416058405,23.1521739130435,0,12637
2026-07-29T04:50:00Z,16.605839416058405,19.5370600414079,0,12638
2026-07-29T04:55:00Z,16.605839416058405,17.126984126984105,0,12639
2026-07-29T05:00:00Z,16.605839416058405,17.126984126984105,0,12640
2026-07-29T05:05:00Z,24.4300787743008,17.126984126984105,0,12641
2026-07-29T05:10:00Z,26.386138613861398,17.126984126984105,10,12642
2026-07-29T05:15:00Z,26.386138613861398,17.126984126984105,0,12643
2026-07-29T05:20:00Z,26.386138613861398,17.126984126984105,0,12644
2026-07-29T05:25:00Z,26.386138613861398,17.126984126984105,0,12645
2026-07-29T05:30:00Z,26.386138613861398,17.126984126984105,0,12646
2026-07-29T05:35:00Z,26.386138613861398,17.126984126984105,10,12647
2026-07-29T05:40:00Z,26.386138613861398,17.126984126984105,0,12648
2026-07-29T05:45:00Z,26.386138613861398,17.126984126984105,0,12649
2026-07-29T05:50:00Z,26.386138613861398,17.126984126984105,0,12650
2026-07-29T05:55:00Z,26.386138613861398,22.115384615384603,0,12651
2026-07-29T06:00:00Z,26.386138613861398,22.115384615384603,0,12652
2026-07-29T06:05:00Z,26.386138613861398,22.115384615384603,0,12653
2026-07-29T06:10:00Z,26.386138613861398,22.115384615384603,0,12654
2026-07-29T06:15:00Z,26.386138613861398,22.115384615384603,0,12655
2026-07-29T06:20:00Z,26.386138613861398,22.115384615384603,0,12656
2026-07-29T06:25:00Z,26.386138613861398,22.115384615384603,0,12657
2026-07-29T06:30:00Z,26.386138613861398,22.115384615384603,0,12658
2026-07-29T06:35:00Z,26.386138613861398,22.115384615384603,0,12659
2026-07-29T06:40:00Z,26.386138613861398,22.115384615384603,0,12660
2026-07-29T06:45:00Z,34.430645921735,32.439010989011,0,12661
2026-07-29T06:50:00Z,39.793650793650805,39.32142857142859,0,12662
2026-07-29T06:55:00Z,39.793650793650805,39.32142857142859,0,12663
2026-07-29T07:00:00Z,39.793650793650805,39.32142857142859,10,12664
2026-07-29T07:05:00Z,39.793650793650805,39.32142857142859,-10,12665
2026-07-29T07:10:00Z,39.793650793650805,39.32142857142859,0,12666
2026-07-29T07:15:00Z,39.793650793650805,20.471698113207502,0,12667
2026-07-29T07:20:00Z,39.793650793650805,20.471698113207502,0,12668
2026-07-29T07:25:00Z,39.793650793650805,20.471698113207502,0,12669
2026-07-29T07:30:00Z,39.793650793650805,20.471698113207502,0,12670
2026-07-29T07:35:00Z,39.793650793650805,20.471698113207502,0,12671
2026-07-29T07:40:00Z,39.793650793650805,20.471698113207502,0,12672
2026-07-29T07:45:00Z,39.793650793650805,20.471698113207502,0,12673
2026-07-29T07:50:00Z,884.6,20.471698113207502,0,12674
2026-07-29T07:55:00Z,1003.4,20.471698113207502,0,12675
2026-07-29T08:00:00Z,902.8,20.471698113207502,10,12676
2026-07-29T08:05:00Z,953.7333333333331,20.6987051424343,0,12677
2026-07-29T08:10:00Z,1510.8666666666702,21.039215686274503,0,12678
2026-07-29T08:15:00Z,667.3,21.039215686274503,0,12679
2026-07-29T08:20:00Z,687.62,21.039215686274503,0,12680
2026-07-29T08:25:00Z,297.261818181818,21.039215686274503,0,12681
2026-07-29T08:30:00Z,126.636363636364,21.039215686274503,0,12682
2026-07-29T08:35:00Z,126.636363636364,21.039215686274503,0,12683
2026-07-29T08:40:00Z,126.636363636364,21.039215686274503,0,12684
2026-07-29T08:45:00Z,140.759090909091,21.039215686274503,0,12685
2026-07-29T08:50:00Z,197.25,21.039215686274503,0,12686
2026-07-29T08:55:00Z,197.25,20.409497549019598,0,12687
2026-07-29T09:00:00Z,714.2785714285712,17.890625,10,12688
2026-07-29T09:05:00Z,409.14285714285705,17.890625,10,12689
2026-07-29T09:10:00Z,4143.028571428571,17.890625,30,12690
2026-07-29T09:15:00Z,301.35294117647106,17.890625,40,12691
2026-07-29T09:20:00Z,301.35294117647106,17.890625,50,12692
2026-07-29T09:25:00Z,301.35294117647106,17.890625,110,12693
2026-07-29T09:30:00Z,189.51508951406598,17.890625,60,12694
2026-07-29T09:35:00Z,114.95652173913001,17.890625,40,12695
2026-07-29T09:40:00Z,114.95652173913001,17.890625,30,12696
2026-07-29T09:45:00Z,114.95652173913001,17.890625,10,12697
2026-07-29T09:50:00Z,114.95652173913001,17.890625,10,12698
2026-07-29T09:55:00Z,536.4,17.890625,20,12699
2026-07-29T10:00:00Z,1113.05,43.534375000000004,10,12700
2026-07-29T10:05:00Z,628.99,82,20,12701
2026-07-29T10:10:00Z,434.36,69.74666666666671,30,12702
2026-07-29T10:15:00Z,884.400000000002,20.73333333333329,50,12703
2026-07-29T10:20:00Z,670.6666666666671,20.73333333333329,140,12704
2026-07-29T10:25:00Z,721.833333333334,20.73333333333329,170,12705
2026-07-29T10:30:00Z,1267.1,20.73333333333329,30,12706
2026-07-29T10:35:00Z,2182.8,20.73333333333329,40,12707
2026-07-29T10:40:00Z,1026.2571428571398,20.73333333333329,40,12708
2026-07-29T10:45:00Z,265.64285714285705,20.73333333333329,30,12709
2026-07-29T10:50:00Z,265.64285714285705,20.73333333333329,10,12710
2026-07-29T10:55:00Z,185.48714285714306,20.73333333333329,0,12711
2026-07-29T11:00:00Z,132.05,20.73333333333329,20,12712
2026-07-29T11:05:00Z,132.05,20.73333333333329,0,12713
2026-07-29T11:10:00Z,132.05,22.339298245614003,30,12714
2026-07-29T11:15:00Z,218.54,28.763157894736796,40,12715
2026-07-29T11:20:00Z,276.2,28.763157894736796,40,12716
2026-07-29T11:25:00Z,311.105,28.763157894736796,50,12717
2026-07-29T11:30:00Z,334.375,28.763157894736796,50,12718
2026-07-29T11:35:00Z,612,28.763157894736796,40,12719
2026-07-29T11:40:00Z,263.1,28.763157894736796,70,12720
2026-07-29T11:45:00Z,263.1,28.763157894736796,120.00000000000001,12721
2026-07-29T11:50:00Z,244,27.4052631578947,110,12722
2026-07-29T11:55:00Z,244,26.5,60,12723
2026-07-29T12:00:00Z,185.21481481481496,26.5,50,12724
2026-07-29T12:05:00Z,97.037037037037,26.5,30,12725
2026-07-29T12:10:00Z,97.037037037037,26.5,20,12726
2026-07-29T12:15:00Z,97.037037037037,26.5,20,12727
2026-07-29T12:20:00Z,97.037037037037,26.5,30,12728
2026-07-29T12:25:00Z,97.037037037037,26.5,30,12729
2026-07-29T12:30:00Z,370.5,48.2,50,12730
2026-07-29T12:35:00Z,559.0333333333341,62.66666666666669,20,12731
2026-07-29T12:40:00Z,294.897435897436,62.66666666666669,30,12732
2026-07-29T12:45:00Z,87.38461538461542,62.66666666666669,40,12733
2026-07-29T12:50:00Z,87.38461538461542,994.3,30,12734
2026-07-29T12:55:00Z,87.38461538461542,1165.3,30,12735
2026-07-29T13:00:00Z,87.38461538461542,612.8,20,12736
2026-07-29T13:05:00Z,206.880769230769,1011.4,30,12737
2026-07-29T13:10:00Z,386.125,1170.6,0,12738
2026-07-29T13:15:00Z,130.707926829268,827.8,20,12739
2026-07-29T13:20:00Z,66.85365853658537,542.6,10,12740
2026-07-29T13:25:00Z,66.85365853658537,344.64444444444405,0,12741
2026-07-29T13:30:00Z,66.85365853658537,202.55555555555597,10,12742
2026-07-29T13:35:00Z,66.85365853658537,111.3,20,12743
2026-07-29T13:40:00Z,66.85365853658537,111.3,0,12744
2026-07-29T13:45:00Z,66.85365853658537,182,40,12745
2026-07-29T13:50:00Z,66.85365853658537,212.5,50,12746
2026-07-29T13:55:00Z,57.14581124072111,256.4,30,12747
2026-07-29T14:00:00Z,50.67391304347831,661.9,10,12748
2026-07-29T14:05:00Z,50.67391304347831,384.4,10,12749
2026-07-29T14:10:00Z,50.67391304347831,3858.2,10,12750
2026-07-29T14:15:00Z,50.67391304347831,1080.4428571428602,10,12751
2026-07-29T14:20:00Z,50.67391304347831,131.07142857142904,10,12752
2026-07-29T14:25:00Z,50.67391304347831,131.07142857142904,20,12753
2026-07-29T14:30:00Z,50.67391304347831,201.280952380952,0,12754
2026-07-29T14:35:00Z,50.67391304347831,130.88333333333304,0,12755
2026-07-29T14:40:00Z,207.67101449275398,72.25,10,12756
2026-07-29T14:45:00Z,385.4761904761909,72.25,0,12757
2026-07-29T14:50:00Z,154.71428571428595,141.85000000000002,0,12758
2026-07-29T14:55:00Z,154.71428571428595,424.5,0,12759
2026-07-29T15:00:00Z,219.81038961039002,1300.5,10,12760
2026-07-29T15:05:00Z,317.454545454545,613.6,10,12761
2026-07-29T15:10:00Z,284.49304812834197,365.7,0,12762
2026-07-29T15:15:00Z,152.647058823529,811.8,0,12763
2026-07-29T15:20:00Z,152.647058823529,655.3,0,12764
2026-07-29T15:25:00Z,152.647058823529,490.3,10,12765
2026-07-29T15:30:00Z,112.929411764706,1276,0,12766
2026-07-29T15:35:00Z,103,2090.6,10,12767
2026-07-29T15:40:00Z,103,1273,0,12768
2026-07-29T15:45:00Z,103,154,0,12769
2026-07-29T15:50:00Z,341.02857142857187,154,20,12770
2026-07-29T15:55:00Z,451.1547619047621,129.5,50,12771
2026-07-29T16:00:00Z,256.91666666666697,129.5,30,12772
2026-07-29T16:05:00Z,256.91666666666697,132.25,10,12773
2026-07-29T16:10:00Z,146.05,148.035714285714,30,12774
2026-07-29T16:15:00Z,118.33333333333299,171.71428571428595,40,12775
2026-07-29T16:20:00Z,118.33333333333299,389.6,20,12776
2026-07-29T16:25:00Z,305.06666666666604,151.71428571428595,20,12777
2026-07-29T16:30:00Z,1069.4,305.88571428571396,20,12778
2026-07-29T16:35:00Z,1958,621.657142857143,0,12779
2026-07-29T16:40:00Z,1629.2,199.285714285714,40,12780
2026-07-29T16:45:00Z,376.25,275.857142857143,0,12781
2026-07-29T16:50:00Z,525.2166666666672,255.85714285714306,10,12782
2026-07-29T16:55:00Z,550.4,280.54285714285703,10,12783
2026-07-29T17:00:00Z,371.49696969696896,204.54,10,12784
2026-07-29T17:05:00Z,285.27272727272697,142.9,40,12785
2026-07-29T17:10:00Z,487.030303030303,121.96000000000001,40,12786
2026-07-29T17:15:00Z,671.1333333333331,108,20,12787
2026-07-29T17:20:00Z,509,107.181818181818,20,12788
2026-07-29T17:25:00Z,666.2,103.909090909091,0,12789
2026-07-29T17:30:00Z,137.47619047619,103.909090909091,10,12790
2026-07-29T17:35:00Z,137.47619047619,889.4,20,12791
2026-07-29T17:40:00Z,137.47619047619,287.25,70,12792
2026-07-29T17:45:00Z,137.47619047619,183.75,160,12793
2026-07-29T17:50:00Z,69.8804232804232,60.2777777777778,130,12794
2026-07-29T17:55:00Z,52.98148148148148,60.2777777777778,40,12795
2026-07-29T18:00:00Z,52.98148148148148,60.2777777777778,30,12796
2026-07-29T18:05:00Z,52.98148148148148,381.766666666667,110,12797
2026-07-29T18:10:00Z,52.98148148148148,319.2,50,12798
2026-07-29T18:15:00Z,52.98148148148148,72,30,12799
2026-07-29T18:20:00Z,52.98148148148148,72,70,12800
2026-07-29T18:25:00Z,52.98148148148148,72,130,12801
2026-07-29T18:30:00Z,52.98148148148148,67.2,80,12802
2026-07-29T18:35:00Z,52.98148148148148,60,90,12803
2026-07-29T18:40:00Z,52.98148148148148,60,80,12804
2026-07-29T18:45:00Z,55.620000000000005,60,10,12805
2026-07-29T18:50:00Z,55.620000000000005,66.3,20,12806
2026-07-29T18:55:00Z,55.620000000000005,70.5,10,12807
2026-07-29T19:00:00Z,55.620000000000005,70.5,40,12808
2026-07-29T19:05:00Z,55.620000000000005,70.5,10,12809
2026-07-29T19:10:00Z,55.620000000000005,52.66666666666669,0,12810
2026-07-29T19:15:00Z,55.620000000000005,52.66666666666669,0,12811
2026-07-29T19:20:00Z,55.620000000000005,52.66666666666669,0,12812
2026-07-29T19:25:00Z,55.620000000000005,52.66666666666669,10,12813
2026-07-29T19:30:00Z,55.620000000000005,70.0666666666667,10,12814
2026-07-29T19:35:00Z,95.83870967741939,74.41666666666671,10,12815
2026-07-29T19:40:00Z,95.83870967741939,216.05,0,12816
2026-07-29T19:45:00Z,95.83870967741939,407.292307692308,10,12817
2026-07-29T19:50:00Z,95.83870967741939,115.46153846153801,0,12818
2026-07-29T19:55:00Z,95.83870967741939,115.46153846153801,20,12819
2026-07-29T20:00:00Z,95.83870967741939,528.9846153846149,20,12820
2026-07-29T20:05:00Z,182.79851116625298,193.875,0,12821
2026-07-29T20:10:00Z,204.538461538462,206.65833333333305,0,12822
2026-07-29T20:15:00Z,377.39076923077,207.15555555555596,0,12823
2026-07-29T20:20:00Z,1499.44,132.444444444444,0,12824
2026-07-29T20:25:00Z,1128.6,167.62666666666698,0,12825
2026-07-29T20:30:00Z,1484.6,168.982857142857,0,12826
2026-07-29T20:35:00Z,829.866666666666,91.85714285714289,0,12827
2026-07-29T20:40:00Z,273.33333333333303,91.85714285714289,0,12828
2026-07-29T20:45:00Z,256.545454545455,142.14285714285697,30,12829
2026-07-29T20:50:00Z,256.545454545455,259.8,0,12830
2026-07-29T20:55:00Z,186.92813852813904,346.8,0,12831
2026-07-29T21:00:00Z,169.52380952380997,190,0,12832
2026-07-29T21:05:00Z,169.52380952380997,260.1,10,12833
2026-07-29T21:10:00Z,169.52380952380997,215.59333333333302,10,12834
2026-07-29T21:15:00Z,221.92380952380998,78.73333333333329,10,12835
2026-07-29T21:20:00Z,266.552380952381,78.73333333333329,0,12836
2026-07-29T21:25:00Z,305.33333333333303,310.64000000000004,40,12837
2026-07-29T21:30:00Z,305.33333333333303,987.4,140,12838
2026-07-29T21:35:00Z,107.83333333333299,1708,80,12839
2026-07-29T21:40:00Z,58.4583333333333,1742.2,110,12840
2026-07-29T21:45:00Z,58.4583333333333,454.64000000000004,70,12841
2026-07-29T21:50:00Z,58.4583333333333,352.16,10,12842
2026-07-29T21:55:00Z,58.4583333333333,677.4,30,12843
2026-07-29T22:00:00Z,58.4583333333333,365.533333333333,0,12844
2026-07-29T22:05:00Z,58.4583333333333,236.26666666666696,50,12845
2026-07-29T22:10:00Z,58.4583333333333,468,50,12846
2026-07-29T22:15:00Z,58.4583333333333,755.8,20,12847
2026-07-29T22:20:00Z,78.1456140350876,502.6,0,12848
2026-07-29T22:25:00Z,156.89473684210503,671.6,30,12849
2026-07-29T22:30:00Z,156.89473684210503,137,60,12850
2026-07-29T22:35:00Z,156.89473684210503,137,110,12851
2026-07-29T22:40:00Z,103.16184210526299,100.36,10,12852
2026-07-29T22:45:00Z,22.562499999999996,91.2,100,12853
2026-07-29T22:50:00Z,22.562499999999996,62.56,20,12854
2026-07-29T22:55:00Z,967.4499999999999,55.4,0,12855
2026-07-29T23:00:00Z,182.5,55.4,0,12856
2026-07-29T23:05:00Z,182.5,55.4,0,12857
2026-07-29T23:10:00Z,182.5,55.4,0,12858
2026-07-29T23:15:00Z,182.5,55.4,0,12859
2026-07-29T23:20:00Z,182.5,42.98,0,12860
2026-07-29T23:25:00Z,182.5,39.875,0,12861
2026-07-29T23:30:00Z,182.5,39.875,0,12862
2026-07-29T23:35:00Z,53.3,39.875,80,12863
2026-07-29T23:40:00Z,21,39.875,10,12864
2026-07-29T23:45:00Z,21,101.8,10,12865
2026-07-29T23:50:00Z,21,101.8,0,12866
2026-07-29T23:55:00Z,21,101.8,0,12867
2026-07-30T00:00:00Z,43.6296296296296,54.0434782608696,0,12868
2026-07-30T00:05:00Z,43.6296296296296,54.0434782608696,50,12869
2026-07-30T00:10:00Z,43.6296296296296,54.0434782608696,260,12870
2026-07-30T00:15:00Z,43.6296296296296,54.0434782608696,20,12871
2026-07-30T00:20:00Z,43.6296296296296,59.18398169336379,10,12872
2026-07-30T00:25:00Z,43.6296296296296,66.89473684210529,20,12873
2026-07-30T00:30:00Z,43.6296296296296,66.89473684210529,0,12874
2026-07-30T00:35:00Z,43.6296296296296,66.89473684210529,0,12875
2026-07-30T00:40:00Z,43.6296296296296,79.17218045112779,0,12876
2026-07-30T00:45:00Z,43.6296296296296,87.35714285714289,0,12877
2026-07-30T00:50:00Z,43.6296296296296,87.35714285714289,0,12878
2026-07-30T00:55:00Z,75.8857142857143,102.911428571429,0,12879
2026-07-30T01:00:00Z,75.8857142857143,106.8,0,12880
2026-07-30T01:05:00Z,75.8857142857143,95.16,0,12881
2026-07-30T01:10:00Z,75.8857142857143,92.25,0,12882
2026-07-30T01:15:00Z,75.8857142857143,667.75,0,12883
2026-07-30T01:20:00Z,75.8857142857143,974,10,12884
2026-07-30T01:25:00Z,75.8857142857143,1464.7,10,12885
2026-07-30T01:30:00Z,65.8837209302326,1315.7,10,12886
2026-07-30T01:35:00Z,65.8837209302326,871.085714285714,0,12887
2026-07-30T01:40:00Z,65.8837209302326,297.714285714286,0,12888
2026-07-30T01:45:00Z,65.8837209302326,485.6,0,12889
2026-07-30T01:50:00Z,65.8837209302326,172.85714285714306,0,12890
2026-07-30T01:55:00Z,65.8837209302326,395.54285714285703,0,12891
2026-07-30T02:00:00Z,65.8837209302326,82.7222222222222,0,12892
2026-07-30T02:05:00Z,65.8837209302326,82.7222222222222,10,12893
2026-07-30T02:10:00Z,51.4690560875513,82.7222222222222,0,12894
2026-07-30T02:15:00Z,29.8470588235294,148.03333333333302,10,12895
2026-07-30T02:20:00Z,29.8470588235294,305.8,0,12896
2026-07-30T02:25:00Z,29.8470588235294,283.22222222222194,0,12897
2026-07-30T02:30:00Z,29.8470588235294,255.51111111111098,0,12898
2026-07-30T02:35:00Z,29.8470588235294,89.68205128205128,0,12899
2026-07-30T02:40:00Z,29.8470588235294,53.025641025640994,10,12900
2026-07-30T02:45:00Z,29.8470588235294,53.025641025640994,0,12901
2026-07-30T02:50:00Z,29.8470588235294,53.025641025640994,0,12902
2026-07-30T02:55:00Z,29.8470588235294,53.025641025640994,0,12903
2026-07-30T03:00:00Z,29.8470588235294,53.025641025640994,0,12904
2026-07-30T03:05:00Z,29.8470588235294,53.025641025640994,0,12905
2026-07-30T03:10:00Z,29.8470588235294,53.025641025640994,0,12906
2026-07-30T03:15:00Z,29.8470588235294,62.96068376068379,0,12907
2026-07-30T03:20:00Z,29.8470588235294,65.44444444444441,0,12908
2026-07-30T03:25:00Z,29.8470588235294,237,10,12909
2026-07-30T03:30:00Z,29.8470588235294,237,0,12910
2026-07-30T03:35:00Z,51.2779322638146,76.46666666666671,0,12911
2026-07-30T03:40:00Z,83.42424242424242,36.3333333333333,0,12912
2026-07-30T03:45:00Z,83.42424242424242,36.3333333333333,10,12913
2026-07-30T03:50:00Z,83.42424242424242,36.3333333333333,10,12914
2026-07-30T03:55:00Z,83.42424242424242,36.3333333333333,0,12915
2026-07-30T04:05:00Z,83.42424242424242,26.955882352941195,0,12916
2026-07-30T04:10:00Z,65.609292929293,26.955882352941195,0,12917
2026-07-30T04:15:00Z,61.1555555555556,26.955882352941195,0,12918
2026-07-30T04:20:00Z,61.1555555555556,26.955882352941195,0,12919
2026-07-30T04:25:00Z,61.1555555555556,26.955882352941195,0,12920
2026-07-30T04:30:00Z,61.1555555555556,26.955882352941195,0,12921
2026-07-30T04:35:00Z,61.1555555555556,26.955882352941195,0,12922
2026-07-30T04:40:00Z,61.1555555555556,26.955882352941195,0,12923
2026-07-30T04:45:00Z,61.1555555555556,26.955882352941195,0,12924
2026-07-30T04:50:00Z,61.1555555555556,26.955882352941195,30,12925
2026-07-30T04:55:00Z,234.08374269005796,26.955882352941195,30,12926
2026-07-30T05:00:00Z,277.31578947368394,26.955882352941195,20,12927
2026-07-30T05:05:00Z,277.31578947368394,26.955882352941195,10,12928
2026-07-30T05:10:00Z,277.31578947368394,240.71498599439792,0,12929
2026-07-30T05:15:00Z,112.619047619048,48.619047619047585,0,12930
2026-07-30T05:20:00Z,112.619047619048,48.619047619047585,0,12931
2026-07-30T05:25:00Z,112.619047619048,48.619047619047585,0,12932
2026-07-30T05:30:00Z,112.619047619048,48.619047619047585,0,12933
2026-07-30T05:35:00Z,341.01269841269794,48.619047619047585,0,12934
2026-07-30T05:40:00Z,398.111111111111,48.619047619047585,10,12935
2026-07-30T05:45:00Z,760.7,48.619047619047585,0,12936
2026-07-30T05:50:00Z,412.25,48.619047619047585,0,12937
2026-07-30T05:55:00Z,346.77,46.869755469755496,0,12938
2026-07-30T06:00:00Z,383.60727272727297,46.4324324324324,0,12939
2026-07-30T06:05:00Z,396.909090909091,46.4324324324324,40,12940
2026-07-30T06:10:00Z,1614.1636363636399,46.4324324324324,0,12941
2026-07-30T06:15:00Z,1028.2,46.4324324324324,30,12942
2026-07-30T06:20:00Z,1823.07826086957,46.4324324324324,0,12943
2026-07-30T06:25:00Z,130.39130434782604,46.4324324324324,0,12944
2026-07-30T06:30:00Z,130.39130434782604,41.98517374517371,10,12945
2026-07-30T06:35:00Z,130.39130434782604,35.314285714285695,0,12946
2026-07-30T06:40:00Z,130.39130434782604,35.314285714285695,10,12947
2026-07-30T06:45:00Z,188.30652173913097,35.314285714285695,20,12948
2026-07-30T06:50:00Z,226.91666666666697,35.314285714285695,20,12949
2026-07-30T06:55:00Z,379.266666666667,35.314285714285695,50,12950
2026-07-30T07:00:00Z,1224.3435897435902,35.314285714285695,70,12951
2026-07-30T07:05:00Z,503.384615384615,70.5116483516483,20,12952
2026-07-30T07:10:00Z,503.384615384615,123.307692307692,110,12953
2026-07-30T07:15:00Z,297.389140271493,123.307692307692,40,12954
2026-07-30T07:20:00Z,160.058823529412,82.00890688259108,120.00000000000001,12955
2026-07-30T07:25:00Z,160.058823529412,71.68421052631581,180,12956
2026-07-30T07:30:00Z,162.84705882353,71.68421052631581,180,12957
2026-07-30T07:35:00Z,2287.8,71.68421052631581,20,12958
2026-07-30T07:40:00Z,334.75,21.484848484848502,20,12959
2026-07-30T07:45:00Z,488.45,21.484848484848502,10,12960
2026-07-30T07:50:00Z,632,21.484848484848502,0,12961
2026-07-30T07:55:00Z,402,21.484848484848502,20,12962
2026-07-30T08:00:00Z,1598.8,21.484848484848502,20,12963
2026-07-30T08:05:00Z,1083.05,21.484848484848502,30,12964
2026-07-30T08:10:00Z,527.75,21.484848484848502,150.00000000000003,12965
2026-07-30T08:15:00Z,5574.4,21.484848484848502,210.00000000000003,12966
2026-07-30T08:20:00Z,1372.5714285714296,21.484848484848502,30,12967
2026-07-30T08:25:00Z,1159.1285714285702,21.484848484848502,10,12968
2026-07-30T08:30:00Z,3552.7,21.484848484848502,30,12969
2026-07-30T08:35:00Z,2916,21.484848484848502,0,12970
2026-07-30T08:40:00Z,4044,21.484848484848502,30,12971
2026-07-30T08:45:00Z,1444.4,45.167557932263804,130,12972
2026-07-30T08:50:00Z,3871.68,51.0882352941176,120.00000000000001,12973
2026-07-30T08:55:00Z,1946.92,51.0882352941176,60,12974
2026-07-30T09:00:00Z,2666.4,51.0882352941176,90,12975
2026-07-30T09:05:00Z,3170.6,51.0882352941176,90,12976
2026-07-30T09:10:00Z,2210.8,51.0882352941176,180,12977
2026-07-30T09:15:00Z,1892.8,51.0882352941176,350,12978
2026-07-30T09:20:00Z,1180,24,110,12979
2026-07-30T09:25:00Z,875.3599999999999,24,460,12980
2026-07-30T09:30:00Z,716.52,24,480.00000000000006,12981
2026-07-30T09:35:00Z,1191.02,24,130,12982
2026-07-30T09:40:00Z,2033.1666666666702,65.6615384615385,410.00000000000006,12983
2026-07-30T09:45:00Z,1009.1333333333301,128.153846153846,540,12984
2026-07-30T09:50:00Z,303.33333333333303,128.153846153846,720,12985
2026-07-30T09:55:00Z,303.33333333333303,1215.3438127090299,490,12986
2026-07-30T10:00:00Z,302.33333333333303,151.52173913043504,410.00000000000006,12987
2026-07-30T10:05:00Z,1750.25,151.52173913043504,250,12988
2026-07-30T10:10:00Z,1299.1499999999999,151.52173913043504,850.0000000000001,12989
2026-07-30T10:15:00Z,1055.1333333333296,151.52173913043504,360,12990
2026-07-30T10:20:00Z,652.516666666668,96.6875,390,12991
2026-07-30T10:25:00Z,387.75,96.6875,530,12992
2026-07-30T10:30:00Z,173.52941176470597,96.6875,190,12993
2026-07-30T10:35:00Z,173.52941176470597,248.82321428571402,120.00000000000001,12994
2026-07-30T10:40:00Z,173.52941176470597,384.914285714286,100,12995
2026-07-30T10:45:00Z,153.61176470588194,803.866666666667,260,12996
2026-07-30T10:50:00Z,140.33333333333303,258.33333333333303,280,12997
2026-07-30T10:55:00Z,140.33333333333303,136.5,190,12998
2026-07-30T11:00:00Z,140.33333333333303,681.0777777777781,80,12999
2026-07-30T11:05:00Z,114.526315789473,145.444444444444,40,13000
2026-07-30T11:10:00Z,75.81578947368418,1072.9777777777804,40,13001
2026-07-30T11:15:00Z,75.81578947368418,896.8,329.99999999999994,13002
2026-07-30T11:20:00Z,75.81578947368418,1768.9,310,13003
2026-07-30T11:25:00Z,75.81578947368418,193.684615384615,80,13004
2026-07-30T11:30:00Z,75.81578947368418,81.2307692307692,90,13005
2026-07-30T11:35:00Z,75.81578947368418,112.351282051282,50,13006
2026-07-30T11:40:00Z,75.81578947368418,236.83333333333303,40,13007
2026-07-30T11:45:00Z,124.07744360902201,162.428571428571,20,13008
2026-07-30T11:50:00Z,136.14285714285697,150.77142857142903,30,13009
2026-07-30T11:55:00Z,136.14285714285697,143,40,13010
2026-07-30T12:00:00Z,136.14285714285697,1430.4,50,13011
2026-07-30T12:05:00Z,854.9571428571429,350,20,13012
2026-07-30T12:10:00Z,1622.5,350,40,13013
2026-07-30T12:15:00Z,15201.8,278.91999999999996,10,13014
2026-07-30T12:20:00Z,110559.6,172.3,10,13015
2026-07-30T12:25:00Z,932,153.38000000000002,0,13016
2026-07-30T12:30:00Z,481.76,125,20,13017
2026-07-30T12:35:00Z,181.6,1921.36,20,13018
2026-07-30T12:40:00Z,181.6,645.14,10,13019
2026-07-30T12:45:00Z,533.08,449.9,-10,13020
2026-07-30T12:50:00Z,522.3,448.5,0,13021
2026-07-30T12:55:00Z,358.9,267.66,0,13022
2026-07-30T13:00:00Z,245.302857142857,1709.44,10,13023
2026-07-30T13:05:00Z,169.57142857142904,1048,20,13024
2026-07-30T13:10:00Z,169.57142857142904,171.33333333333303,40,13025
2026-07-30T13:15:00Z,169.57142857142904,6236.666666666672,170,13026
2026-07-30T13:20:00Z,182.485714285715,1802.4,640,13027
2026-07-30T13:25:00Z,201.85714285714306,1228.2,2989.9999999999995,13028
2026-07-30T13:30:00Z,578.7777777777782,3158.4,22530,13029
2026-07-30T13:35:00Z,504.395555555556,2339.8,10070,13030
2026-07-30T13:40:00Z,206.866666666667,3497.2,5689.999999999999,13031
2026-07-30T13:45:00Z,206.866666666667,1715.8,5090,13032
2026-07-30T13:50:00Z,210.22190476190497,3330.2,4760,13033
2026-07-30T13:55:00Z,223.64285714285697,1770.2,4500,13034
2026-07-30T14:00:00Z,223.64285714285697,2494.2,4250,13035
2026-07-30T14:05:00Z,215.17238095238102,2986.8,4019.9999999999995,13036
2026-07-30T14:10:00Z,202.46666666666698,2001.6,720,13037
2026-07-30T14:15:00Z,202.46666666666698,1872.8,90,13038
2026-07-30T14:20:00Z,199.818461538462,931,50,13039
2026-07-30T14:25:00Z,195.84615384615398,822.2,20,13040
2026-07-30T14:30:00Z,195.84615384615398,656.05,60,13041
2026-07-30T14:35:00Z,197.00923076923098,1194.55,60,13042
2026-07-30T14:40:00Z,197.3,1891.6,130,13043
2026-07-30T14:45:00Z,197.3,918.2,100,13044
2026-07-30T14:50:00Z,197.3,299.77777777777794,70,13045
2026-07-30T14:55:00Z,166.94,305.555555555556,40,13046
2026-07-30T15:00:00Z,159.35000000000002,328.666666666667,70,13047
2026-07-30T15:05:00Z,159.35000000000002,2500,70,13048
2026-07-30T15:10:00Z,159.35000000000002,1015.6,40,13049
2026-07-30T15:15:00Z,134.68904761904798,791.2,80,13050
2026-07-30T15:20:00Z,128.52380952380997,850.3,20,13051
2026-07-30T15:25:00Z,128.52380952380997,243.47142857142904,70,13052
2026-07-30T15:30:00Z,128.52380952380997,87.42857142857139,60,13053
2026-07-30T15:35:00Z,356.209523809524,330.666666666667,60,13054
2026-07-30T15:40:00Z,432.51304347826095,222.48888888888905,20,13055
2026-07-30T15:45:00Z,130.565217391304,195.444444444444,40,13056
2026-07-30T15:50:00Z,130.565217391304,80.4210526315789,10,13057
2026-07-30T15:55:00Z,130.565217391304,80.4210526315789,30,13058
2026-07-30T16:00:00Z,130.565217391304,80.4210526315789,40,13059
2026-07-30T16:05:00Z,297.7760869565219,80.16350877192978,50,13060
2026-07-30T16:10:00Z,409.25,79.13333333333328,50,13061
2026-07-30T16:15:00Z,1253.6,79.13333333333328,10,13062
2026-07-30T16:20:00Z,451.857142857143,79.13333333333328,20,13063
2026-07-30T16:25:00Z,645.022857142857,79.13333333333328,10,13064
2026-07-30T16:30:00Z,589.5485714285721,79.13333333333328,20,13065
2026-07-30T16:35:00Z,475.28571428571496,109.90666666666702,40,13066
2026-07-30T16:40:00Z,509.57142857142895,233,20,13067
2026-07-30T16:45:00Z,640.514285714286,180.644444444444,0,13068
2026-07-30T16:50:00Z,888.714285714286,167.55555555555597,0,13069
2026-07-30T16:55:00Z,539.571428571429,87,40,13070
2026-07-30T17:00:00Z,497.64761904761895,87,40,13071
2026-07-30T17:05:00Z,605.1666666666671,978.8,0,13072
2026-07-30T17:10:00Z,640.1,1745.4,50,13073
2026-07-30T17:15:00Z,588.8399999999999,11152,20,13074
2026-07-30T17:20:00Z,1078.36,124327.6,70,13075
2026-07-30T17:25:00Z,3142.6,38.11538461538459,329.99999999999994,13076
2026-07-30T17:30:00Z,520.4285714285711,38.11538461538459,170,13077
2026-07-30T17:35:00Z,414.97142857142893,38.11538461538459,100,13078
2026-07-30T17:40:00Z,344.666666666667,38.11538461538459,140,13079
2026-07-30T17:45:00Z,433.733333333333,527.6,110,13080
2026-07-30T17:50:00Z,416.52727272727293,685,140,13081
2026-07-30T17:55:00Z,258.636363636364,143.14285714285697,120.00000000000001,13082
2026-07-30T18:00:00Z,258.636363636364,198.34285714285699,200,13083
2026-07-30T18:05:00Z,282.75,206.59761904761905,120.00000000000001,13084
2026-07-30T18:10:00Z,282.75,92.41666666666671,130,13085
2026-07-30T18:15:00Z,279.354545454545,92.41666666666671,110,13086
2026-07-30T18:20:00Z,277.09090909090895,168.540476190476,120.00000000000001,13087
2026-07-30T18:25:00Z,246.04121212121197,151.74285714285696,150.00000000000003,13088
2026-07-30T18:30:00Z,199.46666666666698,693.08,150.00000000000003,13089
2026-07-30T18:35:00Z,199.46666666666698,354.77,420.00000000000006,13090
2026-07-30T18:40:00Z,191.03555555555596,302.78999999999996,160,13091
2026-07-30T18:45:00Z,178.38888888888906,203.16,110,13092
2026-07-30T18:50:00Z,178.38888888888906,198.4,90,13093
2026-07-30T18:55:00Z,178.38888888888906,213.64,110,13094
2026-07-30T19:00:00Z,305.117777777778,208.293333333333,60,13095
2026-07-30T19:05:00Z,336.8,196.6,40,13096
2026-07-30T19:10:00Z,351.46,217.66666666666697,60,13097
2026-07-30T19:15:00Z,359.075,215.8,70,13098
2026-07-30T19:20:00Z,374.875,306.8,120.00000000000001,13099
2026-07-30T19:25:00Z,893.9499999999999,207.3,70,13100
2026-07-30T19:30:00Z,560,178.5,40,13101
2026-07-30T19:35:00Z,560,251.06666666666698,20,13102
2026-07-30T19:40:00Z,182.05555555555597,245.33333333333303,50,13103
2026-07-30T19:45:00Z,182.05555555555597,115.6,10,13104
2026-07-30T19:50:00Z,182.05555555555597,115.6,20,13105
2026-07-30T19:55:00Z,214.96666666666698,267.13333333333304,70,13106
2026-07-30T20:00:00Z,264.33333333333303,193.93333333333302,30,13107
2026-07-30T20:05:00Z,264.33333333333303,146.33333333333303,10,13108
2026-07-30T20:10:00Z,223.4,146.33333333333303,10,13109
2026-07-30T20:15:00Z,223.4,141.42222222222202,90,13110
2026-07-30T20:20:00Z,223.4,121.77777777777798,70,13111
2026-07-30T20:25:00Z,931.8,114.13333333333298,90,13112
2026-07-30T20:30:00Z,1210.625,102.66666666666701,40,13113
2026-07-30T20:35:00Z,2164.5750000000003,478.466666666667,80,13114
2026-07-30T20:40:00Z,2309.56,257.4,130,13115
2026-07-30T20:45:00Z,1545.04,123,10,13116
2026-07-30T20:50:00Z,1227.6222222222198,115,20,13117
2026-07-30T20:55:00Z,874.7777777777782,109.66666666666701,30,13118
2026-07-30T21:00:00Z,912.8999999999979,161.01904761904797,20,13119
2026-07-30T21:05:00Z,1889.5,190.51428571428596,10,13120
2026-07-30T21:10:00Z,800.1636363636361,396,40,13121
2026-07-30T21:15:00Z,568.4545454545449,1369.7,70,13122
2026-07-30T21:20:00Z,378.581818181818,417.9,90,13123
2026-07-30T21:25:00Z,340,735.8,10,13124
2026-07-30T21:30:00Z,692,511,20,13125
2026-07-30T21:35:00Z,797.971428571428,443.8,110,13126
2026-07-30T21:40:00Z,354.4285714285709,429,220,13127
2026-07-30T21:45:00Z,582.363636363636,455.8,190,13128
2026-07-30T21:50:00Z,582.363636363636,886.4,520,13129
2026-07-30T21:55:00Z,599.7727272727271,595.2666666666671,130,13130
2026-07-30T22:00:00Z,553.5,425.33333333333303,290.00000000000006,13131
2026-07-30T22:05:00Z,351,697.2,30,13132
2026-07-30T22:10:00Z,356.97777777777793,564.1,100,13133
2026-07-30T22:15:00Z,380.88888888888897,608.2333333333331,110,13134
2026-07-30T22:20:00Z,299.02745098039196,737.0666666666671,210.00000000000003,13135
2026-07-30T22:25:00Z,176.235294117647,3300.4,90,13136
2026-07-30T22:30:00Z,176.235294117647,617.2,30,13137
2026-07-30T22:35:00Z,176.235294117647,473.6,60,13138
2026-07-30T22:40:00Z,169.2,230.8,70,13139
2026-07-30T22:45:00Z,169.2,509.84000000000003,120.00000000000001,13140
2026-07-30T22:50:00Z,169.2,260.826666666667,60,13141
2026-07-30T22:55:00Z,169.2,163.33333333333303,60,13142
2026-07-30T23:00:00Z,342.857142857143,321.47999999999996,10,13143
2026-07-30T23:05:00Z,342.857142857143,260.71999999999997,130,13144
2026-07-30T23:10:00Z,314.1190476190481,267.5,90,13145
2026-07-30T23:15:00Z,199.16666666666697,224.78,40,13146
2026-07-30T23:20:00Z,199.16666666666697,295.25333333333305,100,13147
2026-07-30T23:25:00Z,671.433333333333,171.96666666666698,100,13148
2026-07-30T23:30:00Z,561,129.722222222222,30,13149
2026-07-30T23:35:00Z,408.666666666667,192.11111111111097,10,13150
2026-07-30T23:40:00Z,346.933333333333,195.2,50,13151
2026-07-30T23:45:00Z,331.5,175.06666666666698,40,13152
2026-07-30T23:50:00Z,278.94,76,40,13153
2026-07-30T23:55:00Z,1625.95,76,30,13154
2026-07-31T00:00:00Z,275.75,250.88000000000002,0,13155
2026-07-31T00:05:00Z,275.75,290.32,60,13156
2026-07-31T00:10:00Z,306.3,240.4,60,13157
2026-07-31T00:15:00Z,352.125,267.2,50,13158
2026-07-31T00:20:00Z,332.025,120,40,13159
2026-07-31T00:25:00Z,327,978,40,13160
2026-07-31T00:30:00Z,327.06,572.12,30,13161
2026-07-31T00:35:00Z,327.1,440.9,120.00000000000001,13162
2026-07-31T00:40:00Z,259.39,230.98000000000002,150.00000000000003,13163
2026-07-31T00:45:00Z,214.25,216.733333333333,60,13164
2026-07-31T00:50:00Z,214.25,140.66666666666697,40,13165
2026-07-31T00:55:00Z,232.85769230769205,140.66666666666697,40,13166
2026-07-31T01:00:00Z,260.769230769231,187.43333333333302,60,13167
2026-07-31T01:05:00Z,260.769230769231,228.3,150.00000000000003,13168
2026-07-31T01:10:00Z,241.938461538461,243.133333333333,90,13169
2026-07-31T01:15:00Z,237.23076923076897,217.66666666666697,20,13170
2026-07-31T01:20:00Z,237.898901098901,76.55555555555559,60,13171
2026-07-31T01:25:00Z,240.57142857142904,380.84444444444404,90,13172
2026-07-31T01:30:00Z,240.57142857142904,1856.5,20,13173
2026-07-31T01:35:00Z,239.265934065934,616.7,80,13174
2026-07-31T01:40:00Z,237.30769230769204,1141.4666666666703,60,13175
2026-07-31T01:45:00Z,237.30769230769204,1166.1333333333296,80,13176
2026-07-31T01:50:00Z,303.09790209790197,1311.44,30,13177
2026-07-31T01:55:00Z,319.545454545455,493.76,20,13178
2026-07-31T02:00:00Z,242.018181818182,2263.92,60,13179
2026-07-31T02:05:00Z,190.33333333333303,1534.6799999999998,40,13180
2026-07-31T02:10:00Z,190.33333333333303,721.466666666667,60,13181
2026-07-31T02:15:00Z,290.33333333333303,395.83333333333303,80,13182
2026-07-31T02:20:00Z,357,254.366666666667,60,13183
2026-07-31T02:25:00Z,297.5,526.1333333333331,50,13184
2026-07-31T02:30:00Z,257.83333333333303,674.9599999999999,30,13185
2026-07-31T02:35:00Z,254.466666666666,550.868571428571,50,13186
2026-07-31T02:40:00Z,241,321.57142857142895,50,13187
2026-07-31T02:45:00Z,241,786.25,10,13188
2026-07-31T02:50:00Z,167.96428571428598,195.625,80,13189
2026-07-31T02:55:00Z,58.41071428571429,584.639285714286,40,13190
2026-07-31T03:00:00Z,58.41071428571429,458.68571428571397,110,13191
2026-07-31T03:05:00Z,58.41071428571429,328.76,80,13192
2026-07-31T03:10:00Z,58.41071428571429,365.24,40,13193
2026-07-31T03:15:00Z,58.41071428571429,333.16,40,13194
2026-07-31T03:20:00Z,58.41071428571429,193.68,70,13195
2026-07-31T03:25:00Z,58.41071428571429,224.69333333333302,30,13196
2026-07-31T03:30:00Z,58.41071428571429,241.29166666666697,50,13197
2026-07-31T03:35:00Z,58.41071428571429,151.125,80,13198
2026-07-31T03:40:00Z,58.41071428571429,161.935714285714,40,13199
2026-07-31T03:45:00Z,62.5393822393822,159.62337662337697,60,13200
2026-07-31T03:50:00Z,79.05405405405399,121.545454545455,20,13201
2026-07-31T03:55:00Z,79.05405405405399,121.545454545455,70,13202
2026-07-31T04:05:00Z,79.05405405405399,208.5,50,13203
2026-07-31T04:10:00Z,79.05405405405399,132.11111111111097,40,13204
2026-07-31T04:15:00Z,79.05405405405399,135.031746031746,20,13205
2026-07-31T04:20:00Z,79.05405405405399,146.71428571428595,10,13206
2026-07-31T04:25:00Z,73.8516271373414,253.34285714285699,0,13207
2026-07-31T04:30:00Z,72.55102040816331,563.4,10,13208
2026-07-31T04:35:00Z,72.55102040816331,329.4,0,13209
2026-07-31T04:40:00Z,72.55102040816331,212.52,0,13210
2026-07-31T04:45:00Z,72.55102040816331,350.28,10,13211
2026-07-31T04:50:00Z,72.55102040816331,171,20,13212
2026-07-31T04:55:00Z,72.55102040816331,1315.8,20,13213
2026-07-31T05:00:00Z,72.55102040816331,308.6,10,13214
2026-07-31T05:05:00Z,72.55102040816331,256.04,10,13215
2026-07-31T05:10:00Z,72.55102040816331,260.39333333333303,0,13216
2026-07-31T05:15:00Z,160.35000000000002,229.16666666666697,10,13217
2026-07-31T05:20:00Z,160.35000000000002,327.28,0,13218
2026-07-31T05:25:00Z,160.35000000000002,271.6533333333331,0,13219
2026-07-31T05:30:00Z,160.35000000000002,306.266666666667,10,13220
2026-07-31T05:35:00Z,95.5588235294118,306,0,13221
2026-07-31T05:40:00Z,95.5588235294118,220.33333333333303,30,13222
2026-07-31T05:45:00Z,95.5588235294118,129.88888888888906,10,13223
2026-07-31T05:50:00Z,95.5588235294118,205.817777777778,0,13224
2026-07-31T05:55:00Z,95.5588235294118,194.69333333333302,0,13225
2026-07-31T06:00:00Z,95.5588235294118,257.066666666667,0,13226
2026-07-31T06:05:00Z,86.977291381669,235.75,0,13227
2026-07-31T06:10:00Z,52.6511627906977,205.1,0,13228
2026-07-31T06:15:00Z,52.6511627906977,159.125,10,13229
2026-07-31T06:20:00Z,52.6511627906977,228.14499999999998,0,13230
2026-07-31T06:25:00Z,52.6511627906977,252.6,20,13231
2026-07-31T06:30:00Z,52.6511627906977,167.48000000000002,20,13232
2026-07-31T06:35:00Z,52.6511627906977,148.75,30,13233
2026-07-31T06:40:00Z,52.6511627906977,160.75,0,13234
2026-07-31T06:45:00Z,52.6511627906977,250.45000000000002,60,13235
2026-07-31T06:50:00Z,196.94617940199302,428.69,30,13236
2026-07-31T06:55:00Z,293.14285714285705,217.96,20,13237
2026-07-31T07:00:00Z,293.14285714285705,145,30,13238
2026-07-31T07:05:00Z,594.3085714285711,151.6,20,13239
2026-07-31T07:10:00Z,494.262857142857,156,10,13240
2026-07-31T07:15:00Z,546.577142857143,314.91999999999996,10,13241
2026-07-31T07:20:00Z,777.2800000000001,275.88,10,13242
2026-07-31T07:25:00Z,632.4571428571429,255.2,0,13243
2026-07-31T07:30:00Z,446.2,225.32000000000002,10,13244
2026-07-31T07:35:00Z,433.28571428571394,141.582564102564,10,13245
2026-07-31T07:40:00Z,569.6138095238091,33.2564102564103,10,13246
2026-07-31T07:45:00Z,74.78333333333329,33.2564102564103,0,13247
2026-07-31T07:50:00Z,74.78333333333329,33.2564102564103,0,13248
2026-07-31T07:55:00Z,74.78333333333329,33.2564102564103,10,13249
2026-07-31T08:00:00Z,74.78333333333329,33.2564102564103,10,13250
2026-07-31T08:05:00Z,74.78333333333329,33.2564102564103,50,13251
2026-07-31T08:10:00Z,74.78333333333329,33.2564102564103,50,13252
2026-07-31T08:15:00Z,74.78333333333329,35.358564102564095,120.00000000000001,13253
2026-07-31T08:20:00Z,74.78333333333329,36.760000000000005,60,13254
2026-07-31T08:25:00Z,74.78333333333329,36.760000000000005,190,13255
2026-07-31T08:30:00Z,74.78333333333329,36.760000000000005,160,13256
2026-07-31T08:35:00Z,74.78333333333329,36.760000000000005,160,13257
2026-07-31T08:40:00Z,119.42666666666702,58.13257142857141,90,13258
2026-07-31T08:45:00Z,298,72.3809523809524,70,13259
2026-07-31T08:50:00Z,298,72.3809523809524,170,13260
2026-07-31T08:55:00Z,19.2155688622755,72.3809523809524,240.00000000000003,13261
2026-07-31T09:00:00Z,19.2155688622755,65.51278195488719,30,13262
2026-07-31T09:05:00Z,19.2155688622755,55.2105263157895,10,13263
2026-07-31T09:10:00Z,19.2155688622755,55.2105263157895,0,13264
2026-07-31T09:15:00Z,19.2155688622755,55.2105263157895,0,13265
2026-07-31T09:20:00Z,19.2155688622755,98.99330143540669,0,13266
2026-07-31T09:25:00Z,19.2155688622755,128.181818181818,0,13267
2026-07-31T09:30:00Z,19.2155688622755,88.4334152334152,0,13268
2026-07-31T09:35:00Z,19.2155688622755,28.810810810810803,0,13269
2026-07-31T09:40:00Z,19.2155688622755,28.810810810810803,0,13270
2026-07-31T09:45:00Z,19.2155688622755,28.810810810810803,0,13271
2026-07-31T09:50:00Z,19.2155688622755,28.810810810810803,100,13272
2026-07-31T09:55:00Z,19.2155688622755,28.810810810810803,30,13273
2026-07-31T10:00:00Z,19.2155688622755,28.810810810810803,70,13274
2026-07-31T10:05:00Z,19.2155688622755,28.810810810810803,10,13275
2026-07-31T10:10:00Z,19.2155688622755,149.285714285714,40,13276
2026-07-31T10:15:00Z,19.2155688622755,149.78928571428597,10,13277
2026-07-31T10:20:00Z,19.2155688622755,150.125,20,13278
2026-07-31T10:25:00Z,19.2155688622755,185.77777777777797,10,13279
2026-07-31T10:30:00Z,19.2155688622755,161.17037037037,20,13280
2026-07-31T10:35:00Z,19.2155688622755,62.740740740740705,10,13281
2026-07-31T10:40:00Z,19.2155688622755,62.740740740740705,0,13282
2026-07-31T10:45:00Z,19.2155688622755,62.740740740740705,0,13283
2026-07-31T10:50:00Z,19.2155688622755,62.740740740740705,0,13284
2026-07-31T10:55:00Z,19.2155688622755,62.740740740740705,0,13285
2026-07-31T11:00:00Z,19.2155688622755,115.659259259259,0,13286
2026-07-31T11:05:00Z,19.2155688622755,128.88888888888906,0,13287
2026-07-31T11:10:00Z,19.2155688622755,46.48148148148148,10,13288
2026-07-31T11:15:00Z,19.2155688622755,46.48148148148148,10,13289
2026-07-31T11:20:00Z,19.2155688622755,46.48148148148148,10,13290
2026-07-31T11:25:00Z,19.2155688622755,46.48148148148148,30,13291
2026-07-31T11:30:00Z,19.2155688622755,46.48148148148148,20,13292
2026-07-31T11:35:00Z,19.2155688622755,42.2725925925926,0,13293
2026-07-31T11:40:00Z,527.0862275449099,39.46666666666669,0,13294
2026-07-31T11:45:00Z,547.1,39.46666666666669,0,13295
2026-07-31T11:50:00Z,547.1,369.45333333333303,0,13296
2026-07-31T11:55:00Z,548.5,228.33333333333303,0,13297
2026-07-31T12:00:00Z,443.7,250.3,0,13298
2026-07-31T12:05:00Z,286.5,525.7,0,13299
2026-07-31T12:10:00Z,286.5,261.666666666667,0,13300
2026-07-31T12:15:00Z,433,604.333333333333,0,13301
2026-07-31T12:20:00Z,377.466666666667,712,0,13302
2026-07-31T12:25:00Z,294.166666666667,686.7,0,13303
2026-07-31T12:30:00Z,294.166666666667,404.46,0,13304
2026-07-31T12:35:00Z,195,438.306666666667,10,13305
2026-07-31T12:40:00Z,195,446.686274509804,-10,13306
2026-07-31T12:45:00Z,195,52.76470588235291,0,13307
2026-07-31T12:50:00Z,146.55652173912998,52.76470588235291,20,13308
2026-07-31T12:55:00Z,73.8913043478261,52.76470588235291,60,13309
2026-07-31T13:00:00Z,73.8913043478261,52.76470588235291,60,13310
2026-07-31T13:05:00Z,73.8913043478261,52.76470588235291,110,13311
2026-07-31T13:10:00Z,73.8913043478261,52.76470588235291,60,13312
2026-07-31T13:15:00Z,73.8913043478261,52.76470588235291,30,13313
2026-07-31T13:20:00Z,73.8913043478261,52.76470588235291,40,13314
2026-07-31T13:25:00Z,73.8913043478261,52.76470588235291,50,13315
2026-07-31T13:30:00Z,73.8913043478261,52.76470588235291,80,13316
2026-07-31T13:35:00Z,77.5544227886057,129.71428571428595,90,13317
2026-07-31T13:40:00Z,92.20689655172409,280.32571428571396,30,13318
2026-07-31T13:45:00Z,92.20689655172409,353.56,20,13319
2026-07-31T13:50:00Z,92.20689655172409,559.866666666667,40,13320
2026-07-31T13:55:00Z,92.20689655172409,266.70476190476205,40,13321
2026-07-31T14:00:00Z,92.20689655172409,145.75357142857095,30,13322
2026-07-31T14:05:00Z,416.2241379310339,55.62500000000001,20,13323
2026-07-31T14:10:00Z,770.8199999999999,55.62500000000001,30,13324
2026-07-31T14:15:00Z,285.7947368421049,55.62500000000001,10,13325
2026-07-31T14:20:00Z,20.857894736842105,55.62500000000001,10,13326
2026-07-31T14:25:00Z,20.857894736842105,45.26500000000001,0,13327
2026-07-31T14:30:00Z,20.857894736842105,29.724999999999998,0,13328
2026-07-31T14:35:00Z,20.857894736842105,29.724999999999998,-10,13329
2026-07-31T14:40:00Z,20.857894736842105,29.724999999999998,-60,13330
2026-07-31T14:45:00Z,20.857894736842105,29.724999999999998,-40,13331
2026-07-31T14:50:00Z,20.857894736842105,29.724999999999998,0,13332
2026-07-31T14:55:00Z,20.857894736842105,29.724999999999998,0,13333
2026-07-31T15:00:00Z,20.857894736842105,29.724999999999998,0,13334
2026-07-31T15:05:00Z,20.857894736842105,31.058529411764695,0,13335
2026-07-31T15:10:00Z,20.857894736842105,33.0588235294118,-10,13336
2026-07-31T15:15:00Z,20.857894736842105,33.0588235294118,50,13337
2026-07-31T15:20:00Z,20.857894736842105,33.0588235294118,100,13338
2026-07-31T15:25:00Z,20.857894736842105,33.0588235294118,60,13339
2026-07-31T15:30:00Z,20.857894736842105,33.0588235294118,-50,13340
2026-07-31T15:35:00Z,20.857894736842105,33.0588235294118,0,13341
2026-07-31T15:40:00Z,20.857894736842105,25.976071784646102,10,13342
2026-07-31T15:45:00Z,20.857894736842105,21.254237288135595,-30,13343
2026-07-31T15:50:00Z,20.857894736842105,21.254237288135595,0,13344
2026-07-31T15:55:00Z,20.857894736842105,21.254237288135595,0,13345
2026-07-31T16:00:00Z,20.857894736842105,21.254237288135595,-50,13346
2026-07-31T16:05:00Z,20.857894736842105,21.254237288135595,-10,13347
2026-07-31T16:10:00Z,20.857894736842105,21.254237288135595,10,13348
2026-07-31T16:15:00Z,20.857894736842105,21.254237288135595,0,13349
2026-07-31T16:20:00Z,20.857894736842105,21.254237288135595,-30,13350
2026-07-31T16:25:00Z,20.857894736842105,21.254237288135595,0,13351
2026-07-31T16:30:00Z,20.857894736842105,21.254237288135595,0,13352
2026-07-31T16:35:00Z,20.857894736842105,21.254237288135595,-60,13353
2026-07-31T16:40:00Z,20.857894736842105,411.85084745762697,-10,13354
2026-07-31T16:45:00Z,20.857894736842105,333.666666666667,10,13355
2026-07-31T16:50:00Z,20.857894736842105,432.63333333333304,20,13356
2026-07-31T16:55:00Z,20.857894736842105,552.3,-20,13357
2026-07-31T17:00:00Z,20.857894736842105,406.8,0,13358
2026-07-31T17:05:00Z,20.857894736842105,296.8,10,13359
2026-07-31T17:10:00Z,20.857894736842105,310.266666666667,10,13360
2026-07-31T17:15:00Z,20.857894736842105,347.533333333333,10,13361
2026-07-31T17:20:00Z,20.857894736842105,416.68,20,13362
2026-07-31T17:25:00Z,84.2040274599544,284.89142857142895,0,13363
2026-07-31T17:30:00Z,126.434782608696,203.428571428571,-10,13364
2026-07-31T17:35:00Z,126.434782608696,292.33333333333303,-10,13365
2026-07-31T17:40:00Z,126.434782608696,223.66666666666697,-10,13366
2026-07-31T17:45:00Z,126.434782608696,212,-10,13367
2026-07-31T17:50:00Z,157.828571428571,228.8,-10,13368
2026-07-31T17:55:00Z,157.828571428571,175.311111111111,-10,13369
2026-07-31T18:00:00Z,157.828571428571,160.88888888888906,-10,13370
2026-07-31T18:05:00Z,157.828571428571,139.5,-10,13371
2026-07-31T18:10:00Z,157.828571428571,179.43333333333302,-10,13372
2026-07-31T18:15:00Z,157.828571428571,204.33333333333303,-10,13373
2026-07-31T18:20:00Z,157.828571428571,64.33333333333329,-10,13374
2026-07-31T18:25:00Z,363.7,64.33333333333329,-10,13375
2026-07-31T18:30:00Z,363.7,64.33333333333329,-10,13376
2026-07-31T18:35:00Z,199.235294117647,51.3025641025641,-10,13377
2026-07-31T18:40:00Z,199.235294117647,42.61538461538459,-10,13378
2026-07-31T18:45:00Z,199.235294117647,42.61538461538459,-10,13379
2026-07-31T18:50:00Z,109.96078431372499,42.61538461538459,-10,13380
2026-07-31T18:55:00Z,50.444444444444386,42.61538461538459,-10,13381
2026-07-31T19:00:00Z,50.444444444444386,172.929230769231,-10,13382
2026-07-31T19:05:00Z,50.444444444444386,408.44,-10,13383
2026-07-31T19:10:00Z,50.444444444444386,678.4,-10,13384
2026-07-31T19:15:00Z,50.444444444444386,226.290322580645,-10,13385
2026-07-31T19:20:00Z,50.444444444444386,14.4838709677419,-10,13386
2026-07-31T19:25:00Z,50.444444444444386,14.4838709677419,-10,13387
2026-07-31T19:30:00Z,50.444444444444386,14.4838709677419,-10,13388
2026-07-31T19:35:00Z,50.444444444444386,14.4838709677419,-10,13389
2026-07-31T19:40:00Z,50.444444444444386,14.4838709677419,-10,13390
2026-07-31T19:45:00Z,50.444444444444386,14.4838709677419,-10,13391
2026-07-31T19:50:00Z,50.444444444444386,14.4838709677419,-10,13392
2026-07-31T19:55:00Z,96.5,14.4838709677419,-10,13393
2026-07-31T20:00:00Z,96.5,14.4838709677419,-10,13394
2026-07-31T20:05:00Z,96.5,14.4838709677419,-10,13395
2026-07-31T20:10:00Z,96.5,14.4838709677419,-10,13396
2026-07-31T20:15:00Z,420.692307692308,19.3170967741935,-10,13397
2026-07-31T20:20:00Z,420.692307692308,38.65,-10,13398
2026-07-31T20:25:00Z,973.4820512820529,38.65,-10,13399
2026-07-31T20:30:00Z,2206.733333333331,38.65,-10,13400
2026-07-31T20:35:00Z,907.1333333333331,38.65,-10,13401
2026-07-31T20:40:00Z,534.888888888889,38.65,-10,13402
2026-07-31T20:45:00Z,167.675213675214,38.65,-10,13403
2026-07-31T20:50:00Z,75.87179487179488,38.65,-10,13404
2026-07-31T20:55:00Z,75.87179487179488,38.65,-10,13405
2026-07-31T21:00:00Z,75.87179487179488,38.65,-10,13406
2026-07-31T21:05:00Z,75.87179487179488,38.65,-10,13407
2026-07-31T21:10:00Z,75.87179487179488,38.65,-10,13408
2026-07-31T21:15:00Z,75.87179487179488,38.65,-10,13409
2026-07-31T21:20:00Z,75.87179487179488,38.65,-10,13410
2026-07-31T21:25:00Z,180.526315789474,38.65,-10,13411
2026-07-31T21:30:00Z,180.526315789474,38.65,0,13412
2026-07-31T21:35:00Z,180.526315789474,35.85584905660379,170,13413
2026-07-31T21:40:00Z,233.06105263157897,24.6792452830189,830.0000000000001,13414
2026-07-31T21:45:00Z,436.13777777777796,24.6792452830189,300,13415
2026-07-31T21:50:00Z,407.88888888888897,24.6792452830189,80,13416
2026-07-31T21:55:00Z,639.6933333333332,24.6792452830189,60,13417
2026-07-31T22:00:00Z,759.4399999999999,24.6792452830189,20,13418
2026-07-31T22:05:00Z,3310.4,24.6792452830189,0,13419
2026-07-31T22:10:00Z,1550.3333333333296,24.6792452830189,10,13420
2026-07-31T22:15:00Z,1372.8,24.6792452830189,10,13421
2026-07-31T22:20:00Z,733.3333333333351,24.6792452830189,0,13422
2026-07-31T22:25:00Z,487.77777777777794,24.6792452830189,0,13423
2026-07-31T22:30:00Z,123.38282828282799,60.0246392896781,20,13424
2026-07-31T22:35:00Z,32.2840909090909,83.58823529411771,20,13425
2026-07-31T22:40:00Z,32.2840909090909,83.58823529411771,10,13426
2026-07-31T22:45:00Z,32.2840909090909,147.470588235294,30,13427
2026-07-31T22:50:00Z,32.2840909090909,633.5,40,13428
2026-07-31T22:55:00Z,32.2840909090909,397.33333333333303,130,13429
2026-07-31T23:00:00Z,32.2840909090909,43.0833333333333,90,13430
2026-07-31T23:05:00Z,32.2840909090909,43.0833333333333,160,13431
2026-07-31T23:10:00Z,32.2840909090909,43.0833333333333,180,13432
2026-07-31T23:15:00Z,32.2840909090909,43.0833333333333,1090,13433
2026-07-31T23:20:00Z,32.2840909090909,323.033333333333,510,13434
2026-07-31T23:25:00Z,32.2840909090909,378.47999999999996,500,13435
2026-07-31T23:30:00Z,32.2840909090909,333.02,180,13436
2026-07-31T23:35:00Z,32.2840909090909,221.5,140,13437
2026-07-31T23:40:00Z,32.2840909090909,237.66666666666697,60,13438
2026-07-31T23:45:00Z,32.2840909090909,302.933333333333,0,13439
2026-07-31T23:50:00Z,32.2840909090909,138,-20,13440
2026-07-31T23:55:00Z,32.2840909090909,138,-10,13441
2026-08-01T00:00:00Z,28.2972972972973,42.923076923076906,-10,13442
2026-08-01T00:05:00Z,28.2972972972973,42.923076923076906,0,13443
2026-08-01T00:10:00Z,28.2972972972973,42.923076923076906,0,13444
2026-08-01T00:15:00Z,28.2972972972973,42.923076923076906,10,13445
2026-08-01T00:20:00Z,28.2972972972973,42.923076923076906,10,13446
2026-08-01T00:25:00Z,28.2972972972973,32.863685152057194,0,13447
2026-08-01T00:30:00Z,28.2972972972973,30.348837209302296,0,13448
2026-08-01T00:35:00Z,28.2972972972973,30.348837209302296,10,13449
2026-08-01T00:40:00Z,28.2972972972973,30.348837209302296,0,13450
2026-08-01T00:45:00Z,28.2972972972973,30.348837209302296,0,13451
2026-08-01T00:50:00Z,28.2972972972973,30.348837209302296,0,13452
2026-08-01T00:55:00Z,28.2972972972973,30.348837209302296,0,13453
2026-08-01T01:00:00Z,28.2972972972973,30.348837209302296,0,13454
2026-08-01T01:05:00Z,28.2972972972973,61.4124031007752,10,13455
2026-08-01T01:10:00Z,28.2972972972973,185.66666666666697,10,13456
2026-08-01T01:15:00Z,28.2972972972973,671.6666666666671,10,13457
2026-08-01T01:20:00Z,28.2972972972973,287.233333333333,10,13458
2026-08-01T01:25:00Z,28.2972972972973,807.6,0,13459
2026-08-01T01:30:00Z,28.2972972972973,2239.3,0,13460
2026-08-01T01:35:00Z,28.2972972972973,739.3499999999999,10,13461
2026-08-01T01:40:00Z,28.2972972972973,458.375,10,13462
2026-08-01T01:45:00Z,28.2972972972973,130.4,0,13463
2026-08-01T01:50:00Z,42.07829391891891,48.40625,0,13464
2026-08-01T01:55:00Z,51.26562500000001,48.40625,0,13465
2026-08-01T02:00:00Z,51.26562500000001,48.40625,0,13466
2026-08-01T02:05:00Z,51.26562500000001,48.40625,0,13467
2026-08-01T02:10:00Z,51.26562500000001,48.40625,0,13468
2026-08-01T02:15:00Z,51.26562500000001,92.59375,0,13469
2026-08-01T02:20:00Z,51.26562500000001,158.875,0,13470
2026-08-01T02:25:00Z,51.26562500000001,111.203571428571,0,13471
2026-08-01T02:30:00Z,51.26562500000001,99.2857142857143,0,13472
2026-08-01T02:35:00Z,51.26562500000001,99.2857142857143,0,13473
2026-08-01T02:40:00Z,51.26562500000001,222.8,0,13474
2026-08-01T02:45:00Z,51.26562500000001,362.733333333333,10,13475
2026-08-01T02:50:00Z,51.26562500000001,452.266666666667,0,13476
2026-08-01T02:55:00Z,49.6561100746269,695,0,13477
2026-08-01T03:00:00Z,49.2537313432836,632.8,0,13478
2026-08-01T03:05:00Z,49.2537313432836,2715,0,13479
2026-08-01T03:10:00Z,49.2537313432836,1674.6,0,13480
2026-08-01T03:15:00Z,49.2537313432836,1152.4,20,13481
2026-08-01T03:20:00Z,49.2537313432836,813.64,30,13482
2026-08-01T03:25:00Z,49.2537313432836,537.66,10,13483
2026-08-01T03:30:00Z,49.2537313432836,180.21627906976695,0,13484
2026-08-01T03:35:00Z,49.2537313432836,34.395348837209305,10,13485
2026-08-01T03:40:00Z,49.2537313432836,34.395348837209305,20,13486
2026-08-01T03:45:00Z,49.2537313432836,34.395348837209305,10,13487
2026-08-01T03:50:00Z,49.2537313432836,34.395348837209305,0,13488
2026-08-01T03:55:00Z,49.2537313432836,34.395348837209305,0,13489
2026-08-01T04:05:00Z,31.2079207920792,34.395348837209305,0,13490
2026-08-01T04:10:00Z,31.2079207920792,30.597597751086102,30,13491
2026-08-01T04:15:00Z,31.2079207920792,15.4065934065934,20,13492
2026-08-01T04:20:00Z,31.2079207920792,15.4065934065934,0,13493
2026-08-01T04:25:00Z,31.2079207920792,15.4065934065934,0,13494
2026-08-01T04:30:00Z,31.2079207920792,15.4065934065934,10,13495
2026-08-01T04:35:00Z,31.2079207920792,15.4065934065934,0,13496
2026-08-01T04:40:00Z,31.2079207920792,15.4065934065934,0,13497
2026-08-01T04:45:00Z,31.2079207920792,15.4065934065934,0,13498
2026-08-01T04:50:00Z,31.2079207920792,15.4065934065934,0,13499
2026-08-01T04:55:00Z,31.2079207920792,15.4065934065934,0,13500
2026-08-01T05:00:00Z,31.2079207920792,15.4065934065934,10,13501
2026-08-01T05:05:00Z,31.2079207920792,15.4065934065934,0,13502
2026-08-01T05:10:00Z,31.2079207920792,15.4065934065934,20,13503
2026-08-01T05:15:00Z,31.2079207920792,15.4065934065934,20,13504
2026-08-01T05:20:00Z,31.2079207920792,15.4065934065934,30,13505
2026-08-01T05:25:00Z,31.2079207920792,15.4065934065934,20,13506
2026-08-01T05:30:00Z,31.2079207920792,15.4065934065934,0,13507
2026-08-01T05:35:00Z,31.2079207920792,15.4065934065934,0,13508
2026-08-01T05:40:00Z,41.201336633663395,15.4065934065934,0,13509
2026-08-01T05:45:00Z,81.17499999999998,17.4342105263158,0,13510
2026-08-01T05:50:00Z,81.17499999999998,17.4342105263158,0,13511
2026-08-01T05:55:00Z,81.17499999999998,17.4342105263158,0,13512
2026-08-01T06:00:00Z,81.17499999999998,17.4342105263158,0,13513
2026-08-01T06:05:00Z,81.17499999999998,17.4342105263158,0,13514
2026-08-01T06:10:00Z,81.17499999999998,17.4342105263158,0,13515
2026-08-01T06:15:00Z,81.17499999999998,17.4342105263158,0,13516
2026-08-01T06:20:00Z,101.13,17.4342105263158,-10,13517
2026-08-01T06:25:00Z,180.95000000000002,17.4342105263158,0,13518
2026-08-01T06:30:00Z,180.95000000000002,17.4342105263158,-10,13519
2026-08-01T06:35:00Z,180.95000000000002,17.4342105263158,0,13520
2026-08-01T06:40:00Z,590.66,17.4342105263158,10,13521
2026-08-01T06:45:00Z,2069.1,17.4342105263158,0,13522
2026-08-01T06:50:00Z,827.3111111111109,17.4342105263158,0,13523
2026-08-01T06:55:00Z,178.27777777777797,17.4342105263158,0,13524
2026-08-01T07:00:00Z,178.27777777777797,43.886842105263185,0,13525
2026-08-01T07:05:00Z,178.27777777777797,50.5,10,13526
2026-08-01T07:10:00Z,265.105555555556,50.5,20,13527
2026-08-01T07:15:00Z,286.8125,50.5,30,13528
2026-08-01T07:20:00Z,286.8125,50.5,20,13529
2026-08-01T07:25:00Z,561.875,41.7096774193548,40,13530
2026-08-01T07:30:00Z,742.81,41.7096774193548,60,13531
2026-08-01T07:35:00Z,509.35428571428605,41.7096774193548,60,13532
2026-08-01T07:40:00Z,515.285714285714,41.7096774193548,0,13533
2026-08-01T07:45:00Z,1158.6,41.7096774193548,0,13534
2026-08-01T07:50:00Z,1015.55,41.7096774193548,520,13535
2026-08-01T07:55:00Z,1077.05,39.7483870967742,1210,13536
2026-08-01T08:00:00Z,2262.4666666666694,39.258064516129004,360,13537
2026-08-01T08:05:00Z,1782.5333333333297,39.258064516129004,100,13538
2026-08-01T08:10:00Z,1024,39.258064516129004,30,13539
2026-08-01T08:15:00Z,449.875,39.258064516129004,20,13540
2026-08-01T08:20:00Z,1079.325,39.258064516129004,210.00000000000003,13541
2026-08-01T08:25:00Z,2043.55,33.71989247311829,130,13542
2026-08-01T08:30:00Z,833.65,30.027777777777796,10,13543
2026-08-01T08:35:00Z,804.9,30.027777777777796,60,13544
2026-08-01T08:40:00Z,1018.3,30.027777777777796,190,13545
2026-08-01T08:45:00Z,493,30.027777777777796,80,13546
2026-08-01T08:50:00Z,447.375,30.027777777777796,100,13547
2026-08-01T08:55:00Z,912.5583333333321,30.027777777777796,480.00000000000006,13548
2026-08-01T09:00:00Z,1838.9757575757603,65.21666666666671,400,13549
2026-08-01T09:05:00Z,811.1818181818179,118,170,13550
2026-08-01T09:10:00Z,655.859090909091,98.97083333333329,669.9999999999999,13551
2026-08-01T09:15:00Z,422.875,22.854166666666703,669.9999999999999,13552
2026-08-01T09:20:00Z,783.7750000000001,22.854166666666703,230,13553
2026-08-01T09:25:00Z,447.875,22.854166666666703,100,13554
2026-08-01T09:30:00Z,405.01590909090896,22.854166666666703,530,13555
2026-08-01T09:35:00Z,340.7272727272729,22.854166666666703,300,13556
2026-08-01T09:40:00Z,475.181818181818,22.854166666666703,220,13557
2026-08-01T09:45:00Z,905.15,22.854166666666703,250,13558
2026-08-01T09:50:00Z,1962.35,22.854166666666703,240.00000000000003,13559
2026-08-01T09:55:00Z,3045.5,22.854166666666703,140,13560
2026-08-01T10:00:00Z,1045,24.5729166666667,120.00000000000001,13561
2026-08-01T10:05:00Z,881.8,25.71875,280,13562
2026-08-01T10:10:00Z,700.9,25.71875,610,13563
2026-08-01T10:15:00Z,436.255555555556,25.71875,200,13564
2026-08-01T10:20:00Z,219.88888888888906,25.71875,150.00000000000003,13565
2026-08-01T10:25:00Z,219.88888888888906,25.71875,170,13566
2026-08-01T10:30:00Z,219.88888888888906,25.71875,520,13567
2026-08-01T10:35:00Z,414.8349206349211,25.71875,170,13568
2026-08-01T10:40:00Z,413.209523809524,25.71875,170,13569
2026-08-01T10:45:00Z,337.666666666667,25.71875,150.00000000000003,13570
2026-08-01T10:50:00Z,337.666666666667,25.71875,390,13571
2026-08-01T10:55:00Z,578,25.71875,250,13572
2026-08-01T11:00:00Z,444.581818181818,25.71875,1120,13573
2026-08-01T11:05:00Z,355.636363636364,71.74375,1330,13574
2026-08-01T11:10:00Z,241.20309477756297,83.25,650,13575
2026-08-01T11:15:00Z,69.55319148936171,125.88333333333298,170,13576
2026-08-01T11:20:00Z,69.55319148936171,306.766666666667,200,13577
2026-08-01T11:25:00Z,69.55319148936171,218.811111111111,290.00000000000006,13578
2026-08-01T11:30:00Z,69.55319148936171,79.88888888888887,140,13579
2026-08-01T11:35:00Z,69.55319148936171,79.88888888888887,110,13580
2026-08-01T11:40:00Z,69.55319148936171,329.51111111111095,80,13581
2026-08-01T11:45:00Z,69.55319148936171,2240.8,80,13582
2026-08-01T11:50:00Z,69.55319148936171,1407,170,13583
2026-08-01T11:55:00Z,69.55319148936171,143.375,190,13584
2026-08-01T12:00:00Z,18.973118279569892,143.375,190,13585
2026-08-01T12:05:00Z,18.973118279569892,143.375,80,13586
2026-08-01T12:10:00Z,18.973118279569892,339.075,160,13587
2026-08-01T12:15:00Z,18.973118279569892,434.64000000000004,50,13588
2026-08-01T12:20:00Z,18.973118279569892,107.1,30,13589
2026-08-01T12:25:00Z,18.973118279569892,452.86,0,13590
2026-08-01T12:30:00Z,18.973118279569892,903.6,30,13591
2026-08-01T12:35:00Z,18.973118279569892,416.2,10,13592
2026-08-01T12:40:00Z,18.973118279569892,622.0666666666671,0,13593
2026-08-01T12:45:00Z,18.973118279569892,1287.7333333333297,0,13594
2026-08-01T12:50:00Z,18.973118279569892,904.88,30,13595
2026-08-01T12:55:00Z,18.973118279569892,1293.92,10,13596
2026-08-01T13:00:00Z,18.973118279569892,2399,0,13597
2026-08-01T13:05:00Z,18.973118279569892,2313.4,0,13598
2026-08-01T13:10:00Z,18.973118279569892,721.1333333333331,20,13599
2026-08-01T13:15:00Z,18.973118279569892,454.366666666667,10,13600
2026-08-01T13:20:00Z,18.973118279569892,1420.2,0,13601
2026-08-01T13:25:00Z,18.973118279569892,1893.1,0,13602
2026-08-01T13:30:00Z,18.973118279569892,777.7333333333331,0,13603
2026-08-01T13:35:00Z,18.973118279569892,1182.8666666666702,20,13604
2026-08-01T13:40:00Z,18.973118279569892,1001.86666666667,0,13605
2026-08-01T13:45:00Z,18.973118279569892,661.5333333333331,0,13606
2026-08-01T13:50:00Z,18.973118279569892,540.2800000000001,0,13607
2026-08-01T13:55:00Z,18.973118279569892,1410.72,0,13608
2026-08-01T14:00:00Z,18.973118279569892,3189.266666666669,0,13609
2026-08-01T14:05:00Z,18.973118279569892,424.13333333333304,0,13610
2026-08-01T14:10:00Z,18.973118279569892,231.08,0,13611
2026-08-01T14:15:00Z,18.973118279569892,380.12,0,13612
2026-08-01T14:20:00Z,18.973118279569892,693.2,0,13613
2026-08-01T14:25:00Z,18.973118279569892,257.4,0,13614
2026-08-01T14:30:00Z,18.973118279569892,767.4857142857139,0,13615
2026-08-01T14:35:00Z,18.973118279569892,177.428571428571,0,13616
2026-08-01T14:40:00Z,18.973118279569892,505.68571428571397,0,13617
2026-08-01T14:45:00Z,18.973118279569892,740,10,13618
2026-08-01T14:50:00Z,18.973118279569892,2171.2,0,13619
2026-08-01T14:55:00Z,18.973118279569892,3944.5,10,13620
2026-08-01T15:00:00Z,18.973118279569892,1075.5,0,13621
2026-08-01T15:05:00Z,205.10890937020002,790,0,13622
2026-08-01T15:10:00Z,251.64285714285697,940.8,0,13623
2026-08-01T15:15:00Z,251.64285714285697,673.25,0,13624
2026-08-01T15:20:00Z,304.8181818181819,162.35000000000002,0,13625
2026-08-01T15:25:00Z,304.8181818181819,104,0,13626
2026-08-01T15:30:00Z,173.39440559440598,104,0,13627
2026-08-01T15:35:00Z,140.538461538462,497.08,0,13628
2026-08-01T15:40:00Z,140.538461538462,210.4,0,13629
2026-08-01T15:45:00Z,140.538461538462,314.82,0,13630
2026-08-01T15:50:00Z,140.538461538462,590.871428571429,0,13631
2026-08-01T15:55:00Z,112.390384615385,378.4285714285709,10,13632
2026-08-01T16:00:00Z,93.62499999999999,814.371428571429,10,13633
2026-08-01T16:05:00Z,93.62499999999999,335.4285714285709,0,13634
2026-08-01T16:10:00Z,93.62499999999999,237.625,30,13635
2026-08-01T16:15:00Z,93.62499999999999,204.39038461538502,20,13636
2026-08-01T16:20:00Z,93.62499999999999,154.538461538462,30,13637
2026-08-01T16:25:00Z,339.233333333334,154.538461538462,30,13638
2026-08-01T16:30:00Z,555.8804597701161,163.821978021978,40,13639
2026-08-01T16:35:00Z,45.35632183908049,141.04571428571398,60,13640
2026-08-01T16:40:00Z,45.35632183908049,103.4,60,13641
2026-08-01T16:45:00Z,45.35632183908049,103.4,40,13642
2026-08-01T16:50:00Z,45.35632183908049,103.4,40,13643
2026-08-01T16:55:00Z,45.35632183908049,113.85818181818198,10,13644
2026-08-01T17:00:00Z,45.35632183908049,129.545454545455,20,13645
2026-08-01T17:05:00Z,45.35632183908049,122.226363636364,30,13646
2026-08-01T17:10:00Z,45.35632183908049,92.95,70,13647
2026-08-01T17:15:00Z,45.35632183908049,92.95,10,13648
2026-08-01T17:20:00Z,45.35632183908049,92.95,10,13649
2026-08-01T17:25:00Z,45.35632183908049,89.44421052631583,10,13650
2026-08-01T17:30:00Z,45.35632183908049,75.4210526315789,0,13651
2026-08-01T17:35:00Z,45.35632183908049,75.4210526315789,20,13652
2026-08-01T17:40:00Z,45.35632183908049,75.4210526315789,350,13653
2026-08-01T17:45:00Z,45.35632183908049,80.94493927125512,120.00000000000001,13654
2026-08-01T17:50:00Z,45.35632183908049,89.2307692307692,10,13655
2026-08-01T17:55:00Z,43.628215366001214,-0.6345175859738968,40,13656
2026-08-01T18:00:00Z,36.71578947368419,-23.973300970873794,10,13657
2026-08-01T18:05:00Z,36.71578947368419,-23.973300970873794,0,13658
2026-08-01T18:10:00Z,36.71578947368419,-23.973300970873794,0,13659
2026-08-01T18:15:00Z,36.71578947368419,-23.973300970873794,0,13660
2026-08-01T18:20:00Z,36.71578947368419,-23.973300970873794,50,13661
2026-08-01T18:25:00Z,36.71578947368419,-23.421611550223094,20,13662
2026-08-01T18:30:00Z,36.71578947368419,10.7831325301205,0,13663
2026-08-01T18:35:00Z,36.71578947368419,10.7831325301205,0,13664
2026-08-01T18:40:00Z,36.71578947368419,10.7831325301205,20,13665
2026-08-01T18:45:00Z,36.71578947368419,10.7831325301205,0,13666
2026-08-01T18:50:00Z,36.71578947368419,10.7831325301205,0,13667
2026-08-01T18:55:00Z,36.71578947368419,10.7831325301205,0,13668
2026-08-01T19:00:00Z,36.71578947368419,10.7831325301205,0,13669
2026-08-01T19:05:00Z,36.71578947368419,10.7831325301205,10,13670
2026-08-01T19:10:00Z,36.71578947368419,10.7831325301205,0,13671
2026-08-01T19:15:00Z,36.71578947368419,10.7831325301205,0,13672
2026-08-01T19:20:00Z,36.71578947368419,10.7831325301205,0,13673
2026-08-01T19:25:00Z,36.71578947368419,10.7831325301205,20,13674
2026-08-01T19:30:00Z,52.880964912280795,10.7831325301205,0,13675
2026-08-01T19:35:00Z,117.54166666666703,10.7831325301205,0,13676
2026-08-01T19:40:00Z,117.54166666666703,10.7831325301205,0,13677
2026-08-01T19:45:00Z,117.54166666666703,10.7831325301205,0,13678
2026-08-01T19:50:00Z,117.54166666666703,94.75,-30,13679
2026-08-01T19:55:00Z,87.81519607843158,94.75,-20,13680
2026-08-01T20:00:00Z,43.22549019607841,141.9,-10,13681
2026-08-01T20:05:00Z,43.22549019607841,167.65714285714304,10,13682
2026-08-01T20:10:00Z,43.22549019607841,159.14285714285697,10,13683
2026-08-01T20:15:00Z,43.22549019607841,187.66666666666697,0,13684
2026-08-01T20:20:00Z,43.22549019607841,222.53333333333302,0,13685
2026-08-01T20:25:00Z,43.22549019607841,400.9,0,13686
2026-08-01T20:30:00Z,43.22549019607841,228.233333333333,20,13687
2026-08-01T20:35:00Z,43.22549019607841,156.84166666666698,10,13688
2026-08-01T20:40:00Z,43.22549019607841,125.62499999999999,0,13689
2026-08-01T20:45:00Z,43.22549019607841,90,0,13690
2026-08-01T20:50:00Z,43.22549019607841,90,0,13691
2026-08-01T20:55:00Z,43.22549019607841,320.0941176470589,0,13692
2026-08-01T21:00:00Z,43.22549019607841,141.235294117647,0,13693
2026-08-01T21:05:00Z,43.22549019607841,141.235294117647,10,13694
2026-08-01T21:10:00Z,43.22549019607841,141.235294117647,0,13695
2026-08-01T21:15:00Z,43.22549019607841,43.46666666666669,0,13696
2026-08-01T21:20:00Z,43.22549019607841,43.46666666666669,0,13697
2026-08-01T21:25:00Z,43.22549019607841,43.46666666666669,0,13698
2026-08-01T21:30:00Z,43.22549019607841,899.3733333333331,0,13699
2026-08-01T21:35:00Z,43.22549019607841,135.93333333333302,0,13700
2026-08-01T21:40:00Z,40.547619047619094,135.93333333333302,0,13701
2026-08-01T21:45:00Z,40.547619047619094,89.29846153846148,0,13702
2026-08-01T21:50:00Z,40.547619047619094,19.346153846153797,20,13703
2026-08-01T21:55:00Z,40.547619047619094,19.346153846153797,0,13704
2026-08-01T22:00:00Z,40.547619047619094,19.346153846153797,0,13705
2026-08-01T22:05:00Z,40.547619047619094,19.346153846153797,0,13706
2026-08-01T22:10:00Z,40.547619047619094,27.538461538461497,10,13707
2026-08-01T22:15:00Z,40.547619047619094,60.307692307692285,10,13708
2026-08-01T22:20:00Z,40.547619047619094,60.307692307692285,0,13709
2026-08-01T22:25:00Z,40.547619047619094,60.307692307692285,0,13710
2026-08-01T22:30:00Z,40.547619047619094,60.307692307692285,0,13711
2026-08-01T22:35:00Z,40.547619047619094,60.307692307692285,0,13712
2026-08-01T22:40:00Z,40.547619047619094,15.393939393939402,30,13713
2026-08-01T22:45:00Z,40.547619047619094,15.393939393939402,10,13714
2026-08-01T22:50:00Z,40.547619047619094,15.393939393939402,70,13715
2026-08-01T22:55:00Z,40.547619047619094,15.393939393939402,10,13716
2026-08-01T23:00:00Z,36.434458874458905,15.393939393939402,0,13717
2026-08-01T23:05:00Z,19.981818181818202,15.393939393939402,0,13718
2026-08-01T23:10:00Z,19.981818181818202,15.393939393939402,20,13719
2026-08-01T23:15:00Z,19.981818181818202,15.393939393939402,10,13720
2026-08-01T23:20:00Z,19.981818181818202,15.393939393939402,0,13721
2026-08-01T23:25:00Z,19.981818181818202,15.393939393939402,0,13722
2026-08-01T23:30:00Z,19.981818181818202,15.393939393939402,0,13723
2026-08-01T23:35:00Z,19.981818181818202,15.393939393939402,0,13724
2026-08-01T23:40:00Z,19.981818181818202,15.393939393939402,0,13725
2026-08-01T23:45:00Z,19.981818181818202,44.51212121212121,0,13726
2026-08-01T23:50:00Z,19.981818181818202,51.79166666666669,0,13727
2026-08-01T23:55:00Z,19.981818181818202,51.79166666666669,0,13728
2026-08-02T00:00:00Z,45.373134328358205,51.79166666666669,20,13729
2026-08-02T00:05:00Z,45.373134328358205,51.79166666666669,0,13730
2026-08-02T00:10:00Z,45.373134328358205,21.5,10,13731
2026-08-02T00:15:00Z,45.373134328358205,21.5,0,13732
2026-08-02T00:20:00Z,45.373134328358205,21.5,0,13733
2026-08-02T00:25:00Z,45.373134328358205,21.5,0,13734
2026-08-02T00:30:00Z,45.373134328358205,21.5,0,13735
2026-08-02T00:35:00Z,45.373134328358205,21.5,20,13736
2026-08-02T00:40:00Z,45.373134328358205,21.5,0,13737
2026-08-02T00:45:00Z,45.373134328358205,21.5,0,13738
2026-08-02T00:50:00Z,45.373134328358205,21.5,0,13739
2026-08-02T00:55:00Z,45.373134328358205,19.709876543209898,0,13740
2026-08-02T01:00:00Z,45.373134328358205,17.0246913580247,0,13741
2026-08-02T01:05:00Z,30.8670938934138,17.0246913580247,0,13742
2026-08-02T01:10:00Z,9.10803324099723,17.0246913580247,0,13743
2026-08-02T01:15:00Z,9.10803324099723,17.0246913580247,20,13744
2026-08-02T01:20:00Z,9.10803324099723,17.0246913580247,0,13745
2026-08-02T01:25:00Z,9.10803324099723,17.0246913580247,0,13746
2026-08-02T01:30:00Z,9.10803324099723,17.0246913580247,0,13747
2026-08-02T01:35:00Z,9.10803324099723,17.0246913580247,0,13748
2026-08-02T01:40:00Z,9.10803324099723,17.0246913580247,20,13749
2026-08-02T01:45:00Z,9.10803324099723,17.0246913580247,10,13750
2026-08-02T01:50:00Z,9.10803324099723,17.0246913580247,20,13751
2026-08-02T01:55:00Z,9.10803324099723,17.0246913580247,30,13752
2026-08-02T02:00:00Z,9.10803324099723,17.0246913580247,10,13753
2026-08-02T02:05:00Z,9.10803324099723,17.0246913580247,0,13754
2026-08-02T02:10:00Z,9.10803324099723,17.0246913580247,0,13755
2026-08-02T02:15:00Z,9.10803324099723,25.8197530864198,0,13756
2026-08-02T02:20:00Z,9.10803324099723,61,0,13757
2026-08-02T02:25:00Z,9.10803324099723,61,10,13758
2026-08-02T02:30:00Z,9.10803324099723,61,0,13759
2026-08-02T02:35:00Z,9.10803324099723,130.55555555555597,10,13760
2026-08-02T02:40:00Z,9.10803324099723,118.86549707602298,0,13761
2026-08-02T02:45:00Z,9.10803324099723,72.10526315789468,0,13762
2026-08-02T02:50:00Z,9.10803324099723,72.10526315789468,0,13763
2026-08-02T02:55:00Z,9.10803324099723,72.10526315789468,0,13764
2026-08-02T03:00:00Z,9.10803324099723,57.0825127334465,0,13765
2026-08-02T03:05:00Z,9.10803324099723,34.5483870967742,0,13766
2026-08-02T03:10:00Z,9.10803324099723,34.5483870967742,0,13767
2026-08-02T03:15:00Z,9.10803324099723,34.5483870967742,0,13768
2026-08-02T03:20:00Z,9.10803324099723,34.5483870967742,0,13769
2026-08-02T03:25:00Z,9.10803324099723,34.5483870967742,0,13770
2026-08-02T03:30:00Z,9.10803324099723,33.0657367044464,0,13771
2026-08-02T03:35:00Z,9.10803324099723,27.135135135135098,0,13772
2026-08-02T03:40:00Z,9.10803324099723,27.135135135135098,0,13773
2026-08-02T03:45:00Z,9.10803324099723,27.135135135135098,0,13774
2026-08-02T03:50:00Z,9.10803324099723,27.135135135135098,0,13775
2026-08-02T03:55:00Z,9.10803324099723,27.135135135135098,0,13776
2026-08-02T04:05:00Z,9.10803324099723,27.135135135135098,0,13777
2026-08-02T04:10:00Z,9.10803324099723,19.840141781125396,0,13778
2026-08-02T04:15:00Z,9.10803324099723,18.016393442623,0,13779
2026-08-02T04:20:00Z,9.10803324099723,18.016393442623,0,13780
2026-08-02T04:25:00Z,9.10803324099723,18.016393442623,0,13781
2026-08-02T04:30:00Z,9.10803324099723,18.016393442623,0,13782
2026-08-02T04:35:00Z,9.10803324099723,18.016393442623,0,13783
2026-08-02T04:40:00Z,9.10803324099723,18.016393442623,0,13784
2026-08-02T04:45:00Z,9.10803324099723,18.016393442623,0,13785
2026-08-02T04:50:00Z,9.10803324099723,18.016393442623,0,13786
2026-08-02T04:55:00Z,9.10803324099723,18.016393442623,0,13787
2026-08-02T05:00:00Z,9.10803324099723,18.016393442623,0,13788
2026-08-02T05:05:00Z,9.10803324099723,18.016393442623,0,13789
2026-08-02T05:10:00Z,9.10803324099723,44.66370023419201,0,13790
2026-08-02T05:15:00Z,9.10803324099723,62.42857142857141,0,13791
2026-08-02T05:20:00Z,9.10803324099723,62.42857142857141,0,13792
2026-08-02T05:25:00Z,9.10803324099723,62.42857142857141,0,13793
2026-08-02T05:30:00Z,9.10803324099723,63.45714285714289,0,13794
2026-08-02T05:35:00Z,9.10803324099723,65,0,13795
2026-08-02T05:40:00Z,9.10803324099723,65,0,13796
2026-08-02T05:45:00Z,9.10803324099723,65,0,13797
2026-08-02T05:50:00Z,9.10803324099723,61.8888888888889,0,13798
2026-08-02T05:55:00Z,9.10803324099723,61.8888888888889,0,13799
2026-08-02T06:00:00Z,9.10803324099723,61.8888888888889,0,13800
2026-08-02T06:05:00Z,9.10803324099723,53.6410256410256,0,13801
2026-08-02T06:10:00Z,9.10803324099723,41.2692307692308,0,13802
2026-08-02T06:15:00Z,9.10803324099723,41.2692307692308,0,13803
2026-08-02T06:20:00Z,9.10803324099723,41.2692307692308,0,13804
2026-08-02T06:25:00Z,9.10803324099723,41.2692307692308,0,13805
2026-08-02T06:30:00Z,9.10803324099723,39.991142191142195,0,13806
2026-08-02T06:35:00Z,9.10803324099723,34.8787878787879,0,13807
2026-08-02T06:40:00Z,9.10803324099723,34.8787878787879,0,13808
2026-08-02T06:45:00Z,9.10803324099723,34.8787878787879,0,13809
2026-08-02T06:50:00Z,9.10803324099723,34.8787878787879,0,13810
2026-08-02T06:55:00Z,9.10803324099723,34.8787878787879,0,13811
2026-08-02T07:00:00Z,9.10803324099723,34.8787878787879,0,13812
2026-08-02T07:05:00Z,18.068059245858997,24.054740957966796,0,13813
2026-08-02T07:10:00Z,53.908163265306094,16.8387096774194,0,13814
2026-08-02T07:15:00Z,53.908163265306094,16.8387096774194,0,13815
2026-08-02T07:20:00Z,53.908163265306094,16.8387096774194,0,13816
2026-08-02T07:25:00Z,53.908163265306094,16.8387096774194,10,13817
2026-08-02T07:30:00Z,53.908163265306094,16.8387096774194,0,13818
2026-08-02T07:35:00Z,53.908163265306094,16.8387096774194,0,13819
2026-08-02T07:40:00Z,53.908163265306094,16.8387096774194,0,13820
2026-08-02T07:45:00Z,53.908163265306094,16.8387096774194,0,13821
2026-08-02T07:50:00Z,53.908163265306094,16.8387096774194,0,13822
2026-08-02T07:55:00Z,53.908163265306094,16.8387096774194,0,13823
2026-08-02T08:00:00Z,53.908163265306094,16.8387096774194,0,13824
2026-08-02T08:05:00Z,53.908163265306094,16.4169136878814,0,13825
2026-08-02T08:10:00Z,53.908163265306094,14.7297297297297,0,13826
2026-08-02T08:15:00Z,53.908163265306094,14.7297297297297,50,13827
2026-08-02T08:20:00Z,53.908163265306094,14.7297297297297,20,13828
2026-08-02T08:25:00Z,53.908163265306094,14.7297297297297,0,13829
2026-08-02T08:30:00Z,53.908163265306094,14.7297297297297,0,13830
2026-08-02T08:35:00Z,53.908163265306094,14.7297297297297,0,13831
2026-08-02T08:40:00Z,53.908163265306094,14.7297297297297,0,13832
2026-08-02T08:45:00Z,122.393265306122,14.7297297297297,0,13833
2026-08-02T08:50:00Z,168.05,14.7297297297297,0,13834
2026-08-02T08:55:00Z,168.05,14.7297297297297,10,13835
2026-08-02T09:00:00Z,168.05,14.7297297297297,0,13836
2026-08-02T09:05:00Z,138.57555555555595,14.7297297297297,0,13837
2026-08-02T09:10:00Z,118.92592592592601,14.7297297297297,10,13838
2026-08-02T09:15:00Z,118.92592592592601,14.7297297297297,10,13839
2026-08-02T09:20:00Z,118.92592592592601,15.139207700851497,0,13840
2026-08-02T09:25:00Z,118.92592592592601,15.753424657534202,0,13841
2026-08-02T09:30:00Z,139.58779956427,15.753424657534202,0,13842
2026-08-02T09:35:00Z,222.235294117647,15.753424657534202,10,13843
2026-08-02T09:40:00Z,222.235294117647,15.753424657534202,80,13844
2026-08-02T09:45:00Z,222.235294117647,15.753424657534202,10,13845
2026-08-02T09:50:00Z,303.69150326797387,15.753424657534202,50,13846
2026-08-02T09:55:00Z,324.055555555556,15.753424657534202,20,13847
2026-08-02T10:00:00Z,324.055555555556,15.753424657534202,250,13848
2026-08-02T10:05:00Z,279.078927203065,15.753424657534202,20,13849
2026-08-02T10:10:00Z,99.17241379310339,15.753424657534202,20,13850
2026-08-02T10:15:00Z,99.17241379310339,15.753424657534202,40,13851
2026-08-02T10:20:00Z,99.17241379310339,15.753424657534202,20,13852
2026-08-02T10:25:00Z,99.17241379310339,15.753424657534202,0,13853
2026-08-02T10:30:00Z,99.17241379310339,15.753424657534202,60,13854
2026-08-02T10:35:00Z,191.903448275862,10.582942996023002,0,13855
2026-08-02T10:40:00Z,331,9.290322580645158,290.00000000000006,13856
2026-08-02T10:45:00Z,331,9.290322580645158,40,13857
2026-08-02T10:50:00Z,152.6,9.290322580645158,70,13858
2026-08-02T10:55:00Z,108,9.290322580645158,130,13859
2026-08-02T11:00:00Z,108,9.290322580645158,370,13860
2026-08-02T11:05:00Z,108,9.290322580645158,90,13861
2026-08-02T11:10:00Z,108,9.290322580645158,30,13862
2026-08-02T11:15:00Z,108,9.290322580645158,140,13863
2026-08-02T11:20:00Z,163.42222222222202,9.290322580645158,70,13864
2026-08-02T11:25:00Z,385.111111111111,9.290322580645158,50,13865
2026-08-02T11:30:00Z,297.4,9.290322580645158,40,13866
2026-08-02T11:35:00Z,165.83333333333303,9.290322580645158,10,13867
2026-08-02T11:40:00Z,165.83333333333303,9.290322580645158,0,13868
2026-08-02T11:45:00Z,165.83333333333303,9.290322580645158,210.00000000000003,13869
2026-08-02T11:50:00Z,310.42380952381,9.290322580645158,400,13870
2026-08-02T11:55:00Z,346.57142857142895,9.290322580645158,200,13871
2026-08-02T12:00:00Z,346.57142857142895,9.290322580645158,70,13872
2026-08-02T12:05:00Z,27.6713286713287,17.6548995739501,60,13873
2026-08-02T12:10:00Z,27.6713286713287,51.1132075471698,20,13874
2026-08-02T12:15:00Z,27.6713286713287,51.1132075471698,0,13875
2026-08-02T12:20:00Z,27.6713286713287,51.1132075471698,0,13876
2026-08-02T12:25:00Z,27.6713286713287,51.1132075471698,130,13877
2026-08-02T12:30:00Z,27.6713286713287,51.1132075471698,50,13878
2026-08-02T12:35:00Z,27.6713286713287,51.1132075471698,360,13879
2026-08-02T12:40:00Z,27.6713286713287,51.1132075471698,180,13880
2026-08-02T12:45:00Z,27.6713286713287,51.1132075471698,130,13881
2026-08-02T12:50:00Z,27.6713286713287,51.1132075471698,30,13882
2026-08-02T12:55:00Z,27.6713286713287,51.1132075471698,80,13883
2026-08-02T13:00:00Z,27.6713286713287,30.285283018867894,500,13884
2026-08-02T13:05:00Z,27.6713286713287,16.4,130,13885
2026-08-02T13:10:00Z,27.6713286713287,16.4,70,13886
2026-08-02T13:15:00Z,27.6713286713287,16.4,220,13887
2026-08-02T13:20:00Z,27.6713286713287,16.4,0,13888
2026-08-02T13:25:00Z,27.6713286713287,16.4,10,13889
2026-08-02T13:30:00Z,27.6713286713287,68.5364705882353,30,13890
2026-08-02T13:35:00Z,27.6713286713287,103.29411764705901,0,13891
2026-08-02T13:40:00Z,27.6713286713287,103.29411764705901,0,13892
2026-08-02T13:45:00Z,27.6713286713287,99.13529411764709,0,13893
2026-08-02T13:50:00Z,27.6713286713287,133.67142857142903,0,13894
2026-08-02T13:55:00Z,27.6713286713287,210.428571428571,0,13895
2026-08-02T14:00:00Z,27.6713286713287,210.428571428571,0,13896
2026-08-02T14:05:00Z,27.6713286713287,110.086813186813,0,13897
2026-08-02T14:10:00Z,27.6713286713287,43.19230769230771,0,13898
2026-08-02T14:15:00Z,27.6713286713287,43.19230769230771,0,13899
2026-08-02T14:20:00Z,27.6713286713287,43.19230769230771,10,13900
2026-08-02T14:25:00Z,387.90279720279693,43.19230769230771,0,13901
2026-08-02T14:30:00Z,454.85,160.49316239316195,0,13902
2026-08-02T14:35:00Z,139.25,336.444444444444,0,13903
2026-08-02T14:40:00Z,139.25,188.377777777778,0,13904
2026-08-02T14:45:00Z,139.25,378,10,13905
2026-08-02T14:50:00Z,139.25,1343,10,13906
2026-08-02T14:55:00Z,174.1,135.36363636363603,0,13907
2026-08-02T15:00:00Z,182.8125,135.36363636363603,0,13908
2026-08-02T15:05:00Z,182.8125,180.472727272727,0,13909
2026-08-02T15:10:00Z,525.645,211.428571428571,0,13910
2026-08-02T15:15:00Z,617.8254545454549,126.97142857142899,0,13911
2026-08-02T15:20:00Z,526.9090909090911,70.6666666666667,40,13912
2026-08-02T15:25:00Z,362.3676767676769,96.53333333333329,30,13913
2026-08-02T15:30:00Z,115.55555555555598,103,10,13914
2026-08-02T15:35:00Z,115.55555555555598,161.4,180,13915
2026-08-02T15:40:00Z,115.55555555555598,249,490,13916
2026-08-02T15:45:00Z,115.55555555555598,331,90,13917
2026-08-02T15:50:00Z,115.55555555555598,180.24444444444399,60,13918
2026-08-02T15:55:00Z,205.6,142.55555555555597,80,13919
2026-08-02T16:00:00Z,1503.6,45.5,40,13920
2026-08-02T16:05:00Z,351.769230769231,45.5,100,13921
2026-08-02T16:10:00Z,351.769230769231,45.5,100,13922
2026-08-02T16:15:00Z,351.769230769231,112.85,50,13923
2026-08-02T16:20:00Z,351.769230769231,213.875,300,13924
2026-08-02T16:25:00Z,351.769230769231,513.2416666666671,300,13925
2026-08-02T16:30:00Z,375.3538461538461,311.933333333333,30,13926
2026-08-02T16:35:00Z,504.9,289.57142857142895,30,13927
2026-08-02T16:40:00Z,637.535897435897,171.22857142857097,30,13928
2026-08-02T16:45:00Z,94.5897435897436,92.33333333333329,0,13929
2026-08-02T16:50:00Z,94.5897435897436,665.1666666666671,0,13930
2026-08-02T16:55:00Z,94.5897435897436,321.27142857142894,270,13931
2026-08-02T17:00:00Z,94.5897435897436,25.4285714285714,120.00000000000001,13932
2026-08-02T17:05:00Z,94.5897435897436,227.93559322033897,250,13933
2026-08-02T17:10:00Z,94.5897435897436,19.669491525423698,730,13934
2026-08-02T17:15:00Z,94.5897435897436,19.669491525423698,470.00000000000006,13935
2026-08-02T17:20:00Z,68.00256410256408,19.669491525423698,30,13936
2026-08-02T17:25:00Z,50.2777777777778,19.669491525423698,10,13937
2026-08-02T17:30:00Z,50.2777777777778,19.669491525423698,10,13938
2026-08-02T17:35:00Z,50.2777777777778,19.669491525423698,100,13939
2026-08-02T17:40:00Z,50.2777777777778,19.669491525423698,40,13940
2026-08-02T17:45:00Z,50.2777777777778,19.669491525423698,560,13941
2026-08-02T17:50:00Z,50.2777777777778,19.669491525423698,410.00000000000006,13942
2026-08-02T17:55:00Z,50.2777777777778,19.669491525423698,40,13943
2026-08-02T18:00:00Z,50.2777777777778,19.669491525423698,0,13944
2026-08-02T18:05:00Z,50.2777777777778,19.669491525423698,190,13945
2026-08-02T18:10:00Z,50.2777777777778,19.669491525423698,90,13946
2026-08-02T18:15:00Z,50.2777777777778,19.669491525423698,60,13947
2026-08-02T18:20:00Z,50.2777777777778,19.669491525423698,10,13948
2026-08-02T18:25:00Z,50.2777777777778,19.669491525423698,40,13949
2026-08-02T18:30:00Z,57.66432748538009,19.669491525423698,10,13950
2026-08-02T18:35:00Z,87.2105263157895,19.669491525423698,0,13951
2026-08-02T18:40:00Z,87.2105263157895,19.669491525423698,0,13952
2026-08-02T18:45:00Z,87.2105263157895,19.669491525423698,10,13953
2026-08-02T18:50:00Z,87.2105263157895,19.669491525423698,20,13954
2026-08-02T18:55:00Z,87.2105263157895,19.669491525423698,40,13955
2026-08-02T19:00:00Z,87.2105263157895,27.748093220338994,10,13956
2026-08-02T19:05:00Z,87.2105263157895,60.06250000000001,30,13957
2026-08-02T19:10:00Z,59.77782754759239,60.06250000000001,0,13958
2026-08-02T19:15:00Z,41.4893617021277,60.06250000000001,60,13959
2026-08-02T19:20:00Z,41.4893617021277,126.8,0,13960
2026-08-02T19:25:00Z,41.4893617021277,126.8,0,13961
2026-08-02T19:30:00Z,41.4893617021277,969.2,0,13962
2026-08-02T19:35:00Z,41.4893617021277,168.125,0,13963
2026-08-02T19:40:00Z,41.4893617021277,170.360714285714,50,13964
2026-08-02T19:45:00Z,41.4893617021277,173.71428571428595,20,13965
2026-08-02T19:50:00Z,41.4893617021277,96.8,0,13966
2026-08-02T19:55:00Z,41.4893617021277,96.8,10,13967
2026-08-02T20:00:00Z,41.4893617021277,216,0,13968
2026-08-02T20:05:00Z,41.4893617021277,259,20,13969
2026-08-02T20:10:00Z,41.4893617021277,546.5,20,13970
2026-08-02T20:15:00Z,41.4893617021277,602.62,90,13971
2026-08-02T20:20:00Z,41.4893617021277,142.3,280,13972
2026-08-02T20:25:00Z,41.4893617021277,142.3,10,13973
2026-08-02T20:30:00Z,41.4893617021277,142.3,0,13974
2026-08-02T20:35:00Z,41.4893617021277,142.3,0,13975
2026-08-02T20:40:00Z,41.4893617021277,142.3,0,13976
2026-08-02T20:45:00Z,101.89787234042598,303.78,0,13977
2026-08-02T20:50:00Z,117,325.05,30,13978
2026-08-02T20:55:00Z,117,177.75,10,13979
2026-08-02T21:00:00Z,117,1528.6,10,13980
2026-08-02T21:05:00Z,117,606.9272727272729,0,13981
2026-08-02T21:10:00Z,60.5851851851852,277.909090909091,0,13982
2026-08-02T21:15:00Z,46.48148148148148,277.909090909091,0,13983
2026-08-02T21:20:00Z,46.48148148148148,277.909090909091,10,13984
2026-08-02T21:25:00Z,46.48148148148148,294.14545454545504,30,13985
2026-08-02T21:30:00Z,46.48148148148148,198.2,20,13986
2026-08-02T21:35:00Z,46.48148148148148,1105.6,10,13987
2026-08-02T21:40:00Z,46.48148148148148,294.2125,30,13988
2026-08-02T21:45:00Z,46.48148148148148,125.6875,10,13989
2026-08-02T21:50:00Z,46.48148148148148,125.6875,40,13990
2026-08-02T21:55:00Z,46.48148148148148,190.61249999999998,40,13991
2026-08-02T22:00:00Z,46.48148148148148,140.09032258064502,70,13992
2026-08-02T22:05:00Z,46.48148148148148,41.48387096774189,30,13993
2026-08-02T22:10:00Z,46.48148148148148,41.48387096774189,20,13994
2026-08-02T22:15:00Z,46.48148148148148,41.48387096774189,70,13995
2026-08-02T22:20:00Z,46.48148148148148,41.48387096774189,120.00000000000001,13996
2026-08-02T22:25:00Z,46.48148148148148,41.48387096774189,90,13997
2026-08-02T22:30:00Z,32.22017879948911,35.758615263572004,20,13998
2026-08-02T22:35:00Z,22.71264367816089,27.1707317073171,0,13999
2026-08-02T22:40:00Z,22.71264367816089,27.1707317073171,40,14000
2026-08-02T22:45:00Z,22.71264367816089,27.1707317073171,10,14001
2026-08-02T22:50:00Z,22.71264367816089,27.1707317073171,0,14002
2026-08-02T22:55:00Z,22.71264367816089,27.1707317073171,10,14003
2026-08-02T23:00:00Z,22.71264367816089,27.1707317073171,10,14004
2026-08-02T23:05:00Z,22.71264367816089,27.1707317073171,20,14005
2026-08-02T23:10:00Z,22.71264367816089,27.762901155327295,0,14006
2026-08-02T23:15:00Z,22.71264367816089,30.131578947368403,0,14007
2026-08-02T23:20:00Z,22.71264367816089,30.131578947368403,10,14008
2026-08-02T23:25:00Z,22.71264367816089,30.131578947368403,30,14009
2026-08-02T23:30:00Z,22.71264367816089,30.131578947368403,20,14010
2026-08-02T23:35:00Z,22.71264367816089,30.131578947368403,0,14011
2026-08-02T23:40:00Z,22.71264367816089,30.131578947368403,10,14012
2026-08-02T23:45:00Z,22.71264367816089,30.131578947368403,30,14013
2026-08-02T23:50:00Z,22.71264367816089,32.65263157894739,30,14014
2026-08-02T23:55:00Z,22.71264367816089,34.3333333333333,20,14015
2026-08-03T00:00:00Z,19.435028248587596,34.3333333333333,10,14016
2026-08-03T00:05:00Z,19.435028248587596,34.3333333333333,0,14017
2026-08-03T00:10:00Z,19.435028248587596,250.13658536585396,10,14018
2026-08-03T00:15:00Z,19.435028248587596,52.170731707317096,20,14019
2026-08-03T00:20:00Z,19.435028248587596,52.170731707317096,0,14020
2026-08-03T00:25:00Z,19.435028248587596,52.170731707317096,10,14021
2026-08-03T00:30:00Z,19.435028248587596,52.170731707317096,10,14022
2026-08-03T00:35:00Z,19.435028248587596,52.170731707317096,0,14023
2026-08-03T00:40:00Z,19.435028248587596,52.170731707317096,0,14024
2026-08-03T00:45:00Z,19.435028248587596,52.170731707317096,0,14025
2026-08-03T00:50:00Z,19.435028248587596,35.51945547362449,0,14026
2026-08-03T00:55:00Z,19.435028248587596,24.418604651162795,0,14027
2026-08-03T01:00:00Z,19.435028248587596,24.418604651162795,0,14028
2026-08-03T01:05:00Z,19.435028248587596,24.418604651162795,0,14029
2026-08-03T01:10:00Z,19.435028248587596,24.418604651162795,10,14030
2026-08-03T01:15:00Z,19.435028248587596,24.418604651162795,0,14031
2026-08-03T01:20:00Z,19.435028248587596,24.418604651162795,0,14032
2026-08-03T01:25:00Z,19.435028248587596,24.418604651162795,10,14033
2026-08-03T01:30:00Z,19.435028248587596,24.418604651162795,10,14034
2026-08-03T01:35:00Z,19.435028248587596,75.5,10,14035
2026-08-03T01:40:00Z,19.435028248587596,75.5,10,14036
2026-08-03T01:45:00Z,19.435028248587596,100.48,10,14037
2026-08-03T01:50:00Z,19.435028248587596,179.005714285714,0,14038
2026-08-03T01:55:00Z,19.435028248587596,93.42857142857139,-10,14039
2026-08-03T02:00:00Z,19.435028248587596,93.42857142857139,10,14040
2026-08-03T02:05:00Z,19.435028248587596,109.65714285714299,0,14041
2026-08-03T02:10:00Z,19.435028248587596,134,0,14042
2026-08-03T02:15:00Z,19.435028248587596,41.9317073170732,0,14043
2026-08-03T02:20:00Z,19.435028248587596,18.9146341463415,20,14044
2026-08-03T02:25:00Z,19.435028248587596,18.9146341463415,20,14045
2026-08-03T02:30:00Z,19.435028248587596,18.9146341463415,0,14046
2026-08-03T02:35:00Z,19.435028248587596,18.9146341463415,0,14047
2026-08-03T02:40:00Z,19.435028248587596,18.9146341463415,10,14048
2026-08-03T02:45:00Z,19.435028248587596,18.9146341463415,40,14049
2026-08-03T02:50:00Z,19.435028248587596,18.9146341463415,50,14050
2026-08-03T02:55:00Z,17.792498430633998,18.9146341463415,0,14051
2026-08-03T03:00:00Z,15.328703703703699,18.9146341463415,10,14052
2026-08-03T03:05:00Z,15.328703703703699,18.9146341463415,30,14053
2026-08-03T03:10:00Z,15.328703703703699,18.9146341463415,10,14054
2026-08-03T03:15:00Z,15.328703703703699,18.9146341463415,0,14055
2026-08-03T03:20:00Z,15.328703703703699,18.9146341463415,20,14056
2026-08-03T03:25:00Z,15.328703703703699,18.9146341463415,10,14057
2026-08-03T03:30:00Z,15.328703703703699,18.9146341463415,10,14058
2026-08-03T03:35:00Z,15.328703703703699,15.8441933318416,10,14059
2026-08-03T03:40:00Z,15.328703703703699,11.238532110091699,0,14060
2026-08-03T03:45:00Z,15.328703703703699,11.238532110091699,0,14061
2026-08-03T03:50:00Z,15.328703703703699,11.238532110091699,0,14062
2026-08-03T03:55:00Z,15.328703703703699,11.238532110091699,10,14063
2026-08-03T04:05:00Z,15.328703703703699,11.238532110091699,0,14064
2026-08-03T04:10:00Z,15.328703703703699,11.238532110091699,0,14065
2026-08-03T04:15:00Z,15.328703703703699,11.238532110091699,10,14066
2026-08-03T04:20:00Z,15.328703703703699,11.238532110091699,10,14067
2026-08-03T04:25:00Z,15.328703703703699,11.238532110091699,0,14068
2026-08-03T04:30:00Z,15.328703703703699,11.238532110091699,10,14069
2026-08-03T04:35:00Z,15.328703703703699,11.238532110091699,0,14070
2026-08-03T04:40:00Z,15.328703703703699,11.238532110091699,0,14071
2026-08-03T04:45:00Z,15.328703703703699,11.238532110091699,0,14072
2026-08-03T04:50:00Z,15.328703703703699,11.238532110091699,10,14073
2026-08-03T04:55:00Z,15.328703703703699,11.238532110091699,10,14074
2026-08-03T05:00:00Z,15.328703703703699,11.238532110091699,10,14075
2026-08-03T05:05:00Z,15.328703703703699,11.238532110091699,0,14076
2026-08-03T05:10:00Z,15.328703703703699,11.238532110091699,0,14077
2026-08-03T05:15:00Z,15.328703703703699,11.238532110091699,10,14078
2026-08-03T05:20:00Z,15.328703703703699,11.238532110091699,20,14079
2026-08-03T05:25:00Z,15.328703703703699,15.098861119898798,10,14080
2026-08-03T05:30:00Z,15.328703703703699,17.6724137931034,0,14081
2026-08-03T05:35:00Z,15.328703703703699,17.6724137931034,0,14082
2026-08-03T05:40:00Z,15.328703703703699,17.6724137931034,0,14083
2026-08-03T05:45:00Z,15.328703703703699,17.6724137931034,10,14084
2026-08-03T05:50:00Z,15.328703703703699,17.6724137931034,10,14085
2026-08-03T05:55:00Z,15.328703703703699,17.6724137931034,0,14086
2026-08-03T06:00:00Z,15.328703703703699,17.6724137931034,0,14087
2026-08-03T06:05:00Z,15.328703703703699,17.6724137931034,0,14088
2026-08-03T06:10:00Z,15.328703703703699,17.6724137931034,0,14089
2026-08-03T06:15:00Z,15.328703703703699,17.6724137931034,0,14090
2026-08-03T06:20:00Z,15.328703703703699,17.6724137931034,20,14091
2026-08-03T06:25:00Z,15.328703703703699,74.8666666666667,20,14092
2026-08-03T06:30:00Z,24.7368760064412,74.8666666666667,0,14093
2026-08-03T06:35:00Z,62.3695652173913,74.8666666666667,0,14094
2026-08-03T06:40:00Z,62.3695652173913,16.147058823529402,0,14095
2026-08-03T06:45:00Z,62.3695652173913,16.147058823529402,10,14096
2026-08-03T06:50:00Z,62.3695652173913,16.147058823529402,10,14097
2026-08-03T06:55:00Z,62.3695652173913,16.147058823529402,10,14098
2026-08-03T07:00:00Z,62.3695652173913,16.147058823529402,10,14099
2026-08-03T07:05:00Z,62.3695652173913,16.147058823529402,10,14100
2026-08-03T07:10:00Z,62.3695652173913,16.147058823529402,10,14101
2026-08-03T07:15:00Z,62.3695652173913,16.147058823529402,0,14102
2026-08-03T07:20:00Z,403.6,16.147058823529402,0,14103
2026-08-03T07:25:00Z,403.6,16.147058823529402,10,14104
2026-08-03T07:30:00Z,162.04347826086996,16.147058823529402,10,14105
2026-08-03T07:35:00Z,162.04347826086996,16.147058823529402,10,14106
2026-08-03T07:40:00Z,162.04347826086996,16.147058823529402,0,14107
2026-08-03T07:45:00Z,162.04347826086996,15.569187675070001,0,14108
2026-08-03T07:50:00Z,1085.4927536231903,14.702380952381,0,14109
2026-08-03T07:55:00Z,1234,14.702380952381,20,14110
2026-08-03T08:00:00Z,625.4476190476189,14.702380952381,0,14111
2026-08-03T08:05:00Z,422.08571428571395,14.702380952381,0,14112
2026-08-03T08:10:00Z,407,14.702380952381,20,14113
2026-08-03T08:15:00Z,585.3,14.702380952381,0,14114
2026-08-03T08:20:00Z,808.9571428571429,14.702380952381,0,14115
2026-08-03T08:25:00Z,732.502857142857,14.702380952381,220,14116
2026-08-03T08:30:00Z,816.92,14.702380952381,230,14117
2026-08-03T08:35:00Z,593.88,14.702380952381,230,14118
2026-08-03T08:40:00Z,224.4,14.702380952381,80,14119
2026-08-03T08:45:00Z,224.4,14.702380952381,50,14120
2026-08-03T08:50:00Z,197.584,14.702380952381,20,14121
2026-08-03T08:55:00Z,157.36,14.702380952381,130,14122
2026-08-03T09:00:00Z,157.36,14.702380952381,1180.0000000000002,14123
2026-08-03T09:05:00Z,157.36,14.702380952381,810,14124
2026-08-03T09:10:00Z,157.36,18.3868347338936,120.00000000000001,14125
2026-08-03T09:15:00Z,424.816,20.843137254901997,270,14126
2026-08-03T09:20:00Z,721,20.843137254901997,250,14127
2026-08-03T09:25:00Z,632.2666666666671,20.843137254901997,370,14128
2026-08-03T09:30:00Z,537.8933333333341,20.843137254901997,500,14129
2026-08-03T09:35:00Z,272.8,20.843137254901997,350,14130
2026-08-03T09:40:00Z,272.8,20.843137254901997,440,14131
2026-08-03T09:45:00Z,279.12333333333305,20.843137254901997,339.99999999999994,14132
2026-08-03T09:50:00Z,304.41666666666697,20.843137254901997,110,14133
2026-08-03T09:55:00Z,304.41666666666697,20.843137254901997,180,14134
2026-08-03T10:00:00Z,363.283333333333,21.530882352941198,180,14135
2026-08-03T10:05:00Z,378,22.562499999999996,60,14136
2026-08-03T10:10:00Z,967.8,22.562499999999996,160,14137
2026-08-03T10:15:00Z,1040,22.562499999999996,80,14138
2026-08-03T10:20:00Z,1055.3,22.562499999999996,60,14139
2026-08-03T10:25:00Z,997.8499999999999,22.562499999999996,150.00000000000003,14140
2026-08-03T10:30:00Z,1716.5833333333296,22.562499999999996,590,14141
2026-08-03T10:35:00Z,1528.2666666666603,22.562499999999996,320,14142
2026-08-03T10:40:00Z,1097,22.562499999999996,380,14143
2026-08-03T10:45:00Z,863.88,22.562499999999996,250,14144
2026-08-03T10:50:00Z,751.3199999999999,15.469462025316501,120.00000000000001,14145
2026-08-03T10:55:00Z,487.7272727272729,13.696202531645602,120.00000000000001,14146
2026-08-03T11:00:00Z,330.8181818181819,13.696202531645602,130,14147
2026-08-03T11:05:00Z,425.32121212121194,13.696202531645602,170,14148
2026-08-03T11:10:00Z,563.333333333333,13.696202531645602,180,14149
2026-08-03T11:15:00Z,403.33333333333303,13.696202531645602,130,14150
2026-08-03T11:20:00Z,617.2,13.696202531645602,320,14151
2026-08-03T11:25:00Z,1220.2666666666703,13.696202531645602,329.99999999999994,14152
2026-08-03T11:30:00Z,864.6285714285722,13.696202531645602,280,14153
2026-08-03T11:35:00Z,714.371428571429,13.696202531645602,510,14154
2026-08-03T11:40:00Z,613,13.696202531645602,1290,14155
2026-08-03T11:45:00Z,263.61538461538504,13.696202531645602,560,14156
2026-08-03T11:50:00Z,263.61538461538504,13.696202531645602,760,14157
2026-08-03T11:55:00Z,270.641958041958,13.696202531645602,460,14158
2026-08-03T12:00:00Z,281.181818181818,13.696202531645602,240.00000000000003,14159
2026-08-03T12:05:00Z,443.94545454545397,13.696202531645602,460,14160
2026-08-03T12:10:00Z,189.13043478260903,138.375,190,14161
2026-08-03T12:15:00Z,189.13043478260903,239.025,170,14162
2026-08-03T12:20:00Z,189.13043478260903,358.6,440,14163
2026-08-03T12:25:00Z,189.13043478260903,432,560,14164
2026-08-03T12:30:00Z,189.13043478260903,163.55555555555597,120.00000000000001,14165
2026-08-03T12:35:00Z,189.13043478260903,164.33333333333303,779.9999999999999,14166
2026-08-03T12:40:00Z,189.13043478260903,167.444444444444,550,14167
2026-08-03T12:45:00Z,189.13043478260903,199.02666666666698,370,14168
2026-08-03T12:50:00Z,189.13043478260903,1250.94,470.00000000000006,14169
2026-08-03T12:55:00Z,128.89275362318796,1524.9333333333298,339.99999999999994,14170
2026-08-03T13:00:00Z,113.83333333333299,269.166666666667,90,14171
2026-08-03T13:05:00Z,113.83333333333299,688,140,14172
2026-08-03T13:10:00Z,113.83333333333299,513.4,130,14173
2026-08-03T13:15:00Z,113.83333333333299,323.6,220,14174
2026-08-03T13:20:00Z,113.83333333333299,548.466666666667,350,14175
2026-08-03T13:25:00Z,440.82380952381004,882.2333333333331,10,14176
2026-08-03T13:30:00Z,431.242857142857,822.4,40,14177
2026-08-03T13:35:00Z,294.25,586.757142857143,50,14178
2026-08-03T13:40:00Z,294.25,219.14285714285697,110,14179
2026-08-03T13:45:00Z,181.77777777777797,265.6,40,14180
2026-08-03T13:50:00Z,181.77777777777797,202.375,40,14181
2026-08-03T13:55:00Z,181.77777777777797,185.59642857142904,80,14182
2026-08-03T14:00:00Z,242.30666666666698,160.428571428571,100,14183
2026-08-03T14:05:00Z,333.1,104,60,14184
2026-08-03T14:10:00Z,317.275384615385,104,50,14185
2026-08-03T14:15:00Z,293.538461538462,177,60,14186
2026-08-03T14:20:00Z,293.538461538462,1099.2,10,14187
2026-08-03T14:25:00Z,222.13626373626397,585.333333333333,10,14188
2026-08-03T14:30:00Z,245.46742857142803,774.6666666666671,80,14189
2026-08-03T14:35:00Z,307.24,319.77142857142894,339.99999999999994,14190
2026-08-03T14:40:00Z,307.24,237.85714285714306,240.00000000000003,14191
2026-08-03T14:45:00Z,307.24,215.89142857142906,130,14192
2026-08-03T14:50:00Z,307.24,173.85142857142907,180,14193
2026-08-03T14:55:00Z,233.56980645161303,354.0285714285709,140,14194
2026-08-03T15:00:00Z,123.06451612903201,214,120.00000000000001,14195
2026-08-03T15:05:00Z,123.06451612903201,352.2,60,14196
2026-08-03T15:10:00Z,123.06451612903201,1112.5,270,14197
2026-08-03T15:15:00Z,123.06451612903201,1215.9,230,14198
2026-08-03T15:20:00Z,123.06451612903201,1022.2,200,14199
2026-08-03T15:25:00Z,172.91827956989198,962.2,370,14200
2026-08-03T15:30:00Z,372.33333333333303,2279.8,200,14201
2026-08-03T15:35:00Z,472.2,1477.8,70,14202
2026-08-03T15:40:00Z,561.363636363636,1328.4,190,14203
2026-08-03T15:45:00Z,318.8181818181819,853.8,110,14204
2026-08-03T15:50:00Z,318.8181818181819,777,50,14205
2026-08-03T15:55:00Z,315.25,724.9,20,14206
2026-08-03T16:00:00Z,315.25,405.06,60,14207
2026-08-03T16:05:00Z,237.9,218.44,170,14208
2026-08-03T16:10:00Z,186.33333333333303,850.866666666667,40,14209
2026-08-03T16:15:00Z,186.33333333333303,1186.87619047619,0,14210
2026-08-03T16:20:00Z,186.33333333333303,1541.6571428571397,60,14211
2026-08-03T16:25:00Z,298.08333333333303,1718.9333333333298,10,14212
2026-08-03T16:30:00Z,298.08333333333303,927.333333333333,80,14213
2026-08-03T16:35:00Z,203.16133333333303,561.933333333333,40,14214
2026-08-03T16:40:00Z,139.88000000000002,763.2,170,14215
2026-08-03T16:45:00Z,139.88000000000002,501.666666666667,410.00000000000006,14216
2026-08-03T16:50:00Z,139.88000000000002,156.33333333333303,290.00000000000006,14217
2026-08-03T16:55:00Z,139.88000000000002,360.6,170,14218
2026-08-03T17:00:00Z,243.45200000000003,172.2,200,14219
2026-08-03T17:05:00Z,312.5,172.2,220,14220
2026-08-03T17:10:00Z,306.6,217.27777777777797,130,14221
2026-08-03T17:15:00Z,302.666666666667,217.27777777777797,170,14222
2026-08-03T17:20:00Z,302.666666666667,217.27777777777797,160,14223
2026-08-03T17:25:00Z,196.583908045977,261.066666666667,90,14224
2026-08-03T17:30:00Z,125.86206896551701,187.91428571428597,160,14225
2026-08-03T17:35:00Z,125.86206896551701,95.35714285714289,110,14226
2026-08-03T17:40:00Z,125.86206896551701,95.35714285714289,260,14227
2026-08-03T17:45:00Z,125.86206896551701,127.87142857142898,190,14228
2026-08-03T17:50:00Z,125.86206896551701,136,90,14229
2026-08-03T17:55:00Z,83.92441379310341,54.727272727272705,40,14230
2026-08-03T18:00:00Z,73.44000000000001,54.727272727272705,70,14231
2026-08-03T18:05:00Z,73.44000000000001,54.727272727272705,70,14232
2026-08-03T18:10:00Z,73.44000000000001,54.727272727272705,140,14233
2026-08-03T18:15:00Z,73.44000000000001,103.23376623376599,110,14234
2026-08-03T18:20:00Z,73.44000000000001,248.45714285714305,280,14235
2026-08-03T18:25:00Z,73.44000000000001,678.6,70,14236
2026-08-03T18:30:00Z,73.44000000000001,375.88571428571396,130,14237
2026-08-03T18:35:00Z,73.44000000000001,312.31428571428603,180,14238
2026-08-03T18:40:00Z,73.44000000000001,387.04,10,14239
2026-08-03T18:45:00Z,103.98455172413802,323.76,60,14240
2026-08-03T18:50:00Z,111.62068965517201,158,40,14241
2026-08-03T18:55:00Z,111.62068965517201,141.32000000000002,130,14242
2026-08-03T19:00:00Z,111.62068965517201,391.08,60,14243
2026-08-03T19:05:00Z,111.62068965517201,388.08,40,14244
2026-08-03T19:10:00Z,111.62068965517201,314.32,40,14245
2026-08-03T19:15:00Z,167.52380952380997,556.2666666666671,60,14246
2026-08-03T19:20:00Z,167.52380952380997,218.93333333333302,10,14247
2026-08-03T19:25:00Z,167.52380952380997,109,110,14248
2026-08-03T19:30:00Z,167.52380952380997,229.65,60,14249
2026-08-03T19:35:00Z,185.96190476190498,114.25,10,14250
2026-08-03T19:40:00Z,190.57142857142904,114.25,10,14251
2026-08-03T19:45:00Z,190.57142857142904,114.25,30,14252
2026-08-03T19:50:00Z,190.57142857142904,128.84,0,14253
2026-08-03T19:55:00Z,638.2785714285723,178.944615384615,0,14254
2026-08-03T20:00:00Z,672.15,145.923076923077,10,14255
2026-08-03T20:05:00Z,229.782608695652,145.923076923077,30,14256
2026-08-03T20:10:00Z,229.782608695652,139.41923076923098,30,14257
2026-08-03T20:15:00Z,229.782608695652,135.08333333333303,30,14258
2026-08-03T20:20:00Z,229.782608695652,143.06666666666698,260,14259
2026-08-03T20:25:00Z,299.369565217391,175,230,14260
2026-08-03T20:30:00Z,403.75,267.25,30,14261
2026-08-03T20:35:00Z,1464.8833333333296,692.75,0,14262
2026-08-03T20:40:00Z,691.3757575757571,399.88,70,14263
2026-08-03T20:45:00Z,342.636363636364,311.91999999999996,339.99999999999994,14264
2026-08-03T20:50:00Z,228.411067193676,350.8,110,14265
2026-08-03T20:55:00Z,152.26086956521698,373.866666666667,10,14266
2026-08-03T21:00:00Z,152.26086956521698,285.68333333333305,70,14267
2026-08-03T21:05:00Z,152.26086956521698,308.05,280,14268
2026-08-03T21:10:00Z,152.26086956521698,214.2,450,14269
2026-08-03T21:15:00Z,515.714285714286,189.33333333333303,400,14270
2026-08-03T21:20:00Z,441.78571428571394,161.77777777777797,100,14271
2026-08-03T21:25:00Z,305.3,154.88888888888906,30,14272
2026-08-03T21:30:00Z,174.5,400.6,10,14273
2026-08-03T21:35:00Z,174.5,233.72,130,14274
2026-08-03T21:40:00Z,174.5,93.8,230,14275
2026-08-03T21:45:00Z,174.5,93.8,1140.0000000000002,14276
2026-08-03T21:50:00Z,174.5,115.74666666666702,310,14277
2026-08-03T21:55:00Z,128.99508196721303,160.20833333333303,170,14278
2026-08-03T22:00:00Z,60.737704918032804,206.375,90,14279
2026-08-03T22:05:00Z,60.737704918032804,336.75,40,14280
2026-08-03T22:10:00Z,60.737704918032804,564.1750000000001,350,14281
2026-08-03T22:15:00Z,60.737704918032804,190.875,70,14282
2026-08-03T22:20:00Z,60.737704918032804,233.25,10,14283
2026-08-03T22:25:00Z,60.737704918032804,215.133333333333,300,14284
2026-08-03T22:30:00Z,60.737704918032804,145.58333333333303,360,14285
2026-08-03T22:35:00Z,60.737704918032804,145.58333333333303,580,14286
2026-08-03T22:40:00Z,60.737704918032804,93.14285714285708,110,14287
2026-08-03T22:45:00Z,60.737704918032804,93.14285714285708,30,14288
2026-08-03T22:50:00Z,60.737704918032804,86.96428571428571,-10,14289
2026-08-03T22:55:00Z,54.040163934426204,62.25,0,14290
2026-08-03T23:00:00Z,1366.2166666666703,62.25,30,14291
2026-08-03T23:05:00Z,1276.8242424242399,62.25,60,14292
2026-08-03T23:10:00Z,313.8181818181819,108.33333333333299,10,14293
2026-08-03T23:15:00Z,235.778409090909,292.666666666667,50,14294
2026-08-03T23:20:00Z,118.71875,26.681818181818205,10,14295
2026-08-03T23:25:00Z,118.71875,26.681818181818205,10,14296
2026-08-03T23:30:00Z,118.71875,26.681818181818205,0,14297
2026-08-03T23:35:00Z,118.71875,26.681818181818205,40,14298
2026-08-03T23:40:00Z,118.71875,26.681818181818205,30,14299
2026-08-03T23:45:00Z,118.71875,26.681818181818205,20,14300
2026-08-03T23:50:00Z,260.88888888888897,26.681818181818205,30,14301
2026-08-03T23:55:00Z,260.88888888888897,26.681818181818205,40,14302
2026-08-04T00:00:00Z,36.556701030927805,49.7010101010101,10,14303
2026-08-04T00:05:00Z,36.556701030927805,141.77777777777797,0,14304
2026-08-04T00:10:00Z,36.556701030927805,350.466666666667,1420,14305
2026-08-04T00:15:00Z,36.556701030927805,384.388235294118,1270,14306
2026-08-04T00:20:00Z,36.556701030927805,95.9411764705882,-10,14307
2026-08-04T00:25:00Z,36.556701030927805,95.9411764705882,290.00000000000006,14308
2026-08-04T00:30:00Z,36.556701030927805,95.9411764705882,120.00000000000001,14309
2026-08-04T00:35:00Z,36.556701030927805,505.28823529411795,0,14310
2026-08-04T00:40:00Z,36.556701030927805,502.00769230769197,0,14311
2026-08-04T00:45:00Z,36.556701030927805,100.76923076923102,0,14312
2026-08-04T00:50:00Z,36.556701030927805,100.76923076923102,10,14313
2026-08-04T00:55:00Z,36.556701030927805,301.3538461538461,180,14314
2026-08-04T01:00:00Z,36.556701030927805,1178.9,160,14315
2026-08-04T01:05:00Z,36.556701030927805,447.38421052631605,10,14316
2026-08-04T01:10:00Z,36.556701030927805,246.105263157895,60,14317
2026-08-04T01:15:00Z,36.556701030927805,246.105263157895,40,14318
2026-08-04T01:20:00Z,36.556701030927805,246.105263157895,0,14319
2026-08-04T01:25:00Z,36.556701030927805,369.14285714285705,10,14320
2026-08-04T01:30:00Z,36.556701030927805,181.85714285714306,20,14321
2026-08-04T01:35:00Z,35.725857353250596,1300.7333333333297,20,14322
2026-08-04T01:40:00Z,34.479591836734706,1011.86666666667,0,14323
2026-08-04T01:45:00Z,34.479591836734706,266,0,14324
2026-08-04T01:50:00Z,34.479591836734706,305.02222222222196,0,14325
2026-08-04T01:55:00Z,34.479591836734706,121.111111111111,0,14326
2026-08-04T02:00:00Z,34.479591836734706,211.020512820513,10,14327
2026-08-04T02:05:00Z,34.479591836734706,271.769230769231,0,14328
2026-08-04T02:10:00Z,34.479591836734706,271.769230769231,10,14329
2026-08-04T02:15:00Z,34.479591836734706,222.30769230769204,30,14330
2026-08-04T02:20:00Z,34.479591836734706,431.6,30,14331
2026-08-04T02:25:00Z,34.479591836734706,474.78823529411795,10,14332
2026-08-04T02:30:00Z,34.479591836734706,184.941176470588,50,14333
2026-08-04T02:35:00Z,34.479591836734706,184.941176470588,10,14334
2026-08-04T02:40:00Z,34.479591836734706,184.941176470588,0,14335
2026-08-04T02:45:00Z,34.479591836734706,87.47712418300651,10,14336
2026-08-04T02:50:00Z,34.479591836734706,63.1111111111111,10,14337
2026-08-04T02:55:00Z,34.479591836734706,63.1111111111111,0,14338
2026-08-04T03:00:00Z,34.479591836734706,61.85079365079369,10,14339
2026-08-04T03:05:00Z,34.479591836734706,56.8095238095238,10,14340
2026-08-04T03:10:00Z,34.479591836734706,56.8095238095238,0,14341
2026-08-04T03:15:00Z,53.4534941249227,56.8095238095238,0,14342
2026-08-04T03:20:00Z,58.19696969696971,56.8095238095238,0,14343
2026-08-04T03:25:00Z,58.19696969696971,36.6842105263158,0,14344
2026-08-04T03:30:00Z,58.19696969696971,36.6842105263158,30,14345
2026-08-04T03:35:00Z,58.19696969696971,36.6842105263158,40,14346
2026-08-04T03:40:00Z,58.19696969696971,36.6842105263158,20,14347
2026-08-04T03:45:00Z,58.19696969696971,36.6842105263158,0,14348
2026-08-04T03:50:00Z,58.19696969696971,36.6842105263158,0,14349
2026-08-04T03:55:00Z,58.19696969696971,36.6842105263158,0,14350
2026-08-04T04:05:00Z,58.19696969696971,1190.33636363636,0,14351
2026-08-04T04:10:00Z,58.19696969696971,226.090909090909,50,14352
2026-08-04T04:15:00Z,58.19696969696971,208.345454545455,20,14353
2026-08-04T04:20:00Z,48.76819964349381,137.36363636363603,-20,14354
2026-08-04T04:25:00Z,42.48235294117651,137.36363636363603,30,14355
2026-08-04T04:30:00Z,42.48235294117651,37.4,40,14356
2026-08-04T04:35:00Z,42.48235294117651,37.4,50,14357
2026-08-04T04:40:00Z,42.48235294117651,37.4,0,14358
2026-08-04T04:45:00Z,42.48235294117651,37.4,0,14359
2026-08-04T04:50:00Z,42.48235294117651,112.36363636363599,60,14360
2026-08-04T04:55:00Z,42.48235294117651,112.36363636363599,30,14361
2026-08-04T05:00:00Z,42.48235294117651,112.36363636363599,-10,14362
2026-08-04T05:05:00Z,42.48235294117651,112.36363636363599,0,14363
2026-08-04T05:10:00Z,42.48235294117651,50.1194271481943,60,14364
2026-08-04T05:15:00Z,42.48235294117651,8.623287671232879,0,14365
2026-08-04T05:20:00Z,42.48235294117651,8.623287671232879,20,14366
2026-08-04T05:25:00Z,42.48235294117651,8.623287671232879,70,14367
2026-08-04T05:30:00Z,42.48235294117651,8.623287671232879,10,14368
2026-08-04T05:35:00Z,42.48235294117651,8.623287671232879,0,14369
2026-08-04T05:40:00Z,42.48235294117651,8.623287671232879,20,14370
2026-08-04T05:45:00Z,46.78213036565981,8.623287671232879,20,14371
2026-08-04T05:50:00Z,49.648648648648596,8.623287671232879,-10,14372
2026-08-04T05:55:00Z,49.648648648648596,8.623287671232879,0,14373
2026-08-04T06:00:00Z,49.648648648648596,8.623287671232879,-60,14374
2026-08-04T06:05:00Z,49.648648648648596,8.623287671232879,60,14375
2026-08-04T06:10:00Z,49.648648648648596,8.623287671232879,-50,14376
2026-08-04T06:15:00Z,49.648648648648596,8.623287671232879,10,14377
2026-08-04T06:20:00Z,49.648648648648596,8.623287671232879,-50,14378
2026-08-04T06:25:00Z,49.648648648648596,8.623287671232879,0,14379
2026-08-04T06:30:00Z,49.648648648648596,8.623287671232879,20,14380
2026-08-04T06:35:00Z,49.648648648648596,8.623287671232879,20,14381
2026-08-04T06:40:00Z,49.648648648648596,8.623287671232879,20,14382
2026-08-04T06:45:00Z,49.648648648648596,8.623287671232879,20,14383
2026-08-04T06:50:00Z,49.648648648648596,8.623287671232879,90,14384
2026-08-04T06:55:00Z,49.648648648648596,8.623287671232879,80,14385
2026-08-04T07:00:00Z,178.82972972973,8.623287671232879,20,14386
2026-08-04T07:05:00Z,211.125,8.623287671232879,0,14387
2026-08-04T07:10:00Z,211.125,8.623287671232879,30,14388
2026-08-04T07:15:00Z,249.403846153846,8.623287671232879,30,14389
2026-08-04T07:20:00Z,274.9230769230769,8.623287671232879,10,14390
2026-08-04T07:25:00Z,274.9230769230769,8.623287671232879,0,14391
2026-08-04T07:30:00Z,201.85000000000002,8.623287671232879,0,14392
2026-08-04T07:35:00Z,201.85000000000002,23.281289675910497,70,14393
2026-08-04T07:40:00Z,201.85000000000002,45.26829268292681,70,14394
2026-08-04T07:45:00Z,201.85000000000002,45.26829268292681,20,14395
2026-08-04T07:50:00Z,724.114285714286,45.26829268292681,20,14396
2026-08-04T07:55:00Z,678.571428571429,45.26829268292681,10,14397
2026-08-04T08:00:00Z,1342.5476190476202,45.26829268292681,0,14398
2026-08-04T08:05:00Z,829.1666666666671,45.26829268292681,30,14399
2026-08-04T08:10:00Z,331.27272727272697,45.26829268292681,200,14400
2026-08-04T08:15:00Z,331.27272727272697,38.54506892895021,30,14401
2026-08-04T08:20:00Z,1948.45454545455,11.6521739130435,200,14402
2026-08-04T08:25:00Z,430.357142857143,11.6521739130435,360,14403
2026-08-04T08:30:00Z,430.357142857143,11.6521739130435,100,14404
2026-08-04T08:35:00Z,381.4357142857139,11.6521739130435,130,14405
2026-08-04T08:40:00Z,185.75,11.6521739130435,230,14406
2026-08-04T08:45:00Z,185.75,11.6521739130435,50,14407
2026-08-04T08:50:00Z,185.75,11.6521739130435,80,14408
2026-08-04T08:55:00Z,222.3,11.6521739130435,140,14409
2026-08-04T09:00:00Z,368.5,11.6521739130435,640,14410
2026-08-04T09:05:00Z,429.5,11.6521739130435,350,14411
2026-08-04T09:10:00Z,1035.3,11.6521739130435,1060,14412
2026-08-04T09:15:00Z,2265.8,11.6521739130435,500,14413
2026-08-04T09:20:00Z,1032,11.6521739130435,240.00000000000003,14414
2026-08-04T09:25:00Z,1205.4,11.6521739130435,170,14415
2026-08-04T09:30:00Z,2593.3500000000004,11.6521739130435,1430,14416
2026-08-04T09:35:00Z,1352.05,11.6521739130435,600,14417
2026-08-04T09:40:00Z,447.88888888888897,11.6521739130435,30,14418
2026-08-04T09:45:00Z,512.391111111111,11.6521739130435,120.00000000000001,14419
2026-08-04T09:50:00Z,741.6,11.6521739130435,180,14420
2026-08-04T09:55:00Z,691.42,11.6521739130435,100,14421
2026-08-04T10:00:00Z,875.1,11.6521739130435,90,14422
2026-08-04T10:05:00Z,775.933333333333,11.6521739130435,140,14423
2026-08-04T10:10:00Z,1964.2666666666703,18.86247987117549,329.99999999999994,14424
2026-08-04T10:15:00Z,1283.6222222222198,47.7037037037037,300,14425
2026-08-04T10:20:00Z,477.555555555556,47.7037037037037,820.0000000000001,14426
2026-08-04T10:25:00Z,579.722222222222,47.7037037037037,1710,14427
2026-08-04T10:30:00Z,508.9857142857139,47.7037037037037,720,14428
2026-08-04T10:35:00Z,300.714285714286,47.7037037037037,860.0000000000001,14429
2026-08-04T10:40:00Z,300.714285714286,66.3407407407407,1730,14430
2026-08-04T10:45:00Z,669.7657142857139,71,1080,14431
2026-08-04T10:50:00Z,682.07,71,370,14432
2026-08-04T10:55:00Z,526.25,71,390,14433
2026-08-04T11:00:00Z,266.7272727272729,44.2903225806452,510,14434
2026-08-04T11:05:00Z,266.7272727272729,44.2903225806452,530,14435
2026-08-04T11:10:00Z,650.012121212121,44.2903225806452,700,14436
2026-08-04T11:15:00Z,520.5133333333331,44.2903225806452,490,14437
2026-08-04T11:20:00Z,370.3,44.2903225806452,1490,14438
2026-08-04T11:25:00Z,288.47999999999996,44.2903225806452,1040,14439
2026-08-04T11:30:00Z,233.93333333333302,44.8847311827957,240.00000000000003,14440
2026-08-04T11:35:00Z,233.93333333333302,45.0333333333333,400,14441
2026-08-04T11:40:00Z,321.900606060606,45.0333333333333,510,14442
2026-08-04T11:45:00Z,380.545454545455,45.0333333333333,130,14443
2026-08-04T11:50:00Z,273.866666666667,45.0333333333333,130,14444
2026-08-04T11:55:00Z,113.84848484848499,45.0333333333333,610,14445
2026-08-04T12:00:00Z,113.84848484848499,128.82888888888905,420.00000000000006,14446
2026-08-04T12:05:00Z,113.84848484848499,149.77777777777797,410.00000000000006,14447
2026-08-04T12:10:00Z,113.84848484848499,317.05,40,14448
2026-08-04T12:15:00Z,113.84848484848499,597.9499999999999,300,14449
2026-08-04T12:20:00Z,113.84848484848499,120.111111111111,540,14450
2026-08-04T12:25:00Z,457.56969696969696,200.08888888888904,230,14451
2026-08-04T12:30:00Z,3329.3,241.4,260,14452
2026-08-04T12:35:00Z,1136.5666666666702,171.75,170,14453
2026-08-04T12:40:00Z,615.0333333333341,190.85000000000002,210.00000000000003,14454
2026-08-04T12:45:00Z,350.536363636364,238.6,170,14455
2026-08-04T12:50:00Z,189.181818181818,798.2666666666671,339.99999999999994,14456
2026-08-04T12:55:00Z,189.181818181818,554.5333333333331,250,14457
2026-08-04T13:00:00Z,189.181818181818,1670.7,120.00000000000001,14458
2026-08-04T13:05:00Z,189.181818181818,779.1666666666671,90,14459
2026-08-04T13:10:00Z,87.95249266862169,408.533333333333,60,14460
2026-08-04T13:15:00Z,62.6451612903226,230.8,90,14461
2026-08-04T13:20:00Z,62.6451612903226,2113.2,80,14462
2026-08-04T13:25:00Z,62.6451612903226,943.0285714285711,30,14463
2026-08-04T13:30:00Z,62.6451612903226,346.714285714286,100,14464
2026-08-04T13:35:00Z,62.6451612903226,120.85714285714299,540,14465
2026-08-04T13:40:00Z,62.6451612903226,310.555555555556,2220,14466
2026-08-04T13:45:00Z,62.6451612903226,144.77777777777797,840.0000000000001,14467
2026-08-04T13:50:00Z,62.6451612903226,144.24444444444399,380,14468
2026-08-04T13:55:00Z,62.6451612903226,143.444444444444,329.99999999999994,14469
2026-08-04T14:00:00Z,62.6451612903226,434.27777777777794,230,14470
2026-08-04T14:05:00Z,62.6451612903226,487.7,110,14471
2026-08-04T14:10:00Z,414.68709677419395,1172.6,160,14472
2026-08-04T14:15:00Z,466.98749999999995,2260.4,70,14473
2026-08-04T14:20:00Z,149.8125,1375,150.00000000000003,14474
2026-08-04T14:25:00Z,149.8125,1124,50,14475
2026-08-04T14:30:00Z,149.8125,2468.2,100,14476
2026-08-04T14:35:00Z,149.8125,1492,0,14477
2026-08-04T14:40:00Z,149.8125,590.6,100,14478
2026-08-04T14:45:00Z,147.35714285714306,509.1,-40,14479
2026-08-04T14:50:00Z,137.535714285714,832.7,50,14480
2026-08-04T14:55:00Z,137.535714285714,782.8,-40,14481
2026-08-04T15:00:00Z,137.535714285714,1025.8,-40,14482
2026-08-04T15:05:00Z,137.535714285714,893.3,0,14483
2026-08-04T15:10:00Z,137.535714285714,2198.7,0,14484
2026-08-04T15:15:00Z,175.01428571428596,1666.8,30,14485
2026-08-04T15:20:00Z,200,422.266666666667,210.00000000000003,14486
2026-08-04T15:25:00Z,200,526.4,659.9999999999999,14487
2026-08-04T15:30:00Z,264.4,636.7333333333331,70,14488
2026-08-04T15:35:00Z,307.33333333333303,347.7,190,14489
2026-08-04T15:40:00Z,307.33333333333303,163.5,20,14490
2026-08-04T15:45:00Z,273.8761904761909,895,80,14491
2026-08-04T15:50:00Z,251.57142857142904,605.5,100,14492
2026-08-04T15:55:00Z,251.57142857142904,549.433333333333,30,14493
2026-08-04T16:00:00Z,538.542857142857,300.22222222222194,80,14494
2026-08-04T16:05:00Z,495.553246753246,451.444444444444,120.00000000000001,14495
2026-08-04T16:10:00Z,323.454545454545,888.2,20,14496
2026-08-04T16:15:00Z,383.083636363636,387.933333333333,150.00000000000003,14497
2026-08-04T16:20:00Z,648.7466666666671,431.266666666667,50,14498
2026-08-04T16:25:00Z,757.333333333333,217,60,14499
2026-08-04T16:30:00Z,399.4,180.36,70,14500
2026-08-04T16:35:00Z,399.4,171.2,210.00000000000003,14501
2026-08-04T16:40:00Z,205.84210526315795,572.5066666666671,400,14502
2026-08-04T16:45:00Z,205.84210526315795,573.313333333333,220,14503
2026-08-04T16:50:00Z,205.84210526315795,145.9,80,14504
2026-08-04T16:55:00Z,200.36892230576404,129.70947368421096,90,14505
2026-08-04T17:00:00Z,178.47619047619,64.94736842105262,140,14506
2026-08-04T17:05:00Z,178.47619047619,64.94736842105262,220,14507
2026-08-04T17:10:00Z,178.47619047619,64.94736842105262,400,14508
2026-08-04T17:15:00Z,178.47619047619,115.16842105263198,350,14509
2026-08-04T17:20:00Z,264.9285714285709,190.5,160,14510
2026-08-04T17:25:00Z,264.9285714285709,346.9,250,14511
2026-08-04T17:30:00Z,360.84285714285704,3621.4,470.00000000000006,14512
2026-08-04T17:35:00Z,744.5,1130.2,440,14513
2026-08-04T17:40:00Z,581,711,280,14514
2026-08-04T17:45:00Z,610.1,491.65000000000003,240.00000000000003,14515
2026-08-04T17:50:00Z,539.58,374.464285714286,160,14516
2026-08-04T17:55:00Z,404.7,172.285714285714,160,14517
2026-08-04T18:00:00Z,391.70888888888896,245.33333333333303,130,14518
2026-08-04T18:05:00Z,372.22222222222194,125.644444444444,60,14519
2026-08-04T18:10:00Z,391.22888888888895,95.7222222222222,250,14520
2026-08-04T18:15:00Z,403.9,95.7222222222222,150.00000000000003,14521
2026-08-04T18:20:00Z,331.26769230769196,83.0118203309693,50,14522
2026-08-04T18:25:00Z,282.8461538461539,32.1702127659574,80,14523
2026-08-04T18:30:00Z,282.8461538461539,32.1702127659574,90,14524
2026-08-04T18:35:00Z,322.91666666666697,32.1702127659574,80,14525
2026-08-04T18:40:00Z,322.91666666666697,32.1702127659574,480.00000000000006,14526
2026-08-04T18:45:00Z,333.71212121212096,32.1702127659574,560,14527
2026-08-04T18:50:00Z,340.909090909091,32.1702127659574,339.99999999999994,14528
2026-08-04T18:55:00Z,329.14545454545504,32.1702127659574,490,14529
2026-08-04T19:00:00Z,311.5,32.1702127659574,420.00000000000006,14530
2026-08-04T19:05:00Z,311.5,32.1702127659574,300,14531
2026-08-04T19:10:00Z,217.882352941176,179.394042553191,280,14532
2026-08-04T19:15:00Z,217.882352941176,1129.92888888889,250,14533
2026-08-04T19:20:00Z,217.882352941176,213.222222222222,300,14534
2026-08-04T19:25:00Z,216.68627450980398,169.10427350427298,230,14535
2026-08-04T19:30:00Z,215.88888888888906,139.692307692308,280,14536
2026-08-04T19:35:00Z,215.88888888888906,139.692307692308,220,14537
2026-08-04T19:40:00Z,215.88888888888906,109.181818181818,160,14538
2026-08-04T19:45:00Z,226.470588235294,109.181818181818,140,14539
2026-08-04T19:50:00Z,226.470588235294,129.03636363636397,230,14540
2026-08-04T19:55:00Z,226.470588235294,134,170,14541
2026-08-04T20:00:00Z,222.235294117647,180.32000000000002,230,14542
2026-08-04T20:05:00Z,219.41176470588195,180.48000000000002,250,14543
2026-08-04T20:10:00Z,219.41176470588195,160,250,14544
2026-08-04T20:15:00Z,214.71888544891598,160,150.00000000000003,14545
2026-08-04T20:20:00Z,195.947368421053,135,100,14546
2026-08-04T20:25:00Z,195.947368421053,186.6,150.00000000000003,14547
2026-08-04T20:30:00Z,195.947368421053,497,140,14548
2026-08-04T20:35:00Z,230.399190283401,419.4,130,14549
2026-08-04T20:40:00Z,282.076923076923,187.472727272727,190,14550
2026-08-04T20:45:00Z,282.076923076923,144.090909090909,160,14551
2026-08-04T20:50:00Z,543.2153846153851,164.43636363636398,80,14552
2026-08-04T20:55:00Z,721.6,266,160,14553
2026-08-04T21:00:00Z,648.4285714285721,506,160,14554
2026-08-04T21:05:00Z,425.57142857142895,534.2,200,14555
2026-08-04T21:10:00Z,2121.72,257.9,200,14556
2026-08-04T21:15:00Z,1449.78,237.9,200,14557
2026-08-04T21:20:00Z,1007.9,788.4,200,14558
2026-08-04T21:25:00Z,785.56,715.6,170,14559
2026-08-04T21:30:00Z,407.982857142857,506.45,150.00000000000003,14560
2026-08-04T21:35:00Z,181.57142857142904,337.67,110,14561
2026-08-04T21:40:00Z,181.57142857142904,242.54666666666697,150.00000000000003,14562
2026-08-04T21:45:00Z,181.57142857142904,217.04761904761904,160,14563
2026-08-04T21:50:00Z,186.69022556391,196.64126984127,180,14564
2026-08-04T21:55:00Z,194.36842105263207,127.77777777777798,180,14565
2026-08-04T22:00:00Z,194.36842105263207,288.533333333333,329.99999999999994,14566
2026-08-04T22:05:00Z,194.36842105263207,202.790476190476,710,14567
2026-08-04T22:10:00Z,600.2273684210529,121.07142857142898,310,14568
2026-08-04T22:15:00Z,898.92,121.07142857142898,679.9999999999999,14569
2026-08-04T22:20:00Z,1470.8,140.6,1510,14570
2026-08-04T22:25:00Z,711.6,140.6,1010,14571
2026-08-04T22:30:00Z,248,615.2,750,14572
2026-08-04T22:35:00Z,1185.2,747.6,550,14573
2026-08-04T22:40:00Z,2521.733333333331,507.6,220,14574
2026-08-04T22:45:00Z,1131.6466666666702,708.6,70,14575
2026-08-04T22:50:00Z,452.3,672.8,10,14576
2026-08-04T22:55:00Z,657.8,398.52,180,14577
2026-08-04T23:00:00Z,1057.12,298.12,180,14578
2026-08-04T23:05:00Z,2650.4,339.66,130,14579
2026-08-04T23:10:00Z,73.6326530612245,366.06,70,14580
2026-08-04T23:15:00Z,73.6326530612245,312.09,90,14581
2026-08-04T23:20:00Z,73.6326530612245,400.27,540,14582
2026-08-04T23:25:00Z,73.6326530612245,394.68,840.0000000000001,14583
2026-08-04T23:30:00Z,73.6326530612245,227.375,1110,14584
2026-08-04T23:35:00Z,73.6326530612245,229.925,550,14585
2026-08-04T23:40:00Z,73.6326530612245,435.3,100,14586
2026-08-04T23:45:00Z,73.6326530612245,264.5,900,14587
2026-08-04T23:50:00Z,73.6326530612245,299.566666666667,1870,14588
2026-08-04T23:55:00Z,73.6326530612245,307.63333333333304,800,14589
2026-08-05T00:00:00Z,11.4117647058824,289.671428571429,210.00000000000003,14590
2026-08-05T00:05:00Z,11.4117647058824,263.4285714285709,600,14591
2026-08-05T00:10:00Z,11.4117647058824,185.125,650,14592
2026-08-05T00:15:00Z,11.4117647058824,195.58928571428598,1800,14593
2026-08-05T00:20:00Z,11.4117647058824,211.285714285714,360,14594
2026-08-05T00:25:00Z,11.4117647058824,207,10,14595
2026-08-05T00:30:00Z,11.4117647058824,282.4,20,14596
2026-08-05T00:35:00Z,11.4117647058824,185.66666666666697,30,14597
2026-08-05T00:40:00Z,11.4117647058824,191.90476190476195,30,14598
2026-08-05T00:45:00Z,11.4117647058824,216.85714285714306,30,14599
2026-08-05T00:50:00Z,11.4117647058824,309.45142857142895,0,14600
2026-08-05T00:55:00Z,11.4117647058824,180.192727272727,0,14601
2026-08-05T01:00:00Z,11.4117647058824,142.090909090909,0,14602
2026-08-05T01:05:00Z,11.4117647058824,329.836363636364,0,14603
2026-08-05T01:10:00Z,11.4117647058824,249.6,20,14604
2026-08-05T01:15:00Z,11.4117647058824,197.428571428571,0,14605
2026-08-05T01:20:00Z,11.4117647058824,194.14285714285697,10,14606
2026-08-05T01:25:00Z,11.4117647058824,152.988571428571,0,14607
2026-08-05T01:30:00Z,11.4117647058824,142.7,10,14608
2026-08-05T01:35:00Z,11.4117647058824,230.14,20,14609
2026-08-05T01:40:00Z,11.4117647058824,274.91999999999996,0,14610
2026-08-05T01:45:00Z,11.4117647058824,305.97999999999996,10,14611
2026-08-05T01:50:00Z,11.4117647058824,343.1,30,14612
2026-08-05T01:55:00Z,11.4117647058824,774.1333333333331,10,14613
2026-08-05T02:00:00Z,11.4117647058824,482.166666666667,0,14614
2026-08-05T02:05:00Z,11.4117647058824,242.5,0,14615
2026-08-05T02:10:00Z,11.4117647058824,2459.6666666666692,-10,14616
2026-08-05T02:15:00Z,11.4117647058824,1413.3333333333296,-10,14617
2026-08-05T02:20:00Z,11.4117647058824,1105.05,-10,14618
2026-08-05T02:25:00Z,11.4117647058824,747.3499999999999,0,14619
2026-08-05T02:30:00Z,11.4117647058824,384.093333333333,0,14620
2026-08-05T02:35:00Z,11.4117647058824,114.86666666666702,10,14621
2026-08-05T02:40:00Z,11.4117647058824,114.86666666666702,10,14622
2026-08-05T02:45:00Z,11.4117647058824,356.12333333333305,0,14623
2026-08-05T02:50:00Z,11.4117647058824,274.97499999999997,10,14624
2026-08-05T02:55:00Z,11.4117647058824,98.3125,-10,14625
2026-08-05T03:00:00Z,11.4117647058824,98.3125,0,14626
2026-08-05T03:05:00Z,11.4117647058824,120.91666666666703,0,14627
2026-08-05T03:10:00Z,11.4117647058824,521.866666666667,20,14628
2026-08-05T03:15:00Z,11.4117647058824,756.466666666667,0,14629
2026-08-05T03:20:00Z,11.4117647058824,1678.2,10,14630
2026-08-05T03:25:00Z,11.4117647058824,956,0,14631
2026-08-05T03:30:00Z,11.4117647058824,176.71428571428595,10,14632
2026-08-05T03:35:00Z,11.4117647058824,989.4857142857139,0,14633
2026-08-05T03:40:00Z,11.4117647058824,2396.6,10,14634
2026-08-05T03:45:00Z,11.4117647058824,821.7,0,14635
2026-08-05T03:50:00Z,11.4117647058824,496.9,0,14636
2026-08-05T03:55:00Z,11.4117647058824,864.8,0,14637
2026-08-05T04:05:00Z,11.4117647058824,1860.3,20,14638
2026-08-05T04:10:00Z,11.4117647058824,635.5466666666671,0,14639
2026-08-05T04:15:00Z,11.4117647058824,103.933333333333,0,14640
2026-08-05T04:20:00Z,11.4117647058824,103.933333333333,0,14641
2026-08-05T04:25:00Z,11.4117647058824,27.7892640692641,0,14642
2026-08-05T04:30:00Z,11.4117647058824,8.753246753246751,0,14643
2026-08-05T04:35:00Z,11.4117647058824,8.753246753246751,0,14644
2026-08-05T04:40:00Z,11.4117647058824,8.753246753246751,0,14645
2026-08-05T04:45:00Z,11.4117647058824,8.753246753246751,0,14646
2026-08-05T04:50:00Z,38.59615384615382,8.753246753246751,10,14647
2026-08-05T04:55:00Z,38.59615384615382,8.753246753246751,0,14648
2026-08-05T05:00:00Z,38.59615384615382,8.753246753246751,0,14649
2026-08-05T05:05:00Z,38.59615384615382,8.753246753246751,0,14650
2026-08-05T05:10:00Z,38.59615384615382,8.753246753246751,0,14651
2026-08-05T05:15:00Z,38.59615384615382,8.753246753246751,0,14652
2026-08-05T05:20:00Z,38.59615384615382,8.753246753246751,20,14653
2026-08-05T05:25:00Z,38.59615384615382,8.753246753246751,0,14654
2026-08-05T05:30:00Z,38.59615384615382,8.753246753246751,0,14655
2026-08-05T05:35:00Z,38.59615384615382,8.753246753246751,0,14656
2026-08-05T05:40:00Z,38.59615384615382,8.753246753246751,30,14657
2026-08-05T05:45:00Z,38.59615384615382,8.753246753246751,0,14658
2026-08-05T05:50:00Z,38.59615384615382,8.753246753246751,0,14659
2026-08-05T05:55:00Z,38.59615384615382,8.753246753246751,-20,14660
2026-08-05T06:00:00Z,38.59615384615382,8.753246753246751,10,14661
2026-08-05T06:05:00Z,38.59615384615382,8.753246753246751,40,14662
2026-08-05T06:10:00Z,38.59615384615382,8.753246753246751,0,14663
2026-08-05T06:15:00Z,38.59615384615382,8.753246753246751,0,14664
2026-08-05T06:20:00Z,38.59615384615382,8.753246753246751,10,14665
2026-08-05T06:25:00Z,38.59615384615382,8.753246753246751,10,14666
2026-08-05T06:30:00Z,119.49510489510502,8.753246753246751,0,14667
2026-08-05T06:35:00Z,443.09090909090895,8.753246753246751,10,14668
2026-08-05T06:40:00Z,443.09090909090895,8.753246753246751,10,14669
2026-08-05T06:45:00Z,209,8.753246753246751,10,14670
2026-08-05T06:50:00Z,209,8.753246753246751,0,14671
2026-08-05T06:55:00Z,209,8.753246753246751,0,14672
2026-08-05T07:00:00Z,209,9.72352941176471,0,14673
2026-08-05T07:05:00Z,167.733333333334,9.72352941176471,10,14674
2026-08-05T07:10:00Z,157.41666666666697,9.72352941176471,30,14675
2026-08-05T07:15:00Z,157.41666666666697,9.72352941176471,0,14676
2026-08-05T07:20:00Z,157.41666666666697,9.72352941176471,0,14677
2026-08-05T07:25:00Z,157.41666666666697,9.72352941176471,0,14678
2026-08-05T07:30:00Z,474.33333333333303,9.72352941176471,10,14679
2026-08-05T07:35:00Z,627.466666666666,9.72352941176471,20,14680
2026-08-05T07:40:00Z,854.4,9.72352941176471,290.00000000000006,14681
2026-08-05T07:45:00Z,1696.4,9.72352941176471,360,14682
2026-08-05T07:50:00Z,1546.85,9.72352941176471,190,14683
2026-08-05T07:55:00Z,1306.5,9.72352941176471,80,14684
2026-08-05T08:00:00Z,651.375,9.72352941176471,60,14685
2026-08-05T08:05:00Z,377.10576923077,9.72352941176471,10,14686
2026-08-05T08:10:00Z,308.538461538462,9.72352941176471,220,14687
2026-08-05T08:15:00Z,455.33076923077,9.72352941176471,170,14688
2026-08-05T08:20:00Z,871.614285714286,9.72352941176471,390,14689
2026-08-05T08:25:00Z,615.285714285714,9.72352941176471,40,14690
2026-08-05T08:30:00Z,294.230769230769,9.72352941176471,40,14691
2026-08-05T08:35:00Z,294.230769230769,9.72352941176471,-30,14692
2026-08-05T08:40:00Z,323.84755244755195,9.72352941176471,250,14693
2026-08-05T08:45:00Z,368.27272727272697,9.72352941176471,290.00000000000006,14694
2026-08-05T08:50:00Z,367.39595959595897,9.72352941176471,770,14695
2026-08-05T08:55:00Z,363.88888888888897,9.72352941176471,640,14696
2026-08-05T09:00:00Z,513.8,9.72352941176471,890,14697
2026-08-05T09:05:00Z,679.3133333333341,9.72352941176471,1180.0000000000002,14698
2026-08-05T09:10:00Z,441.9,9.72352941176471,310,14699
2026-08-05T09:15:00Z,432.2311111111109,9.72352941176471,150.00000000000003,14700
2026-08-05T09:20:00Z,393.555555555556,9.72352941176471,180,14701
2026-08-05T09:25:00Z,540.590476190476,9.72352941176471,460,14702
2026-08-05T09:30:00Z,761.142857142857,9.72352941176471,620,14703
2026-08-05T09:35:00Z,733,9.72352941176471,450,14704
2026-08-05T09:40:00Z,324.11578947368395,9.72352941176471,210.00000000000003,14705
2026-08-05T09:45:00Z,221.89473684210503,9.72352941176471,180,14706
2026-08-05T09:50:00Z,221.89473684210503,56.6,270,14707
2026-08-05T09:55:00Z,221.89473684210503,56.6,280,14708
2026-08-05T10:00:00Z,262.2,56.6,200,14709
2026-08-05T10:05:00Z,262.2,56.6,130,14710
2026-08-05T10:10:00Z,262.2,56.6,510,14711
2026-08-05T10:15:00Z,587.6,25.3088235294118,480.00000000000006,14712
2026-08-05T10:20:00Z,1178.2,25.3088235294118,290.00000000000006,14713
2026-08-05T10:25:00Z,710.142857142857,25.3088235294118,210.00000000000003,14714
2026-08-05T10:30:00Z,531.638961038961,25.3088235294118,260,14715
2026-08-05T10:35:00Z,412.636363636364,25.3088235294118,480.00000000000006,14716
2026-08-05T10:40:00Z,270.21425061425106,25.3088235294118,640,14717
2026-08-05T10:45:00Z,56.58108108108109,25.3088235294118,590,14718
2026-08-05T10:50:00Z,56.58108108108109,25.3088235294118,329.99999999999994,14719
2026-08-05T10:55:00Z,56.58108108108109,25.3088235294118,200,14720
2026-08-05T11:00:00Z,56.58108108108109,25.3088235294118,190,14721
2026-08-05T11:05:00Z,56.58108108108109,25.3088235294118,60,14722
2026-08-05T11:10:00Z,56.58108108108109,25.3088235294118,10,14723
2026-08-05T11:15:00Z,56.58108108108109,25.3088235294118,70,14724
2026-08-05T11:20:00Z,56.58108108108109,57.485294117647086,250,14725
2026-08-05T11:25:00Z,56.58108108108109,105.75,470.00000000000006,14726
2026-08-05T11:30:00Z,56.58108108108109,105.75,890,14727
2026-08-05T11:35:00Z,56.58108108108109,659,600,14728
2026-08-05T11:40:00Z,56.58108108108109,193.2,370,14729
2026-08-05T11:45:00Z,56.58108108108109,193.2,200,14730
2026-08-05T11:50:00Z,56.58108108108109,119.5,260,14731
2026-08-05T11:55:00Z,37.469781830022804,119.5,90,14732
2026-08-05T12:00:00Z,24.728915662650603,270.066666666667,40,14733
2026-08-05T12:05:00Z,24.728915662650603,445.773333333333,30,14734
2026-08-05T12:10:00Z,24.728915662650603,278.56,20,14735
2026-08-05T12:15:00Z,24.728915662650603,253.50769230769203,30,14736
2026-08-05T12:20:00Z,24.728915662650603,98.76923076923082,0,14737
2026-08-05T12:25:00Z,24.728915662650603,98.76923076923082,10,14738
2026-08-05T12:30:00Z,24.728915662650603,294.820512820513,20,14739
2026-08-05T12:35:00Z,24.728915662650603,563.5333333333331,60,14740
2026-08-05T12:40:00Z,24.728915662650603,845.8,30,14741
2026-08-05T12:45:00Z,24.728915662650603,903.6,30,14742
2026-08-05T12:50:00Z,24.728915662650603,1408.4,50,14743
2026-08-05T12:55:00Z,24.728915662650603,1484,40,14744
2026-08-05T13:00:00Z,24.728915662650603,513.6,40,14745
2026-08-05T13:05:00Z,24.728915662650603,202,100,14746
2026-08-05T13:10:00Z,24.728915662650603,291.44,20,14747
2026-08-05T13:15:00Z,24.728915662650603,582.3599999999999,10,14748
2026-08-05T13:20:00Z,24.728915662650603,1045.6,20,14749
2026-08-05T13:25:00Z,24.728915662650603,660.8,10,14750
2026-08-05T13:30:00Z,24.728915662650603,279.08571428571395,0,14751
2026-08-05T13:35:00Z,24.728915662650603,266.54285714285703,30,14752
2026-08-05T13:40:00Z,24.728915662650603,309.57142857142895,-20,14753
2026-08-05T13:45:00Z,24.728915662650603,382.666666666667,70,14754
2026-08-05T13:50:00Z,24.728915662650603,154.044444444444,60,14755
2026-08-05T13:55:00Z,24.728915662650603,96.88888888888887,10,14756
2026-08-05T14:00:00Z,24.728915662650603,864.4,10,14757
2026-08-05T14:05:00Z,24.728915662650603,655.4,40,14758
2026-08-05T14:10:00Z,24.728915662650603,453.8,10,14759
2026-08-05T14:15:00Z,24.728915662650603,398.2285714285709,20,14760
2026-08-05T14:20:00Z,24.728915662650603,349.171428571429,-20,14761
2026-08-05T14:25:00Z,24.728915662650603,988.4,20,14762
2026-08-05T14:30:00Z,24.728915662650603,787,90,14763
2026-08-05T14:35:00Z,24.728915662650603,829.55,10,14764
2026-08-05T14:40:00Z,36.179815151015,393.65000000000003,10,14765
2026-08-05T14:45:00Z,53.35616438356159,233.30476190476196,10,14766
2026-08-05T14:50:00Z,53.35616438356159,114.52380952381,10,14767
2026-08-05T14:55:00Z,53.35616438356159,114.52380952381,-10,14768
2026-08-05T15:00:00Z,53.35616438356159,114.52380952381,30,14769
2026-08-05T15:05:00Z,53.35616438356159,114.52380952381,0,14770
2026-08-05T15:10:00Z,53.35616438356159,581.05,30,14771
2026-08-05T15:15:00Z,53.35616438356159,268.95,40,14772
2026-08-05T15:20:00Z,53.35616438356159,1515.8,40,14773
2026-08-05T15:25:00Z,53.35616438356159,668.3499999999999,20,14774
2026-08-05T15:30:00Z,53.35616438356159,324.75,30,14775
2026-08-05T15:35:00Z,53.35616438356159,327.3,30,14776
2026-08-05T15:40:00Z,53.35616438356159,274.404545454545,50,14777
2026-08-05T15:45:00Z,53.35616438356159,56.0227272727273,30,14778
2026-08-05T15:50:00Z,53.35616438356159,56.0227272727273,50,14779
2026-08-05T15:55:00Z,63.934390771449195,56.0227272727273,40,14780
2026-08-05T16:00:00Z,66.57894736842107,56.0227272727273,30,14781
2026-08-05T16:05:00Z,66.57894736842107,56.0227272727273,30,14782
2026-08-05T16:10:00Z,66.57894736842107,56.0227272727273,40,14783
2026-08-05T16:15:00Z,66.57894736842107,56.0227272727273,40,14784
2026-08-05T16:20:00Z,66.57894736842107,56.0227272727273,20,14785
2026-08-05T16:25:00Z,66.57894736842107,65.34696969696971,40,14786
2026-08-05T16:30:00Z,66.57894736842107,79.33333333333329,10,14787
2026-08-05T16:35:00Z,66.57894736842107,79.33333333333329,50,14788
2026-08-05T16:40:00Z,66.57894736842107,79.33333333333329,20,14789
2026-08-05T16:45:00Z,66.57894736842107,69.67192982456139,130,14790
2026-08-05T16:50:00Z,113.102923976608,31.0263157894737,100,14791
2026-08-05T16:55:00Z,182.88888888888906,31.0263157894737,70,14792
2026-08-05T17:00:00Z,182.88888888888906,31.0263157894737,50,14793
2026-08-05T17:05:00Z,182.88888888888906,31.0263157894737,40,14794
2026-08-05T17:10:00Z,1069.86868686868,31.0263157894737,40,14795
2026-08-05T17:15:00Z,410.454545454545,31.0263157894737,30,14796
2026-08-05T17:20:00Z,410.454545454545,31.0263157894737,40,14797
2026-08-05T17:25:00Z,378.7,55.760526315789505,40,14798
2026-08-05T17:30:00Z,378.7,72.25,20,14799
2026-08-05T17:35:00Z,451.666666666667,72.25,60,14800
2026-08-05T17:40:00Z,411.708333333334,72.25,50,14801
2026-08-05T17:45:00Z,251.875,72.25,40,14802
2026-08-05T17:50:00Z,251.875,50.67,40,14803
2026-08-05T17:55:00Z,251.875,45.275000000000006,40,14804
2026-08-05T18:00:00Z,126.34375,45.275000000000006,70,14805
2026-08-05T18:05:00Z,126.34375,45.275000000000006,40,14806
2026-08-05T18:10:00Z,126.34375,45.275000000000006,50,14807
2026-08-05T18:15:00Z,126.34375,45.275000000000006,320,14808
2026-08-05T18:20:00Z,126.34375,45.275000000000006,860.0000000000001,14809
2026-08-05T18:25:00Z,126.34375,45.275000000000006,310,14810
2026-08-05T18:30:00Z,125.31750000000001,48.75229729729729,200,14811
2026-08-05T18:35:00Z,124.63333333333298,49.62162162162159,290.00000000000006,14812
2026-08-05T18:40:00Z,124.63333333333298,49.62162162162159,320,14813
2026-08-05T18:45:00Z,124.63333333333298,49.62162162162159,360,14814
2026-08-05T18:50:00Z,124.63333333333298,49.62162162162159,300,14815
2026-08-05T18:55:00Z,124.63333333333298,49.62162162162159,220,14816
2026-08-05T19:00:00Z,380.11047619047605,49.62162162162159,180,14817
2026-08-05T19:05:00Z,469.03619047618986,48.447258687258696,140,14818
2026-08-05T19:10:00Z,143.46666666666698,46.6857142857143,100,14819
2026-08-05T19:15:00Z,143.46666666666698,46.6857142857143,80,14820
2026-08-05T19:20:00Z,143.46666666666698,46.6857142857143,160,14821
2026-08-05T19:25:00Z,143.46666666666698,46.6857142857143,100,14822
2026-08-05T19:30:00Z,143.46666666666698,46.6857142857143,70,14823
2026-08-05T19:35:00Z,145.29185185185196,46.6857142857143,70,14824
2026-08-05T19:40:00Z,152.592592592593,52.56142857142859,50,14825
2026-08-05T19:45:00Z,152.592592592593,61.375,50,14826
2026-08-05T19:50:00Z,152.592592592593,61.375,60,14827
2026-08-05T19:55:00Z,152.592592592593,61.375,70,14828
2026-08-05T20:00:00Z,152.592592592593,61.375,70,14829
2026-08-05T20:05:00Z,148.385185185185,53.37142857142859,60,14830
2026-08-05T20:10:00Z,147.33333333333303,48.0357142857143,250,14831
2026-08-05T20:15:00Z,147.33333333333303,48.0357142857143,260,14832
2026-08-05T20:20:00Z,147.33333333333303,48.0357142857143,80,14833
2026-08-05T20:25:00Z,147.33333333333303,48.0357142857143,100,14834
2026-08-05T20:30:00Z,102.67499999999998,48.0357142857143,80,14835
2026-08-05T20:35:00Z,102.67499999999998,123.41666666666703,140,14836
2026-08-05T20:40:00Z,102.67499999999998,123.41666666666703,50,14837
2026-08-05T20:45:00Z,102.67499999999998,114.39743589743598,90,14838
2026-08-05T20:50:00Z,102.67499999999998,108.38461538461502,160,14839
2026-08-05T20:55:00Z,102.67499999999998,108.38461538461502,60,14840
2026-08-05T21:00:00Z,102.67499999999998,58.84615384615381,70,14841
2026-08-05T21:05:00Z,102.67499999999998,58.84615384615381,80,14842
2026-08-05T21:10:00Z,102.081081081081,58.84615384615381,60,14843
2026-08-05T21:15:00Z,102.081081081081,58.84615384615381,70,14844
2026-08-05T21:20:00Z,102.081081081081,58.84615384615381,110,14845
2026-08-05T21:25:00Z,102.081081081081,60.6332307692308,80,14846
2026-08-05T21:30:00Z,102.081081081081,61.08,110,14847
2026-08-05T21:35:00Z,102.081081081081,61.08,70,14848
2026-08-05T21:40:00Z,102.081081081081,61.08,120.00000000000001,14849
2026-08-05T21:45:00Z,118.94781704781703,61.08,70,14850
2026-08-05T21:50:00Z,130.192307692308,94.776,60,14851
2026-08-05T21:55:00Z,130.192307692308,103.2,40,14852
2026-08-05T22:00:00Z,130.192307692308,103.2,30,14853
2026-08-05T22:05:00Z,130.192307692308,317.906666666667,50,14854
2026-08-05T22:10:00Z,142.60427350427398,1015.06666666667,60,14855
2026-08-05T22:15:00Z,161.222222222222,492.706666666667,60,14856
2026-08-05T22:20:00Z,161.222222222222,291.093333333333,50,14857
2026-08-05T22:25:00Z,161.222222222222,302.306666666667,50,14858
2026-08-05T22:30:00Z,161.222222222222,374.11,60,14859
2026-08-05T22:35:00Z,161.222222222222,367.53,60,14860
2026-08-05T22:40:00Z,98.68421052631581,331.2,60,14861
2026-08-05T22:45:00Z,98.68421052631581,239.22,60,14862
2026-08-05T22:50:00Z,98.68421052631581,209.1,80,14863
2026-08-05T22:55:00Z,98.68421052631581,174,80,14864
2026-08-05T23:00:00Z,98.68421052631581,174,100,14865
2026-08-05T23:05:00Z,98.68421052631581,136.5,60,14866
2026-08-05T23:10:00Z,98.68421052631581,111.5,50,14867
2026-08-05T23:15:00Z,106.28111455108301,104.364705882353,40,14868
2026-08-05T23:20:00Z,117.67647058823499,75.8235294117647,120.00000000000001,14869
2026-08-05T23:25:00Z,117.67647058823499,75.8235294117647,100,14870
2026-08-05T23:30:00Z,117.67647058823499,75.8235294117647,50,14871
2026-08-05T23:35:00Z,117.67647058823499,148.124705882353,40,14872
2026-08-05T23:40:00Z,117.67647058823499,166.2,50,14873
2026-08-05T23:45:00Z,117.67647058823499,120.38285714285698,30,14874
2026-08-05T23:50:00Z,94.04201680672259,108.92857142857099,30,14875
2026-08-05T23:55:00Z,78.2857142857143,108.92857142857099,30,14876
2026-08-06T00:00:00Z,105.05555555555598,385.5,30,14877
2026-08-06T00:05:00Z,105.05555555555598,492.9,30,14878
2026-08-06T00:10:00Z,105.05555555555598,67.8,30,14879
2026-08-06T00:15:00Z,105.05555555555598,67.8,50,14880
2026-08-06T00:20:00Z,105.05555555555598,67.8,60,14881
2026-08-06T00:25:00Z,105.05555555555598,163.71428571428595,339.99999999999994,14882
2026-08-06T00:30:00Z,105.05555555555598,163.71428571428595,130,14883
2026-08-06T00:35:00Z,93.6094562647756,194.85142857142907,90,14884
2026-08-06T00:40:00Z,85.9787234042553,272.71999999999997,60,14885
2026-08-06T00:45:00Z,85.9787234042553,86,50,14886
2026-08-06T00:50:00Z,85.9787234042553,86,40,14887
2026-08-06T00:55:00Z,85.9787234042553,86,30,14888
2026-08-06T01:00:00Z,85.9787234042553,93,50,14889
2026-08-06T01:05:00Z,85.9787234042553,103.5,20,14890
2026-08-06T01:10:00Z,85.9787234042553,103.5,40,14891
2026-08-06T01:15:00Z,85.9787234042553,117.55384615384598,20,14892
2026-08-06T01:20:00Z,106.95297872340397,126.923076923077,50,14893
2026-08-06T01:25:00Z,190.85000000000002,126.923076923077,20,14894
2026-08-06T01:30:00Z,190.85000000000002,121.14285714285698,60,14895
2026-08-06T01:35:00Z,190.85000000000002,121.14285714285698,60,14896
2026-08-06T01:40:00Z,175.970909090909,113.114285714286,80,14897
2026-08-06T01:45:00Z,116.45454545454501,81,70,14898
2026-08-06T01:50:00Z,116.45454545454501,81,80,14899
2026-08-06T01:55:00Z,116.45454545454501,81,60,14900
2026-08-06T02:00:00Z,116.45454545454501,84.10526315789468,60,14901
2026-08-06T02:05:00Z,116.45454545454501,84.10526315789468,60,14902
2026-08-06T02:10:00Z,116.45454545454501,84.10526315789468,80,14903
2026-08-06T02:15:00Z,112.14848484848498,81.8080200501253,80,14904
2026-08-06T02:20:00Z,109.27777777777798,72.6190476190476,30,14905
2026-08-06T02:25:00Z,109.27777777777798,72.6190476190476,50,14906
2026-08-06T02:30:00Z,109.27777777777798,72.6190476190476,10,14907
2026-08-06T02:35:00Z,109.27777777777798,72.6190476190476,50,14908
2026-08-06T02:40:00Z,109.27777777777798,112.46153846153801,130,14909
2026-08-06T02:45:00Z,109.27777777777798,112.46153846153801,210.00000000000003,14910
2026-08-06T02:50:00Z,86.8455399061034,99.8169230769231,210.00000000000003,14911
2026-08-06T02:55:00Z,53.1971830985916,80.85,70,14912
2026-08-06T03:00:00Z,53.1971830985916,80.85,160,14913
2026-08-06T03:05:00Z,53.1971830985916,80.85,70,14914
2026-08-06T03:10:00Z,53.1971830985916,200.70999999999998,100,14915
2026-08-06T03:15:00Z,53.1971830985916,198.77499999999998,80,14916
2026-08-06T03:20:00Z,53.1971830985916,77.62499999999999,40,14917
2026-08-06T03:25:00Z,53.1971830985916,77.62499999999999,130,14918
2026-08-06T03:30:00Z,53.1971830985916,77.62499999999999,120.00000000000001,14919
2026-08-06T03:35:00Z,53.1971830985916,77.62499999999999,20,14920
2026-08-06T03:40:00Z,53.1971830985916,48.664393939393904,60,14921
2026-08-06T03:45:00Z,53.1971830985916,41.42424242424239,50,14922
2026-08-06T03:50:00Z,53.1971830985916,41.42424242424239,100,14923
2026-08-06T03:55:00Z,53.1971830985916,41.42424242424239,0,14924
2026-08-06T04:05:00Z,77.70588235294117,41.42424242424239,40,14925
2026-08-06T04:10:00Z,77.70588235294117,118.589393939394,20,14926
2026-08-06T04:15:00Z,77.70588235294117,345.016666666667,20,14927
2026-08-06T04:20:00Z,77.70588235294117,191.085714285714,110,14928
2026-08-06T04:25:00Z,77.70588235294117,68.76190476190482,30,14929
2026-08-06T04:30:00Z,77.70588235294117,68.76190476190482,10,14930
2026-08-06T04:35:00Z,77.70588235294117,68.76190476190482,30,14931
2026-08-06T04:40:00Z,77.70588235294117,68.76190476190482,80,14932
2026-08-06T04:45:00Z,77.70588235294117,61.3703703703704,40,14933
2026-08-06T04:50:00Z,77.70588235294117,61.3703703703704,30,14934
2026-08-06T04:55:00Z,70.27777777777779,61.3703703703704,60,14935
2026-08-06T05:00:00Z,70.27777777777779,61.3703703703704,0,14936
2026-08-06T05:05:00Z,70.27777777777779,61.3703703703704,50,14937
2026-08-06T05:10:00Z,70.27777777777779,126.248148148148,10,14938
2026-08-06T05:15:00Z,70.27777777777779,169.5,20,14939
2026-08-06T05:20:00Z,70.27777777777779,149.03076923076898,40,14940
2026-08-06T05:25:00Z,70.27777777777779,135.38461538461502,30,14941
2026-08-06T05:30:00Z,70.27777777777779,135.38461538461502,60,14942
2026-08-06T05:35:00Z,70.27777777777779,149.538461538462,50,14943
2026-08-06T05:40:00Z,70.27777777777779,149.538461538462,40,14944
2026-08-06T05:45:00Z,69.36704980842909,144.369230769231,110,14945
2026-08-06T05:50:00Z,65.72413793103449,136.61538461538498,30,14946
2026-08-06T05:55:00Z,65.72413793103449,136.61538461538498,50,14947
2026-08-06T06:00:00Z,65.72413793103449,101.973076923077,90,14948
2026-08-06T06:05:00Z,65.72413793103449,93.3125,80,14949
2026-08-06T06:10:00Z,65.72413793103449,93.3125,60,14950
2026-08-06T06:15:00Z,65.72413793103449,86.70147058823531,30,14951
2026-08-06T06:20:00Z,65.72413793103449,82.29411764705881,40,14952
2026-08-06T06:25:00Z,65.72413793103449,82.29411764705881,60,14953
2026-08-06T06:30:00Z,65.72413793103449,109.17815126050398,40,14954
2026-08-06T06:35:00Z,65.72413793103449,216.71428571428595,50,14955
2026-08-06T06:40:00Z,65.72413793103449,196.06285714285698,60,14956
2026-08-06T06:45:00Z,75.6123824451411,190.9,40,14957
2026-08-06T06:50:00Z,82.20454545454551,161.564615384615,30,14958
2026-08-06T06:55:00Z,82.20454545454551,154.23076923076897,40,14959
2026-08-06T07:00:00Z,82.20454545454551,143.297115384615,50,14960
2026-08-06T07:05:00Z,82.20454545454551,99.5625,40,14961
2026-08-06T07:10:00Z,82.20454545454551,99.5625,30,14962
2026-08-06T07:15:00Z,82.20454545454551,99.5625,70,14963
2026-08-06T07:20:00Z,82.20454545454551,127.3,60,14964
2026-08-06T07:25:00Z,82.20454545454551,127.3,70,14965
2026-08-06T07:30:00Z,231.000909090909,127.3,0,14966
2026-08-06T07:35:00Z,268.2,127.3,50,14967
2026-08-06T07:40:00Z,268.2,70.1363636363636,20,14968
2026-08-06T07:45:00Z,217.56,70.1363636363636,30,14969
2026-08-06T07:50:00Z,204.9,70.1363636363636,40,14970
2026-08-06T07:55:00Z,204.9,70.1363636363636,120.00000000000001,14971
2026-08-06T08:00:00Z,204.9,78.3545454545455,90,14972
2026-08-06T08:05:00Z,286.113333333334,83.83333333333329,100,14973
2026-08-06T08:10:00Z,306.41666666666697,83.83333333333329,50,14974
2026-08-06T08:15:00Z,321.58333333333303,83.83333333333329,0,14975
2026-08-06T08:20:00Z,344.33333333333303,65.2272727272727,10,14976
2026-08-06T08:25:00Z,344.33333333333303,65.2272727272727,140,14977
2026-08-06T08:30:00Z,700.8,65.2272727272727,60,14978
2026-08-06T08:35:00Z,743,65.2272727272727,60,14979
2026-08-06T08:40:00Z,538.88,76.77326203208558,260,14980
2026-08-06T08:45:00Z,402.8,84.47058823529409,90,14981
2026-08-06T08:50:00Z,484.82,84.47058823529409,190,14982
2026-08-06T08:55:00Z,539.5,79.3014705882353,160,14983
2026-08-06T09:00:00Z,1962.4,58.62500000000001,200,14984
2026-08-06T09:05:00Z,978,58.62500000000001,60,14985
2026-08-06T09:10:00Z,342,58.62500000000001,100,14986
2026-08-06T09:15:00Z,342,58.62500000000001,170,14987
2026-08-06T09:20:00Z,400.733333333333,80.52884615384617,180,14988
2026-08-06T09:25:00Z,439.88888888888897,113.38461538461502,440,14989
2026-08-06T09:30:00Z,402.044444444444,113.38461538461502,260,14990
2026-08-06T09:35:00Z,392.58333333333303,100.17025641025599,130,14991
2026-08-06T09:40:00Z,920.55,96.8666666666667,920,14992
2026-08-06T09:45:00Z,3298.4,96.8666666666667,220,14993
2026-08-06T09:50:00Z,2944.4,88.57333333333328,100,14994
2026-08-06T09:55:00Z,4288.8,86.5,310,14995
2026-08-06T10:00:00Z,2025.2,86.5,430.00000000000006,14996
2026-08-06T10:05:00Z,2572.8,74.2,420.00000000000006,14997
2026-08-06T10:10:00Z,992.6181818181822,66,1460,14998
2026-08-06T10:15:00Z,402.545454545455,66,700,14999
2026-08-06T10:20:00Z,399.836363636364,66,310,15000
2026-08-06T10:25:00Z,389,66,50,15001
2026-08-06T10:30:00Z,400.28,51,40,15002
2026-08-06T10:35:00Z,417.2,51,470.00000000000006,15003
2026-08-06T10:40:00Z,485.12,51,400,15004
2026-08-06T10:45:00Z,587,51,130,15005
2026-08-06T10:50:00Z,823,51,990,15006
2026-08-06T10:55:00Z,1129.3,47.97674418604649,2150,15007
2026-08-06T11:00:00Z,953.7,35.88372093023259,2160,15008
2026-08-06T11:05:00Z,1106.55,35.88372093023259,3010,15009
2026-08-06T11:10:00Z,734.7928571428571,35.88372093023259,1480,15010
2026-08-06T11:15:00Z,655.590476190476,35.88372093023259,1960,15011
2026-08-06T11:20:00Z,699.433333333333,35.88372093023259,740,15012
2026-08-06T11:25:00Z,633.833333333333,35.88372093023259,250,15013
2026-08-06T11:30:00Z,107.45454545454501,35.88372093023259,329.99999999999994,15014
2026-08-06T11:35:00Z,107.45454545454501,35.88372093023259,320,15015
2026-08-06T11:40:00Z,107.45454545454501,68.20348837209298,290.00000000000006,15016
2026-08-06T11:45:00Z,107.45454545454501,89.75,350,15017
2026-08-06T11:50:00Z,107.45454545454501,89.75,270,15018
2026-08-06T11:55:00Z,107.45454545454501,86.14473684210529,530,15019
2026-08-06T12:00:00Z,107.45454545454501,80.7368421052632,640,15020
2026-08-06T12:05:00Z,107.45454545454501,80.7368421052632,669.9999999999999,15021
2026-08-06T12:10:00Z,93.1060092449919,80.7368421052632,820.0000000000001,15022
2026-08-06T12:15:00Z,35.711864406779696,79.13473684210528,810,15023
2026-08-06T12:20:00Z,35.711864406779696,78.0666666666667,520,15024
2026-08-06T12:25:00Z,35.711864406779696,78.0666666666667,440,15025
2026-08-06T12:30:00Z,35.711864406779696,202.52666666666698,470.00000000000006,15026
2026-08-06T12:35:00Z,35.711864406779696,285.1,540,15027
2026-08-06T12:40:00Z,35.711864406779696,389.65000000000003,450,15028
2026-08-06T12:45:00Z,35.711864406779696,429.75,90,15029
2026-08-06T12:50:00Z,35.711864406779696,384.4,10,15030
2026-08-06T12:55:00Z,35.711864406779696,122.75,10,15031
2026-08-06T13:00:00Z,35.711864406779696,122.75,0,15032
2026-08-06T13:05:00Z,35.711864406779696,197.3,0,15033
2026-08-06T13:10:00Z,35.711864406779696,304,50,15034
2026-08-06T13:15:00Z,35.711864406779696,561.5,20,15035
2026-08-06T13:20:00Z,35.711864406779696,458.7,200,15036
2026-08-06T13:25:00Z,35.711864406779696,331.866666666667,210.00000000000003,15037
2026-08-06T13:30:00Z,35.711864406779696,704.3,100,15038
2026-08-06T13:35:00Z,35.711864406779696,812.833333333333,40,15039
2026-08-06T13:40:00Z,35.711864406779696,140.125,40,15040
2026-08-06T13:45:00Z,35.711864406779696,284.34166666666704,50,15041
2026-08-06T13:50:00Z,35.711864406779696,613.433333333333,30,15042
2026-08-06T13:55:00Z,35.711864406779696,479.5,200,15043
2026-08-06T14:00:00Z,35.711864406779696,2137.6,20,15044
2026-08-06T14:05:00Z,35.711864406779696,1345,-10,15045
2026-08-06T14:10:00Z,94.4180790960455,548.4266666666671,-20,15046
2026-08-06T14:15:00Z,133.55555555555597,130.06666666666698,60,15047
2026-08-06T14:20:00Z,133.55555555555597,130.06666666666698,0,15048
2026-08-06T14:25:00Z,133.55555555555597,437.24,0,15049
2026-08-06T14:30:00Z,133.55555555555597,776.6222222222219,0,15050
2026-08-06T14:35:00Z,177.090598290599,335.77777777777794,0,15051
2026-08-06T14:40:00Z,351.230769230769,815.8,0,15052
2026-08-06T14:45:00Z,351.230769230769,3432.2,0,15053
2026-08-06T14:50:00Z,672.692307692308,2705.8,10,15054
2026-08-06T14:55:00Z,527,4618.2,60,15055
2026-08-06T15:00:00Z,287,2251.2,80,15056
2026-08-06T15:05:00Z,287,2730.8,0,15057
2026-08-06T15:10:00Z,509.3,1109.5,10,15058
2026-08-06T15:15:00Z,774.9,158.66477272727298,10,15059
2026-08-06T15:20:00Z,773.114285714286,152.30303030303003,60,15060
2026-08-06T15:25:00Z,506.28571428571394,425.63333333333304,100,15061
2026-08-06T15:30:00Z,438.83333333333303,394.63333333333304,70,15062
2026-08-06T15:35:00Z,438.83333333333303,426.866666666667,230,15063
2026-08-06T15:40:00Z,360.408333333333,387.45,160,15064
2026-08-06T15:45:00Z,308.125,677.3499999999999,230,15065
2026-08-06T15:50:00Z,308.125,840.6,329.99999999999994,15066
2026-08-06T15:55:00Z,784.875,1095.8,210.00000000000003,15067
2026-08-06T16:00:00Z,1108.2666666666603,1396,650,15068
2026-08-06T16:05:00Z,666.5133333333322,1342,370,15069
2026-08-06T16:10:00Z,437.3,1032.3,230,15070
2026-08-06T16:15:00Z,353.97714285714295,986.7,190,15071
2026-08-06T16:20:00Z,298.4285714285709,1048.3,360,15072
2026-08-06T16:25:00Z,298.4285714285709,850.1,610,15073
2026-08-06T16:30:00Z,887.9210084033609,802.4,480.00000000000006,15074
2026-08-06T16:35:00Z,265.17647058823496,56.92592592592592,420.00000000000006,15075
2026-08-06T16:40:00Z,265.17647058823496,56.92592592592592,300,15076
2026-08-06T16:45:00Z,265.17647058823496,56.92592592592592,80,15077
2026-08-06T16:50:00Z,367.03529411764697,56.92592592592592,520,15078
2026-08-06T16:55:00Z,392.5,56.92592592592592,140,15079
2026-08-06T17:00:00Z,367.1,85.22037037037039,100,15080
2026-08-06T17:05:00Z,329,104.08333333333299,669.9999999999999,15081
2026-08-06T17:10:00Z,329,169.46666666666698,910,15082
2026-08-06T17:15:00Z,507.125,319.933333333333,260,15083
2026-08-06T17:20:00Z,463.955,190.33333333333303,339.99999999999994,15084
2026-08-06T17:25:00Z,399.2,122.44444444444402,190,15085
2026-08-06T17:30:00Z,357.075555555556,89.9746031746032,70,15086
2026-08-06T17:35:00Z,293.88888888888897,81.85714285714289,329.99999999999994,15087
2026-08-06T17:40:00Z,1323.15555555555,81.85714285714289,730,15088
2026-08-06T17:45:00Z,1899.6,185.89032258064503,220,15089
2026-08-06T17:50:00Z,869.2900000000001,20.2258064516129,150.00000000000003,15090
2026-08-06T17:55:00Z,122.725,20.2258064516129,80,15091
2026-08-06T18:00:00Z,122.725,20.2258064516129,450,15092
2026-08-06T18:05:00Z,122.725,20.2258064516129,100,15093
2026-08-06T18:10:00Z,122.725,20.2258064516129,190,15094
2026-08-06T18:15:00Z,122.725,20.2258064516129,250,15095
2026-08-06T18:20:00Z,122.725,20.2258064516129,150.00000000000003,15096
2026-08-06T18:25:00Z,122.725,20.2258064516129,490,15097
2026-08-06T18:30:00Z,119.999705882353,20.2258064516129,220,15098
2026-08-06T18:35:00Z,115.91176470588202,20.2258064516129,240.00000000000003,15099
2026-08-06T18:40:00Z,115.91176470588202,20.2258064516129,320,15100
2026-08-06T18:45:00Z,115.91176470588202,20.2258064516129,150.00000000000003,15101
2026-08-06T18:50:00Z,115.91176470588202,61.6111111111111,840.0000000000001,15102
2026-08-06T18:55:00Z,115.91176470588202,61.6111111111111,1310,15103
2026-08-06T19:00:00Z,115.91176470588202,61.6111111111111,380,15104
2026-08-06T19:05:00Z,100.61176470588201,80.76666666666671,30,15105
2026-08-06T19:10:00Z,90.41176470588232,109.5,50,15106
2026-08-06T19:15:00Z,90.41176470588232,109.56666666666702,40,15107
2026-08-06T19:20:00Z,90.41176470588232,109.66666666666701,30,15108
2026-08-06T19:25:00Z,90.41176470588232,322.8380952380949,50,15109
2026-08-06T19:30:00Z,90.41176470588232,213.85714285714306,110,15110
2026-08-06T19:35:00Z,90.41176470588232,415.77142857142894,80,15111
2026-08-06T19:40:00Z,658.3109243697479,462.91999999999996,120.00000000000001,15112
2026-08-06T19:45:00Z,510.020485175202,418.47999999999996,100,15113
2026-08-06T19:50:00Z,74.62264150943398,1034.1,60,15114
2026-08-06T19:55:00Z,74.62264150943398,729.5666666666671,30,15115
2026-08-06T20:00:00Z,74.62264150943398,395.773333333333,10,15116
2026-08-06T20:05:00Z,74.62264150943398,288.293333333333,170,15117
2026-08-06T20:10:00Z,74.62264150943398,449.466666666667,60,15118
2026-08-06T20:15:00Z,74.62264150943398,881.2,30,15119
2026-08-06T20:20:00Z,74.62264150943398,893.7333333333331,100,15120
2026-08-06T20:25:00Z,74.62264150943398,517.866666666667,30,15121
2026-08-06T20:30:00Z,74.62264150943398,474,70,15122
2026-08-06T20:35:00Z,74.62264150943398,256,40,15123
2026-08-06T20:40:00Z,71.99595687331541,811.2,50,15124
2026-08-06T20:45:00Z,71.3392857142857,217.4,60,15125
2026-08-06T20:50:00Z,71.3392857142857,183.14285714285697,620,15126
2026-08-06T20:55:00Z,71.3392857142857,910.3571428571429,30,15127
2026-08-06T21:00:00Z,71.3392857142857,1442.3,40,15128
2026-08-06T21:05:00Z,71.3392857142857,271.3,40,15129
2026-08-06T21:10:00Z,71.3392857142857,711.5,20,15130
2026-08-06T21:15:00Z,71.3392857142857,228.4,0,15131
2026-08-06T21:20:00Z,71.3392857142857,228.4,50,15132
2026-08-06T21:25:00Z,71.3392857142857,685.4,40,15133
2026-08-06T21:30:00Z,71.3392857142857,1110.12,40,15134
2026-08-06T21:35:00Z,139.04006211180095,472.213333333333,30,15135
2026-08-06T21:40:00Z,184.17391304347797,305.716666666667,120.00000000000001,15136
2026-08-06T21:45:00Z,184.17391304347797,163.75,90,15137
2026-08-06T21:50:00Z,184.17391304347797,571.2,60,15138
2026-08-06T21:55:00Z,184.17391304347797,329.1,50,15139
2026-08-06T22:00:00Z,392.375,253.5,10,15140
2026-08-06T22:05:00Z,495.380555555556,346.6,50,15141
2026-08-06T22:10:00Z,649.888888888889,199,30,15142
2026-08-06T22:15:00Z,456.01709401709394,816.2,30,15143
2026-08-06T22:20:00Z,326.769230769231,257.4,20,15144
2026-08-06T22:25:00Z,326.769230769231,382.6,90,15145
2026-08-06T22:30:00Z,234.8,358.8,60,15146
2026-08-06T22:35:00Z,234.8,254.285714285714,70,15147
2026-08-06T22:40:00Z,1362.8333333333296,429.31428571428603,40,15148
2026-08-06T22:45:00Z,675.2575757575751,1907.6,60,15149
2026-08-06T22:50:00Z,503.36363636363603,300.13333333333304,70,15150
2026-08-06T22:55:00Z,1195.84545454545,212.222222222222,40,15151
2026-08-06T23:00:00Z,505.1137931034481,94.5707602339181,80,15152
2026-08-06T23:05:00Z,217.01724137931,65.1578947368421,180,15153
2026-08-06T23:10:00Z,217.01724137931,65.1578947368421,220,15154
2026-08-06T23:15:00Z,217.01724137931,65.1578947368421,450,15155
2026-08-06T23:20:00Z,217.01724137931,166.14285714285697,200,15156
2026-08-06T23:25:00Z,217.01724137931,133.4,210.00000000000003,15157
2026-08-06T23:30:00Z,217.01724137931,137.94285714285698,190,15158
2026-08-06T23:35:00Z,217.01724137931,243.428571428571,70,15159
2026-08-06T23:40:00Z,217.01724137931,83.55630252100839,50,15160
2026-08-06T23:45:00Z,217.01724137931,43.5882352941176,659.9999999999999,15161
2026-08-06T23:50:00Z,217.01724137931,43.5882352941176,720,15162
2026-08-06T23:55:00Z,217.01724137931,134.55294117647102,490,15163
2026-08-07T00:00:00Z,62.62500000000001,271,190,15164
2026-08-07T00:05:00Z,62.62500000000001,165.1,640,15165
2026-08-07T00:10:00Z,62.62500000000001,94.5,990,15166
2026-08-07T00:15:00Z,62.62500000000001,94.03333333333329,130,15167
2026-08-07T00:20:00Z,62.62500000000001,92.1666666666667,90,15168
2026-08-07T00:25:00Z,62.62500000000001,92.1666666666667,30,15169
2026-08-07T00:30:00Z,62.62500000000001,73.41515151515149,60,15170
2026-08-07T00:35:00Z,62.62500000000001,68.7272727272727,40,15171
2026-08-07T00:40:00Z,62.62500000000001,194.990909090909,40,15172
2026-08-07T00:45:00Z,62.62500000000001,279.166666666667,10,15173
2026-08-07T00:50:00Z,62.62500000000001,232.050574712644,40,15174
2026-08-07T00:55:00Z,62.62500000000001,43.58620689655171,60,15175
2026-08-07T01:00:00Z,62.62500000000001,43.58620689655171,-10,15176
2026-08-07T01:05:00Z,129.862068965517,43.58620689655171,50,15177
2026-08-07T01:10:00Z,129.862068965517,43.58620689655171,60,15178
2026-08-07T01:15:00Z,129.862068965517,43.58620689655171,0,15179
2026-08-07T01:20:00Z,129.862068965517,74.401724137931,0,15180
2026-08-07T01:25:00Z,129.862068965517,120.62499999999999,80,15181
2026-08-07T01:30:00Z,115.00472366556401,238.365,0,15182
2026-08-07T01:35:00Z,55.575342465753394,92.16,30,15183
2026-08-07T01:40:00Z,55.575342465753394,48.25,40,15184
2026-08-07T01:45:00Z,55.575342465753394,48.25,40,15185
2026-08-07T01:50:00Z,55.575342465753394,48.25,0,15186
2026-08-07T01:55:00Z,55.575342465753394,48.25,130,15187
2026-08-07T02:00:00Z,55.575342465753394,62.1111111111111,60,15188
2026-08-07T02:05:00Z,55.575342465753394,62.1111111111111,90,15189
2026-08-07T02:10:00Z,55.575342465753394,62.1111111111111,180,15190
2026-08-07T02:15:00Z,55.575342465753394,60.1719298245614,180,15191
2026-08-07T02:20:00Z,55.575342465753394,57.26315789473681,100,15192
2026-08-07T02:25:00Z,55.575342465753394,57.26315789473681,50,15193
2026-08-07T02:30:00Z,55.575342465753394,57.26315789473681,120.00000000000001,15194
2026-08-07T02:35:00Z,55.575342465753394,75.4802631578947,10,15195
2026-08-07T02:40:00Z,55.575342465753394,87.62499999999999,120.00000000000001,15196
2026-08-07T02:45:00Z,66.0554890989774,87.62499999999999,130,15197
2026-08-07T02:50:00Z,73.04225352112681,99.935,10,15198
2026-08-07T02:55:00Z,73.04225352112681,118.4,20,15199
2026-08-07T03:00:00Z,73.04225352112681,111.90666666666702,60,15200
2026-08-07T03:05:00Z,73.04225352112681,127.55333333333299,40,15201
2026-08-07T03:10:00Z,73.04225352112681,229.1,0,15202
2026-08-07T03:15:00Z,73.04225352112681,232.13,90,15203
2026-08-07T03:20:00Z,73.04225352112681,194.95000000000002,100,15204
2026-08-07T03:25:00Z,73.04225352112681,121,80,15205
2026-08-07T03:30:00Z,73.04225352112681,114.54285714285699,-10,15206
2026-08-07T03:35:00Z,73.04225352112681,104.85714285714299,30,15207
2026-08-07T03:40:00Z,73.04225352112681,1252.6666666666702,40,15208
2026-08-07T03:45:00Z,73.04225352112681,607.7333333333331,50,15209
2026-08-07T03:50:00Z,73.04225352112681,361.8,10,15210
2026-08-07T03:55:00Z,68.56681552731021,568.4,80,15211
2026-08-07T04:05:00Z,61.8536585365854,524.6153846153851,50,15212
2026-08-07T04:10:00Z,61.8536585365854,428.40564102564105,110,15213
2026-08-07T04:15:00Z,61.8536585365854,43.56666666666669,-50,15214
2026-08-07T04:20:00Z,61.8536585365854,43.56666666666669,20,15215
2026-08-07T04:25:00Z,61.8536585365854,43.56666666666669,60,15216
2026-08-07T04:30:00Z,61.8536585365854,43.56666666666669,50,15217
2026-08-07T04:35:00Z,61.8536585365854,43.56666666666669,50,15218
2026-08-07T04:40:00Z,61.8536585365854,41.22952380952381,80,15219
2026-08-07T04:45:00Z,61.8536585365854,31.8809523809524,80,15220
2026-08-07T04:50:00Z,61.8536585365854,31.8809523809524,-10,15221
2026-08-07T04:55:00Z,61.8536585365854,31.8809523809524,50,15222
2026-08-07T05:00:00Z,61.8536585365854,31.8809523809524,-20,15223
2026-08-07T05:05:00Z,61.8536585365854,31.8809523809524,100,15224
2026-08-07T05:10:00Z,61.8536585365854,31.8809523809524,110,15225
2026-08-07T05:15:00Z,61.8536585365854,31.8809523809524,50,15226
2026-08-07T05:20:00Z,66.7258064516129,31.8809523809524,40,15227
2026-08-07T05:25:00Z,66.7258064516129,62.81619047619049,20,15228
2026-08-07T05:30:00Z,66.7258064516129,70.55,30,15229
2026-08-07T05:35:00Z,66.7258064516129,70.55,60,15230
2026-08-07T05:40:00Z,66.7258064516129,70.55,0,15231
2026-08-07T05:45:00Z,66.7258064516129,103.49181818181802,100,15232
2026-08-07T05:50:00Z,66.7258064516129,111.727272727273,20,15233
2026-08-07T05:55:00Z,66.7258064516129,123.35757575757599,70,15234
2026-08-07T06:00:00Z,66.7258064516129,131.11111111111097,50,15235
2026-08-07T06:05:00Z,66.7258064516129,227.022222222222,0,15236
2026-08-07T06:10:00Z,66.7258064516129,166.16190476190496,50,15237
2026-08-07T06:15:00Z,66.7258064516129,38.9047619047619,10,15238
2026-08-07T06:20:00Z,67.9765294771969,38.9047619047619,70,15239
2026-08-07T06:25:00Z,68.81034482758618,38.9047619047619,10,15240
2026-08-07T06:30:00Z,68.81034482758618,42.74805194805201,40,15241
2026-08-07T06:35:00Z,68.81034482758618,58.121212121212096,40,15242
2026-08-07T06:40:00Z,68.81034482758618,58.121212121212096,60,15243
2026-08-07T06:45:00Z,68.81034482758618,58.121212121212096,30,15244
2026-08-07T06:50:00Z,68.81034482758618,58.121212121212096,70,15245
2026-08-07T06:55:00Z,68.81034482758618,58.121212121212096,30,15246
2026-08-07T07:00:00Z,68.81034482758618,58.121212121212096,10,15247
2026-08-07T07:05:00Z,68.81034482758618,52.993484848484904,60,15248
2026-08-07T07:10:00Z,68.81034482758618,49.575,0,15249
2026-08-07T07:15:00Z,68.81034482758618,49.575,50,15250
2026-08-07T07:20:00Z,458.28571428571394,49.575,50,15251
2026-08-07T07:25:00Z,798.9142857142859,49.575,0,15252
2026-08-07T07:30:00Z,657.830769230769,49.575,80,15253
2026-08-07T07:35:00Z,105.576923076923,49.575,40,15254
2026-08-07T07:40:00Z,105.576923076923,49.575,20,15255
2026-08-07T07:45:00Z,105.576923076923,45.966,40,15256
2026-08-07T07:50:00Z,105.576923076923,43.56,110,15257
2026-08-07T07:55:00Z,108.09983633387898,43.56,160,15258
2026-08-07T08:00:00Z,118.19148936170201,43.56,80,15259
2026-08-07T08:05:00Z,118.19148936170201,43.56,-20,15260
2026-08-07T08:10:00Z,118.19148936170201,228.17399999999998,40,15261
2026-08-07T08:15:00Z,118.19148936170201,96.47857142857139,10,15262
2026-08-07T08:20:00Z,118.19148936170201,32.7857142857143,10,15263
2026-08-07T08:25:00Z,118.19148936170201,32.7857142857143,30,15264
2026-08-07T08:30:00Z,118.19148936170201,32.7857142857143,320,15265
2026-08-07T08:35:00Z,118.19148936170201,32.7857142857143,430.00000000000006,15266
2026-08-07T08:40:00Z,118.19148936170201,32.7857142857143,420.00000000000006,15267
2026-08-07T08:45:00Z,205.35829787234005,32.7857142857143,100,15268
2026-08-07T08:50:00Z,227.15,32.7857142857143,160,15269
2026-08-07T08:55:00Z,227.15,40.47142857142859,50,15270
2026-08-07T09:00:00Z,227.15,52,10,15271
2026-08-07T09:05:00Z,379.03,52,220,15272
2026-08-07T09:10:00Z,417,52,130,15273
2026-08-07T09:15:00Z,246.83333333333402,52,50,15274
2026-08-07T09:20:00Z,204.29166666666697,52,180,15275
2026-08-07T09:25:00Z,204.29166666666697,52,90,15276
2026-08-07T09:30:00Z,204.29166666666697,47.5777777777778,40,15277
2026-08-07T09:35:00Z,204.29166666666697,44.6296296296296,20,15278
2026-08-07T09:40:00Z,400.9285714285709,44.6296296296296,30,15279
2026-08-07T09:45:00Z,400.9285714285709,44.6296296296296,60,15280
2026-08-07T09:50:00Z,397.114285714285,44.6296296296296,0,15281
2026-08-07T09:55:00Z,381.857142857143,52.2037037037037,60,15282
2026-08-07T10:00:00Z,381.857142857143,82.5,50,15283
2026-08-07T10:05:00Z,342.2876190476189,82.5,0,15284
2026-08-07T10:10:00Z,282.933333333333,82.5,280,15285
2026-08-07T10:15:00Z,282.933333333333,82.5,400,15286
2026-08-07T10:20:00Z,260.5810526315789,57.847368421052586,339.99999999999994,15287
2026-08-07T10:25:00Z,227.052631578947,51.6842105263158,280,15288
2026-08-07T10:30:00Z,227.052631578947,51.6842105263158,150.00000000000003,15289
2026-08-07T10:35:00Z,227.052631578947,51.6842105263158,20,15290
2026-08-07T10:40:00Z,198.30676691729306,32.25,240.00000000000003,15291
2026-08-07T10:45:00Z,179.14285714285697,32.25,110,15292
2026-08-07T10:50:00Z,179.14285714285697,32.25,570.0000000000001,15293
2026-08-07T10:55:00Z,179.14285714285697,32.25,70,15294
2026-08-07T11:00:00Z,179.14285714285697,32.25,220,15295
2026-08-07T11:05:00Z,179.14285714285697,32.25,150.00000000000003,15296
2026-08-07T11:10:00Z,390.05882352941205,32.25,80,15297
2026-08-07T11:15:00Z,390.05882352941205,32.25,460,15298
2026-08-07T11:20:00Z,390.05882352941205,22.5416666666667,110,15299
2026-08-07T11:25:00Z,426.47352941176496,22.5416666666667,220,15300
2026-08-07T11:30:00Z,450.75,22.5416666666667,350,15301
2026-08-07T11:35:00Z,1153.48,22.5416666666667,280,15302
2026-08-07T11:40:00Z,899.1,222.33333333333303,80,15303
2026-08-07T11:45:00Z,282.242857142857,239.538095238095,120.00000000000001,15304
2026-08-07T11:50:00Z,128.02857142857098,44.047619047619094,320,15305
2026-08-07T11:55:00Z,128.02857142857098,44.047619047619094,50,15306
2026-08-07T12:00:00Z,128.02857142857098,44.047619047619094,270,15307
2026-08-07T12:05:00Z,128.02857142857098,55.59551820728291,130,15308
2026-08-07T12:10:00Z,128.02857142857098,63.29411764705881,20,15309
2026-08-07T12:15:00Z,128.02857142857098,63.29411764705881,250,15310
2026-08-07T12:20:00Z,106.40571428571401,114.035294117647,240.00000000000003,15311
2026-08-07T12:25:00Z,101,245.5,220,15312
2026-08-07T12:30:00Z,101,138.25,220,15313
2026-08-07T12:35:00Z,101,138.25,430.00000000000006,15314
2026-08-07T12:40:00Z,101,124.230769230769,290.00000000000006,15315
2026-08-07T12:45:00Z,101,124.230769230769,1150.0000000000002,15316
2026-08-07T12:50:00Z,101,115.40512820512801,190,15317
2026-08-07T12:55:00Z,131.4,213.66666666666697,329.99999999999994,15318
2026-08-07T13:00:00Z,253,330.6848484848481,230,15319
2026-08-07T13:05:00Z,253,111.36363636363599,30,15320
2026-08-07T13:10:00Z,253,94.21212121212119,40,15321
2026-08-07T13:15:00Z,899.6666666666671,68.48484848484851,70,15322
2026-08-07T13:20:00Z,2504.533333333331,68.48484848484851,140,15323
2026-08-07T13:25:00Z,650.75,68.48484848484851,40,15324
2026-08-07T13:30:00Z,521.13,68.48484848484851,210.00000000000003,15325
2026-08-07T13:35:00Z,326.7,68.48484848484851,40,15326
2026-08-07T13:40:00Z,265.47806451612894,68.48484848484851,20,15327
2026-08-07T13:45:00Z,173.64516129032296,90.29696969696971,110,15328
2026-08-07T13:50:00Z,173.64516129032296,95.75,190,15329
2026-08-07T13:55:00Z,173.64516129032296,95.75,110,15330
2026-08-07T14:00:00Z,173.64516129032296,207.8,10,15331
2026-08-07T14:05:00Z,173.64516129032296,629.6333333333331,110,15332
2026-08-07T14:10:00Z,192.091129032258,352.14666666666704,180,15333
2026-08-07T14:15:00Z,265.875,527.22,240.00000000000003,15334
2026-08-07T14:20:00Z,265.875,127.75,250,15335
2026-08-07T14:25:00Z,265.875,127.75,540,15336
2026-08-07T14:30:00Z,270.2941176470589,251.45000000000002,1520,15337
2026-08-07T14:35:00Z,270.2941176470589,211.75,310,15338
2026-08-07T14:40:00Z,270.2941176470589,585.25,410.00000000000006,15339
2026-08-07T14:45:00Z,209.89264705882405,288.41666666666697,320,15340
2026-08-07T14:50:00Z,169.625,299.6190476190481,450,15341
2026-08-07T14:55:00Z,169.625,344.4285714285709,310,15342
2026-08-07T15:00:00Z,169.625,216.405714285714,30,15343
2026-08-07T15:05:00Z,169.625,256.61333333333306,70,15344
2026-08-07T15:10:00Z,392.48499999999996,233.88888888888906,100,15345
2026-08-07T15:15:00Z,448.2,348.97777777777793,20,15346
2026-08-07T15:20:00Z,258.7347368421059,390.066666666667,240.00000000000003,15347
2026-08-07T15:25:00Z,211.36842105263207,378.773333333333,310,15348
2026-08-07T15:30:00Z,211.36842105263207,239.085,210.00000000000003,15349
2026-08-07T15:35:00Z,211.36842105263207,126.62499999999999,290.00000000000006,15350
2026-08-07T15:40:00Z,271.733333333333,169.886363636364,230,15351
2026-08-07T15:45:00Z,271.733333333333,198.727272727273,320,15352
2026-08-07T15:50:00Z,271.733333333333,264.56969696969696,200,15353
2026-08-07T15:55:00Z,688.0952380952378,318.809523809524,90,15354
2026-08-07T16:00:00Z,688.0952380952378,140.71428571428595,160,15355
2026-08-07T16:05:00Z,688.0952380952378,181.34285714285699,160,15356
2026-08-07T16:10:00Z,688.0952380952378,348.5,220,15357
2026-08-07T16:15:00Z,332.39551820728286,303.157142857143,140,15358
2026-08-07T16:20:00Z,243.470588235294,235.14285714285697,140,15359
2026-08-07T16:25:00Z,243.470588235294,512.0666666666671,440,15360
2026-08-07T16:30:00Z,239.70235294117597,379.6533333333331,230,15361
2026-08-07T16:35:00Z,234.05,1520.6799999999998,130,15362
2026-08-07T16:40:00Z,234.05,432.2,200,15363
2026-08-07T16:45:00Z,234.05,425.47999999999996,190,15364
2026-08-07T16:50:00Z,224.26999999999998,196.53176470588195,200,15365
2026-08-07T16:55:00Z,209.6,141.76470588235298,200,15366
2026-08-07T17:00:00Z,209.6,141.76470588235298,980,15367
2026-08-07T17:05:00Z,209.6,149.458823529412,600,15368
2026-08-07T17:10:00Z,254.302857142857,161,160,15369
2026-08-07T17:15:00Z,321.357142857143,53.041666666666686,170,15370
2026-08-07T17:20:00Z,321.357142857143,53.041666666666686,210.00000000000003,15371
2026-08-07T17:25:00Z,262.672857142857,53.041666666666686,160,15372
2026-08-07T17:30:00Z,223.55,53.041666666666686,210.00000000000003,15373
2026-08-07T17:35:00Z,223.55,57.733333333333306,270,15374
2026-08-07T17:40:00Z,223.55,76.5,200,15375
2026-08-07T17:45:00Z,272.41999999999996,76.5,200,15376
2026-08-07T17:50:00Z,305,76.5,210.00000000000003,15377
2026-08-07T17:55:00Z,305,254.9,190,15378
2026-08-07T18:00:00Z,267.866666666667,255.96666666666698,180,15379
2026-08-07T18:05:00Z,243.11111111111097,247.53333333333302,170,15380
2026-08-07T18:10:00Z,835.7422222222219,346,200,15381
2026-08-07T18:15:00Z,983.9,756.9,180,15382
2026-08-07T18:20:00Z,445.18,1839.5,270,15383
2026-08-07T18:25:00Z,310.5,823,200,15384
2026-08-07T18:30:00Z,247.93870967741904,448.2,180,15385
2026-08-07T18:35:00Z,154.09677419354793,264.6,310,15386
2026-08-07T18:40:00Z,154.09677419354793,737,210.00000000000003,15387
2026-08-07T18:45:00Z,154.09677419354793,98.85714285714289,230,15388
2026-08-07T18:50:00Z,154.09677419354793,98.85714285714289,200,15389
2026-08-07T18:55:00Z,154.09677419354793,103.67032967033,160,15390
2026-08-07T19:00:00Z,160.53456221198095,122.923076923077,240.00000000000003,15391
2026-08-07T19:05:00Z,186.285714285714,122.923076923077,260,15392
2026-08-07T19:10:00Z,186.285714285714,275.069230769231,210.00000000000003,15393
2026-08-07T19:15:00Z,186.285714285714,178.3,180,15394
2026-08-07T19:20:00Z,186.285714285714,349,970,15395
2026-08-07T19:25:00Z,195.5,405.6,420.00000000000006,15396
2026-08-07T19:30:00Z,195.5,244,200,15397
2026-08-07T19:35:00Z,195.5,371.6,280,15398
2026-08-07T19:40:00Z,195.5,257.08888888888896,200,15399
2026-08-07T19:45:00Z,245.8,160.222222222222,240.00000000000003,15400
2026-08-07T19:50:00Z,279.33333333333303,211.763888888889,90,15401
2026-08-07T19:55:00Z,279.33333333333303,246.125,60,15402
2026-08-07T20:00:00Z,235.93333333333302,254.8,70,15403
2026-08-07T20:05:00Z,207,179.285714285714,30,15404
2026-08-07T20:10:00Z,207,186.76428571428596,130,15405
2026-08-07T20:15:00Z,207,522.3499999999999,80,15406
2026-08-07T20:20:00Z,207.145454545454,289.97999999999996,130,15407
2026-08-07T20:25:00Z,207.181818181818,178.3,80,15408
2026-08-07T20:30:00Z,207.181818181818,279.91999999999996,120.00000000000001,15409
2026-08-07T20:35:00Z,207.181818181818,198.8,100,15410
2026-08-07T20:40:00Z,198.36126482213402,198.8,100,15411
2026-08-07T20:45:00Z,185.13043478260903,159.5,110,15412
2026-08-07T20:50:00Z,185.13043478260903,159.5,110,15413
2026-08-07T20:55:00Z,185.13043478260903,955.0909090909089,110,15414
2026-08-07T21:00:00Z,185.13043478260903,955.0909090909089,160,15415
2026-08-07T21:05:00Z,150.15201288244702,411.4981818181819,329.99999999999994,15416
2026-08-07T21:10:00Z,141.40740740740705,232.14857142857096,180,15417
2026-08-07T21:15:00Z,141.40740740740705,233.73142857142903,120.00000000000001,15418
2026-08-07T21:20:00Z,141.40740740740705,206.56,130,15419
2026-08-07T21:25:00Z,141.40740740740705,211.013333333333,190,15420
2026-08-07T21:30:00Z,272.153535353535,286.84444444444404,200,15421
2026-08-07T21:35:00Z,468.27272727272697,150.88888888888906,130,15422
2026-08-07T21:40:00Z,428.535828877005,165.133333333333,150.00000000000003,15423
2026-08-07T21:45:00Z,269.58823529411796,186.5,100,15424
2026-08-07T21:50:00Z,269.58823529411796,141.2,150.00000000000003,15425
2026-08-07T21:55:00Z,269.58823529411796,145.75714285714304,90,15426
2026-08-07T22:00:00Z,141.85764705882406,209.285714285714,70,15427
2026-08-07T22:05:00Z,109.925,166.65714285714304,90,15428
2026-08-07T22:10:00Z,109.925,192.76,170,15429
2026-08-07T22:15:00Z,109.925,301.754285714286,100,15430
2026-08-07T22:20:00Z,109.925,149.57142857142904,90,15431
2026-08-07T22:25:00Z,109.925,194.6,140,15432
2026-08-07T22:30:00Z,109.925,188.35873015873005,30,15433
2026-08-07T22:35:00Z,109.925,162.11111111111097,120.00000000000001,15434
2026-08-07T22:40:00Z,87.61576923076919,147.044444444444,170,15435
2026-08-07T22:45:00Z,82.03846153846148,137,160,15436
2026-08-07T22:50:00Z,82.03846153846148,253.4,420.00000000000006,15437
2026-08-07T22:55:00Z,82.03846153846148,301,120.00000000000001,15438
2026-08-07T23:00:00Z,82.03846153846148,184.14285714285697,280,15439
2026-08-07T23:05:00Z,82.03846153846148,174.45714285714305,150.00000000000003,15440
2026-08-07T23:10:00Z,82.03846153846148,1289.0666666666702,90,15441
2026-08-07T23:15:00Z,82.03846153846148,473.933333333333,30,15442
2026-08-07T23:20:00Z,82.03846153846148,197.125,110,15443
2026-08-07T23:25:00Z,82.03846153846148,219.075,30,15444
2026-08-07T23:30:00Z,74.5923076923077,241.525,30,15445
2026-08-07T23:35:00Z,63.423076923076906,199.625,60,15446
2026-08-07T23:40:00Z,63.423076923076906,124.61666666666702,80,15447
2026-08-07T23:45:00Z,63.423076923076906,74.6111111111111,30,15448
2026-08-07T23:50:00Z,63.423076923076906,74.6111111111111,50,15449
2026-08-07T23:55:00Z,63.423076923076906,74.6111111111111,20,15450
2026-08-08T00:00:00Z,61.092307692307706,110.8,60,15451
2026-08-08T00:05:00Z,61.092307692307706,110.8,60,15452
2026-08-08T00:10:00Z,61.092307692307706,272.8,40,15453
2026-08-08T00:15:00Z,61.092307692307706,115.81818181818198,50,15454
2026-08-08T00:20:00Z,61.092307692307706,115.81818181818198,120.00000000000001,15455
2026-08-08T00:25:00Z,61.092307692307706,189.56363636363602,0,15456
2026-08-08T00:30:00Z,61.092307692307706,140.61538461538498,20,15457
2026-08-08T00:35:00Z,61.092307692307706,95.6923076923077,40,15458
2026-08-08T00:40:00Z,61.092307692307706,95.6923076923077,40,15459
2026-08-08T00:45:00Z,61.092307692307706,281.25,50,15460
2026-08-08T00:50:00Z,61.092307692307706,124.25,10,15461
2026-08-08T00:55:00Z,61.092307692307706,298.55,20,15462
2026-08-08T01:00:00Z,61.092307692307706,230.35000000000002,0,15463
2026-08-08T01:05:00Z,57.46417582417592,164.35555555555598,0,15464
2026-08-08T01:10:00Z,56.55714285714289,84.77777777777779,60,15465
2026-08-08T01:15:00Z,56.55714285714289,192.76666666666696,0,15466
2026-08-08T01:20:00Z,56.55714285714289,250.62,10,15467
2026-08-08T01:25:00Z,56.55714285714289,181.2,30,15468
2026-08-08T01:30:00Z,56.55714285714289,153.822857142857,30,15469
2026-08-08T01:35:00Z,56.55714285714289,156.57714285714303,10,15470
2026-08-08T01:40:00Z,56.55714285714289,213.14666666666696,0,15471
2026-08-08T01:45:00Z,56.55714285714289,103.33333333333299,30,15472
2026-08-08T01:50:00Z,56.55714285714289,103.33333333333299,20,15473
2026-08-08T01:55:00Z,56.55714285714289,114.26666666666702,0,15474
2026-08-08T02:00:00Z,56.55714285714289,158,0,15475
2026-08-08T02:05:00Z,56.55714285714289,132.618181818182,30,15476
2026-08-08T02:10:00Z,56.55714285714289,126.27272727272698,80,15477
2026-08-08T02:15:00Z,101.64989010989,115.09090909090901,40,15478
2026-08-08T02:20:00Z,112.923076923077,107.636363636364,0,15479
2026-08-08T02:25:00Z,112.923076923077,122.04848484848499,10,15480
2026-08-08T02:30:00Z,112.923076923077,167.33333333333303,30,15481
2026-08-08T02:35:00Z,112.923076923077,358,10,15482
2026-08-08T02:40:00Z,112.923076923077,581.4399999999999,70,15483
2026-08-08T02:45:00Z,112.923076923077,541.3,30,15484
2026-08-08T02:50:00Z,112.923076923077,352.02,10,15485
2026-08-08T02:55:00Z,46.5,254.8,30,15486
2026-08-08T03:00:00Z,46.5,218.96941176470597,40,15487
2026-08-08T03:05:00Z,46.5,75.64705882352938,20,15488
2026-08-08T03:10:00Z,46.5,75.64705882352938,40,15489
2026-08-08T03:15:00Z,46.5,75.64705882352938,20,15490
2026-08-08T03:20:00Z,46.5,109.849411764706,10,15491
2026-08-08T03:25:00Z,46.5,118.4,180,15492
2026-08-08T03:30:00Z,46.5,66.81333333333329,130,15493
2026-08-08T03:35:00Z,46.5,53.916666666666686,140,15494
2026-08-08T03:40:00Z,46.5,53.916666666666686,0,15495
2026-08-08T03:45:00Z,46.5,53.916666666666686,0,15496
2026-08-08T03:50:00Z,46.5,53.916666666666686,0,15497
2026-08-08T03:55:00Z,46.5,92.2307692307692,10,15498
2026-08-08T04:05:00Z,46.5,64.9977207977208,80,15499
2026-08-08T04:10:00Z,46.5,24.1481481481481,20,15500
2026-08-08T04:15:00Z,46.5,24.1481481481481,0,15501
2026-08-08T04:20:00Z,36.269600000000004,24.1481481481481,0,15502
2026-08-08T04:25:00Z,33.712,24.1481481481481,0,15503
2026-08-08T04:30:00Z,33.712,24.1481481481481,0,15504
2026-08-08T04:35:00Z,33.712,24.1481481481481,60,15505
2026-08-08T04:40:00Z,33.712,24.1481481481481,10,15506
2026-08-08T04:45:00Z,33.712,24.1481481481481,10,15507
2026-08-08T04:50:00Z,33.712,24.1481481481481,0,15508
2026-08-08T04:55:00Z,33.712,24.1481481481481,20,15509
2026-08-08T05:00:00Z,33.712,33.02592592592592,0,15510
2026-08-08T05:05:00Z,33.712,38.944444444444386,50,15511
2026-08-08T05:10:00Z,33.712,38.944444444444386,70,15512
2026-08-08T05:15:00Z,33.712,38.944444444444386,10,15513
2026-08-08T05:20:00Z,33.712,38.944444444444386,0,15514
2026-08-08T05:25:00Z,33.712,38.944444444444386,10,15515
2026-08-08T05:30:00Z,33.712,38.944444444444386,50,15516
2026-08-08T05:35:00Z,33.712,41.52051282051281,50,15517
2026-08-08T05:40:00Z,33.712,45.384615384615394,20,15518
2026-08-08T05:45:00Z,33.712,45.384615384615394,0,15519
2026-08-08T05:50:00Z,33.712,45.384615384615394,0,15520
2026-08-08T05:55:00Z,33.712,45.384615384615394,30,15521
2026-08-08T06:00:00Z,33.712,43.953406593406584,40,15522
2026-08-08T06:05:00Z,33.712,38.228571428571414,50,15523
2026-08-08T06:10:00Z,33.712,38.228571428571414,10,15524
2026-08-08T06:15:00Z,33.712,38.228571428571414,0,15525
2026-08-08T06:20:00Z,33.712,38.228571428571414,20,15526
2026-08-08T06:25:00Z,59.5424,38.228571428571414,50,15527
2026-08-08T06:30:00Z,66,38.228571428571414,80,15528
2026-08-08T06:35:00Z,66,42.035031055900596,0,15529
2026-08-08T06:40:00Z,66,57.260869565217384,20,15530
2026-08-08T06:45:00Z,66,57.260869565217384,10,15531
2026-08-08T06:50:00Z,66,57.260869565217384,20,15532
2026-08-08T06:55:00Z,66,57.260869565217384,0,15533
2026-08-08T07:00:00Z,66,49.22934782608701,0,15534
2026-08-08T07:05:00Z,66,43.875,80,15535
2026-08-08T07:10:00Z,66,43.875,30,15536
2026-08-08T07:15:00Z,66,69.52499999999999,10,15537
2026-08-08T07:20:00Z,66,108,30,15538
2026-08-08T07:25:00Z,145.84615384615398,65.4105263157895,0,15539
2026-08-08T07:30:00Z,265.61538461538504,54.76315789473681,0,15540
2026-08-08T07:35:00Z,265.61538461538504,54.76315789473681,40,15541
2026-08-08T07:40:00Z,226.768791208791,54.76315789473681,10,15542
2026-08-08T07:45:00Z,217.05714285714305,54.76315789473681,50,15543
2026-08-08T07:50:00Z,217.05714285714305,54.76315789473681,20,15544
2026-08-08T07:55:00Z,217.05714285714305,54.76315789473681,30,15545
2026-08-08T08:00:00Z,217.05714285714305,48.176564051638486,0,15546
2026-08-08T08:05:00Z,217.05714285714305,21.8301886792453,20,15547
2026-08-08T08:10:00Z,217.05714285714305,21.8301886792453,20,15548
2026-08-08T08:15:00Z,398.7447619047621,21.8301886792453,210.00000000000003,15549
2026-08-08T08:20:00Z,3113.8666666666695,21.8301886792453,80,15550
2026-08-08T08:25:00Z,590,21.8301886792453,0,15551
2026-08-08T08:30:00Z,590,21.8301886792453,40,15552
2026-08-08T08:35:00Z,452.821621621622,21.8301886792453,10,15553
2026-08-08T08:40:00Z,247.05405405405398,21.8301886792453,0,15554
2026-08-08T08:45:00Z,247.05405405405398,21.8301886792453,190,15555
2026-08-08T08:50:00Z,247.05405405405398,21.8301886792453,550,15556
2026-08-08T08:55:00Z,247.05405405405398,43.36332547169809,90,15557
2026-08-08T09:00:00Z,247.05405405405398,57.71875000000001,30,15558
2026-08-08T09:05:00Z,247.05405405405398,57.71875000000001,-40,15559
2026-08-08T09:10:00Z,247.05405405405398,57.71875000000001,339.99999999999994,15560
2026-08-08T09:15:00Z,296.78571428571394,57.71875000000001,120.00000000000001,15561
2026-08-08T09:20:00Z,296.78571428571394,57.71875000000001,60,15562
2026-08-08T09:25:00Z,255.26357142857094,52.444767441860485,100,15563
2026-08-08T09:30:00Z,89.17499999999998,31.348837209302296,3040,15564
2026-08-08T09:35:00Z,89.17499999999998,31.348837209302296,329.99999999999994,15565
2026-08-08T09:40:00Z,89.17499999999998,31.348837209302296,400,15566
2026-08-08T09:45:00Z,89.17499999999998,31.348837209302296,1170.0000000000002,15567
2026-08-08T09:50:00Z,89.17499999999998,31.348837209302296,50,15568
2026-08-08T09:55:00Z,89.17499999999998,31.348837209302296,0,15569
2026-08-08T10:00:00Z,89.17499999999998,31.348837209302296,-20,15570
2026-08-08T10:05:00Z,103.146451612903,31.348837209302296,-30,15571
2026-08-08T10:10:00Z,159.032258064516,29.103820598006603,-20,15572
2026-08-08T10:15:00Z,159.032258064516,27.607142857142897,20,15573
2026-08-08T10:20:00Z,159.032258064516,27.607142857142897,110,15574
2026-08-08T10:25:00Z,159.032258064516,27.607142857142897,720,15575
2026-08-08T10:30:00Z,159.032258064516,27.607142857142897,10,15576
2026-08-08T10:35:00Z,159.032258064516,27.607142857142897,10,15577
2026-08-08T10:40:00Z,145.46875,27.607142857142897,180,15578
2026-08-08T10:45:00Z,145.46875,27.607142857142897,0,15579
2026-08-08T10:50:00Z,145.46875,27.607142857142897,0,15580
2026-08-08T10:55:00Z,145.46875,27.607142857142897,180,15581
2026-08-08T11:00:00Z,145.46875,27.607142857142897,0,15582
2026-08-08T11:05:00Z,145.46875,29.634555984556005,0,15583
2026-08-08T11:10:00Z,115.57416666666701,32.675675675675706,0,15584
2026-08-08T11:15:00Z,95.6444444444444,32.675675675675706,160,15585
2026-08-08T11:20:00Z,95.6444444444444,32.675675675675706,80,15586
2026-08-08T11:25:00Z,95.6444444444444,32.675675675675706,40,15587
2026-08-08T11:30:00Z,95.6444444444444,32.675675675675706,50,15588
2026-08-08T11:35:00Z,95.6444444444444,32.675675675675706,30,15589
2026-08-08T11:40:00Z,95.6444444444444,32.675675675675706,130,15590
2026-08-08T11:45:00Z,95.6444444444444,37.7142857142857,200,15591
2026-08-08T11:50:00Z,95.6444444444444,37.7142857142857,120.00000000000001,15592
2026-08-08T11:55:00Z,193.61777777777797,37.7142857142857,140,15593
2026-08-08T12:00:00Z,258.933333333333,37.7142857142857,40,15594
2026-08-08T12:05:00Z,258.933333333333,54.9678571428571,140,15595
2026-08-08T12:10:00Z,308.8590476190471,59.28125,100,15596
2026-08-08T12:15:00Z,342.14285714285705,59.28125,90,15597
2026-08-08T12:20:00Z,342.14285714285705,59.28125,240.00000000000003,15598
2026-08-08T12:25:00Z,281.29010989010993,59.28125,60,15599
2026-08-08T12:30:00Z,266.076923076923,59.28125,120.00000000000001,15600
2026-08-08T12:35:00Z,266.076923076923,122.902083333333,20,15601
2026-08-08T12:40:00Z,266.076923076923,168.23809523809499,40,15602
2026-08-08T12:45:00Z,266.076923076923,155.71428571428595,100,15603
2026-08-08T12:50:00Z,285.44505494505495,155.71428571428595,10,15604
2026-08-08T12:55:00Z,298.357142857143,155.71428571428595,-10,15605
2026-08-08T13:00:00Z,298.357142857143,185.685714285714,0,15606
2026-08-08T13:05:00Z,200.638095238095,205.66666666666697,0,15607
2026-08-08T13:10:00Z,176.20833333333303,205.98333333333304,160,15608
2026-08-08T13:15:00Z,176.20833333333303,207.25,240.00000000000003,15609
2026-08-08T13:20:00Z,176.20833333333303,1326.4466666666704,339.99999999999994,15610
2026-08-08T13:25:00Z,176.20833333333303,922.7333333333331,230,15611
2026-08-08T13:30:00Z,269.71111111111094,922.7333333333331,270,15612
2026-08-08T13:35:00Z,254.851851851852,785.2700000000001,730,15613
2026-08-08T13:40:00Z,254.851851851852,235.41666666666697,30,15614
2026-08-08T13:45:00Z,254.851851851852,235.41666666666697,80,15615
2026-08-08T13:50:00Z,254.851851851852,235.41666666666697,90,15616
2026-08-08T13:55:00Z,282.18814814814795,235.41666666666697,80,15617
2026-08-08T14:00:00Z,391.533333333333,235.41666666666697,380,15618
2026-08-08T14:05:00Z,391.533333333333,235.41666666666697,80,15619
2026-08-08T14:10:00Z,370.426666666666,235.41666666666697,170,15620
2026-08-08T14:15:00Z,286,420.08,260,15621
2026-08-08T14:20:00Z,286,286.466666666667,290.00000000000006,15622
2026-08-08T14:25:00Z,286,286.466666666667,170,15623
2026-08-08T14:30:00Z,137.026315789474,162.415238095238,80,15624
2026-08-08T14:35:00Z,137.026315789474,79.71428571428571,40,15625
2026-08-08T14:40:00Z,137.026315789474,79.71428571428571,650,15626
2026-08-08T14:45:00Z,137.026315789474,73.50807453416148,90,15627
2026-08-08T14:50:00Z,137.026315789474,71.95652173913041,140,15628
2026-08-08T14:55:00Z,137.026315789474,71.95652173913041,40,15629
2026-08-08T15:00:00Z,137.026315789474,71.95652173913041,210.00000000000003,15630
2026-08-08T15:05:00Z,130.36714082503605,91.1652173913044,290.00000000000006,15631
2026-08-08T15:10:00Z,120.37837837837797,168,270,15632
2026-08-08T15:15:00Z,120.37837837837797,136.15555555555596,260,15633
2026-08-08T15:20:00Z,120.37837837837797,88.38888888888887,220,15634
2026-08-08T15:25:00Z,120.37837837837797,88.38888888888887,250,15635
2026-08-08T15:30:00Z,120.37837837837797,88.38888888888887,310,15636
2026-08-08T15:35:00Z,120.37837837837797,311.117777777778,300,15637
2026-08-08T15:40:00Z,120.37837837837797,154.33142857142906,60,15638
2026-08-08T15:45:00Z,177.32000000000002,101.214285714286,280,15639
2026-08-08T15:50:00Z,177.32000000000002,101.214285714286,430.00000000000006,15640
2026-08-08T15:55:00Z,177.32000000000002,123.66666666666701,80,15641
2026-08-08T16:00:00Z,177.32000000000002,143.70833333333303,90,15642
2026-08-08T16:05:00Z,177.32000000000002,223.875,120.00000000000001,15643
2026-08-08T16:10:00Z,165.70370370370395,274.53749999999997,80,15644
2026-08-08T16:15:00Z,165.70370370370395,112.93750000000001,80,15645
2026-08-08T16:20:00Z,165.70370370370395,112.93750000000001,100,15646
2026-08-08T16:25:00Z,165.70370370370395,112.93750000000001,40,15647
2026-08-08T16:30:00Z,165.70370370370395,42.8125,70,15648
2026-08-08T16:35:00Z,175.31481481481498,42.8125,70,15649
2026-08-08T16:40:00Z,181.722222222222,42.8125,120.00000000000001,15650
2026-08-08T16:45:00Z,181.722222222222,42.8125,70,15651
2026-08-08T16:50:00Z,181.722222222222,42.8125,150.00000000000003,15652
2026-08-08T16:55:00Z,309.4705882352939,42.8125,130,15653
2026-08-08T17:00:00Z,309.4705882352939,166.525,10,15654
2026-08-08T17:05:00Z,309.4705882352939,270.8,180,15655
2026-08-08T17:10:00Z,246.65187165775401,369.54285714285703,70,15656
2026-08-08T17:15:00Z,204.772727272727,507.057142857143,70,15657
2026-08-08T17:20:00Z,204.772727272727,166.16666666666697,170,15658
2026-08-08T17:25:00Z,204.772727272727,510.033333333333,20,15659
2026-08-08T17:30:00Z,236.272727272727,279,100,15660
2026-08-08T17:35:00Z,362.27272727272697,279,100,15661
2026-08-08T17:40:00Z,362.27272727272697,213.12,70,15662
2026-08-08T17:45:00Z,308,114.3,210.00000000000003,15663
2026-08-08T17:50:00Z,308,167.58,70,15664
2026-08-08T17:55:00Z,308,247.5,170,15665
2026-08-08T18:00:00Z,235.686956521739,233.3,110,15666
2026-08-08T18:05:00Z,187.478260869565,349.266666666667,320,15667
2026-08-08T18:10:00Z,187.478260869565,200.513333333333,160,15668
2026-08-08T18:15:00Z,187.478260869565,293.9,160,15669
2026-08-08T18:20:00Z,187.478260869565,281.71999999999997,210.00000000000003,15670
2026-08-08T18:25:00Z,250.294117647059,233,150.00000000000003,15671
2026-08-08T18:30:00Z,250.294117647059,284.33333333333303,120.00000000000001,15672
2026-08-08T18:35:00Z,250.294117647059,318.555555555556,100,15673
2026-08-08T18:40:00Z,210.70226244343903,102.43111111111101,90,15674
2026-08-08T18:45:00Z,184.30769230769204,48.4,200,15675
2026-08-08T18:50:00Z,184.30769230769204,244.702222222222,280,15676
2026-08-08T18:55:00Z,184.30769230769204,293.77777777777794,170,15677
2026-08-08T19:00:00Z,184.30769230769204,399.2,190,15678
2026-08-08T19:05:00Z,187.99514170040501,490.466666666667,230,15679
2026-08-08T19:10:00Z,193.526315789474,246.733333333333,110,15680
2026-08-08T19:15:00Z,193.526315789474,317,100,15681
2026-08-08T19:20:00Z,193.526315789474,473.533333333333,220,15682
2026-08-08T19:25:00Z,292.96052631579,283.126666666667,90,15683
2026-08-08T19:30:00Z,359.25,118.1,160,15684
2026-08-08T19:35:00Z,359.25,438.17333333333306,110,15685
2026-08-08T19:40:00Z,265.6348484848481,382.53939393939396,100,15686
2026-08-08T19:45:00Z,125.21212121212099,204.45454545454498,200,15687
2026-08-08T19:50:00Z,125.21212121212099,149.60606060606096,210.00000000000003,15688
2026-08-08T19:55:00Z,125.21212121212099,67.33333333333329,120.00000000000001,15689
2026-08-08T20:00:00Z,125.21212121212099,67.33333333333329,140,15690
2026-08-08T20:05:00Z,125.21212121212099,87.46666666666671,170,15691
2026-08-08T20:10:00Z,125.21212121212099,117.66666666666701,50,15692
2026-08-08T20:15:00Z,212.509090909091,117.66666666666701,160,15693
2026-08-08T20:20:00Z,234.33333333333303,122.56923076923101,90,15694
2026-08-08T20:25:00Z,234.33333333333303,129.923076923077,160,15695
2026-08-08T20:30:00Z,1463.7333333333297,129.923076923077,20,15696
2026-08-08T20:35:00Z,1766.4833333333297,107.066968325792,290.00000000000006,15697
2026-08-08T20:40:00Z,615.3456521739128,101.35294117647096,390,15698
2026-08-08T20:45:00Z,407.869565217391,101.35294117647096,140,15699
2026-08-08T20:50:00Z,407.869565217391,101.571764705882,140,15700
2026-08-08T20:55:00Z,407.869565217391,101.9,50,15701
2026-08-08T21:00:00Z,351.95279503105604,131.38000000000002,100,15702
2026-08-08T21:05:00Z,128.285714285714,175.6,90,15703
2026-08-08T21:10:00Z,128.285714285714,152.46769230769203,40,15704
2026-08-08T21:15:00Z,128.285714285714,117.76923076923102,120.00000000000001,15705
2026-08-08T21:20:00Z,128.285714285714,117.76923076923102,70,15706
2026-08-08T21:25:00Z,128.285714285714,59.117482517482486,370,15707
2026-08-08T21:30:00Z,128.285714285714,44.45454545454549,140,15708
2026-08-08T21:35:00Z,114.60357142857099,110.631818181818,60,15709
2026-08-08T21:40:00Z,59.875,154.75,1260,15710
2026-08-08T21:45:00Z,59.875,154.75,1230,15711
2026-08-08T21:50:00Z,59.875,278.45,1050,15712
2026-08-08T21:55:00Z,59.875,303.9111111111109,100,15713
2026-08-08T22:00:00Z,59.875,263.88888888888897,50,15714
2026-08-08T22:05:00Z,59.875,162.545454545455,180,15715
2026-08-08T22:10:00Z,59.875,162.545454545455,160,15716
2026-08-08T22:15:00Z,59.875,155.490909090909,210.00000000000003,15717
2026-08-08T22:20:00Z,59.875,153.727272727273,100,15718
2026-08-08T22:25:00Z,59.875,167.015909090909,20,15719
2026-08-08T22:30:00Z,59.875,175.875,80,15720
2026-08-08T22:35:00Z,59.875,205,40,15721
2026-08-08T22:40:00Z,59.875,219.133333333333,100,15722
2026-08-08T22:45:00Z,59.875,208.09166666666698,50,15723
2026-08-08T22:50:00Z,64.7161764705882,198.375,110,15724
2026-08-08T22:55:00Z,65.9264705882353,132.923076923077,60,15725
2026-08-08T23:00:00Z,65.9264705882353,132.923076923077,90,15726
2026-08-08T23:05:00Z,65.9264705882353,152.220512820513,-10,15727
2026-08-08T23:10:00Z,65.9264705882353,179.33333333333303,20,15728
2026-08-08T23:15:00Z,65.9264705882353,172,20,15729
2026-08-08T23:20:00Z,65.9264705882353,172,-30,15730
2026-08-08T23:25:00Z,65.9264705882353,129.36,-50,15731
2026-08-08T23:30:00Z,65.9264705882353,118.7,100,15732
2026-08-08T23:35:00Z,65.9264705882353,243.60666666666697,50,15733
2026-08-08T23:40:00Z,65.9264705882353,208.573333333333,40,15734
2026-08-08T23:45:00Z,65.9264705882353,164.4,-10,15735
2026-08-08T23:50:00Z,65.9264705882353,135.96,120.00000000000001,15736
2026-08-08T23:55:00Z,65.9264705882353,117,-20,15737
2026-08-09T00:00:00Z,NA,117,20,15738
2026-08-09T00:05:00Z,NA,163.844444444444,30,15739
2026-08-09T00:10:00Z,NA,175.55555555555597,90,15740
2026-08-09T00:15:00Z,NA,80.41666666666671,80,15741
2026-08-09T00:20:00Z,NA,80.41666666666671,0,15742
2026-08-09T00:25:00Z,NA,247.06666666666698,10,15743
2026-08-09T00:30:00Z,NA,419.94,80,15744
2026-08-09T00:35:00Z,NA,341.32,50,15745
2026-08-09T00:40:00Z,NA,84.4,20,15746
2026-08-09T00:45:00Z,NA,84.4,30,15747
2026-08-09T00:50:00Z,NA,81.82095238095239,0,15748
2026-08-09T00:55:00Z,NA,77.95238095238088,-30,15749
2026-08-09T01:00:00Z,28.825657894736796,77.95238095238088,20,15750
2026-08-09T01:05:00Z,38.4342105263158,77.95238095238088,-30,15751
2026-08-09T01:10:00Z,38.4342105263158,98.56190476190481,-30,15752
2026-08-09T01:15:00Z,38.4342105263158,181,-30,15753
2026-08-09T01:20:00Z,38.4342105263158,356.6,-30,15754
2026-08-09T01:25:00Z,38.4342105263158,356.6,-30,15755
2026-08-09T01:30:00Z,38.4342105263158,1432.2,-30,15756
2026-08-09T01:35:00Z,38.4342105263158,1911.2,-30,15757
2026-08-09T01:40:00Z,38.4342105263158,1478.8,-30,15758
2026-08-09T01:45:00Z,38.4342105263158,580.6666666666671,-30,15759
2026-08-09T01:50:00Z,38.4342105263158,223.733333333333,-30,15760
2026-08-09T01:55:00Z,38.4342105263158,134.5,-30,15761
2026-08-09T02:00:00Z,38.4342105263158,168.81428571428597,-30,15762
2026-08-09T02:05:00Z,38.4342105263158,220.285714285714,-30,15763
2026-08-09T02:10:00Z,38.4342105263158,56.6,-30,15764
2026-08-09T02:15:00Z,38.675910931174116,56.6,-20,15765
2026-08-09T02:20:00Z,39.0384615384615,56.6,-20,15766
2026-08-09T02:25:00Z,39.0384615384615,56.6,-10,15767
2026-08-09T02:30:00Z,39.0384615384615,56.6,0,15768
2026-08-09T02:35:00Z,39.0384615384615,56.6,0,15769
2026-08-09T02:40:00Z,39.0384615384615,39.0975609756098,10,15770
2026-08-09T02:45:00Z,39.0384615384615,39.0975609756098,10,15771
2026-08-09T02:50:00Z,39.0384615384615,39.0975609756098,10,15772
2026-08-09T02:55:00Z,39.0384615384615,39.0975609756098,10,15773
2026-08-09T03:00:00Z,39.0384615384615,39.0975609756098,20,15774
2026-08-09T03:05:00Z,39.0384615384615,39.0975609756098,20,15775
2026-08-09T03:10:00Z,106.90476190476201,39.0975609756098,30,15776
2026-08-09T03:15:00Z,106.90476190476201,39.0975609756098,30,15777
2026-08-09T03:20:00Z,106.90476190476201,68.7879332477535,40,15778
2026-08-09T03:25:00Z,106.90476190476201,76.2105263157895,100,15779
2026-08-09T03:30:00Z,105.280952380952,76.2105263157895,20,15780
2026-08-09T03:35:00Z,104.87499999999999,76.2105263157895,10,15781
2026-08-09T03:40:00Z,104.87499999999999,21.913043478260896,240.00000000000003,15782
2026-08-09T03:45:00Z,104.87499999999999,21.913043478260896,40,15783
2026-08-09T03:50:00Z,104.87499999999999,21.913043478260896,10,15784
2026-08-09T03:55:00Z,104.87499999999999,21.913043478260896,10,15785
2026-08-09T04:05:00Z,63.8333333333333,21.913043478260896,10,15786
2026-08-09T04:10:00Z,63.8333333333333,21.913043478260896,110,15787
2026-08-09T04:15:00Z,63.8333333333333,21.913043478260896,30,15788
2026-08-09T04:20:00Z,63.8333333333333,21.913043478260896,0,15789
2026-08-09T04:25:00Z,63.8333333333333,21.913043478260896,80,15790
2026-08-09T04:30:00Z,63.8333333333333,21.913043478260896,40,15791
2026-08-09T04:35:00Z,63.8333333333333,21.913043478260896,30,15792
2026-08-09T04:40:00Z,63.8333333333333,21.913043478260896,20,15793
2026-08-09T04:45:00Z,95.2962962962963,21.913043478260896,10,15794
2026-08-09T04:50:00Z,95.2962962962963,21.913043478260896,30,15795
2026-08-09T04:55:00Z,95.2962962962963,21.913043478260896,80,15796
2026-08-09T05:00:00Z,95.2962962962963,21.913043478260896,10,15797
2026-08-09T05:05:00Z,95.2962962962963,21.913043478260896,0,15798
2026-08-09T05:10:00Z,187.785185185185,30.716941529235402,30,15799
2026-08-09T05:15:00Z,249.444444444444,36.58620689655171,60,15800
2026-08-09T05:20:00Z,125.02962962963002,36.58620689655171,210.00000000000003,15801
2026-08-09T05:25:00Z,93.92592592592591,36.58620689655171,190,15802
2026-08-09T05:30:00Z,93.92592592592591,36.58620689655171,80,15803
2026-08-09T05:35:00Z,93.92592592592591,36.58620689655171,20,15804
2026-08-09T05:40:00Z,93.92592592592591,36.58620689655171,0,15805
2026-08-09T05:45:00Z,80.39191919191921,36.58620689655171,100,15806
2026-08-09T05:50:00Z,60.09090909090911,36.58620689655171,20,15807
2026-08-09T05:55:00Z,60.09090909090911,36.58620689655171,170,15808
2026-08-09T06:00:00Z,60.09090909090911,36.58620689655171,60,15809
2026-08-09T06:05:00Z,60.09090909090911,36.58620689655171,20,15810
2026-08-09T06:10:00Z,60.09090909090911,36.133333333333304,20,15811
2026-08-09T06:15:00Z,60.09090909090911,36.133333333333304,10,15812
2026-08-09T06:20:00Z,60.09090909090911,36.133333333333304,10,15813
2026-08-09T06:25:00Z,60.09090909090911,36.133333333333304,30,15814
2026-08-09T06:30:00Z,67.2563636363636,36.133333333333304,20,15815
2026-08-09T06:35:00Z,72.03333333333329,36.133333333333304,40,15816
2026-08-09T06:40:00Z,72.03333333333329,36.133333333333304,40,15817
2026-08-09T06:45:00Z,72.03333333333329,36.133333333333304,20,15818
2026-08-09T06:50:00Z,72.03333333333329,36.133333333333304,0,15819
2026-08-09T06:55:00Z,72.03333333333329,36.133333333333304,180,15820
2026-08-09T07:00:00Z,149.16627450980397,36.133333333333304,50,15821
2026-08-09T07:05:00Z,200.58823529411796,36.133333333333304,0,15822
2026-08-09T07:10:00Z,200.58823529411796,162.6,150.00000000000003,15823
2026-08-09T07:15:00Z,177.53487394957997,321.5285714285709,60,15824
2026-08-09T07:20:00Z,85.32142857142858,182.21428571428595,90,15825
2026-08-09T07:25:00Z,85.32142857142858,182.21428571428595,30,15826
2026-08-09T07:30:00Z,85.32142857142858,64.54285714285709,120.00000000000001,15827
2026-08-09T07:35:00Z,85.32142857142858,35.12500000000001,40,15828
2026-08-09T07:40:00Z,85.32142857142858,35.12500000000001,20,15829
2026-08-09T07:45:00Z,100.40129870129802,35.12500000000001,70,15830
2026-08-09T07:50:00Z,110.45454545454501,35.12500000000001,40,15831
2026-08-09T07:55:00Z,110.45454545454501,35.12500000000001,100,15832
2026-08-09T08:00:00Z,110.45454545454501,47.35192307692309,30,15833
2026-08-09T08:05:00Z,153.30649350649304,65.6923076923077,70,15834
2026-08-09T08:10:00Z,324.714285714286,65.6923076923077,10,15835
2026-08-09T08:15:00Z,719.8761904761911,65.6923076923077,100,15836
2026-08-09T08:20:00Z,818.6666666666671,65.6923076923077,1000,15837
2026-08-09T08:25:00Z,818.6666666666671,65.6923076923077,3720,15838
2026-08-09T08:30:00Z,818.6666666666671,65.6923076923077,210.00000000000003,15839
2026-08-09T08:35:00Z,648.466666666667,65.6923076923077,190,15840
2026-08-09T08:40:00Z,666.7,157.47692307692301,30,15841
2026-08-09T08:45:00Z,912.089189189189,103.58333333333299,100,15842
2026-08-09T08:50:00Z,133.945945945946,103.58333333333299,850.0000000000001,15843
2026-08-09T08:55:00Z,133.945945945946,103.58333333333299,1150.0000000000002,15844
2026-08-09T09:00:00Z,133.945945945946,103.58333333333299,70,15845
2026-08-09T09:05:00Z,133.945945945946,115.895238095238,-40,15846
2026-08-09T09:10:00Z,133.945945945946,165.14285714285697,-30,15847
2026-08-09T09:15:00Z,133.945945945946,85.931797235023,0,15848
2026-08-09T09:20:00Z,133.945945945946,66.12903225806447,130,15849
2026-08-09T09:25:00Z,86.09585585585579,66.12903225806447,50,15850
2026-08-09T09:30:00Z,74.13333333333328,66.12903225806447,80,15851
2026-08-09T09:35:00Z,74.13333333333328,66.12903225806447,90,15852
2026-08-09T09:40:00Z,74.13333333333328,66.12903225806447,70,15853
2026-08-09T09:45:00Z,74.13333333333328,63.4654060066741,10,15854
2026-08-09T09:50:00Z,74.13333333333328,61.6896551724138,40,15855
2026-08-09T09:55:00Z,89.19703703703709,61.6896551724138,10,15856
2026-08-09T10:00:00Z,92.962962962963,61.6896551724138,30,15857
2026-08-09T10:05:00Z,92.962962962963,61.6896551724138,80,15858
2026-08-09T10:10:00Z,92.962962962963,61.6896551724138,10,15859
2026-08-09T10:15:00Z,92.962962962963,43.1645977011494,60,15860
2026-08-09T10:20:00Z,113.839316239316,38.5333333333333,50,15861
2026-08-09T10:25:00Z,145.153846153846,38.5333333333333,90,15862
2026-08-09T10:30:00Z,145.153846153846,38.5333333333333,60,15863
2026-08-09T10:35:00Z,703.097435897436,38.5333333333333,100,15864
2026-08-09T10:40:00Z,182.16666666666697,38.5333333333333,30,15865
2026-08-09T10:45:00Z,182.16666666666697,82.24000000000001,450,15866
2026-08-09T10:50:00Z,182.16666666666697,93.1666666666667,150.00000000000003,15867
2026-08-09T10:55:00Z,118.69047619047699,93.1666666666667,40,15868
2026-08-09T11:00:00Z,102.82142857142898,92.87777777777778,40,15869
2026-08-09T11:05:00Z,102.82142857142898,91.7222222222222,220,15870
2026-08-09T11:10:00Z,102.82142857142898,91.7222222222222,80,15871
2026-08-09T11:15:00Z,102.82142857142898,91.7222222222222,20,15872
2026-08-09T11:20:00Z,116.32773109243698,79.48888888888888,30,15873
2026-08-09T11:25:00Z,170.35294117647103,71.33333333333329,30,15874
2026-08-09T11:30:00Z,170.35294117647103,71.33333333333329,130,15875
2026-08-09T11:35:00Z,170.35294117647103,71.33333333333329,60,15876
2026-08-09T11:40:00Z,76.2539215686276,56.93103448275859,130,15877
2026-08-09T11:45:00Z,52.7291666666667,56.93103448275859,110,15878
2026-08-09T11:50:00Z,52.7291666666667,56.93103448275859,60,15879
2026-08-09T11:55:00Z,52.7291666666667,56.93103448275859,30,15880
2026-08-09T12:00:00Z,52.7291666666667,56.93103448275859,300,15881
2026-08-09T12:05:00Z,52.7291666666667,83.65911330049259,40,15882
2026-08-09T12:10:00Z,52.7291666666667,190.57142857142904,30,15883
2026-08-09T12:15:00Z,52.7291666666667,1629.18095238095,0,15884
2026-08-09T12:20:00Z,52.7291666666667,934.891228070175,30,15885
2026-08-09T12:25:00Z,55.8833333333334,232.26315789473696,0,15886
2026-08-09T12:30:00Z,68.5,232.26315789473696,-10,15887
2026-08-09T12:35:00Z,68.5,232.26315789473696,10,15888
2026-08-09T12:40:00Z,68.5,1187.4526315789499,120.00000000000001,15889
2026-08-09T12:45:00Z,68.5,1500.1731958762898,20,15890
2026-08-09T12:50:00Z,68.5,91.8659793814433,20,15891
2026-08-09T12:55:00Z,38.71666666666669,91.8659793814433,10,15892
2026-08-09T13:00:00Z,38.71666666666669,91.8659793814433,240.00000000000003,15893
2026-08-09T13:05:00Z,38.71666666666669,91.8659793814433,200,15894
2026-08-09T13:10:00Z,38.71666666666669,91.8659793814433,80,15895
2026-08-09T13:15:00Z,38.71666666666669,91.8659793814433,0,15896
2026-08-09T13:20:00Z,38.71666666666669,91.8659793814433,20,15897
2026-08-09T13:25:00Z,38.71666666666669,91.8659793814433,30,15898
2026-08-09T13:30:00Z,38.71666666666669,91.8659793814433,0,15899
2026-08-09T13:35:00Z,38.71666666666669,91.8659793814433,20,15900
2026-08-09T13:40:00Z,38.71666666666669,91.8659793814433,20,15901
2026-08-09T13:45:00Z,38.71666666666669,91.8659793814433,20,15902
2026-08-09T13:50:00Z,38.71666666666669,91.8659793814433,20,15903
2026-08-09T13:55:00Z,38.71666666666669,91.8659793814433,0,15904
2026-08-09T14:00:00Z,38.71666666666669,91.8659793814433,20,15905
2026-08-09T14:05:00Z,38.71666666666669,91.8659793814433,10,15906
2026-08-09T14:10:00Z,38.71666666666669,91.8659793814433,10,15907
2026-08-09T14:15:00Z,38.71666666666669,91.8659793814433,0,15908
2026-08-09T14:20:00Z,38.71666666666669,91.8659793814433,10,15909
2026-08-09T14:25:00Z,38.71666666666669,119.65319587628898,0,15910
2026-08-09T14:30:00Z,38.71666666666669,126.6,10,15911
2026-08-09T14:35:00Z,38.71666666666669,277.08,10,15912
2026-08-09T14:40:00Z,38.71666666666669,153.26666666666696,0,15913
2026-08-09T14:45:00Z,38.71666666666669,153.26666666666696,0,15914
2026-08-09T14:50:00Z,38.71666666666669,224.05666666666698,20,15915
2026-08-09T14:55:00Z,35.6,148.56578947368402,20,15916
2026-08-09T15:00:00Z,35.6,117.89473684210499,70,15917
2026-08-09T15:05:00Z,35.6,117.89473684210499,150.00000000000003,15918
2026-08-09T15:10:00Z,35.6,117.89473684210499,0,15919
2026-08-09T15:15:00Z,35.6,49.875,10,15920
2026-08-09T15:20:00Z,35.6,49.875,10,15921
2026-08-09T15:25:00Z,35.6,49.875,30,15922
2026-08-09T15:30:00Z,35.6,350.135,20,15923
2026-08-09T15:35:00Z,35.6,174.90666666666698,20,15924
2026-08-09T15:40:00Z,35.6,112.33333333333299,0,15925
2026-08-09T15:45:00Z,35.6,112.33333333333299,10,15926
2026-08-09T15:50:00Z,35.6,96.88245614035088,40,15927
2026-08-09T15:55:00Z,35.6,67.0263157894737,0,15928
2026-08-09T16:00:00Z,35.6,67.0263157894737,20,15929
2026-08-09T16:05:00Z,35.6,67.0263157894737,10,15930
2026-08-09T16:10:00Z,35.6,67.0263157894737,10,15931
2026-08-09T16:15:00Z,81.37931034482759,67.0263157894737,20,15932
2026-08-09T16:20:00Z,81.37931034482759,67.0263157894737,0,15933
2026-08-09T16:25:00Z,81.37931034482759,67.0263157894737,40,15934
2026-08-09T16:30:00Z,81.37931034482759,78.30769230769229,40,15935
2026-08-09T16:35:00Z,81.37931034482759,78.30769230769229,80,15936
2026-08-09T16:40:00Z,81.6434482758621,78.30769230769229,70,15937
2026-08-09T16:45:00Z,82.7,78.30769230769229,40,15938
2026-08-09T16:50:00Z,82.7,78.30769230769229,80,15939
2026-08-09T16:55:00Z,82.7,77.8078799249531,50,15940
2026-08-09T17:00:00Z,86.80827586206898,77.6829268292683,30,15941
2026-08-09T17:05:00Z,103.24137931034501,77.6829268292683,60,15942
2026-08-09T17:10:00Z,103.24137931034501,77.6829268292683,310,15943
2026-08-09T17:15:00Z,103.24137931034501,77.6829268292683,80,15944
2026-08-09T17:20:00Z,103.24137931034501,77.6829268292683,50,15945
2026-08-09T17:25:00Z,103.24137931034501,77.6829268292683,50,15946
2026-08-09T17:30:00Z,192.87816091954,77.6829268292683,10,15947
2026-08-09T17:35:00Z,289.375757575757,41.3731707317073,20,15948
2026-08-09T17:40:00Z,137.545454545455,17.1666666666667,150.00000000000003,15949
2026-08-09T17:45:00Z,137.545454545455,17.1666666666667,290.00000000000006,15950
2026-08-09T17:50:00Z,137.545454545455,17.1666666666667,60,15951
2026-08-09T17:55:00Z,137.545454545455,17.1666666666667,60,15952
2026-08-09T18:00:00Z,154.94438502673796,17.1666666666667,50,15953
2026-08-09T18:05:00Z,159.294117647059,17.1666666666667,120.00000000000001,15954
2026-08-09T18:10:00Z,159.294117647059,17.1666666666667,110,15955
2026-08-09T18:15:00Z,142.33837535014,17.1666666666667,70,15956
2026-08-09T18:20:00Z,116.90476190476201,17.1666666666667,180,15957
2026-08-09T18:25:00Z,116.90476190476201,17.1666666666667,160,15958
2026-08-09T18:30:00Z,116.90476190476201,17.1666666666667,110,15959
2026-08-09T18:35:00Z,161.85714285714306,17.1666666666667,40,15960
2026-08-09T18:40:00Z,341.666666666667,17.1666666666667,50,15961
2026-08-09T18:45:00Z,277.775,36.133333333333304,130,15962
2026-08-09T18:50:00Z,181.9375,112,160,15963
2026-08-09T18:55:00Z,181.9375,72.53170731707318,220,15964
2026-08-09T19:00:00Z,166.88333333333304,46.21951219512201,110,15965
2026-08-09T19:05:00Z,106.66666666666701,46.21951219512201,70,15966
2026-08-09T19:10:00Z,106.66666666666701,46.21951219512201,90,15967
2026-08-09T19:15:00Z,106.66666666666701,46.21951219512201,80,15968
2026-08-09T19:20:00Z,106.66666666666701,46.21951219512201,100,15969
2026-08-09T19:25:00Z,728.6,46.21951219512201,50,15970
2026-08-09T19:30:00Z,288.636363636364,46.21951219512201,170,15971
2026-08-09T19:35:00Z,288.636363636364,38.4428184281843,460,15972
2026-08-09T19:40:00Z,241.05034965035003,26.777777777777796,130,15973
2026-08-09T19:45:00Z,229.153846153846,26.777777777777796,250,15974
2026-08-09T19:50:00Z,207.82783882783906,26.777777777777796,180,15975
2026-08-09T19:55:00Z,122.52380952381,26.777777777777796,180,15976
2026-08-09T20:00:00Z,122.52380952381,26.777777777777796,100,15977
2026-08-09T20:05:00Z,122.52380952381,26.777777777777796,50,15978
2026-08-09T20:10:00Z,122.52380952381,26.777777777777796,60,15979
2026-08-09T20:15:00Z,219.818181818182,26.777777777777796,130,15980
2026-08-09T20:20:00Z,219.818181818182,70.77435897435899,80,15981
2026-08-09T20:25:00Z,106.99066339066302,136.76923076923097,210.00000000000003,15982
2026-08-09T20:30:00Z,78.78378378378379,136.76923076923097,50,15983
2026-08-09T20:35:00Z,78.78378378378379,159.531623931624,320,15984
2026-08-09T20:40:00Z,78.78378378378379,165.222222222222,0,15985
2026-08-09T20:45:00Z,78.78378378378379,32.45454545454549,0,15986
2026-08-09T20:50:00Z,78.78378378378379,32.45454545454549,80,15987
2026-08-09T20:55:00Z,78.78378378378379,115.34424242424203,70,15988
2026-08-09T21:00:00Z,101.79527027027001,136.06666666666698,50,15989
2026-08-09T21:05:00Z,136.3125,136.06666666666698,10,15990
2026-08-09T21:10:00Z,136.3125,103.493333333333,40,15991
2026-08-09T21:15:00Z,166.09,95.35,60,15992
2026-08-09T21:20:00Z,285.2,95.35,110,15993
2026-08-09T21:25:00Z,282.96,95.35,140,15994
2026-08-09T21:30:00Z,441.1,178.17,210.00000000000003,15995
2026-08-09T21:35:00Z,552.5,195,170,15996
2026-08-09T21:40:00Z,1974.9,179.5,460,15997
2026-08-09T21:45:00Z,881.25,159.168,250,15998
2026-08-09T21:50:00Z,255.925675675676,77.84,1770,15999
2026-08-09T21:55:00Z,99.5945945945946,77.84,150.00000000000003,16000
2026-08-09T22:00:00Z,99.5945945945946,77.84,280,16001
2026-08-09T22:05:00Z,99.5945945945946,77.84,20,16002
2026-08-09T22:10:00Z,99.5945945945946,89.32199999999999,150.00000000000003,16003
2026-08-09T22:15:00Z,99.5945945945946,132.48333333333304,10,16004
2026-08-09T22:20:00Z,99.5945945945946,128.33333333333303,20,16005
2026-08-09T22:25:00Z,105.08307254622999,128.33333333333303,10,16006
2026-08-09T22:30:00Z,113.31578947368398,128.33333333333303,60,16007
2026-08-09T22:35:00Z,113.31578947368398,148.29166666666697,50,16008
2026-08-09T22:40:00Z,113.31578947368398,228.125,20,16009
2026-08-09T22:45:00Z,212.78086124401898,153.41,50,16010
2026-08-09T22:50:00Z,279.09090909090895,103.6,90,16011
2026-08-09T22:55:00Z,212.70454545454496,103.6,310,16012
2026-08-09T23:00:00Z,113.12499999999999,219.865,120.00000000000001,16013
2026-08-09T23:05:00Z,3113.905,297.375,110,16014
2026-08-09T23:10:00Z,1154.72,156.7,40,16015
2026-08-09T23:15:00Z,228.65,156.7,2250,16016
2026-08-09T23:20:00Z,228.65,265.166666666667,550,16017
2026-08-09T23:25:00Z,228.65,244.160606060606,130,16018
2026-08-09T23:30:00Z,228.65,238.909090909091,0,16019
2026-08-09T23:35:00Z,98,319.44935064935106,10,16020
2026-08-09T23:40:00Z,98,319.64155844155795,190,16021
2026-08-09T23:45:00Z,98,105.636363636364,50,16022
2026-08-09T23:50:00Z,98,105.636363636364,70,16023
2026-08-09T23:55:00Z,98,105.636363636364,110,16024
2026-08-10T00:00:00Z,60.439024390243894,105.636363636364,40,16025
2026-08-10T00:05:00Z,60.439024390243894,162.19393939393902,70,16026
2026-08-10T00:10:00Z,60.439024390243894,176.33333333333303,70,16027
2026-08-10T00:15:00Z,60.439024390243894,259.28571428571394,70,16028
2026-08-10T00:20:00Z,60.439024390243894,383.714285714286,60,16029
2026-08-10T00:25:00Z,60.439024390243894,60.7857142857143,50,16030
2026-08-10T00:30:00Z,60.439024390243894,60.7857142857143,60,16031
2026-08-10T00:35:00Z,60.439024390243894,60.7857142857143,30,16032
2026-08-10T00:40:00Z,82.6956097560975,60.7857142857143,30,16033
2026-08-10T00:45:00Z,97.53333333333329,60.7857142857143,20,16034
2026-08-10T00:50:00Z,97.53333333333329,286.6047619047621,140,16035
2026-08-10T00:55:00Z,97.53333333333329,197.46666666666698,20,16036
2026-08-10T01:00:00Z,97.53333333333329,90.5,60,16037
2026-08-10T01:05:00Z,97.53333333333329,90.5,30,16038
2026-08-10T01:10:00Z,72.79472868217061,146.444444444444,70,16039
2026-08-10T01:15:00Z,56.302325581395394,163.13055555555596,70,16040
2026-08-10T01:20:00Z,56.302325581395394,229.875,20,16041
2026-08-10T01:25:00Z,56.302325581395394,265.59,30,16042
2026-08-10T01:30:00Z,56.302325581395394,283.76,40,16043
2026-08-10T01:35:00Z,56.302325581395394,217.15,80,16044
2026-08-10T01:40:00Z,56.302325581395394,1680.45,70,16045
2026-08-10T01:45:00Z,56.302325581395394,997,30,16046
2026-08-10T01:50:00Z,56.302325581395394,168.14285714285697,50,16047
2026-08-10T01:55:00Z,45.818181818181806,101.17857142857098,-20,16048
2026-08-10T02:00:00Z,45.818181818181806,101.17857142857098,70,16049
2026-08-10T02:05:00Z,45.818181818181806,101.17857142857098,110,16050
2026-08-10T02:10:00Z,45.818181818181806,101.17857142857098,40,16051
2026-08-10T02:15:00Z,45.818181818181806,97.7984126984127,0,16052
2026-08-10T02:20:00Z,45.818181818181806,84.27777777777779,40,16053
2026-08-10T02:25:00Z,45.818181818181806,84.27777777777779,40,16054
2026-08-10T02:30:00Z,45.818181818181806,84.27777777777779,0,16055
2026-08-10T02:35:00Z,45.818181818181806,121.644444444444,0,16056
2026-08-10T02:40:00Z,45.818181818181806,146.55555555555597,30,16057
2026-08-10T02:45:00Z,45.818181818181806,400.5361111111109,40,16058
2026-08-10T02:50:00Z,111.1875,86.12499999999999,0,16059
2026-08-10T02:55:00Z,111.1875,86.12499999999999,30,16060
2026-08-10T03:00:00Z,111.1875,86.12499999999999,40,16061
2026-08-10T03:05:00Z,210.65855263157897,779.0666666666671,100,16062
2026-08-10T03:10:00Z,235.526315789474,153.66666666666697,40,16063
2026-08-10T03:15:00Z,235.526315789474,153.66666666666697,150.00000000000003,16064
2026-08-10T03:20:00Z,235.526315789474,153.66666666666697,180,16065
2026-08-10T03:25:00Z,462,153.66666666666697,20,16066
2026-08-10T03:30:00Z,301.668292682927,176.712820512821,160,16067
2026-08-10T03:35:00Z,61.170731707317096,192.076923076923,360,16068
2026-08-10T03:40:00Z,61.170731707317096,192.076923076923,160,16069
2026-08-10T03:45:00Z,61.170731707317096,131.866666666667,80,16070
2026-08-10T03:50:00Z,61.170731707317096,131.866666666667,30,16071
2026-08-10T03:55:00Z,61.170731707317096,131.866666666667,40,16072
2026-08-10T04:05:00Z,61.170731707317096,60.6,20,16073
2026-08-10T04:10:00Z,65.17408536585368,60.6,80,16074
2026-08-10T04:15:00Z,81.1875,60.6,-10,16075
2026-08-10T04:20:00Z,81.1875,51.681818181818194,20,16076
2026-08-10T04:25:00Z,81.1875,51.681818181818194,10,16077
2026-08-10T04:30:00Z,164.52173913043504,51.681818181818194,20,16078
2026-08-10T04:35:00Z,164.52173913043504,51.681818181818194,180,16079
2026-08-10T04:40:00Z,164.52173913043504,223.472727272727,170,16080
2026-08-10T04:45:00Z,164.52173913043504,176.67741935483903,10,16081
2026-08-10T04:50:00Z,169.45971014492798,69.12903225806447,130,16082
2026-08-10T04:55:00Z,176.866666666667,69.12903225806447,50,16083
2026-08-10T05:00:00Z,176.866666666667,69.12903225806447,70,16084
2026-08-10T05:05:00Z,131.542222222222,69.12903225806447,180,16085
2026-08-10T05:10:00Z,63.5555555555556,69.12903225806447,90,16086
2026-08-10T05:15:00Z,63.5555555555556,62.0349951124145,140,16087
2026-08-10T05:20:00Z,63.5555555555556,51.393939393939405,30,16088
2026-08-10T05:25:00Z,63.5555555555556,51.393939393939405,30,16089
2026-08-10T05:30:00Z,63.5555555555556,51.393939393939405,20,16090
2026-08-10T05:35:00Z,63.5555555555556,51.393939393939405,50,16091
2026-08-10T05:40:00Z,67.92186379928322,51.393939393939405,0,16092
2026-08-10T05:45:00Z,85.3870967741936,51.393939393939405,60,16093
2026-08-10T05:50:00Z,85.3870967741936,39.6211607601438,60,16094
2026-08-10T05:55:00Z,85.3870967741936,36.67796610169489,140,16095
2026-08-10T06:00:00Z,85.3870967741936,36.67796610169489,100,16096
2026-08-10T06:05:00Z,85.3870967741936,36.67796610169489,80,16097
2026-08-10T06:10:00Z,85.3870967741936,36.67796610169489,20,16098
2026-08-10T06:15:00Z,122.08,36.67796610169489,30,16099
2026-08-10T06:20:00Z,122.08,36.67796610169489,0,16100
2026-08-10T06:25:00Z,122.08,36.67796610169489,80,16101
2026-08-10T06:30:00Z,122.08,36.67796610169489,20,16102
2026-08-10T06:35:00Z,122.08,36.67796610169489,90,16103
2026-08-10T06:40:00Z,44.9245283018868,36.67796610169489,40,16104
2026-08-10T06:45:00Z,44.9245283018868,36.67796610169489,20,16105
2026-08-10T06:50:00Z,44.9245283018868,141.818181818182,70,16106
2026-08-10T06:55:00Z,44.9245283018868,141.818181818182,30,16107
2026-08-10T07:00:00Z,44.9245283018868,96.54141414141421,10,16108
2026-08-10T07:05:00Z,44.9245283018868,85.2222222222222,0,16109
2026-08-10T07:10:00Z,44.9245283018868,85.2222222222222,0,16110
2026-08-10T07:15:00Z,44.9245283018868,119.644444444444,40,16111
2026-08-10T07:20:00Z,44.9245283018868,257.33333333333303,30,16112
2026-08-10T07:25:00Z,44.9245283018868,548.4,40,16113
2026-08-10T07:30:00Z,186.22138364779903,399.176,20,16114
2026-08-10T07:35:00Z,345.67333333333403,33.879999999999995,20,16115
2026-08-10T07:40:00Z,135.7,33.879999999999995,100,16116
2026-08-10T07:45:00Z,135.7,33.879999999999995,200,16117
2026-08-10T07:50:00Z,135.7,33.879999999999995,70,16118
2026-08-10T07:55:00Z,128.27111111111097,33.879999999999995,90,16119
2026-08-10T08:00:00Z,98.55555555555559,33.879999999999995,20,16120
2026-08-10T08:05:00Z,98.55555555555559,33.879999999999995,260,16121
2026-08-10T08:10:00Z,98.55555555555559,33.879999999999995,130,16122
2026-08-10T08:15:00Z,98.55555555555559,33.879999999999995,180,16123
2026-08-10T08:20:00Z,98.55555555555559,57.903999999999996,20,16124
2026-08-10T08:25:00Z,98.55555555555559,154,20,16125
2026-08-10T08:30:00Z,98.55555555555559,126.86666666666702,30,16126
2026-08-10T08:35:00Z,114.77777777777798,126.86666666666702,10,16127
2026-08-10T08:40:00Z,504.755555555556,126.86666666666702,70,16128
2026-08-10T08:45:00Z,1230.8066666666703,149,50,16129
2026-08-10T08:50:00Z,674.9,149,600,16130
2026-08-10T08:55:00Z,404.885,149,930,16131
2026-08-10T09:00:00Z,224.875,60.181395348837206,240.00000000000003,16132
2026-08-10T09:05:00Z,224.875,37.97674418604649,350,16133
2026-08-10T09:10:00Z,191.969444444444,37.97674418604649,100,16134
2026-08-10T09:15:00Z,142.61111111111097,37.97674418604649,40,16135
2026-08-10T09:20:00Z,142.61111111111097,37.97674418604649,140,16136
2026-08-10T09:25:00Z,142.61111111111097,37.97674418604649,50,16137
2026-08-10T09:30:00Z,171.522222222222,37.97674418604649,170,16138
2026-08-10T09:35:00Z,178.75,37.97674418604649,50,16139
2026-08-10T09:40:00Z,162.540909090909,41.73972868217051,90,16140
2026-08-10T09:45:00Z,138.227272727273,56.79166666666669,120.00000000000001,16141
2026-08-10T09:50:00Z,138.227272727273,56.79166666666669,250,16142
2026-08-10T09:55:00Z,138.227272727273,56.79166666666669,180,16143
2026-08-10T10:00:00Z,138.227272727273,56.79166666666669,90,16144
2026-08-10T10:05:00Z,164.692307692308,56.79166666666669,20,16145
2026-08-10T10:10:00Z,164.692307692308,56.79166666666669,10,16146
2026-08-10T10:15:00Z,145.695384615385,56.79166666666669,140,16147
2026-08-10T10:20:00Z,117.2,56.79166666666669,80,16148
2026-08-10T10:25:00Z,117.2,56.79166666666669,200,16149
2026-08-10T10:30:00Z,117.2,65.40087719298248,90,16150
2026-08-10T10:35:00Z,257.98666666666696,71.14035087719299,20,16151
2026-08-10T10:40:00Z,429.793333333334,71.14035087719299,40,16152
2026-08-10T10:45:00Z,272.3,71.14035087719299,200,16153
2026-08-10T10:50:00Z,270.14000000000004,71.14035087719299,240.00000000000003,16154
2026-08-10T10:55:00Z,261.5,71.14035087719299,100,16155
2026-08-10T11:00:00Z,330.16,71.14035087719299,310,16156
2026-08-10T11:05:00Z,502.177777777778,71.14035087719299,20,16157
2026-08-10T11:10:00Z,91.68888888888887,71.14035087719299,240.00000000000003,16158
2026-08-10T11:15:00Z,91.68888888888887,71.14035087719299,380,16159
2026-08-10T11:20:00Z,91.68888888888887,71.14035087719299,120.00000000000001,16160
2026-08-10T11:25:00Z,91.68888888888887,67.8456140350877,-20,16161
2026-08-10T11:30:00Z,91.68888888888887,54.66666666666669,90,16162
2026-08-10T11:35:00Z,91.68888888888887,54.66666666666669,20,16163
2026-08-10T11:40:00Z,91.68888888888887,54.66666666666669,20,16164
2026-08-10T11:45:00Z,91.68888888888887,54.66666666666669,40,16165
2026-08-10T11:50:00Z,84.74694444444451,54.66666666666669,70,16166
2026-08-10T11:55:00Z,56.97916666666669,178.58333333333303,40,16167
2026-08-10T12:00:00Z,56.97916666666669,114.25,20,16168
2026-08-10T12:05:00Z,56.97916666666669,114.25,110,16169
2026-08-10T12:10:00Z,56.97916666666669,114.25,70,16170
2026-08-10T12:15:00Z,56.97916666666669,114.25,10,16171
2026-08-10T12:20:00Z,56.97916666666669,114.25,0,16172
2026-08-10T12:25:00Z,56.97916666666669,114.25,40,16173
2026-08-10T12:30:00Z,56.97916666666669,114.25,0,16174
2026-08-10T12:35:00Z,56.97916666666669,177.77777777777797,10,16175
2026-08-10T12:40:00Z,48.479802259886995,916.4222222222219,30,16176
2026-08-10T12:45:00Z,42.8135593220339,892.4857142857139,70,16177
2026-08-10T12:50:00Z,42.8135593220339,571.674285714286,50,16178
2026-08-10T12:55:00Z,42.8135593220339,274.94,30,16179
2026-08-10T13:00:00Z,42.8135593220339,71.5,-40,16180
2026-08-10T13:05:00Z,42.8135593220339,71.5,50,16181
2026-08-10T13:10:00Z,42.8135593220339,71.5,0,16182
2026-08-10T13:15:00Z,42.8135593220339,71.5,0,16183
2026-08-10T13:20:00Z,42.8135593220339,309.7285714285709,0,16184
2026-08-10T13:25:00Z,42.8135593220339,262.2914285714289,20,16185
2026-08-10T13:30:00Z,42.8135593220339,101.8,20,16186
2026-08-10T13:35:00Z,42.8135593220339,101.8,20,16187
2026-08-10T13:40:00Z,39.12741774675971,105.23555555555599,0,16188
2026-08-10T13:45:00Z,38.2058823529412,110.38888888888897,70,16189
2026-08-10T13:50:00Z,38.2058823529412,110.38888888888897,70,16190
2026-08-10T13:55:00Z,38.2058823529412,110.38888888888897,90,16191
2026-08-10T14:00:00Z,38.2058823529412,114.36013071895398,70,16192
2026-08-10T14:05:00Z,38.2058823529412,115.35294117647096,10,16193
2026-08-10T14:10:00Z,38.2058823529412,115.35294117647096,10,16194
2026-08-10T14:15:00Z,38.2058823529412,104.53176470588201,40,16195
2026-08-10T14:20:00Z,38.2058823529412,88.3,120.00000000000001,16196
2026-08-10T14:25:00Z,38.2058823529412,88.3,70,16197
2026-08-10T14:30:00Z,38.2058823529412,88.3,80,16198
2026-08-10T14:35:00Z,38.2058823529412,523.98,20,16199
2026-08-10T14:40:00Z,38.2058823529412,143.38461538461502,0,16200
2026-08-10T14:45:00Z,54.1054466230938,143.38461538461502,30,16201
2026-08-10T14:50:00Z,117.703703703704,186.430769230769,-20,16202
2026-08-10T14:55:00Z,117.703703703704,251,10,16203
2026-08-10T15:00:00Z,117.703703703704,338.7,70,16204
2026-08-10T15:05:00Z,117.703703703704,297.2538461538461,70,16205
2026-08-10T15:10:00Z,117.703703703704,147.38461538461502,70,16206
2026-08-10T15:15:00Z,102.96474074074101,147.38461538461502,60,16207
2026-08-10T15:20:00Z,99.28,116.326923076923,80,16208
2026-08-10T15:25:00Z,99.28,108.5625,80,16209
2026-08-10T15:30:00Z,99.28,108.5625,10,16210
2026-08-10T15:35:00Z,99.28,80.82065217391299,40,16211
2026-08-10T15:40:00Z,19.856,62.326086956521706,70,16212
2026-08-10T15:45:00Z,0,62.326086956521706,20,16213
2026-08-10T15:50:00Z,0,62.326086956521706,90,16214
2026-08-10T15:55:00Z,0,62.326086956521706,-40,16215
2026-08-10T16:00:00Z,0,62.326086956521706,40,16216
2026-08-10T16:05:00Z,0,62.326086956521706,100,16217
2026-08-10T16:10:00Z,NA,62.326086956521706,70,16218
2026-08-10T16:15:00Z,NA,62.326086956521706,100,16219
2026-08-10T16:20:00Z,NA,122.106763285024,80,16220
2026-08-10T16:25:00Z,NA,211.77777777777797,90,16221
2026-08-10T16:30:00Z,NA,98.30202020202019,240.00000000000003,16222
2026-08-10T16:35:00Z,NA,22.651515151515202,80,16223
2026-08-10T16:40:00Z,NA,22.651515151515202,80,16224
2026-08-10T16:45:00Z,NA,22.651515151515202,339.99999999999994,16225
2026-08-10T16:50:00Z,NA,22.651515151515202,110,16226
2026-08-10T16:55:00Z,NA,22.651515151515202,50,16227
2026-08-10T17:00:00Z,NA,22.651515151515202,110,16228
2026-08-10T17:05:00Z,NA,22.651515151515202,60,16229
2026-08-10T17:10:00Z,NA,22.651515151515202,80,16230
2026-08-10T17:15:00Z,NA,22.651515151515202,60,16231
2026-08-10T17:20:00Z,NA,22.651515151515202,80,16232
2026-08-10T17:25:00Z,NA,22.651515151515202,70,16233
2026-08-10T17:30:00Z,NA,22.651515151515202,60,16234
2026-08-10T17:35:00Z,NA,63.5495297805643,90,16235
2026-08-10T17:40:00Z,NA,124.896551724138,70,16236
2026-08-10T17:45:00Z,NA,124.896551724138,30,16237
2026-08-10T17:50:00Z,NA,124.896551724138,100,16238
2026-08-10T17:55:00Z,NA,124.896551724138,220,16239
2026-08-10T18:00:00Z,NA,124.896551724138,650,16240
2026-08-10T18:05:00Z,NA,71.05629510825979,20,16241
2026-08-10T18:10:00Z,NA,35.1627906976744,200,16242
2026-08-10T18:15:00Z,NA,35.1627906976744,150.00000000000003,16243
2026-08-10T18:20:00Z,NA,35.1627906976744,120.00000000000001,16244
2026-08-10T18:25:00Z,NA,35.1627906976744,240.00000000000003,16245
2026-08-10T18:30:00Z,NA,35.1627906976744,260,16246
2026-08-10T18:35:00Z,NA,35.1627906976744,250,16247
2026-08-10T18:40:00Z,NA,35.1627906976744,130,16248
2026-08-10T18:45:00Z,NA,35.1627906976744,120.00000000000001,16249
2026-08-10T18:50:00Z,NA,118.1875,140,16250
2026-08-10T18:55:00Z,NA,118.1875,10,16251
2026-08-10T19:00:00Z,NA,118.1875,80,16252
2026-08-10T19:05:00Z,NA,118.1875,450,16253
2026-08-10T19:10:00Z,NA,118.1875,160,16254
2026-08-10T19:15:00Z,NA,118.1875,60,16255
2026-08-10T19:20:00Z,NA,77.933064516129,240.00000000000003,16256
2026-08-10T19:25:00Z,NA,51.0967741935484,310,16257
2026-08-10T19:30:00Z,NA,51.0967741935484,40,16258
2026-08-10T19:35:00Z,NA,51.0967741935484,180,16259
2026-08-10T19:40:00Z,NA,51.0967741935484,120.00000000000001,16260
2026-08-10T19:45:00Z,NA,51.0967741935484,140,16261
2026-08-10T19:50:00Z,NA,60.89139784946239,210.00000000000003,16262
2026-08-10T19:55:00Z,NA,75.58333333333329,290.00000000000006,16263
2026-08-10T20:00:00Z,NA,75.58333333333329,80,16264
2026-08-10T20:05:00Z,NA,769.8499999999999,60,16265
2026-08-10T20:10:00Z,NA,95.75,60,16266
2026-08-10T20:15:00Z,NA,0,200,16267
2026-08-10T20:20:00Z,NA,0,110,16268
2026-08-10T20:25:00Z,NA,0,190,16269
2026-08-10T20:30:00Z,NA,0,110,16270
2026-08-10T20:35:00Z,NA,0,130,16271
2026-08-10T20:40:00Z,NA,NA,70,16272
2026-08-10T20:45:00Z,NA,NA,350,16273
2026-08-10T20:50:00Z,NA,NA,250,16274
2026-08-10T20:55:00Z,NA,NA,190,16275
2026-08-10T21:00:00Z,NA,NA,100,16276
2026-08-10T21:05:00Z,NA,NA,40,16277
2026-08-10T21:10:00Z,NA,NA,30,16278
2026-08-10T21:15:00Z,NA,NA,90,16279
2026-08-10T21:20:00Z,NA,NA,100,16280
2026-08-10T21:25:00Z,NA,NA,50,16281
2026-08-10T21:30:00Z,NA,NA,80,16282
2026-08-10T21:35:00Z,NA,NA,60,16283
2026-08-10T21:40:00Z,NA,NA,70,16284
2026-08-10T21:45:00Z,NA,NA,50,16285
2026-08-10T21:50:00Z,NA,NA,70,16286
2026-08-10T21:55:00Z,NA,NA,70,16287
2026-08-10T22:00:00Z,NA,NA,50,16288
2026-08-10T22:05:00Z,NA,NA,30,16289
2026-08-10T22:10:00Z,NA,NA,60,16290
2026-08-10T22:15:00Z,NA,NA,60,16291
2026-08-10T22:20:00Z,NA,NA,100,16292
2026-08-10T22:25:00Z,NA,NA,70,16293
2026-08-10T22:30:00Z,NA,NA,NA,16294
2026-08-10T22:35:00Z,NA,NA,NA,16295
2026-08-10T22:40:00Z,NA,NA,NA,16296
2026-08-10T22:45:00Z,NA,NA,NA,16297
2026-08-10T22:50:00Z,NA,NA,NA,16298
2026-08-10T22:55:00Z,NA,NA,NA,16299
2026-08-10T23:00:00Z,NA,NA,NA,16300
2026-08-10T23:05:00Z,NA,NA,NA,16301
2026-08-10T23:10:00Z,NA,NA,NA,16302
2026-08-10T23:15:00Z,NA,NA,NA,16303
2026-08-10T23:20:00Z,NA,NA,NA,16304
2026-08-10T23:25:00Z,NA,NA,NA,16305
2026-08-10T23:30:00Z,NA,NA,NA,16306
2026-08-10T23:35:00Z,NA,NA,NA,16307
2026-08-10T23:40:00Z,NA,NA,NA,16308
2026-08-10T23:45:00Z,NA,NA,NA,16309
2026-08-10T23:50:00Z,NA,NA,NA,16310
2026-08-10T23:55:00Z,NA,NA,NA,16311
2026-08-11T00:00:00Z,NA,NA,NA,16312
2026-08-11T00:05:00Z,NA,NA,NA,16313
2026-08-11T00:10:00Z,NA,NA,NA,16314
2026-08-11T00:15:00Z,NA,NA,NA,16315
2026-08-11T00:20:00Z,NA,NA,NA,16316
2026-08-11T00:25:00Z,NA,NA,NA,16317
2026-08-11T00:30:00Z,NA,NA,NA,16318
2026-08-11T00:35:00Z,NA,NA,NA,16319
2026-08-11T00:40:00Z,NA,NA,NA,16320
2026-08-11T00:45:00Z,NA,NA,NA,16321
2026-08-11T00:50:00Z,NA,NA,NA,16322
2026-08-11T00:55:00Z,NA,NA,NA,16323
2026-08-11T01:00:00Z,NA,NA,NA,16324
2026-08-11T01:05:00Z,NA,NA,NA,16325
2026-08-11T01:10:00Z,NA,NA,NA,16326
2026-08-11T01:15:00Z,NA,NA,NA,16327
2026-08-11T01:20:00Z,NA,NA,NA,16328
2026-08-11T01:25:00Z,NA,NA,NA,16329
2026-08-11T01:30:00Z,NA,NA,NA,16330
2026-08-11T01:35:00Z,NA,NA,NA,16331
2026-08-11T01:40:00Z,NA,NA,NA,16332
2026-08-11T01:45:00Z,NA,NA,NA,16333
2026-08-11T01:50:00Z,NA,NA,NA,16334
2026-08-11T01:55:00Z,NA,NA,NA,16335
2026-08-11T02:00:00Z,NA,NA,NA,16336
2026-08-11T02:05:00Z,NA,NA,NA,16337
2026-08-11T02:10:00Z,NA,NA,NA,16338
2026-08-11T02:15:00Z,NA,NA,NA,16339
2026-08-11T02:20:00Z,NA,NA,NA,16340
2026-08-11T02:25:00Z,NA,NA,NA,16341
2026-08-11T02:30:00Z,NA,NA,NA,16342
2026-08-11T02:35:00Z,NA,NA,NA,16343
2026-08-11T02:40:00Z,NA,NA,NA,16344
2026-08-11T02:45:00Z,NA,NA,NA,16345
2026-08-11T02:50:00Z,NA,NA,NA,16346
2026-08-11T02:55:00Z,NA,NA,NA,16347
2026-08-11T03:00:00Z,NA,NA,NA,16348
2026-08-11T03:05:00Z,NA,NA,NA,16349
2026-08-11T03:10:00Z,NA,NA,NA,16350
2026-08-11T03:15:00Z,NA,NA,NA,16351
2026-08-11T03:20:00Z,NA,NA,NA,16352
2026-08-11T03:25:00Z,NA,NA,NA,16353
2026-08-11T03:30:00Z,NA,NA,NA,16354
2026-08-11T03:35:00Z,NA,NA,NA,16355
2026-08-11T03:40:00Z,NA,NA,NA,16356
2026-08-11T03:45:00Z,NA,NA,NA,16357
2026-08-11T03:50:00Z,NA,NA,NA,16358
2026-08-11T03:55:00Z,NA,NA,NA,16359
