Time Stamp,Ambient Pressure (mmHg),Chamber Pressure (mmHg),Chamber Temperature Alarm,Converter Temperature (Deg. C),Flow (L/Min),General Alarm,NO Concentration (ppb or ug/m3),NO2 Concentration (ppb or ug/m3),NOx Concentration (ppb or ug/m3),PMT42 Bench Temperature (Deg. C),PMT42 Cooler Temperature (Deg. C)
22/05/2025 15:02:00,554.04,198.356,1,51.6539,0.65,4,0.0926291,0.147993,0.240622,26.0223,12.0281,
22/05/2025 15:03:00,554.059,195.495,1,89.7589,0.65,4,0,0,0,32.5082,9.72853,
22/05/2025 15:04:00,554.045,194.816,1,123.054,0.65,4,0,0,0,38.3574,8.01939,
22/05/2025 15:05:00,554.082,194.301,1,155.102,0.65,4,0,0,0,43.6713,6.41707,
22/05/2025 15:06:00,554.089,193.89,0,184.007,0.65,3,0,0,0,48.5753,4.54347,
22/05/2025 15:07:00,553.97,193.594,0,211.168,0.65,3,0,0,0,49.7517,1.90439,
22/05/2025 15:08:00,554.115,193.447,0,236.171,0.65,3,0,0,0,50.3403,0.0356471,
22/05/2025 15:09:00,554.139,193.422,0,260.096,0.65,2,0,0,0,50.6207,-1.37081,
22/05/2025 15:10:00,554.1,193.422,0,281.614,0.65,2,0,0,0,50.7598,-2.45775,
22/05/2025 15:11:00,554.093,193.435,0,301.905,0.65,1,0,0,0,50.7737,-3.28515,
22/05/2025 15:12:00,554.09,193.491,0,320.34,0.65,0,0,0,0,50.7626,-3.91694,
22/05/2025 15:13:00,554.09,193.565,0,326.804,0.65,0,0,0,0,50.7209,-4.36334,
22/05/2025 15:14:00,554.078,193.624,0,324.649,0.65,0,0,0,0,50.6848,-4.67899,
22/05/2025 15:15:00,554.083,193.7,0,325.128,0.65,0,0,0,0,50.6123,-4.8829,
22/05/2025 15:16:00,554.061,193.744,0,326.086,0.65,0,0,0,0,50.6235,-4.97104,
22/05/2025 15:17:00,554.017,193.833,0,326.086,0.65,0,0.857226,2.97191,3.82914,50.5369,-4.96367,
22/05/2025 15:18:00,553.987,193.929,0,326.086,0.65,0,0.993505,3.41726,4.41077,50.5145,-4.8829,
22/05/2025 15:19:00,553.91,194.001,0,325.607,0.65,0,0.699947,3.71174,4.41169,50.4921,-4.75154,
22/05/2025 15:20:00,553.926,194.087,0,325.607,0.65,0,0.328191,3.71149,4.03968,50.4444,-4.59953,
22/05/2025 15:21:00,554.031,194.196,0,325.846,0.65,0,0.175942,3.48332,3.65926,50.36,-4.44171,
22/05/2025 15:22:00,553.942,194.276,0,326.325,0.65,0,1.87393,3.23684,5.11077,50.3036,-4.30656,
22/05/2025 15:23:00,553.9,194.294,0,326.804,0.65,0,1.5712,4.49387,6.06507,50.2979,-4.19358,
22/05/2025 15:24:00,553.897,194.294,0,326.325,0.65,0,1.35048,4.52923,5.87971,50.2442,-4.09533,
22/05/2025 15:25:00,553.897,194.294,0,326.325,0.65,0,3.85299,6.18748,10.0405,50.1989,-4.00461,
22/05/2025 15:26:00,553.895,194.297,0,325.846,0.65,0,3.61219,5.62985,9.24203,50.2131,-3.92425,
22/05/2025 15:27:00,553.892,194.314,0,325.367,0.65,0,-0.226646,4.00441,3.77777,50.1393,-3.85128,
22/05/2025 15:28:00,553.896,194.32,0,325.128,0.65,0,-1.19279,2.80793,1.61514,50.1621,-3.77136,
22/05/2025 15:29:00,553.896,194.315,0,325.607,0.65,0,-1.59558,2.39307,0.797494,50.1052,-3.70624,
22/05/2025 15:30:00,553.893,194.319,0,325.846,0.65,0,-1.25923,2.57031,1.31109,50.0882,-3.64135,
22/05/2025 15:31:00,553.896,194.305,0,326.086,0.65,0,-0.247679,3.87853,3.63086,50.0995,-3.59822,
22/05/2025 15:32:00,553.896,194.302,0,325.846,0.65,0,-0.72045,2.88039,2.15993,50.0796,-3.53373,
22/05/2025 15:33:00,553.892,194.302,0,325.846,0.65,0,-1.39114,2.41929,1.02814,50.0625,-3.4766,
22/05/2025 15:34:00,553.838,194.297,0,325.607,0.65,0,-1.31648,2.08317,0.766684,50.0654,-3.41255,
22/05/2025 15:35:00,553.842,194.3,0,325.367,0.65,0,-1.16712,2.11224,0.945121,50.1024,-3.35581,
22/05/2025 15:36:00,553.875,194.29,0,325.128,0.65,0,-1.45138,2.46953,1.01815,50.0369,-3.30632,
22/05/2025 15:37:00,553.857,194.29,0,325.128,0.65,0,-1.43047,2.58329,1.15281,50.034,-3.27105,
22/05/2025 15:38:00,553.853,194.292,0,325.367,0.65,0,-1.20542,2.30029,1.09487,50.0511,-3.20073,
22/05/2025 15:39:00,553.865,194.334,0,325.607,0.65,0,2.68775,2.96022,5.64795,50.0796,-3.13768,
22/05/2025 15:40:00,553.882,194.384,0,325.367,0.65,0,13.0953,4.25767,17.3529,50.054,-3.07485,
22/05/2025 15:41:00,553.896,194.378,0,325.607,0.65,0,31.7553,13.5808,45.3361,50.0654,-3.0192,
22/05/2025 15:42:00,553.896,194.415,0,325.128,0.65,0,10.9192,11.3086,22.2278,50.1337,-2.94716,
22/05/2025 15:43:00,553.896,194.455,0,324.889,0.65,0,1.78714,5.0269,6.81404,50.1138,-2.88889,
22/05/2025 15:44:00,553.896,194.5,0,324.41,0.65,0,-0.145832,4.07989,3.93406,50.1337,-2.81632,
22/05/2025 15:45:00,553.893,194.55,0,324.889,0.65,0,-0.569863,3.5599,2.99003,50.1223,-2.75125,
22/05/2025 15:46:00,553.893,194.586,0,325.367,0.65,0,0.336672,4.67637,5.01304,50.1393,-2.67922,
22/05/2025 15:47:00,553.896,194.618,0,325.367,0.65,0,-0.735136,3.78404,3.04891,50.1081,-2.65767,
22/05/2025 15:48:00,553.884,194.589,0,325.367,0.65,0,-0.207286,4.07208,3.8648,50.0397,-2.67922,
22/05/2025 15:49:00,553.88,194.591,0,325.367,0.65,0,0.819272,4.32119,5.14047,50.0825,-2.7008,
22/05/2025 15:50:00,553.872,194.584,0,325.128,0.65,0,1.88278,7.14641,9.0292,50.0768,-2.75125,
22/05/2025 15:51:00,553.891,194.558,0,324.889,0.65,0,0.70808,4.18043,4.88851,50.0226,-2.80908,
22/05/2025 15:52:00,553.89,194.52,0,324.41,0.65,0,-0.144383,4.4797,4.33532,50.0055,-2.85983,
22/05/2025 15:53:00,553.886,194.495,0,324.649,0.65,0,-1.24478,2.92588,1.68111,49.9754,-2.91072,
22/05/2025 15:54:00,553.879,194.467,0,325.607,0.65,0,-0.888009,3.23528,2.34728,50.0027,-2.95445,
22/05/2025 15:55:00,553.789,194.42,0,325.367,0.65,0,-0.969621,3.21978,2.25016,49.989,-3.00532,
22/05/2025 15:56:00,553.769,194.403,0,325.367,0.65,0,2.35349,6.07628,8.42976,49.9944,-3.02615,
22/05/2025 15:57:00,553.792,194.385,0,325.367,0.65,0,4.15574,6.6423,10.798,49.9672,-3.06093,
22/05/2025 15:58:00,553.827,194.381,0,325.128,0.65,0,1.93522,6.97778,8.913,49.9808,-3.08182,
22/05/2025 15:59:00,553.776,194.332,0,324.649,0.65,0,1.07003,5.77786,6.84789,50.0084,-3.09577,
22/05/2025 16:00:00,553.788,194.299,0,324.17,0.65,0,5.95655,8.18196,14.1385,49.9754,-3.10973,
22/05/2025 16:01:00,553.846,194.285,0,324.41,0.65,0,1.56298,6.24349,7.80647,49.9808,-3.11671,
22/05/2025 16:02:00,553.845,194.253,0,325.367,0.65,0,3.77546,8.68127,12.4567,49.9618,-3.11671,
22/05/2025 16:03:00,553.801,194.213,0,325.367,0.65,0,4.58543,9.64083,14.2262,49.9971,-3.11671,
22/05/2025 16:04:00,553.815,194.193,0,325.128,0.65,0,5.68413,11.192,16.8761,49.9781,-3.10973,
22/05/2025 16:05:00,553.801,194.183,0,325.367,0.65,0,6.50434,12.4777,18.9821,49.9699,-3.10973,
22/05/2025 16:06:00,553.764,194.17,0,324.889,0.65,0,6.10271,12.685,18.7877,50.0027,-3.0888,
22/05/2025 16:07:00,553.77,194.127,0,324.649,0.65,0,6.42951,14.4425,20.872,50.0027,-3.0888,
22/05/2025 16:08:00,553.795,194.11,0,324.41,0.65,0,3.97387,14.9341,18.9079,49.9645,-3.08182,
22/05/2025 16:09:00,553.81,194.095,0,324.649,0.65,0,3.64243,15.509,19.1515,50.0112,-3.08182,
22/05/2025 16:10:00,553.806,194.068,0,325.128,0.65,0,2.84094,15.6236,18.4646,50.0169,-3.06789,
22/05/2025 16:11:00,553.87,194.064,0,325.367,0.65,0,2.35834,17.375,19.7333,49.9944,-3.04701,
22/05/2025 16:12:00,553.893,194.06,0,325.128,0.65,0,2.24293,18.9621,21.205,49.9998,-3.04701,
22/05/2025 16:13:00,553.896,194.029,0,325.367,0.65,0,1.02226,19.5699,20.5921,49.9781,-3.04005,
22/05/2025 16:14:00,553.894,194.021,0,324.889,0.65,0,-0.849577,17.8081,16.9586,49.9862,-3.04005,
22/05/2025 16:15:00,553.895,193.999,0,324.649,0.65,0,-1.56767,18.2928,16.7251,50.0055,-3.04005,
22/05/2025 16:16:00,553.891,193.998,0,324.41,0.65,0,-1.45993,19.0542,17.5943,50.0055,-3.02615,
22/05/2025 16:17:00,553.884,193.984,0,324.649,0.65,0,-1.4074,20.519,19.1116,49.9998,-2.99829,
22/05/2025 16:18:00,553.89,193.999,0,325.367,0.65,0,-0.549058,22.9871,22.438,50.0426,-2.94716,
22/05/2025 16:19:00,553.893,193.994,0,325.607,0.65,0,-0.269824,25.5678,25.298,50.0597,-2.90344,
22/05/2025 16:20:00,553.896,194.001,0,325.128,0.65,0,0.15782,25.821,25.9788,50.0169,-2.88162,
22/05/2025 16:21:00,553.9,194.022,0,325.367,0.65,0,-0.564851,25.7718,25.2069,50.0511,-2.84531,
22/05/2025 16:22:00,553.905,194.019,0,325.128,0.65,0,-0.802568,25.764,24.9615,50.0226,-2.85983,
22/05/2025 16:23:00,553.897,193.994,0,324.889,0.65,0,-1.12158,25.0776,23.956,50.0027,-2.87435,
22/05/2025 16:24:00,553.897,193.977,0,324.17,0.65,0,-1.39988,24.6906,23.2907,49.9862,-2.89616,
22/05/2025 16:25:00,553.897,193.949,0,324.649,0.65,0,-1.29806,25.0168,23.7187,49.989,-2.91072,
22/05/2025 16:26:00,553.897,193.931,0,325.128,0.65,0,-1.23463,25.2865,24.0519,50.0312,-2.93257,
22/05/2025 16:27:00,553.897,193.91,0,325.846,0.65,0,-1.31227,25.2875,23.9752,50.0084,-2.93986,
22/05/2025 16:28:00,553.897,193.898,0,325.128,0.65,0,-1.26734,25.6207,24.3533,50.0597,-2.91072,
22/05/2025 16:29:00,553.9,193.915,0,325.128,0.65,0,-1.29012,25.9944,24.7043,50.0825,-2.88162,
22/05/2025 16:30:00,553.916,193.914,0,324.889,0.65,0,-1.16042,25.9573,24.7969,50.0739,-2.83806,
22/05/2025 16:31:00,554.01,193.94,0,324.649,0.65,0,-1.44412,25.7673,24.3231,50.0169,-2.80908,
22/05/2025 16:32:00,553.956,193.942,0,324.41,0.65,0,-1.58837,24.8775,23.2891,50.0454,-2.80908,
22/05/2025 16:33:00,553.947,193.94,0,324.649,0.65,0,-1.67686,24.1191,22.4422,49.9862,-2.85257,
22/05/2025 16:34:00,553.974,193.909,0,325.367,0.65,0,-1.52523,24.0361,22.5109,50.0169,-2.92528,
22/05/2025 16:35:00,553.918,193.888,0,325.367,0.65,0,-1.67183,23.1896,21.5178,50.0084,-2.96905,
22/05/2025 16:36:00,553.924,193.887,0,325.367,0.65,0,-1.7585,22.8467,21.0882,49.9808,-2.97636,
22/05/2025 16:37:00,553.928,193.879,0,325.367,0.65,0,-1.15435,24.6899,23.5356,50.0568,-2.95445,
22/05/2025 16:38:00,553.985,193.897,0,324.889,0.65,0,-0.633176,25.3828,24.7496,50.0511,-2.91072,
22/05/2025 16:39:00,554.013,193.904,0,324.649,0.65,0,-1.26658,23.7974,22.5308,50.0055,-2.88889,
22/05/2025 16:40:00,554.042,193.888,0,324.41,0.65,0,-1.63185,22.8658,21.234,50.0169,-2.88162,
22/05/2025 16:41:00,553.966,193.863,0,324.649,0.65,0,-0.883874,23.9675,23.0836,50.0084,-2.90344,
22/05/2025 16:42:00,554.034,193.856,0,325.367,0.65,0,-0.441801,24.6169,24.1751,50.0112,-2.92528,
22/05/2025 16:43:00,553.97,193.849,0,325.607,0.65,0,0.0442803,24.7161,24.7604,49.9672,-2.94716,
22/05/2025 16:44:00,554.017,193.831,0,325.128,0.65,0,-1.05589,22.1988,21.1429,49.9944,-2.98366,
22/05/2025 16:45:00,553.988,193.821,0,325.128,0.65,0,-1.18175,21.1885,20.0068,49.9944,-3.01226,
22/05/2025 16:46:00,554.021,193.814,0,324.889,0.65,0,-1.16872,20.9682,19.7995,49.9536,-3.00532,
22/05/2025 16:47:00,554.016,193.824,0,324.649,0.65,0,-1.60417,20.6495,19.0454,50.0511,-2.97636,
22/05/2025 16:48:00,554.055,193.825,0,324.41,0.65,0,-1.36053,21.1295,19.769,50.0454,-2.93257,
22/05/2025 16:49:00,554.067,193.841,0,324.889,0.65,0,-1.01653,22.4062,21.3897,50.0255,-2.90344,
22/05/2025 16:50:00,554.069,193.829,0,325.128,0.65,0,-0.61541,22.7024,22.0869,50.0084,-2.90344,
22/05/2025 16:51:00,554.077,193.84,0,325.607,0.65,0,-0.781049,21.4949,20.7139,50.0055,-2.918,
22/05/2025 16:52:00,554.09,193.824,0,325.367,0.65,0,-0.665739,21.6966,21.0309,49.9509,-2.94716,
22/05/2025 16:53:00,554.08,193.817,0,325.367,0.65,0,2.39361,25.6629,28.0565,49.9618,-2.97636,
22/05/2025 16:54:00,554.083,193.809,0,325.128,0.65,0,17.232,35.241,52.473,49.9998,-3.02615,
22/05/2025 16:55:00,554.055,193.795,0,324.649,0.65,0,10.509,32.6836,43.1925,49.9727,-3.05396,
22/05/2025 16:56:00,554.034,193.785,0,324.41,0.65,0,8.54638,31.1459,39.6923,49.9727,-3.06789,
22/05/2025 16:57:00,554.036,193.77,0,324.649,0.65,0,5.84227,28.5114,34.3537,50.0169,-3.04005,
22/05/2025 16:58:00,554.086,193.798,0,325.367,0.65,0,1.81033,24.2243,26.0347,50.0198,-2.99829,
22/05/2025 16:59:00,554.087,193.812,0,325.367,0.65,0,0.732686,23.1475,23.8802,50.0369,-2.93986,
22/05/2025 17:00:00,554.087,193.818,0,325.367,0.65,0,3.02875,27.1146,30.1433,50.0568,-2.87435,
22/05/2025 17:01:00,554.093,193.855,0,325.128,0.65,0,3.41053,27.5555,30.9661,50.0825,-2.81632,
22/05/2025 17:02:00,554.091,193.879,0,325.367,0.65,0,4.13172,29.0689,33.2006,50.0483,-2.7946,
22/05/2025 17:03:00,554.092,193.866,0,324.649,0.65,0,1.75678,24.8724,26.6292,50.0369,-2.80908,
22/05/2025 17:04:00,554.09,193.844,0,324.41,0.65,0,-0.0755249,21.2983,21.2228,49.9998,-2.84531,
22/05/2025 17:05:00,554.09,193.826,0,324.41,0.65,0,0.0889969,20.3175,20.4065,49.9699,-2.91072,
22/05/2025 17:06:00,554.085,193.813,0,325.128,0.65,0,1.54573,22.4566,24.0023,49.9672,-2.96905,
22/05/2025 17:07:00,554.085,193.808,0,325.367,0.65,0,0.107176,19.8235,19.9307,49.9482,-3.0331,
22/05/2025 17:08:00,554.084,193.765,0,325.367,0.65,0,-0.22824,18.0148,17.7866,49.9917,-3.07485,
22/05/2025 17:09:00,554.09,193.757,0,325.367,0.65,0,-1.26432,15.6403,14.376,49.9808,-3.09577,
22/05/2025 17:10:00,554.087,193.747,0,325.128,0.65,0,-1.26795,15.7695,14.5016,49.9699,-3.09577,
22/05/2025 17:11:00,554.09,193.757,0,324.649,0.65,0,-1.44138,15.0918,13.6504,50.0255,-3.04005,
22/05/2025 17:12:00,554.09,193.797,0,324.41,0.65,0,-1.46652,15.3866,13.9201,50.0369,-2.99097,
22/05/2025 17:13:00,554.097,193.794,0,324.649,0.65,0,-1.02588,15.6048,14.5789,49.9944,-2.96905,
22/05/2025 17:14:00,554.096,193.794,0,325.128,0.65,0,-1.11607,15.5887,14.4727,49.9754,-2.96905,
22/05/2025 17:15:00,554.09,193.782,0,325.367,0.65,0,-0.868566,15.4528,14.5842,49.9998,-3.01226,
22/05/2025 17:16:00,554.09,193.75,0,325.367,0.65,0,-1.50138,14.2161,12.7148,49.9699,-3.05396,
22/05/2025 17:17:00,554.09,193.728,0,325.367,0.65,0,-1.47679,13.8162,12.3394,49.9998,-3.07485,
22/05/2025 17:18:00,554.081,193.694,0,325.128,0.65,0,-0.87992,15.0982,14.2184,49.9699,-3.0888,
22/05/2025 17:19:00,544.852,190.475,0,324.649,0.639167,0,0.605902,17.9989,18.6049,49.9944,-3.06093,
22/05/2025 17:20:00,554.09,193.719,0,324.17,0.65,0,-0.493501,16.7472,16.2537,49.9998,-3.0192,
22/05/2025 17:21:00,554.093,193.752,0,324.649,0.65,0,-0.8574,16.0555,15.1981,50.0796,-2.95445,
22/05/2025 17:22:00,554.09,193.795,0,325.367,0.65,0,-0.18153,16.2373,16.0557,50.0454,-2.89616,
22/05/2025 17:23:00,554.096,193.807,0,325.128,0.65,0,-0.601355,16.6431,16.0418,50.0312,-2.83081,
22/05/2025 17:24:00,554.11,193.815,0,325.367,0.65,0,0.173624,18.2374,18.411,50.0625,-2.78737,
22/05/2025 17:25:00,554.187,193.84,0,325.128,0.65,0,0.947385,18.3336,19.281,50.0141,-2.75125,
22/05/2025 17:26:00,554.231,193.84,0,325.128,0.65,0,0.951445,18.361,19.3124,49.9917,-2.80184,
22/05/2025 17:27:00,554.172,193.827,0,324.889,0.65,0,0.889622,17.6732,18.5628,49.9944,-2.85257,
22/05/2025 17:28:00,554.1,193.808,0,324.41,0.65,0,15.8212,23.8939,39.7152,49.9672,-2.92528,
22/05/2025 17:29:00,554.106,193.802,0,324.889,0.65,0,55.2489,38.0507,93.2996,49.9754,-2.98366,
22/05/2025 17:30:00,554.09,193.765,0,325.367,0.65,0,23.8283,30.6168,54.4451,49.9699,-3.04005,
22/05/2025 17:31:00,554.099,193.768,0,325.607,0.65,0,9.86877,26.0199,35.8886,49.9862,-3.05396,
22/05/2025 17:32:00,554.104,193.768,0,325.128,0.65,0,4.3253,22.3994,26.7247,50.0568,-3.04005,
22/05/2025 17:33:00,554.158,193.788,0,325.128,0.65,0,3.82977,21.3069,25.1367,50.0369,-3.00532,
22/05/2025 17:34:00,554.145,193.799,0,325.128,0.65,0,4.90619,22.8218,27.728,49.9618,-2.99097,
22/05/2025 17:35:00,554.158,193.792,0,324.649,0.65,0,1.74544,19.3912,21.1367,49.9971,-2.99097,
22/05/2025 17:36:00,554.177,193.783,0,324.649,0.65,0,-0.354551,15.1903,14.8358,49.989,-3.0192,
22/05/2025 17:37:00,554.211,193.776,0,324.649,0.65,0,-0.828036,13.9281,13.1001,49.9591,-3.04005,
22/05/2025 17:38:00,554.231,193.756,0,325.128,0.65,0,0.264334,17.3542,17.6185,49.9699,-3.06789,
22/05/2025 17:39:00,554.206,193.739,0,325.367,0.65,0,0.317761,17.5999,17.9176,49.9645,-3.09577,
22/05/2025 17:40:00,554.184,193.709,0,325.607,0.65,0,6.4903,22.3551,28.8453,49.9672,-3.11671,
22/05/2025 17:41:00,554.147,193.689,0,325.128,0.65,0,17.69,31.337,49.027,49.9699,-3.13768,
22/05/2025 17:42:00,554.125,193.689,0,325.367,0.65,0,20.2523,32.5755,52.8278,49.989,-3.14467,
22/05/2025 17:43:00,554.114,193.659,0,324.649,0.65,0,12.512,26.5649,39.0769,49.921,-3.16567,
22/05/2025 17:44:00,554.105,193.652,0,324.41,0.65,0,5.99287,22.3497,28.3425,49.9727,-3.17969,
22/05/2025 17:45:00,554.098,193.671,0,324.649,0.65,0,7.55614,24.1662,31.7224,49.989,-3.16567,
22/05/2025 17:46:00,554.125,193.675,0,325.367,0.65,0,10.4524,26.6441,37.0964,49.9618,-3.15167,
22/05/2025 17:47:00,554.186,193.629,0,325.367,0.65,0,7.23794,25.152,32.3899,50.0027,-3.09577,
22/05/2025 17:48:00,554.201,193.626,0,325.367,0.65,0,3.559,22.5505,26.1095,50.0369,-3.0331,
22/05/2025 17:49:00,554.209,193.638,0,325.367,0.65,0,1.26571,18.1472,19.4129,50.0255,-2.98366,
22/05/2025 17:50:00,554.176,193.637,0,325.128,0.65,0,2.24439,19.9406,22.185,49.9591,-2.96175,
22/05/2025 17:51:00,554.224,193.645,0,324.649,0.65,0,1.59692,19.8448,21.4417,49.9781,-2.96905,
22/05/2025 17:52:00,554.168,193.642,0,324.649,0.65,0,1.37018,19.901,21.2712,49.9455,-2.98366,
22/05/2025 17:53:00,554.134,193.625,0,324.649,0.65,0,1.66761,20.2879,21.9555,50.0055,-3.01226,
22/05/2025 17:54:00,554.125,193.638,0,325.607,0.65,0,0.850755,16.7764,17.6272,49.9645,-3.04005,
22/05/2025 17:55:00,554.131,193.642,0,325.367,0.65,0,0.93789,16.2167,17.1546,49.9564,-3.07485,
22/05/2025 17:56:00,554.127,193.613,0,325.128,0.65,0,-0.383934,13.1309,12.747,49.9645,-3.10973,
22/05/2025 17:57:00,554.154,193.62,0,325.367,0.65,0,-1.1235,9.98216,8.85865,49.9509,-3.13768,
22/05/2025 17:58:00,554.18,193.617,0,325.128,0.65,0,-0.561082,11.0425,10.4814,49.9672,-3.17268,
22/05/2025 17:59:00,554.224,193.608,0,324.649,0.65,0,-0.663544,10.6139,9.95038,49.9455,-3.1867,
22/05/2025 18:00:00,554.223,193.581,0,324.649,0.65,0,-1.27957,10.0124,8.73279,49.9319,-3.20073,
22/05/2025 18:01:00,554.215,193.553,0,324.649,0.65,0,-1.02568,11.3679,10.3423,49.9264,-3.21477,
22/05/2025 18:02:00,554.216,193.533,0,325.128,0.65,0,-0.521923,12.9462,12.4243,49.9455,-3.20775,
22/05/2025 18:03:00,554.216,193.515,0,325.367,0.65,0,-0.659859,13.3974,12.7376,49.9781,-3.21477,
22/05/2025 18:04:00,554.226,193.486,0,325.128,0.65,0,-0.846449,12.8599,12.0134,49.9808,-3.20775,
22/05/2025 18:05:00,554.27,193.485,0,325.367,0.65,0,-1.21992,11.3782,10.1583,49.9591,-3.21477,
22/05/2025 18:06:00,554.217,193.45,0,325.128,0.65,0,-1.52946,9.51026,7.98079,49.9428,-3.20073,
22/05/2025 18:07:00,554.251,193.468,0,324.889,0.65,0,-1.48166,10.4405,8.95889,49.9591,-3.16567,
22/05/2025 18:08:00,554.236,193.473,0,324.41,0.65,0,-1.62183,9.30974,7.68791,50.0084,-3.13068,
22/05/2025 18:09:00,554.258,193.478,0,324.649,0.65,0,-1.63408,8.85183,7.21774,50.0084,-3.08182,
22/05/2025 18:10:00,554.275,193.482,0,325.367,0.65,0,-1.47064,10.3018,8.83121,50.0198,-3.0192,
22/05/2025 18:11:00,554.276,193.519,0,325.367,0.65,0,-1.6332,9.88089,8.24768,50.0483,-2.93986,
22/05/2025 18:12:00,554.283,193.527,0,325.128,0.65,0,-1.53585,9.53746,8.00161,50.0711,-2.87435,
22/05/2025 18:13:00,554.283,193.566,0,325.367,0.65,0,-1.4378,9.96516,8.52737,50.0711,-2.81632,
22/05/2025 18:14:00,554.283,193.598,0,325.128,0.65,0,-1.42521,10.5828,9.15757,49.9808,-2.78014,
22/05/2025 18:15:00,554.277,193.603,0,324.649,0.65,0,1.3997,17.0508,18.4505,50.0112,-2.77291,
22/05/2025 18:16:00,554.28,193.596,0,324.41,0.65,0,2.48928,20.7946,23.2839,50.0084,-2.80908,
22/05/2025 18:17:00,554.279,193.578,0,324.649,0.65,0,6.64966,26.9626,33.6123,50.0112,-2.85257,
22/05/2025 18:18:00,554.264,193.557,0,325.607,0.65,0,4.70883,24.2103,28.9191,50.0112,-2.88889,
22/05/2025 18:19:00,554.234,193.545,0,325.367,0.65,0,0.362966,13.705,14.068,49.9917,-2.89616,
22/05/2025 18:20:00,554.254,193.569,0,325.367,0.65,0,-1.08352,10.0107,8.92712,50.0397,-2.88889,
22/05/2025 18:21:00,554.242,193.571,0,325.128,0.65,0,-1.33108,10.0367,8.70567,50.0853,-2.86709,
22/05/2025 18:22:00,554.259,193.609,0,325.128,0.65,0,-1.35786,10.465,9.10714,50.0711,-2.84531,
22/05/2025 18:23:00,554.266,193.606,0,324.649,0.65,0,-0.748178,13.1181,12.3699,50.0739,-2.82356,
22/05/2025 18:24:00,554.273,193.61,0,324.41,0.65,0,-0.593562,14.2362,13.6427,50.0739,-2.78737,
22/05/2025 18:25:00,554.273,193.617,0,324.649,0.65,0,-0.492465,12.6797,12.1873,50.0226,-2.77291,
22/05/2025 18:26:00,554.249,193.637,0,325.128,0.65,0,-1.09987,10.9034,9.8035,50.0483,-2.75847,
22/05/2025 18:27:00,554.274,193.683,0,325.607,0.65,0,-1.44091,11.6151,10.1742,50.0283,-2.73682,
22/05/2025 18:28:00,554.28,193.714,0,325.128,0.65,0,-1.42907,11.7458,10.3167,50.0369,-2.73682,
22/05/2025 18:29:00,554.269,193.723,0,325.367,0.65,0,-1.21599,10.7836,9.56759,50.0796,-2.73682,
22/05/2025 18:30:00,554.257,193.762,0,325.367,0.65,0,0.18512,11.8146,11.9998,50.0397,-2.72961,
22/05/2025 18:31:00,554.263,193.781,0,324.649,0.65,0,-0.854923,10.8586,10.0037,50.0882,-2.75125,
22/05/2025 18:32:00,554.273,193.791,0,324.41,0.65,0,-0.331427,12.1519,11.8205,50.0397,-2.76569,
22/05/2025 18:33:00,554.278,193.805,0,324.649,0.65,0,0.221715,12.8771,13.0988,50.0511,-2.77291,
22/05/2025 18:34:00,554.277,193.808,0,325.128,0.65,0,0.292643,14.8668,15.1595,50.0711,-2.78737,
22/05/2025 18:35:00,554.242,193.807,0,325.607,0.65,0,1.42838,16.9639,18.3923,50.0625,-2.80908,
22/05/2025 18:36:00,554.259,193.809,0,325.128,0.65,0,4.66375,21.585,26.2488,50.034,-2.82356,
22/05/2025 18:37:00,554.277,193.826,0,325.128,0.65,0,4.27246,24.9727,29.2451,50.0027,-2.82356,
22/05/2025 18:38:00,554.277,193.84,0,324.889,0.65,0,3.30272,23.4214,26.7241,50.0283,-2.83806,
22/05/2025 18:39:00,554.273,193.846,0,324.889,0.65,0,0.538492,15.9616,16.5001,50.054,-2.83806,
22/05/2025 18:40:00,554.282,193.861,0,324.41,0.65,0,-0.784396,13.3358,12.5514,50.0654,-2.83806,
22/05/2025 18:41:00,554.283,193.874,0,324.649,0.65,0,-1.05552,14.2647,13.2092,50.0654,-2.83806,
22/05/2025 18:42:00,545.035,190.652,0,325.367,0.65,0,-1.31888,13.0387,11.7198,50.0796,-2.82356,
22/05/2025 18:43:00,554.28,193.912,0,325.128,0.639167,0,-0.368298,13.4705,13.1022,50.0625,-2.83806,
22/05/2025 18:44:00,554.256,193.909,0,325.128,0.65,0,-0.752193,13.8487,13.0965,50.0397,-2.82356,
22/05/2025 18:45:00,545.04,190.708,0,325.367,0.639167,0,-1.20521,11.907,10.7017,50.0568,-2.83081,
22/05/2025 18:46:00,554.279,193.934,0,324.889,0.65,0,-0.674651,12.7831,12.1085,50.0397,-2.84531,
22/05/2025 18:47:00,554.274,193.947,0,324.889,0.65,0,-0.806428,11.1814,10.375,50.0141,-2.85257,
22/05/2025 18:48:00,554.28,193.985,0,324.41,0.65,0,2.52541,15.3469,17.8723,50.0426,-2.86709,
22/05/2025 18:49:00,554.283,193.978,0,324.889,0.65,0,2.8851,18.4677,21.3528,50.034,-2.86709,
22/05/2025 18:50:00,517.327,181.061,0,325.128,0.606667,0,1.56267,16.7996,18.3622,50.0369,-2.88162,
22/05/2025 18:51:00,545.045,190.765,0,325.607,0.639167,0,-0.0248843,12.5303,12.5054,50.0255,-2.89616,
22/05/2025 18:52:00,535.776,187.535,0,325.367,0.628333,0,0.135679,17.7124,17.848,50.0226,-2.90344,
22/05/2025 18:53:00,545.045,190.749,0,325.128,0.639167,0,2.8969,22.8879,25.7848,50.054,-2.90344,
22/05/2025 18:54:00,545.045,190.746,0,325.128,0.639167,0,2.19958,22.0592,24.2588,50.0511,-2.90344,
22/05/2025 18:55:00,554.283,194.005,0,324.649,0.65,0,-0.0635921,17.6376,17.574,50.0654,-2.89616,
22/05/2025 18:56:00,554.283,194.03,0,324.649,0.65,0,0.299605,19.2608,19.5604,49.9781,-2.92528,
22/05/2025 18:57:00,554.283,194.011,0,324.649,0.65,0,4.47555,22.584,27.0596,49.9835,-2.98366,
22/05/2025 18:58:00,554.283,194.004,0,325.607,0.65,0,11.6969,30.9332,42.6301,49.9835,-3.0192,
22/05/2025 18:59:00,554.283,193.982,0,325.367,0.65,0,9.71327,28.5684,38.2817,50.0084,-3.0331,
22/05/2025 19:00:00,554.283,193.984,0,325.128,0.65,0,1.41656,19.519,20.9355,50.0426,-3.04005,
22/05/2025 19:01:00,554.286,193.998,0,325.128,0.65,0,2.12813,21.8645,23.9926,49.9944,-3.0331,
22/05/2025 19:02:00,554.28,193.99,0,324.889,0.65,0,2.1577,23.5285,25.6862,50.0226,-3.0192,
22/05/2025 19:03:00,554.29,193.997,0,324.41,0.65,0,4.82359,27.6218,32.4454,50.0141,-2.99829,
22/05/2025 19:04:00,554.332,194.017,0,324.41,0.65,0,5.17284,24.5996,29.7725,50.034,-2.98366,
22/05/2025 19:05:00,554.317,194.016,0,324.649,0.65,0,8.88796,26.6075,35.4955,50.054,-2.96175,
22/05/2025 19:06:00,554.312,194.022,0,325.128,0.65,0,6.48675,27.9002,34.3869,50.0112,-2.96175,
22/05/2025 19:07:00,554.336,194.019,0,325.128,0.65,0,0.74117,19.882,20.6231,49.9101,-3.02615,
22/05/2025 19:08:00,554.29,193.977,0,325.367,0.65,0,4.90904,26.2613,31.1703,49.94,-3.09577,
22/05/2025 19:09:00,554.283,193.953,0,325.367,0.65,0,6.11127,30.3396,36.4509,49.9482,-3.15167,
22/05/2025 19:10:00,554.302,193.92,0,325.367,0.65,0,6.04222,29.2715,35.3137,49.9319,-3.1867,
22/05/2025 19:11:00,554.293,193.916,0,324.649,0.65,0,15.2514,33.1544,48.4059,49.9754,-3.1867,
22/05/2025 19:12:00,554.32,193.911,0,324.649,0.65,0,19.072,36.0518,55.1238,49.9672,-3.16567,
22/05/2025 19:13:00,554.367,193.918,0,324.649,0.65,0,23.8623,37.6412,61.5035,49.9862,-3.14467,
22/05/2025 19:14:00,554.411,193.922,0,325.128,0.65,0,35.5181,37.5146,73.0328,49.9727,-3.10973,
22/05/2025 19:15:00,554.407,193.929,0,325.367,0.65,0,40.0776,37.5273,77.6049,49.9998,-3.08182,
22/05/2025 19:16:00,554.418,193.938,0,325.128,0.65,0,27.8673,36.643,64.5102,50.0055,-3.06093,
22/05/2025 19:17:00,554.381,193.955,0,325.367,0.65,0,52.0743,39.1018,91.176,49.989,-3.04701,
22/05/2025 19:18:00,554.377,193.934,0,324.889,0.65,0,64.6878,40.5151,105.203,49.989,-3.0192,
22/05/2025 19:19:00,554.421,193.934,0,324.41,0.65,0,68.786,41.1543,109.94,50.0426,-2.99097,
22/05/2025 19:20:00,554.447,193.96,0,324.41,0.65,0,71.6823,41.4737,113.156,50.0198,-2.96905,
22/05/2025 19:21:00,554.444,193.962,0,324.649,0.65,0,70.1956,39.4946,109.69,50.0055,-2.94716,
22/05/2025 19:22:00,554.452,193.971,0,325.367,0.65,0,50.6398,42.1122,92.752,50.034,-2.93257,
22/05/2025 19:23:00,554.426,193.976,0,325.367,0.65,0,40.4621,35.8053,76.2674,50.0055,-2.918,
22/05/2025 19:24:00,554.471,193.983,0,325.128,0.65,0,18.6618,32.3108,50.9726,50.0283,-2.918,
22/05/2025 19:25:00,554.468,193.987,0,325.367,0.65,0,13.0751,31.565,44.6401,50.0312,-2.91072,
22/05/2025 19:26:00,554.453,193.981,0,325.128,0.65,0,8.90808,31.2458,40.1538,50.0369,-2.89616,
22/05/2025 19:27:00,554.456,194.002,0,324.649,0.65,0,8.61471,30.697,39.3117,50.0226,-2.89616,
22/05/2025 19:28:00,554.469,194.007,0,324.649,0.65,0,2.48281,20.6812,23.164,50.0426,-2.88889,
22/05/2025 19:29:00,554.47,194.012,0,324.649,0.65,0,7.55243,24.2734,31.8258,50.0027,-2.89616,
22/05/2025 19:30:00,554.476,194.011,0,325.367,0.65,0,2.85111,17.9864,20.8375,50.0226,-2.90344,
22/05/2025 19:31:00,554.476,194.019,0,325.128,0.65,0,1.68875,18.3683,20.057,50.0198,-2.90344,
22/05/2025 19:32:00,554.479,194.038,0,325.367,0.65,0,14.7357,30.9848,45.7205,50.034,-2.90344,
22/05/2025 19:33:00,554.48,194.047,0,325.367,0.65,0,28.6048,38.8098,67.4146,49.9998,-2.918,
22/05/2025 19:34:00,554.477,194.052,0,324.889,0.65,0,27.0224,36.6594,63.6818,50.0055,-2.93257,
22/05/2025 19:35:00,554.479,194.016,0,324.649,0.65,0,19.2945,31.3257,50.6202,49.9944,-2.95445,
22/05/2025 19:36:00,554.479,194.014,0,324.41,0.65,0,10.6414,29.1775,39.8189,50.0283,-2.96175,
22/05/2025 19:37:00,554.497,194.03,0,324.649,0.65,0,16.0704,32.29,48.3604,49.9536,-2.99829,
22/05/2025 19:38:00,554.499,194.005,0,325.128,0.65,0,19.9288,32.0511,51.9799,49.9482,-3.05396,
22/05/2025 19:39:00,554.483,193.969,0,325.367,0.65,0,21.2169,34.5208,55.7377,49.9699,-3.09577,
22/05/2025 19:40:00,554.477,193.964,0,325.128,0.65,0,19.5665,34.0823,53.6488,49.9183,-3.15867,
22/05/2025 19:41:00,554.473,193.92,0,325.367,0.65,0,15.2875,31.5699,46.8575,49.9564,-3.16567,
22/05/2025 19:42:00,554.476,193.932,0,325.128,0.65,0,10.0685,24.9438,35.0123,50.0084,-3.14467,
22/05/2025 19:43:00,554.476,193.93,0,324.649,0.65,0,3.73196,19.8174,23.5494,49.989,-3.1237,
22/05/2025 19:44:00,554.476,193.948,0,324.41,0.65,0,4.76071,23.9697,28.7304,49.9971,-3.09577,
22/05/2025 19:45:00,554.476,193.95,0,324.889,0.65,0,3.46212,21.2011,24.6632,49.9944,-3.05396,
22/05/2025 19:46:00,554.486,193.972,0,325.128,0.65,0,6.63311,29.121,35.7541,49.9998,-3.0192,
22/05/2025 19:47:00,554.477,193.977,0,325.367,0.65,0,3.52601,23.4847,27.0107,50.0283,-3.00532,
22/05/2025 19:48:00,554.477,193.97,0,325.607,0.65,0,-0.0301065,13.0577,13.0275,49.9917,-2.98366,
22/05/2025 19:49:00,554.477,193.975,0,325.128,0.65,0,0.727392,15.7921,16.5195,50.0027,-2.97636,
22/05/2025 19:50:00,554.486,193.973,0,325.367,0.65,0,12.9763,30.347,43.3233,49.9944,-2.99097,
22/05/2025 19:51:00,554.481,193.94,0,324.649,0.65,0,6.55066,27.9974,34.5481,49.9835,-2.99829,
22/05/2025 19:52:00,554.504,193.97,0,324.17,0.65,0,0.785795,22.0025,22.7883,49.9998,-2.99097,
22/05/2025 19:53:00,554.536,193.983,0,324.41,0.65,0,-0.0863235,14.6164,14.53,50.0198,-2.97636,
22/05/2025 19:54:00,554.531,193.977,0,325.128,0.65,0,-0.149916,11.0932,10.9433,50.0226,-2.94716,
22/05/2025 19:55:00,554.523,193.981,0,325.367,0.65,0,1.80329,17.8461,19.6494,50.0169,-2.94716,
22/05/2025 19:56:00,554.505,193.956,0,325.128,0.65,0,16.2596,32.0583,48.318,50.0141,-2.93257,
22/05/2025 19:57:00,554.504,193.962,0,325.128,0.65,0,29.9193,38.2662,68.1854,50.0141,-2.93986,
22/05/2025 19:58:00,545.28,190.735,0,325.128,0.639167,0,17.6399,34.9422,52.582,50.0169,-2.93986,
22/05/2025 19:59:00,554.486,193.978,0,324.649,0.65,0,9.66602,26.2492,35.9153,49.9754,-2.93986,
22/05/2025 20:00:00,554.504,193.982,0,324.17,0.65,0,11.4651,35.3592,46.8243,49.9944,-2.93257,
22/05/2025 20:01:00,554.527,193.998,0,324.649,0.65,0,10.7425,30.5833,41.3258,49.9917,-2.92528,
22/05/2025 20:02:00,554.611,193.995,0,325.367,0.65,0,26.1715,31.0258,57.1973,49.9835,-2.91072,
22/05/2025 20:03:00,554.586,194.007,0,325.367,0.65,0,41.4523,33.4919,74.9442,50.0312,-2.90344,
22/05/2025 20:04:00,554.538,194.003,0,325.128,0.65,0,35.9658,34.5677,70.5334,50.0084,-2.88889,
22/05/2025 20:05:00,554.603,194.018,0,325.367,0.65,0,26.7458,33.1589,59.9047,50.0568,-2.88889,
22/05/2025 20:06:00,554.581,194.008,0,324.889,0.65,0,27.6098,34.4756,62.0853,50.0198,-2.88162,
22/05/2025 20:07:00,554.563,194.015,0,324.649,0.65,0,21.6656,33.9357,55.6012,50.0397,-2.88889,
22/05/2025 20:08:00,554.569,194.039,0,324.41,0.65,0,12.4561,27.8034,40.2595,50.0483,-2.87435,
22/05/2025 20:09:00,554.63,194.051,0,324.649,0.65,0,8.70494,28.4736,37.1785,50.0454,-2.88162,
22/05/2025 20:10:00,554.634,194.056,0,325.128,0.65,0,5.47131,27.8027,33.274,50.0283,-2.87435,
22/05/2025 20:11:00,554.632,194.049,0,325.128,0.65,0,4.58861,25.5431,30.1317,50.0255,-2.88162,
22/05/2025 20:12:00,554.657,194.074,0,325.367,0.65,0,3.78201,19.9576,23.7396,49.9971,-2.918,
22/05/2025 20:13:00,545.408,190.806,0,325.367,0.639167,0,9.83729,28.9166,38.7539,49.9536,-2.97636,
22/05/2025 20:14:00,554.567,194.013,0,325.128,0.65,0,17.3013,33.7974,51.0986,49.9509,-3.04701,
22/05/2025 20:15:00,554.49,193.985,0,324.41,0.65,0,41.0695,38.9254,79.9948,49.9101,-3.13068,
22/05/2025 20:16:00,554.48,193.937,0,324.17,0.65,0,44.7165,36.0385,80.7549,49.9292,-3.1867,
22/05/2025 20:17:00,554.483,193.902,0,324.649,0.65,0,48.79,38.9011,87.6911,49.9482,-3.22179,
22/05/2025 20:18:00,545.235,190.629,0,325.367,0.639167,0,32.4672,29.5557,62.023,49.9862,-3.22179,
22/05/2025 20:19:00,554.476,193.889,0,325.367,0.65,0,42.5618,37.0176,79.5794,49.9319,-3.21477,
22/05/2025 20:20:00,554.476,193.85,0,325.367,0.65,0,34.4163,34.1412,68.5575,49.9128,-3.22882,
22/05/2025 20:21:00,545.229,190.62,0,325.367,0.639167,0,16.3391,31.327,47.6661,49.9699,-3.23585,
22/05/2025 20:22:00,554.461,193.848,0,325.367,0.65,0,18.7568,30.9228,49.6796,49.9754,-3.23585,
22/05/2025 20:23:00,554.465,193.817,0,324.649,0.65,0,5.46391,25.9861,31.45,49.8801,-3.24992,
22/05/2025 20:24:00,554.468,193.733,0,324.649,0.65,0,7.81621,29.8571,37.6734,49.9183,-3.33459,
22/05/2025 20:25:00,554.446,193.665,0,324.649,0.65,0,10.4315,34.0494,44.4809,50.0768,-3.36998,
22/05/2025 20:26:00,554.465,193.655,0,325.367,0.65,0,9.00391,33.0886,42.0925,50.0654,-3.3629,
22/05/2025 20:27:00,554.449,193.647,0,325.367,0.65,0,8.66024,34.026,42.6862,49.9672,-3.30632,
22/05/2025 20:28:00,554.472,193.646,0,325.367,0.65,0,31.7517,33.6396,65.3913,50.0283,-3.24289,
22/05/2025 20:29:00,545.235,190.443,0,325.128,0.639167,0,30.9205,33.8127,64.7332,50.0711,-3.17969,
22/05/2025 20:30:00,554.476,193.718,0,325.128,0.65,0,30.6475,36.039,66.6865,50.0796,-3.11671,
22/05/2025 20:31:00,554.479,193.721,0,324.649,0.65,0,16.6688,28.7093,45.3781,50.0625,-3.06093,
22/05/2025 20:32:00,554.477,193.742,0,324.41,0.65,0,8.6615,14.843,23.5045,50.0454,-3.00532,
22/05/2025 20:33:00,554.483,193.759,0,324.649,0.65,0,11.3172,19.0517,30.3689,50.0169,-2.96175,
22/05/2025 20:34:00,554.48,193.776,0,325.128,0.65,0,5.21669,23.7931,29.0098,50.0426,-2.91072,
22/05/2025 20:35:00,554.48,193.793,0,325.367,0.65,0,4.27383,24.1765,28.4504,50.034,-2.88162,
22/05/2025 20:36:00,554.477,193.798,0,325.367,0.65,0,6.3706,29.2851,35.6557,50.0568,-2.86709,
22/05/2025 20:37:00,554.477,193.799,0,325.128,0.65,0,5.73961,30.1622,35.9018,50.0397,-2.85257,
22/05/2025 20:38:00,554.48,193.824,0,325.128,0.65,0,4.14343,29.1235,33.2669,50.0597,-2.84531,
22/05/2025 20:39:00,554.484,193.836,0,324.889,0.65,0,4.57259,26.6074,31.18,50.0597,-2.83081,
22/05/2025 20:40:00,554.507,193.842,0,324.649,0.65,0,5.13126,24.0789,29.2102,50.0198,-2.84531,
22/05/2025 20:41:00,554.527,193.842,0,324.649,0.65,0,2.85736,23.5086,26.3659,50.0397,-2.84531,
22/05/2025 20:42:00,554.49,193.849,0,325.128,0.65,0,0.996638,22.8358,23.8324,50.0426,-2.85257,
22/05/2025 20:43:00,545.236,190.62,0,325.367,0.639167,0,1.03371,25.0818,26.1155,50.0226,-2.85983,
22/05/2025 20:44:00,545.238,190.656,0,325.367,0.639167,0,0.919954,23.4448,24.3647,49.989,-2.86709,
22/05/2025 20:45:00,554.497,193.898,0,325.367,0.65,0,1.79978,25.0102,26.81,50.0255,-2.87435,
22/05/2025 20:46:00,545.245,190.651,0,325.128,0.639167,0,3.72927,27.4232,31.1525,50.0198,-2.88889,
22/05/2025 20:47:00,554.485,193.897,0,324.889,0.65,0,15.4339,28.6805,44.1144,50.0454,-2.90344,
22/05/2025 20:48:00,545.284,190.651,0,324.41,0.639167,0,10.929,28.781,39.71,50.0169,-2.91072,
22/05/2025 20:49:00,554.547,193.9,0,324.41,0.65,0,5.23132,27.7009,32.9323,49.9754,-2.918,
22/05/2025 20:50:00,554.563,193.9,0,325.367,0.65,0,3.79059,27.2765,31.0671,50.0027,-2.90344,
22/05/2025 20:51:00,526.777,184.221,0,325.367,0.6175,0,4.09597,25.1048,29.2007,50.0397,-2.89616,
22/05/2025 20:52:00,554.502,193.906,0,324.889,0.65,0,5.8727,26.0194,31.8921,50.0112,-2.92528,
22/05/2025 20:53:00,554.482,193.901,0,325.367,0.65,0,3.13596,23.3914,26.5273,49.9808,-2.96175,
22/05/2025 20:54:00,554.481,193.856,0,325.128,0.65,0,2.75948,23.6934,26.4528,49.9373,-3.0192,
22/05/2025 20:55:00,554.477,193.842,0,324.889,0.65,0,1.47595,22.0405,23.5165,49.9727,-3.0888,
22/05/2025 20:56:00,554.48,193.814,0,324.41,0.65,0,1.12664,22.7529,23.8795,49.9536,-3.1237,
22/05/2025 20:57:00,554.477,193.801,0,324.649,0.65,0,0.483705,21.8604,22.3441,49.9998,-3.11671,
22/05/2025 20:58:00,554.477,193.799,0,325.128,0.65,0,1.15772,25.6208,26.7785,49.9754,-3.10275,
22/05/2025 20:59:00,554.477,193.808,0,325.367,0.65,0,1.35606,25.2045,26.5605,50.0255,-3.06789,
22/05/2025 21:00:00,554.479,193.817,0,325.128,0.65,0,0.853185,24.8212,25.6744,49.9835,-3.05396,
22/05/2025 21:01:00,545.235,190.571,0,325.367,0.639167,0,3.7802,24.2526,28.0327,49.9237,-3.06789,
22/05/2025 21:02:00,554.476,193.785,0,324.889,0.65,0,2.57692,19.7364,22.3133,49.9564,-3.09577,
22/05/2025 21:03:00,554.476,193.764,0,324.889,0.65,0,4.68732,19.9872,24.6745,49.9944,-3.13068,
22/05/2025 21:04:00,554.475,193.749,0,324.649,0.65,0,4.94941,24.1129,29.0623,49.9047,-3.15867,
22/05/2025 21:05:00,554.474,193.735,0,324.649,0.65,0,3.566,23.4774,27.0434,49.9862,-3.14467,
22/05/2025 21:06:00,554.48,193.742,0,325.607,0.65,0,5.4498,24.8053,30.2551,49.9727,-3.10973,
22/05/2025 21:07:00,545.235,190.527,0,325.367,0.639167,0,5.25621,25.732,30.9882,49.9862,-3.07485,
22/05/2025 21:08:00,554.476,193.748,0,324.889,0.65,0,3.3911,24.8372,28.2283,50.0027,-3.0331,
22/05/2025 21:09:00,554.476,193.779,0,325.128,0.65,0,2.48241,23.3938,25.8762,49.9591,-3.0331,
22/05/2025 21:10:00,554.464,193.709,0,325.128,0.65,0,1.13342,20.4256,21.559,49.9564,-3.08182,
22/05/2025 21:11:00,554.466,193.695,0,324.889,0.65,0,0.172259,17.803,17.9753,49.9128,-3.16567,
22/05/2025 21:12:00,554.465,193.662,0,324.41,0.65,0,0.734069,20.2961,21.0301,49.8529,-3.2781,
22/05/2025 21:13:00,554.433,193.614,0,324.889,0.65,0,-0.990789,12.3406,11.3498,49.9536,-3.34166,
22/05/2025 21:14:00,554.35,193.567,0,325.367,0.65,0,1.31224,22.0997,23.412,49.9101,-3.35581,
22/05/2025 21:15:00,554.345,193.571,0,325.367,0.65,0,4.37382,23.3928,27.7666,49.9699,-3.31338,
22/05/2025 21:16:00,554.331,193.573,0,325.128,0.65,0,5.72166,27.1361,32.8577,49.9672,-3.24992,
22/05/2025 21:17:00,554.311,193.553,0,325.128,0.65,1,2.12147,22.5131,24.6346,49.9727,-3.1867,
22/05/2025 21:18:00,554.311,193.553,0,325.128,0.65,1,1.79637,23.3364,25.1327,50.034,-3.1237,
22/05/2025 21:19:00,554.311,193.553,0,324.649,0.65,1,1.24826,21.9218,23.17,50.0312,-3.05396,
22/05/2025 21:20:00,554.311,193.553,0,324.649,0.65,1,0.364338,19.6001,19.9644,50.0084,-2.99097,
22/05/2025 21:21:00,554.311,193.553,0,324.649,0.65,1,-0.552663,17.0927,16.54,50.0055,-2.95445,
22/05/2025 21:22:00,554.311,193.553,0,325.128,0.65,1,-0.307617,17.4727,17.165,49.9998,-2.95445,
22/05/2025 21:23:00,554.311,193.553,0,325.367,0.65,1,1.21643,20.0826,21.299,49.9074,-2.98366,
22/05/2025 21:24:00,554.311,193.553,0,325.367,0.65,1,3.30997,26.647,29.957,49.9509,-3.02615,
22/05/2025 21:25:00,554.311,193.553,0,325.128,0.65,1,10.9074,26.7711,37.6785,49.9319,-3.0331,
22/05/2025 21:26:00,554.311,193.553,0,324.889,0.65,1,20.6628,31.9423,52.6051,49.989,-3.01226,
22/05/2025 21:27:00,554.311,193.553,0,324.649,0.65,1,40.7778,34.3627,75.1405,49.921,-2.97636,
22/05/2025 21:28:00,554.311,193.553,0,324.649,0.65,1,52.3685,33.7203,86.0889,49.9754,-2.93257,
22/05/2025 21:29:00,554.311,193.553,0,324.41,0.65,1,54.7665,35.5558,90.3223,49.989,-2.88162,
22/05/2025 21:30:00,554.311,193.553,0,325.128,0.65,1,44.0297,35.0729,79.1026,50.0198,-2.83081,
22/05/2025 21:31:00,554.311,193.553,0,324.41,0.65,1,42.978,34.8265,77.8046,50.0255,-2.80908,
22/05/2025 21:32:00,554.311,193.553,0,325.367,0.65,1,37.7406,35.5044,73.245,49.9971,-2.78014,
22/05/2025 21:33:00,554.311,193.553,0,325.607,0.65,1,20.7367,32.4136,53.1503,49.9944,-2.75847,
22/05/2025 21:34:00,554.311,193.553,0,325.128,0.65,1,8.04491,29.4653,37.5102,50.0369,-2.74404,
22/05/2025 21:35:00,554.311,193.553,0,324.649,0.65,1,6.85467,28.6154,35.47,50.0312,-2.72961,
22/05/2025 21:36:00,554.311,193.553,0,324.41,0.65,1,10.8741,30.4978,41.372,49.9917,-2.75125,
22/05/2025 21:37:00,554.311,193.553,0,324.649,0.65,1,13.4763,29.4219,42.8982,49.9455,-2.7946,
22/05/2025 21:38:00,545.065,190.33,0,325.128,0.639167,0,10.5144,27.663,38.1773,49.9428,-2.85257,
22/05/2025 21:39:00,554.295,193.505,0,325.367,0.65,0,5.34737,26.7374,32.0848,49.989,-2.91072,
22/05/2025 21:40:00,554.319,193.51,0,324.889,0.65,0,17.0877,30.8959,47.9836,50.0226,-2.92528,
22/05/2025 21:41:00,554.316,193.501,0,325.607,0.65,0,27.7794,32.5128,60.2922,50.0312,-2.918,
22/05/2025 21:42:00,554.333,193.52,0,325.367,0.65,0,36.6919,34.8054,71.4973,50.0027,-2.91072,
22/05/2025 21:43:00,554.34,193.51,0,324.649,0.65,0,44.5469,35.7307,80.2775,49.9727,-2.93257,
22/05/2025 21:44:00,554.351,193.524,0,324.41,0.65,0,62.8167,36.5221,99.3387,49.9564,-2.96175,
22/05/2025 21:45:00,554.4,193.516,0,324.649,0.65,0,70.5637,34.6943,105.258,49.9835,-2.99097,
22/05/2025 21:46:00,554.355,193.493,0,325.128,0.65,0,51.5381,35.111,86.6491,49.9944,-3.0192,
22/05/2025 21:47:00,554.343,193.486,0,325.367,0.65,0,20.082,31.357,51.439,50.0226,-3.01226,
22/05/2025 21:48:00,554.361,193.516,0,325.128,0.65,0,9.14455,28.9642,38.1088,50.0084,-3.01226,
22/05/2025 21:49:00,554.393,193.536,0,325.367,0.65,0,6.82939,29.5513,36.3807,50.0169,-2.99097,
22/05/2025 21:50:00,554.371,193.539,0,325.367,0.65,0,2.50903,16.6814,19.1904,50.034,-2.97636,
22/05/2025 21:51:00,554.351,193.557,0,324.889,0.65,0,-0.462428,7.79811,7.33569,50.034,-2.94716,
22/05/2025 21:52:00,554.326,193.586,0,324.41,0.65,0,1.02722,14.009,15.0362,49.9917,-2.93986,
22/05/2025 21:53:00,554.31,193.565,0,324.41,0.65,0,-0.917745,8.39121,7.47347,49.9998,-2.98366,
22/05/2025 21:54:00,554.29,193.52,0,325.128,0.65,0,0.216983,13.5091,13.7261,49.94,-3.02615,
22/05/2025 21:55:00,554.285,193.487,0,324.649,0.65,0,5.66307,23.3414,29.0044,49.94,-3.07485,
22/05/2025 21:56:00,554.283,193.46,0,325.367,0.65,0,5.75511,24.8657,30.6208,49.9564,-3.09577,
22/05/2025 21:57:00,554.287,193.477,0,325.367,0.65,0,6.59193,26.5955,33.1874,49.989,-3.09577,
22/05/2025 21:58:00,554.286,193.476,0,325.128,0.65,0,19.4023,35.2676,54.67,49.9998,-3.06789,
22/05/2025 21:59:00,545.045,190.244,0,325.607,0.639167,0,22.917,37.6071,60.524,49.9727,-3.05396,
22/05/2025 22:00:00,554.28,193.486,0,325.128,0.65,0,37.169,38.2378,75.4069,50.0084,-3.05396,
22/05/2025 22:01:00,554.283,193.493,0,324.889,0.65,0,30.3462,37.4259,67.7721,49.9591,-3.06789,
22/05/2025 22:02:00,554.283,193.466,0,324.41,0.65,0,12.156,29.8373,41.9932,49.9591,-3.08182,
22/05/2025 22:03:00,554.283,193.476,0,325.367,0.65,0,18.1091,24.7058,42.8149,49.9944,-3.06789,
22/05/2025 22:04:00,554.287,193.466,0,324.889,0.65,0,11.4322,25.4263,36.8586,50.0255,-3.04701,
22/05/2025 22:05:00,554.299,193.476,0,325.367,0.65,0,13.3732,24.5207,37.894,49.9971,-2.98366,
22/05/2025 22:06:00,554.325,193.564,0,325.128,0.65,0,11.9672,24.8517,36.8189,50.0796,-2.91072,
22/05/2025 22:07:00,554.349,193.604,0,325.367,0.65,0,14.1341,30.0202,44.1543,50.0255,-2.85257,
22/05/2025 22:08:00,554.378,193.606,0,325.128,0.65,0,8.04482,22.8019,30.8467,50.034,-2.83081,
22/05/2025 22:09:00,554.379,193.617,0,324.889,0.65,0,3.6835,19.4859,23.1693,50.0169,-2.83806,
22/05/2025 22:10:00,554.397,193.606,0,324.41,0.65,0,0.891622,12.0305,12.9222,50.0483,-2.84531,
22/05/2025 22:11:00,545.151,190.389,0,324.41,0.639167,0,-0.761795,8.05934,7.29754,50.0255,-2.83806,
22/05/2025 22:12:00,554.401,193.647,0,324.889,0.65,0,-0.947131,9.64114,8.69402,50.0027,-2.84531,
22/05/2025 22:13:00,545.102,190.429,0,325.367,0.639167,0,-1.32203,6.62199,5.29996,49.9808,-2.88162,
22/05/2025 22:14:00,554.302,193.62,0,325.367,0.65,0,-1.54557,5.9631,4.41752,49.9373,-2.96175,
22/05/2025 22:15:00,545.045,190.334,0,325.607,0.639167,0,-1.53387,6.51787,4.984,49.9591,-3.05396,
22/05/2025 22:16:00,554.283,193.527,0,325.367,0.65,0,-1.43038,8.59107,7.16069,49.9183,-3.1237,
22/05/2025 22:17:00,545.045,190.265,0,324.889,0.639167,0,0.221599,10.866,11.0876,49.9509,-3.15167,
22/05/2025 22:18:00,554.28,193.51,0,324.649,0.65,0,2.86383,16.3853,19.2492,49.9727,-3.16567,
22/05/2025 22:19:00,554.276,193.467,0,324.649,0.65,0,1.97439,19.0455,21.0198,49.9944,-3.15867,
22/05/2025 22:20:00,554.277,193.454,0,324.889,0.65,0,3.68507,23.6865,27.3716,50.0198,-3.13068,
22/05/2025 22:21:00,554.279,193.45,0,325.128,0.65,0,1.54244,19.8589,21.4013,49.9944,-3.09577,
22/05/2025 22:22:00,554.283,193.473,0,325.128,0.65,0,0.555156,19.3197,19.8748,49.9998,-3.05396,
22/05/2025 22:23:00,554.283,193.489,0,325.128,0.65,0,2.09937,23.2359,25.3353,50.0169,-3.0331,
22/05/2025 22:24:00,554.286,193.508,0,325.367,0.65,0,7.24587,29.9437,37.1896,50.0141,-3.02615,
22/05/2025 22:25:00,554.286,193.488,0,325.128,0.65,0,2.38115,21.7702,24.1513,49.9998,-3.04005,
22/05/2025 22:26:00,554.28,193.464,0,324.649,0.65,0,1.89971,22.3762,24.2759,49.9672,-3.04701,
22/05/2025 22:27:00,554.283,193.463,0,324.41,0.65,0,5.37103,27.1778,32.5488,50.0027,-3.02615,
22/05/2025 22:28:00,554.283,193.45,0,325.128,0.65,0,0.291828,14.7627,15.0545,49.9998,-3.0192,
22/05/2025 22:29:00,554.277,193.46,0,325.128,0.65,0,0.192613,14.3406,14.5332,49.9564,-3.01226,
22/05/2025 22:30:00,545.031,190.178,0,325.128,0.639167,0,0.0565646,12.5845,12.6411,49.989,-3.01226,
22/05/2025 22:31:00,545.036,190.209,0,325.607,0.639167,0,0.100311,15.5887,15.689,50.0141,-2.99829,
22/05/2025 22:32:00,545.03,190.223,0,325.128,0.639167,0,0.861283,21.1633,22.0246,50.0226,-2.98366,
22/05/2025 22:33:00,535.805,186.978,0,324.889,0.628333,0,5.20631,26.5621,31.7684,50.0112,-2.96905,
22/05/2025 22:34:00,517.323,180.542,0,324.649,0.606667,0,13.1412,35.1177,48.2589,49.9944,-2.95445,
22/05/2025 22:35:00,545.026,190.193,0,324.649,0.639167,0,20.5874,37.9791,58.5665,50.0255,-2.94716,
22/05/2025 22:36:00,526.563,183.752,0,325.128,0.628333,0,23.9378,35.1896,59.1274,49.9944,-2.94716,
22/05/2025 22:37:00,526.56,183.725,0,325.367,0.606667,0,23.9417,35.2199,59.1616,50.0084,-2.93986,
22/05/2025 22:38:00,535.795,186.984,0,325.128,0.628333,0,32.5121,39.6554,72.1675,50.0141,-2.93257,
22/05/2025 22:39:00,526.563,183.765,0,325.367,0.6175,0,19.6223,39.7067,59.329,50.0597,-2.91072,
22/05/2025 22:40:00,498.855,174.082,0,325.128,0.585,0,37.5245,47.0775,84.6021,50.0369,-2.88162,
22/05/2025 22:41:00,508.09,177.334,0,324.889,0.595833,0,31.8026,42.2648,74.0673,50.0255,-2.88162,
22/05/2025 22:42:00,406.474,141.886,0,324.41,0.476667,0,21.6727,43.4428,65.1155,50.0141,-2.89616,
22/05/2025 22:43:00,508.093,177.351,0,324.41,0.595833,0,49.9243,44.1479,94.0725,49.9862,-2.92528,
22/05/2025 22:44:00,480.379,167.634,0,325.128,0.563333,0,30.2076,41.3179,71.5255,49.9862,-2.98366,
22/05/2025 22:45:00,508.081,177.299,0,325.367,0.595833,0,24.8635,38.4267,63.2902,50.0027,-2.99829,
22/05/2025 22:46:00,498.819,174.105,0,324.889,0.585,0,42.0847,41.4331,83.5178,50.0226,-3.00532,
22/05/2025 22:47:00,526.569,183.752,0,325.367,0.6175,0,46.3715,42.1256,88.4971,50.0226,-2.98366,
22/05/2025 22:48:00,498.855,174.08,0,325.128,0.585,0,40.1736,41.0122,81.1857,50.0283,-2.96905,
22/05/2025 22:49:00,545.044,190.204,0,324.889,0.639167,0,30.8256,38.6247,69.4503,49.9944,-2.94716,
22/05/2025 22:50:00,517.329,180.603,0,324.649,0.606667,0,24.9814,37.4893,62.4707,50.0112,-2.93986,
22/05/2025 22:51:00,489.615,170.914,0,324.41,0.574167,0,23.2851,39.0458,62.3308,50.0682,-2.91072,
22/05/2025 22:52:00,517.331,180.578,0,324.889,0.606667,0,25.9528,41.7219,67.6746,50.0027,-2.90344,
22/05/2025 22:53:00,498.855,174.187,0,325.367,0.585,0,16.8403,34.0075,50.8478,50.034,-2.87435,
22/05/2025 22:54:00,471.12,164.442,0,325.128,0.563333,0,10.0643,31.132,41.1962,49.989,-2.88889,
22/05/2025 22:55:00,535.807,187.018,0,325.367,0.6175,0,20.4652,36.478,56.9432,49.9862,-2.93986,
22/05/2025 22:56:00,535.802,187.021,0,324.889,0.628333,0,33.6446,36.5509,70.1956,49.9564,-3.01226,
22/05/2025 22:57:00,535.707,186.945,0,325.128,0.628333,0,3.84387,25.5394,29.3833,49.9428,-3.07485,
22/05/2025 22:58:00,544.922,190.131,0,324.649,0.639167,0,8.51434,15.3305,23.8448,49.94,-3.1237,
22/05/2025 22:59:00,535.781,186.905,0,324.649,0.628333,0,6.7506,23.7202,30.4708,50.0169,-3.13068,
22/05/2025 23:00:00,554.265,193.379,0,325.128,0.65,0,27.8112,35.9962,63.8075,49.9509,-3.11671,
22/05/2025 23:01:00,545.042,190.193,0,325.128,0.639167,0,48.387,41.0653,89.4524,50.0198,-3.0888,
22/05/2025 23:02:00,554.279,193.419,0,325.367,0.65,0,39.2125,39.7526,78.9651,50.0055,-3.06789,
22/05/2025 23:03:00,498.852,174.074,0,325.367,0.585,0,53.1454,42.768,95.9134,49.9835,-3.0331,
22/05/2025 23:04:00,535.804,186.967,0,325.128,0.628333,0,92.0788,46.2565,138.335,50.0084,-3.00532,
22/05/2025 23:05:00,517.328,180.565,0,324.649,0.606667,0,123.986,44.7029,168.689,50.0198,-2.96905,
22/05/2025 23:06:00,554.263,193.439,0,324.41,0.65,0,134.227,42.7515,176.978,50.0169,-2.96175,
22/05/2025 23:07:00,535.79,186.981,0,324.17,0.628333,0,186.615,36.0008,222.616,50.0084,-2.93257,
22/05/2025 23:08:00,545.031,190.222,0,324.889,0.639167,0,216.197,43.8307,260.027,49.9835,-2.92528,
22/05/2025 23:09:00,554.282,193.463,0,325.128,0.65,0,122.031,40.0068,162.038,50.0112,-2.91072,
22/05/2025 23:10:00,554.283,193.47,0,325.128,0.65,0,102.068,35.2237,137.292,50.054,-2.90344,
22/05/2025 23:11:00,554.28,193.496,0,325.367,0.65,0,62.7855,32.7587,95.5443,50.0027,-2.89616,
22/05/2025 23:12:00,545.041,190.254,0,325.128,0.639167,0,24.4625,29.8855,54.348,50.0426,-2.87435,
22/05/2025 23:13:00,554.28,193.492,0,325.128,0.65,0,26.9765,31.3307,58.3072,50.0226,-2.86709,
22/05/2025 23:14:00,535.806,187.053,0,324.649,0.628333,0,66.2686,38.2466,104.515,50.0312,-2.85983,
22/05/2025 23:15:00,526.569,183.842,0,324.41,0.6175,0,98.6581,41.3077,139.966,50.0027,-2.87435,
22/05/2025 23:16:00,545.04,190.318,0,324.889,0.639167,0,111.899,41.3687,153.267,49.9808,-2.89616,
22/05/2025 23:17:00,554.265,193.501,0,325.128,0.65,0,107.148,42.9292,150.078,49.9536,-2.93986,
22/05/2025 23:18:00,554.261,193.462,0,324.889,0.65,0,90.8619,45.1459,136.008,49.9835,-2.98366,
22/05/2025 23:19:00,554.268,193.449,0,325.607,0.65,0,83.4729,45.06,128.533,50.0027,-3.0192,
22/05/2025 23:20:00,554.271,193.44,0,325.128,0.65,0,53.742,38.1628,91.9049,50.0283,-3.02615,
22/05/2025 23:21:00,554.266,193.455,0,324.889,0.65,0,23.6784,35.0943,58.7727,49.9618,-3.01226,
22/05/2025 23:22:00,554.283,193.456,0,324.41,0.65,0,43.0061,34.6783,77.6844,50.0055,-3.00532,
22/05/2025 23:23:00,554.247,193.461,0,324.649,0.65,0,13.6916,26.5574,40.2489,49.9917,-3.0192,
22/05/2025 23:24:00,526.532,183.828,0,325.128,0.6175,0,51.0827,31.4065,82.4893,49.9917,-3.02615,
22/05/2025 23:25:00,535.753,186.963,0,325.367,0.628333,0,39.2698,27.5965,66.8663,49.9808,-3.06093,
22/05/2025 23:26:00,517.309,180.515,0,325.128,0.606667,0,41.8025,30.6837,72.4862,49.9536,-3.0888,
22/05/2025 23:27:00,498.807,174.086,0,325.607,0.585,0,39.1038,31.3786,70.4825,49.9645,-3.10275,
22/05/2025 23:28:00,517.3,180.495,0,325.367,0.606667,0,43.3734,41.5585,84.9318,49.9835,-3.13068,
22/05/2025 23:29:00,526.44,183.725,0,324.889,0.6175,0,88.6954,47.1623,135.858,49.9591,-3.14467,
22/05/2025 23:30:00,489.508,170.82,0,324.649,0.574167,0,102.789,43.9953,146.784,49.9944,-3.14467,
22/05/2025 23:31:00,544.902,190.152,0,324.41,0.639167,0,92.2687,44.3559,136.625,49.989,-3.13768,
22/05/2025 23:32:00,535.732,186.949,0,325.128,0.628333,0,80.943,38.2726,119.216,49.9862,-3.10275,
22/05/2025 23:33:00,517.292,180.476,0,325.128,0.606667,0,38.546,43.022,81.568,49.9835,-3.08182,
22/05/2025 23:34:00,517.216,180.485,0,325.128,0.606667,0,53.3308,37.0443,90.3751,49.9862,-3.06093,
22/05/2025 23:35:00,489.588,170.822,0,325.367,0.574167,0,47.6564,42.9376,90.5941,49.9944,-3.06789,
22/05/2025 23:36:00,544.882,190.176,0,325.128,0.639167,0,54.9231,38.8506,93.7736,49.9645,-3.06789,
22/05/2025 23:37:00,526.397,183.725,0,325.128,0.6175,0,53.282,44.7939,98.0758,49.9727,-3.07485,
22/05/2025 23:38:00,544.888,190.138,0,324.41,0.639167,0,54.0609,42.0662,96.1271,49.9971,-3.07485,
22/05/2025 23:39:00,535.629,186.911,0,323.931,0.628333,0,60.4178,42.3057,102.724,49.9808,-3.08182,
22/05/2025 23:40:00,517.161,180.495,0,325.128,0.606667,0,37.2376,40.8375,78.075,50.0055,-3.05396,
22/05/2025 23:41:00,526.467,183.692,0,325.367,0.6175,0,17.1049,33.17,50.2749,50.0198,-3.02615,
22/05/2025 23:42:00,535.699,186.921,0,324.889,0.628333,0,16.994,32.6047,49.5988,50.0226,-3.00532,
22/05/2025 23:43:00,526.499,183.694,0,325.367,0.6175,0,15.4057,26.8106,42.2163,49.9618,-3.00532,
22/05/2025 23:44:00,535.684,186.794,0,325.128,0.628333,0,9.42562,20.6756,30.1012,50.0226,-3.00532,
22/05/2025 23:45:00,544.884,190.018,0,324.889,0.639167,0,6.62081,19.6492,26.27,49.9917,-3.0192,
22/05/2025 23:46:00,554.162,193.219,0,324.649,0.65,0,5.45179,21.5533,27.0051,49.9835,-3.02615,
22/05/2025 23:47:00,544.872,189.98,0,324.649,0.639167,0,4.40598,22.578,26.9839,50.0226,-3.0331,
22/05/2025 23:48:00,526.411,183.565,0,324.889,0.6175,0,12.7986,30.0279,42.8264,49.9917,-3.0192,
22/05/2025 23:49:00,544.861,190.008,0,325.367,0.639167,0,16.492,33.2119,49.7039,50.0141,-2.99097,
22/05/2025 23:50:00,544.855,189.965,0,325.128,0.639167,0,22.7553,37.268,60.0234,49.9727,-2.97636,
22/05/2025 23:51:00,554.102,193.202,0,325.367,0.65,0,16.1424,28.571,44.7134,49.989,-2.98366,
22/05/2025 23:52:00,517.155,180.318,0,325.128,0.606667,0,18.7489,33.9444,52.6933,49.9862,-2.99097,
22/05/2025 23:53:00,517.154,180.3,0,324.889,0.606667,0,26.7322,32.2601,58.9922,49.9699,-3.00532,
22/05/2025 23:54:00,535.624,186.763,0,324.889,0.628333,0,12.5683,33.015,45.5833,49.9699,-3.01226,
22/05/2025 23:55:00,544.877,189.943,0,324.41,0.639167,0,23.7792,33.1316,56.9108,50.0055,-3.01226,
22/05/2025 23:56:00,554.109,193.192,0,324.889,0.65,0,28.3771,39.5554,67.9325,50.0397,-2.99097,
22/05/2025 23:57:00,544.868,189.983,0,325.607,0.639167,0,39.9949,39.6458,79.6407,50.0312,-2.97636,
22/05/2025 23:58:00,544.867,190.008,0,324.889,0.639167,0,48.5443,42.8817,91.4261,49.9754,-2.97636,
22/05/2025 23:59:00,461.742,161.022,0,325.367,0.541667,0,106.202,42.3641,148.566,49.9672,-2.97636,
23/05/2025 00:00:00,544.854,189.971,0,325.607,0.639167,0,95.3492,46.8399,142.189,49.9808,-2.99829,
23/05/2025 00:01:00,526.384,183.613,0,324.889,0.6175,0,47.7092,35.7135,83.4226,49.9998,-3.01226,
23/05/2025 00:02:00,554.087,193.18,0,324.17,0.65,0,17.2483,28.3638,45.6122,49.9346,-3.02615,
23/05/2025 00:03:00,535.612,186.732,0,324.41,0.628333,0,5.80542,20.7448,26.5502,50.0169,-3.02615,
23/05/2025 00:04:00,554.082,193.157,0,324.889,0.65,0,4.9499,16.2617,21.2116,50.0369,-3.00532,
23/05/2025 00:05:00,554.089,193.168,0,325.367,0.65,0,3.44836,18.5382,21.9866,49.9645,-2.99829,
23/05/2025 00:06:00,554.087,193.186,0,325.128,0.65,0,5.13288,19.178,24.3109,50.0112,-2.99097,
23/05/2025 00:07:00,554.087,193.177,0,325.607,0.65,0,11.8052,23.4838,35.289,50.034,-2.98366,
23/05/2025 00:08:00,554.09,193.171,0,325.128,0.65,0,20.3169,34.2369,54.5538,50.0283,-2.99097,
23/05/2025 00:09:00,554.081,193.166,0,324.889,0.65,0,18.3389,34.6447,52.9835,49.9536,-3.01226,
23/05/2025 00:10:00,554.09,193.168,0,324.41,0.65,0,15.4283,25.7071,41.1355,49.9862,-3.02615,
23/05/2025 00:11:00,554.09,193.165,0,324.649,0.65,0,11.5272,13.077,24.6042,49.9808,-3.0331,
23/05/2025 00:12:00,554.087,193.168,0,325.128,0.65,0,2.88295,16.166,19.049,50.0226,-3.04005,
23/05/2025 00:13:00,554.086,193.165,0,325.367,0.65,0,0.512336,9.34324,9.85558,50.0112,-3.00532,
23/05/2025 00:14:00,554.087,193.175,0,325.128,0.65,0,2.45328,11.6043,14.0576,50.0198,-2.99097,
23/05/2025 00:15:00,554.078,193.179,0,325.128,0.65,0,2.56531,14.4062,16.9715,50.0226,-2.98366,
23/05/2025 00:16:00,554.052,193.149,0,325.367,0.65,0,11.5358,17.8938,29.4296,50.0027,-2.97636,
23/05/2025 00:17:00,554.052,193.142,0,325.128,0.65,0,8.25861,21.1968,29.4554,49.9998,-2.99097,
23/05/2025 00:18:00,554.021,193.149,0,324.41,0.65,0,12.5528,24.1551,36.7079,50.0198,-2.99829,
23/05/2025 00:19:00,554.02,193.142,0,324.41,0.65,0,14.5404,34.0337,48.5741,50.0169,-3.00532,
23/05/2025 00:20:00,554.043,193.143,0,325.128,0.65,0,9.939,33.6691,43.6081,49.9727,-2.99829,
23/05/2025 00:21:00,554.071,193.162,0,325.367,0.65,0,15.4109,32.5745,47.9855,50.0226,-2.97636,
23/05/2025 00:22:00,554.075,193.169,0,325.128,0.65,0,24.1852,39.0719,63.2571,50.0226,-2.96175,
23/05/2025 00:23:00,554.088,193.18,0,325.607,0.65,0,23.7146,38.9866,62.7013,50.0141,-2.96905,
23/05/2025 00:24:00,554.084,193.176,0,325.128,0.65,0,16.2612,32.1509,48.4122,50.0141,-2.98366,
23/05/2025 00:25:00,554.079,193.155,0,324.889,0.65,0,21.6755,37.9066,59.582,49.9917,-2.99829,
23/05/2025 00:26:00,554.052,193.148,0,324.41,0.65,0,29.0265,37.0746,66.1012,49.9781,-3.01226,
23/05/2025 00:27:00,554.074,193.134,0,324.41,0.65,0,30.7141,38.0924,68.8065,49.9835,-3.02615,
23/05/2025 00:28:00,554.083,193.132,0,325.128,0.65,0,33.8915,37.2604,71.1519,49.9917,-3.02615,
23/05/2025 00:29:00,554.087,193.153,0,325.367,0.65,0,26.9372,36.4757,63.4129,50.0198,-3.00532,
23/05/2025 00:30:00,554.055,193.149,0,325.128,0.65,0,20.6311,31.2594,51.8906,49.9862,-2.99829,
23/05/2025 00:31:00,554.08,193.153,0,325.607,0.65,0,11.9702,28.2242,40.1944,50.0255,-2.98366,
23/05/2025 00:32:00,554.068,193.153,0,325.367,0.65,0,12.7338,33.6845,46.4184,50.0283,-2.99097,
23/05/2025 00:33:00,554.067,193.143,0,324.889,0.65,0,15.7506,25.9116,41.6622,49.9998,-2.99097,
23/05/2025 00:34:00,554.079,193.146,0,324.41,0.65,0,7.11917,18.7683,25.8875,49.989,-3.00532,
23/05/2025 00:35:00,554.071,193.147,0,324.649,0.65,0,8.9377,25.2244,34.1622,50.0312,-2.99829,
23/05/2025 00:36:00,554.059,193.166,0,325.128,0.65,0,4.9024,23.7391,28.6415,50.034,-2.97636,
23/05/2025 00:37:00,554.081,193.17,0,325.607,0.65,0,6.12463,25.5887,31.7133,49.9917,-2.96905,
23/05/2025 00:38:00,554.089,193.177,0,325.367,0.65,0,7.03061,16.9613,23.9919,49.9998,-2.95445,
23/05/2025 00:39:00,554.09,193.175,0,325.367,0.65,0,3.70984,16.7936,20.5035,50.0055,-2.96175,
23/05/2025 00:40:00,554.09,193.171,0,325.367,0.65,0,5.17277,22.1211,27.2938,50.0283,-2.97636,
23/05/2025 00:41:00,554.089,193.158,0,324.649,0.65,0,0.372573,16.8311,17.2037,49.9862,-2.98366,
23/05/2025 00:42:00,554.076,193.162,0,324.41,0.65,0,0.240876,9.3192,9.5601,49.989,-2.99829,
23/05/2025 00:43:00,554.089,193.16,0,324.41,0.65,0,1.29381,9.11402,10.4078,49.9944,-3.0192,
23/05/2025 00:44:00,554.072,193.16,0,324.889,0.65,0,3.90764,13.2221,17.1298,50.0312,-3.0192,
23/05/2025 00:45:00,554.082,193.154,0,325.367,0.65,0,6.27354,20.1249,26.3984,50.0027,-2.99829,
23/05/2025 00:46:00,554.084,193.17,0,325.128,0.65,0,8.63085,28.2086,36.8394,49.9944,-2.98366,
23/05/2025 00:47:00,554.09,193.162,0,325.607,0.65,0,11.1172,31.1534,42.2706,49.9944,-2.96905,
23/05/2025 00:48:00,554.09,193.163,0,325.128,0.65,0,5.446,26.994,32.44,49.9998,-2.96905,
23/05/2025 00:49:00,554.09,193.163,0,324.889,0.65,0,2.34447,21.876,24.2204,50.0255,-2.96175,
23/05/2025 00:50:00,554.084,193.157,0,324.41,0.65,0,16.7333,35.1772,51.9105,49.9971,-2.97636,
23/05/2025 00:51:00,554.086,193.141,0,324.41,0.65,0,16.3054,37.5215,53.8268,49.9835,-2.97636,
23/05/2025 00:52:00,554.081,193.145,0,325.128,0.65,0,6.46662,26.4285,32.8951,50.0141,-2.98366,
23/05/2025 00:53:00,554.068,193.168,0,325.128,0.65,0,8.40505,27.4598,35.8649,49.9808,-2.97636,
23/05/2025 00:54:00,554.064,193.175,0,325.367,0.65,0,12.4005,30.9655,43.366,50.0141,-2.96175,
23/05/2025 00:55:00,554.082,193.165,0,325.367,0.65,0,16.151,36.7198,52.8709,50.0055,-2.96175,
23/05/2025 00:56:00,554.084,193.163,0,325.128,0.65,0,11.9499,33.1182,45.068,50.0169,-2.96175,
23/05/2025 00:57:00,554.081,193.162,0,324.649,0.65,0,18.6111,36.8916,55.5027,49.9835,-2.97636,
23/05/2025 00:58:00,554.07,193.151,0,324.649,0.65,0,17.3639,37.0276,54.3915,49.9835,-2.98366,
23/05/2025 00:59:00,554.05,193.151,0,324.41,0.65,0,11.9097,36.0932,48.0029,50.0226,-2.99097,
23/05/2025 01:00:00,554.074,193.151,0,324.889,0.65,0,13.4007,35.0928,48.4936,50.0055,-2.97636,
23/05/2025 01:01:00,554.081,193.169,0,325.367,0.65,0,15.2785,35.056,50.3345,50.0055,-2.97636,
23/05/2025 01:02:00,553.992,193.156,0,324.889,0.65,0,16.1569,37.5511,53.708,49.9971,-2.96905,
23/05/2025 01:03:00,553.931,193.148,0,325.607,0.65,0,20.0091,36.4224,56.4315,50.0369,-2.97636,
23/05/2025 01:04:00,553.973,193.145,0,325.128,0.65,0,23.7983,39.7991,63.5974,49.9455,-2.99829,
23/05/2025 01:05:00,553.958,193.143,0,325.128,0.65,0,31.4576,39.7933,71.251,50.0055,-3.00532,
23/05/2025 01:06:00,554.008,193.142,0,324.649,0.65,0,26.8682,40.2993,67.1675,49.9944,-3.0192,
23/05/2025 01:07:00,554.077,193.137,0,324.41,0.65,0,18.1228,31.3545,49.4773,49.9917,-3.01226,
23/05/2025 01:08:00,554.076,193.154,0,324.889,0.65,0,6.354,26.1893,32.5433,50.0312,-2.99829,
23/05/2025 01:09:00,554.086,193.175,0,325.128,0.65,0,5.96757,26.7897,32.7573,50.0198,-2.99097,
23/05/2025 01:10:00,554.047,193.161,0,325.128,0.65,0,12.6034,32.1431,44.7465,50.0226,-2.99097,
23/05/2025 01:11:00,554.036,193.147,0,325.367,0.65,0,4.15689,17.5546,21.7114,50.0169,-2.98366,
23/05/2025 01:12:00,553.926,193.126,0,325.128,0.65,0,8.11347,17.3845,25.4979,49.9754,-3.00532,
23/05/2025 01:13:00,553.963,193.114,0,324.649,0.65,0,5.32009,22.5602,27.8803,50.0055,-3.01226,
23/05/2025 01:14:00,553.924,193.122,0,324.41,0.65,0,18.5854,33.9555,52.541,49.9591,-3.0192,
23/05/2025 01:15:00,553.936,193.134,0,324.41,0.65,0,20.5492,30.9999,51.549,50.0312,-3.01226,
23/05/2025 01:16:00,553.985,193.123,0,325.128,0.65,0,38.2821,37.5094,75.7915,50.0226,-2.99829,
23/05/2025 01:17:00,554,193.142,0,325.128,0.65,0,24.5451,29.5229,54.068,50.0454,-2.98366,
23/05/2025 01:18:00,553.968,193.147,0,325.128,0.65,0,8.42519,21.2572,29.6824,49.9808,-2.99097,
23/05/2025 01:19:00,553.965,193.134,0,325.367,0.65,0,9.21283,26.0463,35.2591,50.0084,-2.98366,
23/05/2025 01:20:00,553.925,193.119,0,324.889,0.65,0,8.55694,23.8691,32.4261,50.0084,-2.99097,
23/05/2025 01:21:00,553.948,193.129,0,324.889,0.65,0,3.01637,19.9188,22.9352,49.9835,-3.00532,
23/05/2025 01:22:00,553.913,193.114,0,324.649,0.65,0,1.89455,14.1035,15.9981,50.0084,-2.99097,
23/05/2025 01:23:00,553.91,193.116,0,324.649,0.65,0,0.069928,10.9195,10.9894,49.9944,-2.98366,
23/05/2025 01:24:00,553.944,193.117,0,325.367,0.65,0,-0.915928,7.79801,6.88208,49.989,-2.96175,
23/05/2025 01:25:00,553.913,193.133,0,325.128,0.65,0,-0.506592,8.04879,7.54219,50.0027,-2.96175,
23/05/2025 01:26:00,553.897,193.117,0,325.367,0.65,0,0.210984,10.6922,10.9031,50.0312,-2.97636,
23/05/2025 01:27:00,553.904,193.108,0,325.367,0.65,0,1.27037,9.16088,10.4312,49.9618,-2.98366,
23/05/2025 01:28:00,553.903,193.107,0,325.367,0.65,0,3.6224,17.0909,20.7133,49.9971,-3.00532,
23/05/2025 01:29:00,553.903,193.118,0,324.649,0.65,0,4.48536,12.406,16.8914,49.9781,-3.00532,
23/05/2025 01:30:00,553.902,193.114,0,324.41,0.65,0,6.82965,13.5085,20.3381,50.0027,-2.99097,
23/05/2025 01:31:00,553.903,193.136,0,324.17,0.65,0,2.07833,11.9677,14.046,50.0055,-2.98366,
23/05/2025 01:32:00,553.898,193.106,0,324.889,0.65,0,3.75664,12.0115,15.7681,49.9699,-2.97636,
23/05/2025 01:33:00,553.897,193.141,0,325.367,0.65,0,1.47639,14.3605,15.8369,49.9862,-2.99097,
23/05/2025 01:34:00,553.906,193.12,0,325.367,0.65,0,1.5753,11.2803,12.8556,49.989,-2.99829,
23/05/2025 01:35:00,553.902,193.097,0,325.367,0.65,0,3.58223,16.7562,20.3385,50.0198,-3.00532,
23/05/2025 01:36:00,553.898,193.101,0,325.128,0.65,0,10.5603,35.8162,46.3765,49.9754,-3.02615,
23/05/2025 01:37:00,553.9,193.105,0,324.889,0.65,0,34.3855,39.6136,73.999,49.9971,-3.0192,
23/05/2025 01:38:00,553.897,193.092,0,324.649,0.65,0,37.7423,36.3344,74.0767,49.9917,-3.01226,
23/05/2025 01:39:00,553.894,193.094,0,324.649,0.65,0,36.0349,39.981,76.016,49.9754,-2.99097,
23/05/2025 01:40:00,553.893,193.117,0,325.128,0.65,0,35.6409,45.3125,80.9534,50.0027,-2.98366,
23/05/2025 01:41:00,553.893,193.072,0,325.128,0.65,0,26.3625,39.7553,66.1179,49.9862,-2.98366,
23/05/2025 01:42:00,553.89,193.087,0,325.128,0.65,0,18.2288,35.3917,53.6205,49.9808,-2.99829,
23/05/2025 01:43:00,553.893,193.051,0,325.367,0.65,0,20.9419,37.5338,58.4757,49.9862,-3.0192,
23/05/2025 01:44:00,553.893,193.095,0,325.128,0.65,0,17.0694,35.2685,52.3379,50.0112,-3.02615,
23/05/2025 01:45:00,553.893,193.086,0,325.128,0.65,0,6.33077,17.7127,24.0434,49.989,-3.04701,
23/05/2025 01:46:00,553.894,193.073,0,324.41,0.65,0,-0.249895,10.3583,10.1084,50.0198,-3.02615,
23/05/2025 01:47:00,553.895,193.086,0,324.41,0.65,0,5.28129,21.5313,26.8126,50.0426,-3.01226,
23/05/2025 01:48:00,553.893,193.052,0,325.128,0.65,0,18.8204,36.4574,55.2779,50.0312,-3.00532,
23/05/2025 01:49:00,553.893,193.101,0,325.128,0.65,0,28.1999,39.6269,67.8268,50.0055,-3.00532,
23/05/2025 01:50:00,553.89,193.036,0,325.128,0.65,0,27.4863,35.3416,62.8279,49.9835,-3.00532,
23/05/2025 01:51:00,553.896,193.056,0,325.367,0.65,0,15.7469,30.69,46.4369,49.9917,-3.00532,
23/05/2025 01:52:00,553.894,193.051,0,325.128,0.65,0,10.2943,24.9085,35.2029,49.989,-3.02615,
23/05/2025 01:53:00,553.876,193.057,0,324.889,0.65,0,11.9819,32.1095,44.0914,50.0027,-3.02615,
23/05/2025 01:54:00,553.889,193.065,0,324.649,0.65,0,4.05671,18.7478,22.8045,49.9944,-3.00532,
23/05/2025 01:55:00,553.882,193.047,0,324.41,0.65,0,4.28793,18.2639,22.5518,50.034,-2.98366,
23/05/2025 01:56:00,553.88,193.064,0,325.128,0.65,0,4.80442,27.9899,32.7943,50.0255,-2.97636,
23/05/2025 01:57:00,553.801,193.055,0,325.367,0.65,0,4.4616,30.2201,34.6817,49.9971,-2.98366,
23/05/2025 01:58:00,553.766,193.018,0,325.128,0.65,0,4.67011,29.9062,34.5763,50.0283,-2.97636,
23/05/2025 01:59:00,553.744,192.97,0,325.607,0.65,0,5.95414,29.4995,35.4537,50.0255,-2.99097,
23/05/2025 02:00:00,553.782,193.046,0,325.128,0.65,0,7.6283,33.0994,40.7277,49.9699,-2.99829,
23/05/2025 02:01:00,553.794,193.019,0,324.649,0.65,0,6.32461,31.0061,37.3307,50.0055,-2.99097,
23/05/2025 02:02:00,553.82,192.995,0,324.41,0.65,0,8.43407,31.112,39.5461,49.989,-2.98366,
23/05/2025 02:03:00,553.868,193.019,0,324.41,0.65,0,7.30882,28.4373,35.7461,49.989,-2.96905,
23/05/2025 02:04:00,553.892,193.018,0,325.128,0.65,0,10.8731,23.2558,34.1289,50.034,-2.96175,
23/05/2025 02:05:00,553.839,193.029,0,325.367,0.65,0,11.4851,27.2323,38.7173,50.034,-2.97636,
23/05/2025 02:06:00,553.783,192.993,0,325.367,0.65,0,13.7319,33.4395,47.1715,49.9917,-2.98366,
23/05/2025 02:07:00,553.825,192.965,0,325.367,0.65,0,13.4575,34.4368,47.8942,49.9917,-2.99829,
23/05/2025 02:08:00,553.769,192.98,0,325.128,0.65,0,16.2432,34.029,50.2723,50.0027,-2.99097,
23/05/2025 02:09:00,553.812,192.97,0,324.889,0.65,0,12.4213,32.9433,45.3645,50.0312,-2.97636,
23/05/2025 02:10:00,553.818,193.032,0,324.41,0.65,0,19.0849,36.7426,55.8274,50.0198,-2.96175,
23/05/2025 02:11:00,553.738,193.016,0,324.17,0.65,0,19.5078,39.1326,58.6404,49.9591,-2.97636,
23/05/2025 02:12:00,553.706,193.009,0,325.128,0.65,0,11.8564,33.7416,45.598,50.0169,-2.98366,
23/05/2025 02:13:00,553.708,193.026,0,325.367,0.65,0,5.51048,30.4512,35.9616,49.9509,-2.99829,
23/05/2025 02:14:00,553.72,192.952,0,325.128,0.65,0,4.28288,25.5585,29.8414,49.9835,-3.01226,
23/05/2025 02:15:00,553.707,192.962,0,325.367,0.65,0,5.26352,28.5816,33.8451,50.0084,-3.0192,
23/05/2025 02:16:00,553.709,192.947,0,325.128,0.65,0,5.10145,30.4065,35.5079,50.0169,-3.01226,
23/05/2025 02:17:00,553.736,192.994,0,325.128,0.65,0,7.07454,30.8178,37.8923,50.0084,-2.99829,
23/05/2025 02:18:00,553.748,193.018,0,324.41,0.65,0,8.54532,31.8388,40.3841,50.0312,-2.99097,
23/05/2025 02:19:00,553.775,193.013,0,324.649,0.65,0,4.70282,26.3393,31.0421,49.9998,-2.98366,
23/05/2025 02:20:00,553.729,192.979,0,324.889,0.65,0,5.68604,27.8779,33.564,49.9808,-2.99097,
23/05/2025 02:21:00,553.711,193.021,0,325.128,0.65,0,7.4298,26.5424,33.9722,50.0112,-2.99829,
23/05/2025 02:22:00,553.703,192.956,0,325.367,0.65,0,9.53928,32.1438,41.6831,50.0198,-2.99829,
23/05/2025 02:23:00,553.703,193.016,0,325.607,0.65,0,9.04449,27.3259,36.3704,50.0055,-2.99829,
23/05/2025 02:24:00,553.703,192.971,0,325.128,0.65,0,9.58528,24.3475,33.9328,50.0198,-2.99097,
23/05/2025 02:25:00,553.703,192.982,0,324.649,0.65,0,6.86269,26.3877,33.2504,49.9808,-2.97636,
23/05/2025 02:26:00,553.7,192.995,0,324.649,0.65,0,13.0208,31.2816,44.3024,49.9672,-2.97636,
23/05/2025 02:27:00,553.696,192.984,0,324.649,0.65,0,10.0505,33.3708,43.4214,50.0112,-2.98366,
23/05/2025 02:28:00,553.7,192.969,0,324.889,0.65,0,6.56179,28.7786,35.3404,49.9781,-2.99097,
23/05/2025 02:29:00,553.703,192.956,0,325.367,0.65,0,6.04963,30.0999,36.1495,50.0198,-3.00532,
23/05/2025 02:30:00,553.703,192.997,0,325.128,0.65,0,4.19183,29.1003,33.2921,49.9971,-3.0192,
23/05/2025 02:31:00,553.687,192.954,0,325.367,0.65,0,6.05149,17.7738,23.8253,50.0027,-3.01226,
23/05/2025 02:32:00,553.694,192.989,0,325.128,0.65,0,3.93983,11.9743,15.9141,50.0027,-3.00532,
23/05/2025 02:33:00,553.699,192.97,0,325.128,0.65,0,2.57729,22.1139,24.6912,49.9998,-2.99829,
23/05/2025 02:34:00,553.692,192.975,0,324.17,0.65,0,5.83858,29.9672,35.8058,49.9998,-2.99829,
23/05/2025 02:35:00,553.675,192.971,0,324.17,0.65,0,6.80233,31.2958,38.0982,49.9862,-2.99829,
23/05/2025 02:36:00,553.664,192.955,0,324.649,0.65,0,3.08686,26.6087,29.6955,50.0141,-2.99829,
23/05/2025 02:37:00,553.659,192.95,0,325.607,0.65,0,4.63949,23.0078,27.6473,50.0027,-3.01226,
23/05/2025 02:38:00,553.697,192.942,0,325.367,0.65,0,5.88032,28.1901,34.0704,49.9944,-3.0192,
23/05/2025 02:39:00,553.703,192.961,0,325.367,0.65,0,5.5078,27.8897,33.3974,49.9862,-3.00532,
23/05/2025 02:40:00,553.686,192.964,0,325.128,0.65,0,1.72902,20.5285,22.2575,50.0112,-2.99097,
23/05/2025 02:41:00,553.691,192.942,0,324.649,0.65,0,5.57459,26.0147,31.5893,50.034,-2.97636,
23/05/2025 02:42:00,553.686,192.943,0,324.41,0.65,0,6.31905,25.4976,31.8167,50.0198,-2.97636,
23/05/2025 02:43:00,553.674,192.974,0,324.41,0.65,0,5.28281,24.9078,30.1906,49.9781,-2.98366,
23/05/2025 02:44:00,553.692,192.966,0,325.128,0.65,0,1.56918,24.3622,25.9314,49.9781,-2.99097,
23/05/2025 02:45:00,553.677,192.951,0,325.367,0.65,0,4.8916,22.4442,27.3358,50.0169,-2.99829,
23/05/2025 02:46:00,553.65,192.937,0,325.128,0.65,0,6.67179,26.4714,33.1431,49.9917,-3.00532,
23/05/2025 02:47:00,553.618,192.931,0,325.367,0.65,0,6.58459,26.6044,33.189,50.0226,-2.99829,
23/05/2025 02:48:00,553.625,192.955,0,325.367,0.65,0,5.2078,25.3969,30.6047,50.0084,-2.99829,
23/05/2025 02:49:00,553.581,192.953,0,324.889,0.65,0,1.81608,23.645,25.4611,50.0283,-2.97636,
23/05/2025 02:50:00,553.587,192.936,0,324.41,0.65,0,6.87555,29.2992,36.1747,50.0027,-2.98366,
23/05/2025 02:51:00,553.603,192.936,0,324.649,0.65,0,8.39959,30.7933,39.1929,49.9645,-2.98366,
23/05/2025 02:52:00,553.583,192.929,0,325.128,0.65,0,6.51454,30.7497,37.2642,50.0027,-2.99097,
23/05/2025 02:53:00,553.567,192.939,0,325.367,0.65,0,9.19368,25.0027,34.1964,49.9917,-2.99829,
23/05/2025 02:54:00,553.54,192.921,0,325.128,0.65,0,2.63581,15.0173,17.6532,50.0312,-3.00532,
23/05/2025 02:55:00,553.538,192.944,0,325.367,0.65,0,1.31937,13.4545,14.7739,50.0084,-2.99829,
23/05/2025 02:56:00,553.56,192.937,0,324.889,0.65,0,1.95384,18.6869,20.6407,50.034,-2.98366,
23/05/2025 02:57:00,553.595,192.94,0,324.889,0.65,0,2.5889,15.0466,17.6355,50.0141,-2.97636,
23/05/2025 02:58:00,553.64,192.937,0,324.41,0.65,0,1.17979,18.4256,19.6053,50.0198,-2.97636,
23/05/2025 02:59:00,553.592,192.922,0,324.41,0.65,0,1.8434,23.4659,25.3093,50.0084,-2.98366,
23/05/2025 03:00:00,553.579,192.9,0,324.649,0.65,0,1.93811,20.9885,22.9266,50.034,-2.99097,
23/05/2025 03:01:00,553.521,192.898,0,325.367,0.65,0,1.4021,21.0391,22.4412,49.9645,-3.00532,
23/05/2025 03:02:00,553.544,192.912,0,325.367,0.65,0,-0.016385,13.6935,13.6771,50.0084,-3.0192,
23/05/2025 03:03:00,553.539,192.912,0,325.607,0.65,0,0.439384,13.284,13.7234,49.9754,-3.01226,
23/05/2025 03:04:00,553.56,192.918,0,325.128,0.65,0,1.03991,16.8975,17.9374,49.9618,-2.99829,
23/05/2025 03:05:00,553.542,192.927,0,324.889,0.65,0,9.08178,28.0406,37.1224,50.0198,-2.99097,
23/05/2025 03:06:00,553.624,192.935,0,324.41,0.65,0,4.87741,21.9536,26.831,49.9917,-2.99829,
23/05/2025 03:07:00,553.549,192.901,0,324.649,0.65,0,3.80499,14.5617,18.3667,49.9754,-3.00532,
23/05/2025 03:08:00,553.514,192.904,0,325.128,0.65,0,2.88525,12.2058,15.091,49.9808,-3.0192,
23/05/2025 03:09:00,553.538,192.904,0,325.367,0.65,0,1.32946,9.09699,10.4264,50.0084,-3.0331,
23/05/2025 03:10:00,553.519,192.887,0,324.889,0.65,0,1.60224,18.3587,19.961,50.0369,-3.0192,
23/05/2025 03:11:00,553.527,192.91,0,325.367,0.65,0,1.80818,17.965,19.7732,49.9862,-2.99829,
23/05/2025 03:12:00,553.519,192.914,0,325.367,0.65,0,1.33007,22.371,23.7011,50.0226,-2.97636,
23/05/2025 03:13:00,553.518,192.915,0,324.889,0.65,0,2.0841,22.2041,24.2882,49.9835,-2.97636,
23/05/2025 03:14:00,553.529,192.914,0,324.41,0.65,0,2.38474,21.8987,24.2834,49.9917,-2.97636,
23/05/2025 03:15:00,553.516,192.907,0,324.41,0.65,0,1.10175,15.8108,16.9126,50.0055,-2.97636,
23/05/2025 03:16:00,553.51,192.893,0,325.128,0.65,0,0.0623417,12.6212,12.6836,49.9998,-2.98366,
23/05/2025 03:17:00,553.513,192.896,0,325.367,0.65,0,0.261224,11.2985,11.5597,50.0084,-2.99097,
23/05/2025 03:18:00,553.51,192.884,0,325.128,0.65,0,2.39616,16.0508,18.447,50.0198,-3.00532,
23/05/2025 03:19:00,553.51,192.889,0,325.607,0.65,0,1.1798,17.7019,18.8817,49.9944,-2.99829,
23/05/2025 03:20:00,553.52,192.913,0,325.128,0.65,0,0.615717,13.45,14.0657,50.0198,-2.98366,
23/05/2025 03:21:00,553.52,192.907,0,324.889,0.65,0,0.363826,11.2441,11.6079,50.0112,-2.96905,
23/05/2025 03:22:00,553.54,192.918,0,324.889,0.65,0,2.82033,12.4248,15.2451,50.0255,-2.96175,
23/05/2025 03:23:00,553.519,192.891,0,324.649,0.65,0,-1.36812,10.5183,9.15022,50.0169,-2.97636,
23/05/2025 03:24:00,553.515,192.912,0,325.128,0.65,0,0.283608,12.4558,12.7394,49.9727,-2.98366,
23/05/2025 03:25:00,553.513,192.904,0,325.367,0.65,0,0.635208,18.9153,19.5506,49.9862,-2.99829,
23/05/2025 03:26:00,553.511,192.896,0,325.128,0.65,0,2.88203,22.3616,25.2437,50.0226,-3.00532,
23/05/2025 03:27:00,553.51,192.887,0,325.607,0.65,0,2.87001,22.067,24.937,50.0027,-3.00532,
23/05/2025 03:28:00,553.507,192.876,0,325.128,0.65,0,4.41578,27.001,31.4168,50.0283,-2.99829,
23/05/2025 03:29:00,553.507,192.9,0,324.889,0.65,0,4.0785,22.8863,26.9648,49.9998,-2.98366,
23/05/2025 03:30:00,553.51,192.894,0,324.41,0.65,0,-1.04288,5.92517,4.8823,50.0397,-2.98366,
23/05/2025 03:31:00,553.51,192.878,0,324.41,0.65,0,0.368333,9.65504,10.0234,49.9699,-2.98366,
23/05/2025 03:32:00,553.51,192.904,0,324.889,0.65,0,3.00767,20.0267,23.0343,50.0084,-2.99097,
23/05/2025 03:33:00,553.51,192.888,0,325.128,0.65,0,3.14257,23.0567,26.1993,50.0112,-3.00532,
23/05/2025 03:34:00,553.51,192.888,0,325.128,0.65,0,4.05162,27.0194,31.071,49.9618,-3.01226,
23/05/2025 03:35:00,553.504,192.876,0,325.607,0.65,0,3.82989,25.5907,29.4206,50.0198,-3.00532,
23/05/2025 03:36:00,553.51,192.879,0,325.128,0.65,0,1.87003,20.4001,22.2701,49.989,-2.99097,
23/05/2025 03:37:00,553.51,192.897,0,324.649,0.65,0,2.30102,22.0704,24.3714,50.0625,-2.97636,
23/05/2025 03:38:00,553.51,192.904,0,324.41,0.65,0,5.31522,27.6115,32.9267,50.0283,-2.97636,
23/05/2025 03:39:00,553.51,192.889,0,324.41,0.65,0,4.19759,20.1672,24.3648,49.9781,-2.98366,
23/05/2025 03:40:00,553.48,192.886,0,324.889,0.65,0,1.18376,11.6302,12.8139,49.9944,-2.99097,
23/05/2025 03:41:00,553.482,192.862,0,325.607,0.65,0,0.082051,11.9083,11.9904,50.0255,-3.00532,
23/05/2025 03:42:00,553.483,192.847,0,324.889,0.65,0,0.139211,10.1624,10.3016,49.9645,-3.00532,
23/05/2025 03:43:00,553.494,192.87,0,325.607,0.65,0,-0.449425,9.30991,8.86049,50.0283,-2.99097,
23/05/2025 03:44:00,553.492,192.885,0,325.128,0.65,0,0.856994,10.7649,11.6219,50.0511,-2.98366,
23/05/2025 03:45:00,553.509,192.883,0,324.889,0.65,0,1.68237,16.1218,17.8042,50.0084,-2.98366,
23/05/2025 03:46:00,553.508,192.887,0,324.649,0.65,0,1.39588,17.4316,18.8275,50.0027,-2.98366,
23/05/2025 03:47:00,553.5,192.885,0,324.41,0.65,0,0.340474,10.3659,10.7063,50.0027,-2.99097,
23/05/2025 03:48:00,553.502,192.882,0,324.889,0.65,0,-1.243,9.14183,7.89883,49.9971,-2.99829,
23/05/2025 03:49:00,553.473,192.871,0,324.889,0.65,0,0.877644,16.3936,17.2712,49.9645,-3.01226,
23/05/2025 03:50:00,553.492,192.87,0,325.128,0.65,0,1.83586,19.4478,21.2837,50.0198,-2.99829,
23/05/2025 03:51:00,553.507,192.883,0,325.607,0.65,0,0.541108,11.3177,11.8588,50.0055,-2.99829,
23/05/2025 03:52:00,553.489,192.869,0,325.367,0.65,0,-1.01433,6.89206,5.87771,49.9754,-2.99097,
23/05/2025 03:53:00,553.483,192.861,0,324.889,0.65,0,0.646964,8.84022,9.48718,49.9835,-2.98366,
23/05/2025 03:54:00,553.48,192.867,0,324.649,0.65,0,1.35677,13.3757,14.7324,50.0226,-2.99097,
23/05/2025 03:55:00,553.48,192.855,0,324.649,0.65,0,0.572006,8.99557,9.56758,50.0027,-2.99829,
23/05/2025 03:56:00,553.467,192.851,0,324.889,0.65,0,0.45951,7.80891,8.26841,50.0198,-3.00532,
23/05/2025 03:57:00,553.395,192.858,0,325.367,0.65,0,1.66396,10.7242,12.3882,50.0084,-3.01226,
23/05/2025 03:58:00,553.435,192.855,0,325.128,0.65,0,1.70369,11.1489,12.8526,50.0027,-2.99829,
23/05/2025 03:59:00,553.486,192.861,0,325.367,0.65,0,0.929021,13.0582,13.9872,50.0169,-2.98366,
23/05/2025 04:00:00,553.467,192.867,0,325.128,0.65,0,-0.189828,12.6958,12.5059,49.9835,-2.97636,
23/05/2025 04:01:00,553.394,192.854,0,324.889,0.65,0,0.518708,12.3051,12.8238,49.9998,-2.98366,
23/05/2025 04:02:00,553.372,192.845,0,324.41,0.65,0,1.21344,17.212,18.4255,49.9808,-2.99097,
23/05/2025 04:03:00,553.37,192.848,0,324.41,0.65,0,0.157852,13.4673,13.6251,50.0027,-3.00532,
23/05/2025 04:04:00,553.338,192.822,0,324.889,0.65,0,1.77089,21.5661,23.337,49.9971,-2.99829,
23/05/2025 04:05:00,553.347,192.845,0,325.128,0.65,0,3.73863,27.3426,31.0812,49.9917,-3.00532,
23/05/2025 04:06:00,553.353,192.847,0,325.128,0.65,0,3.32245,28.0064,31.3288,49.9862,-2.99097,
23/05/2025 04:07:00,553.37,192.851,0,325.607,0.65,0,3.33323,22.9179,26.2511,49.9971,-2.97636,
23/05/2025 04:08:00,553.413,192.843,0,325.367,0.65,0,-0.240853,18.4761,18.2352,49.9862,-2.97636,
23/05/2025 04:09:00,553.439,192.861,0,324.889,0.65,0,0.776073,15.0107,15.7868,49.9971,-2.99097,
23/05/2025 04:10:00,553.403,192.851,0,324.41,0.65,0,1.65018,9.84278,11.493,50.0055,-2.99097,
23/05/2025 04:11:00,553.362,192.862,0,324.41,0.65,0,-0.498415,7.93699,7.43857,49.9808,-3.01226,
23/05/2025 04:12:00,553.364,192.847,0,324.889,0.65,0,1.39905,15.4962,16.8952,49.94,-3.0192,
23/05/2025 04:13:00,553.366,192.831,0,325.128,0.65,0,2.0851,17.7722,19.8573,50.0141,-3.0192,
23/05/2025 04:14:00,553.382,192.855,0,325.367,0.65,0,0.887251,15.6697,16.557,49.9998,-2.99829,
23/05/2025 04:15:00,553.359,192.858,0,325.607,0.65,0,2.30564,17.3572,19.6628,49.9835,-2.99097,
23/05/2025 04:16:00,553.397,192.848,0,325.128,0.65,0,3.67658,20.0539,23.7305,50.0055,-2.98366,
23/05/2025 04:17:00,553.428,192.833,0,324.889,0.65,0,2.48668,16.1232,18.6098,49.9862,-2.99829,
23/05/2025 04:18:00,553.404,192.849,0,324.649,0.65,0,0.707948,23.0404,23.7484,49.9754,-2.99829,
23/05/2025 04:19:00,553.418,192.845,0,324.649,0.65,0,1.06399,17.9658,19.0298,49.9998,-3.00532,
23/05/2025 04:20:00,553.341,192.834,0,324.889,0.65,0,0.393917,13.1638,13.5577,49.9971,-3.00532,
23/05/2025 04:21:00,553.344,192.824,0,325.367,0.65,0,0.211782,11.9761,12.1879,50.0226,-2.99829,
23/05/2025 04:22:00,553.361,192.832,0,325.367,0.65,0,0.349315,13.3618,13.7112,49.9998,-2.97636,
23/05/2025 04:23:00,553.318,192.819,0,325.367,0.65,0,-0.0271787,11.9815,11.9543,50.0027,-2.97636,
23/05/2025 04:24:00,553.351,192.822,0,324.889,0.65,0,0.0762417,12.5335,12.6097,49.9998,-2.98366,
23/05/2025 04:25:00,553.319,192.83,0,324.889,0.65,0,3.96033,14.8329,18.7933,50.0255,-2.98366,
23/05/2025 04:26:00,553.322,192.822,0,324.41,0.65,0,2.02877,17.2532,19.282,49.9781,-2.99829,
23/05/2025 04:27:00,553.326,192.84,0,324.649,0.65,0,2.34953,14.6055,16.955,49.9971,-3.00532,
23/05/2025 04:28:00,553.354,192.838,0,325.128,0.65,0,1.12748,10.0477,11.1752,50.0055,-3.00532,
23/05/2025 04:29:00,553.378,192.845,0,325.367,0.65,0,-0.0765075,8.04484,7.96833,50.0226,-2.99829,
23/05/2025 04:30:00,553.399,192.853,0,325.128,0.65,0,-0.51862,10.6542,10.1356,50.0312,-2.98366,
23/05/2025 04:31:00,553.385,192.84,0,325.607,0.65,0,0.678255,15.007,15.6853,49.9917,-2.98366,
23/05/2025 04:32:00,553.328,192.828,0,325.128,0.65,0,1.6139,18.4787,20.0926,50.0055,-3.00532,
23/05/2025 04:33:00,553.318,192.826,0,324.41,0.65,0,0.810594,19.5408,20.3514,50.0112,-3.00532,
23/05/2025 04:34:00,553.318,192.829,0,324.649,0.65,0,0.961456,20.94,21.9014,50.0255,-3.01226,
23/05/2025 04:35:00,553.317,192.816,0,324.41,0.65,0,-0.820635,12.5495,11.7289,50.0141,-3.01226,
23/05/2025 04:36:00,553.32,192.825,0,324.889,0.65,0,-1.74091,6.56142,4.8205,50.0055,-2.99829,
23/05/2025 04:37:00,553.317,192.812,0,325.367,0.65,0,0.337297,10.7006,11.0379,49.9944,-2.99097,
23/05/2025 04:38:00,553.317,192.816,0,324.889,0.65,0,0.761653,13.618,14.3797,50.0084,-2.98366,
23/05/2025 04:39:00,553.317,192.82,0,325.367,0.65,0,0.534606,11.8267,12.3613,49.9862,-2.99097,
23/05/2025 04:40:00,553.317,192.831,0,325.128,0.65,0,2.83953,18.8982,21.7377,49.9536,-3.00532,
23/05/2025 04:41:00,553.325,192.83,0,324.649,0.65,0,3.60907,18.7476,22.3567,50.0084,-3.01226,
23/05/2025 04:42:00,553.324,192.83,0,324.41,0.65,0,2.94913,17.6745,20.6236,50.0141,-3.00532,
23/05/2025 04:43:00,553.322,192.822,0,324.649,0.65,0,2.82088,19.0893,21.9102,49.9917,-3.00532,
23/05/2025 04:44:00,553.325,192.84,0,325.128,0.65,0,2.17852,12.282,14.4606,50.0255,-2.98366,
23/05/2025 04:45:00,553.326,192.844,0,325.367,0.65,0,-0.0612867,9.76397,9.70269,49.9971,-2.98366,
23/05/2025 04:46:00,553.335,192.825,0,325.367,0.65,0,0.189077,7.83514,8.02421,49.989,-2.99097,
23/05/2025 04:47:00,553.317,192.808,0,325.607,0.65,0,0.645666,8.00239,8.64806,49.9917,-2.99829,
23/05/2025 04:48:00,553.317,192.799,0,325.128,0.65,0,-0.216923,6.40897,6.19205,50.0084,-3.0192,
23/05/2025 04:49:00,553.317,192.809,0,324.649,0.65,0,1.0999,12.5075,13.6074,49.989,-3.0192,
23/05/2025 04:50:00,553.317,192.814,0,324.649,0.65,0,0.499166,14.3336,14.8328,49.9835,-3.01226,
23/05/2025 04:51:00,553.326,192.813,0,324.41,0.65,0,-1.5497,11.3283,9.77867,50.0226,-2.99829,
23/05/2025 04:52:00,553.317,192.818,0,324.889,0.65,0,-1.67203,10.7365,9.0645,50.0112,-2.98366,
23/05/2025 04:53:00,553.317,192.817,0,325.367,0.65,0,-1.74112,9.1107,7.36959,49.9808,-2.97636,
23/05/2025 04:54:00,553.317,192.798,0,325.128,0.65,0,-1.12842,7.53666,6.40824,50.0283,-2.96905,
23/05/2025 04:55:00,553.314,192.812,0,325.128,0.65,0,-0.0345387,6.48135,6.44681,49.9835,-2.98366,
23/05/2025 04:56:00,553.313,192.811,0,324.889,0.65,0,1.22392,10.2073,11.4312,49.9917,-2.98366,
23/05/2025 04:57:00,553.309,192.832,0,324.889,0.65,0,2.80975,10.7327,13.5425,50.0141,-2.97636,
23/05/2025 04:58:00,553.311,192.828,0,324.17,0.65,0,2.8833,15.802,18.6853,50.0198,-2.97636,
23/05/2025 04:59:00,553.316,192.831,0,324.649,0.65,0,2.36684,11.9375,14.3043,50.0312,-2.97636,
23/05/2025 05:00:00,553.316,192.823,0,325.128,0.65,0,0.94453,12.34,13.2845,50.0055,-2.99097,
23/05/2025 05:01:00,553.312,192.812,0,324.889,0.65,0,2.34699,14.7622,17.1092,49.9944,-3.00532,
23/05/2025 05:02:00,553.314,192.804,0,325.128,0.65,0,1.44786,13.1116,14.5594,49.9564,-3.01226,
23/05/2025 05:03:00,553.313,192.809,0,325.607,0.65,0,-0.581523,3.94524,3.36372,49.9808,-3.02615,
23/05/2025 05:04:00,553.316,192.816,0,325.128,0.65,0,-1.39745,5.84351,4.44606,50.0169,-3.0192,
23/05/2025 05:05:00,553.323,192.816,0,324.889,0.65,0,-0.680222,8.61255,7.93233,50.0483,-3.00532,
23/05/2025 05:06:00,553.317,192.821,0,324.649,0.65,0,-1.14291,8.18806,7.04515,50.0255,-2.99097,
23/05/2025 05:07:00,553.322,192.833,0,324.17,0.65,0,-0.322137,9.03631,8.71417,50.0084,-2.98366,
23/05/2025 05:08:00,553.318,192.832,0,325.367,0.65,0,-0.155712,11.1091,10.9534,49.9998,-2.99097,
23/05/2025 05:09:00,553.317,192.816,0,325.367,0.65,0,0.483429,12.4066,12.89,50.0169,-2.99097,
23/05/2025 05:10:00,553.31,192.804,0,325.607,0.65,0,-0.00254778,9.48348,9.48093,49.9808,-3.00532,
23/05/2025 05:11:00,553.316,192.806,0,325.607,0.65,0,0.250839,10.4259,10.6767,50.0027,-3.01226,
23/05/2025 05:12:00,553.316,192.823,0,325.128,0.65,0,-0.249009,11.5385,11.2894,49.9944,-3.00532,
23/05/2025 05:13:00,553.316,192.83,0,324.649,0.65,0,0.5895,11.369,11.9585,49.9998,-2.99097,
23/05/2025 05:14:00,553.316,192.815,0,324.41,0.65,0,1.57655,10.2672,11.8438,49.989,-2.98366,
23/05/2025 05:15:00,553.316,192.82,0,324.17,0.65,0,1.62282,10.0492,11.6721,49.9971,-2.99097,
23/05/2025 05:16:00,553.313,192.811,0,324.649,0.65,0,-0.227607,6.46841,6.24081,49.9727,-2.99829,
23/05/2025 05:17:00,553.307,192.813,0,325.367,0.65,0,-0.00482206,9.48788,9.48308,50.0283,-3.00532,
23/05/2025 05:18:00,553.293,192.786,0,325.367,0.65,0,-1.16394,8.7245,7.56055,50.0084,-3.0192,
23/05/2025 05:19:00,553.27,192.798,0,325.607,0.65,0,-0.206086,10.0966,9.8905,50.0283,-3.0192,
23/05/2025 05:20:00,553.31,192.804,0,325.128,0.65,0,-1.17191,8.96701,7.79509,50.0084,-3.00532,
23/05/2025 05:21:00,553.31,192.811,0,324.889,0.65,0,-0.00958134,10.7338,10.7243,49.9862,-2.99097,
23/05/2025 05:22:00,553.313,192.801,0,324.649,0.65,0,-0.155568,7.79933,7.64378,49.989,-2.98366,
23/05/2025 05:23:00,553.316,192.802,0,324.41,0.65,0,-1.42538,9.85042,8.42504,49.9971,-2.98366,
23/05/2025 05:24:00,553.288,192.803,0,324.889,0.65,0,1.12137,9.20843,10.3298,50.034,-2.98366,
23/05/2025 05:25:00,553.252,192.81,0,325.367,0.65,0,0.402751,7.44221,7.84497,50.0055,-2.99097,
23/05/2025 05:26:00,553.308,192.785,0,325.128,0.65,0,-0.490831,9.71287,9.22203,49.9917,-2.99829,
23/05/2025 05:27:00,553.298,192.801,0,325.367,0.65,0,-0.205408,7.21745,7.01205,49.9944,-3.00532,
23/05/2025 05:28:00,553.27,192.794,0,325.367,0.65,0,-0.562228,8.8164,8.25416,49.9808,-3.00532,
23/05/2025 05:29:00,553.275,192.79,0,324.889,0.65,0,0.916521,11.7002,12.6167,50.0112,-2.98366,
23/05/2025 05:30:00,553.285,192.789,0,324.649,0.65,0,3.9934,19.8119,23.8053,50.0027,-2.98366,
23/05/2025 05:31:00,553.286,192.788,0,324.41,0.65,0,1.90737,20.5268,22.4341,49.9862,-2.98366,
23/05/2025 05:32:00,553.272,192.781,0,324.889,0.65,0,2.35124,16.838,19.1892,50.0255,-2.99097,
23/05/2025 05:33:00,553.248,192.772,0,325.607,0.65,0,1.39133,13.1669,14.5582,49.989,-2.99829,
23/05/2025 05:34:00,553.201,192.776,0,324.889,0.65,0,-1.3939,7.92517,6.53127,50.0055,-3.00532,
23/05/2025 05:35:00,553.182,192.767,0,325.367,0.65,0,-0.895947,8.27805,7.38211,50.0454,-2.99829,
23/05/2025 05:36:00,553.21,192.78,0,324.889,0.65,0,-0.680834,5.84998,5.16915,50.0055,-2.99097,
23/05/2025 05:37:00,553.204,192.772,0,325.128,0.65,0,-0.312483,7.08141,6.76892,50.034,-2.96905,
23/05/2025 05:38:00,553.171,192.775,0,324.41,0.65,0,-0.467622,5.65936,5.19174,49.9971,-2.98366,
23/05/2025 05:39:00,553.164,192.755,0,324.41,0.65,0,-1.22386,6.08539,4.86152,49.9482,-2.97636,
23/05/2025 05:40:00,553.151,192.768,0,325.128,0.65,0,-0.684223,6.62061,5.93638,50.0027,-2.99097,
23/05/2025 05:41:00,553.127,192.75,0,325.367,0.65,0,1.23565,8.37685,9.61249,50.0112,-2.99829,
23/05/2025 05:42:00,553.126,192.752,0,325.128,0.65,0,-0.267431,7.37747,7.11004,50.0084,-3.00532,
23/05/2025 05:43:00,553.125,192.769,0,325.128,0.65,0,1.32922,12.1915,13.5207,49.989,-2.99097,
23/05/2025 05:44:00,553.124,192.757,0,325.128,0.65,0,0.914035,12.5362,13.4503,50.0283,-2.98366,
23/05/2025 05:45:00,553.128,192.761,0,324.889,0.65,0,0.0520485,9.04501,9.09705,49.9781,-2.96905,
23/05/2025 05:46:00,553.132,192.777,0,324.649,0.65,0,-0.414338,7.20788,6.79355,50.0226,-2.96905,
23/05/2025 05:47:00,553.133,192.786,0,324.41,0.65,0,0.726369,9.51272,10.2391,50.0055,-2.97636,
23/05/2025 05:48:00,553.124,192.77,0,324.889,0.65,0,0.89724,11.64,12.5372,50.0255,-2.99097,
23/05/2025 05:49:00,553.124,192.76,0,325.367,0.65,0,-0.168766,12.2099,12.0411,50.0226,-2.96905,
23/05/2025 05:50:00,553.124,192.767,0,324.889,0.65,0,-0.207631,13.3576,13.15,50.0283,-2.96175,
23/05/2025 05:51:00,553.124,192.786,0,325.607,0.65,0,0.678233,11.4801,12.1583,49.9835,-2.96175,
23/05/2025 05:52:00,553.124,192.77,0,325.128,0.65,0,2.0317,10.5276,12.5593,50.0226,-2.96175,
23/05/2025 05:53:00,553.124,192.752,0,324.889,0.65,0,4.14949,10.0863,14.2358,49.9536,-2.97636,
23/05/2025 05:54:00,553.124,192.757,0,324.889,0.65,0,3.09595,11.6286,14.7246,49.9862,-2.99097,
23/05/2025 05:55:00,553.124,192.762,0,324.41,0.65,0,2.66013,13.9048,16.5649,49.9917,-3.0192,
23/05/2025 05:56:00,553.12,192.758,0,325.128,0.65,0,1.99741,14.3823,16.3797,49.9428,-3.04701,
23/05/2025 05:57:00,553.123,192.744,0,325.128,0.65,0,0.769091,13.2229,13.9919,50.0112,-3.04701,
23/05/2025 05:58:00,553.123,192.754,0,325.128,0.65,0,0.126328,9.47652,9.60285,50.0141,-3.0331,
23/05/2025 05:59:00,553.136,192.778,0,325.367,0.65,0,-1.61736,9.05019,7.43284,50.0312,-3.0192,
23/05/2025 06:00:00,553.127,192.765,0,325.128,0.65,0,-0.733398,12.0038,11.2704,50.0112,-3.01226,
23/05/2025 06:01:00,553.124,192.749,0,324.889,0.65,0,-0.434391,12.6212,12.1868,50.0226,-3.01226,
23/05/2025 06:02:00,553.13,192.752,0,324.649,0.65,0,-0.71001,8.34836,7.63835,50.0112,-3.01226,
23/05/2025 06:03:00,553.148,192.75,0,324.41,0.65,0,-0.753326,6.41543,5.6621,49.9835,-3.01226,
23/05/2025 06:04:00,553.125,192.769,0,325.128,0.65,0,-0.411267,6.00695,5.59568,49.9944,-3.0192,
23/05/2025 06:05:00,553.127,192.764,0,325.367,0.65,0,0.435699,8.50874,8.94442,50.0397,-3.01226,
23/05/2025 06:06:00,553.124,192.771,0,324.889,0.65,0,0.269654,10.0562,10.3258,50.0369,-2.99829,
23/05/2025 06:07:00,553.124,192.768,0,325.367,0.65,0,0.759476,11.5176,12.2771,50.0027,-2.99097,
23/05/2025 06:08:00,553.124,192.746,0,325.128,0.65,0,1.79212,15.2884,17.0805,50.0084,-2.98366,
23/05/2025 06:09:00,553.116,192.756,0,324.889,0.65,0,-0.321553,14.5279,14.2064,50.0198,-2.98366,
23/05/2025 06:10:00,553.112,192.753,0,324.649,0.65,0,0.989632,14.3195,15.3091,50.0169,-2.99097,
23/05/2025 06:11:00,553.12,192.748,0,324.41,0.65,0,2.1196,19.3994,21.519,50.0055,-2.99829,
23/05/2025 06:12:00,553.108,192.738,0,324.889,0.65,0,0.494052,13.3854,13.8795,50.0312,-3.00532,
23/05/2025 06:13:00,553.12,192.755,0,324.889,0.65,0,0.695573,16.1857,16.8812,49.9862,-3.01226,
23/05/2025 06:14:00,553.123,192.767,0,325.128,0.65,0,1.43145,15.4263,16.8578,50.0226,-2.99097,
23/05/2025 06:15:00,553.123,192.764,0,325.367,0.65,0,2.17148,15.9129,18.0844,49.9862,-2.99097,
23/05/2025 06:16:00,553.121,192.768,0,325.128,0.65,0,2.75195,17.3134,20.0654,49.9862,-2.99097,
23/05/2025 06:17:00,553.122,192.758,0,324.889,0.65,0,1.8041,12.1818,13.9859,49.9998,-2.99829,
23/05/2025 06:18:00,553.123,192.761,0,324.649,0.65,0,-0.0765827,11.633,11.5565,49.9944,-3.00532,
23/05/2025 06:19:00,553.123,192.752,0,324.17,0.65,0,1.69027,19.7561,21.4463,50.0141,-3.00532,
23/05/2025 06:20:00,553.118,192.736,0,324.889,0.65,0,1.46466,17.1287,18.5933,49.989,-3.01226,
23/05/2025 06:21:00,553.123,192.741,0,325.128,0.65,0,1.114,18.6187,19.7326,49.9917,-3.01226,
23/05/2025 06:22:00,553.123,192.746,0,325.128,0.65,0,3.22241,23.3021,26.5245,49.9727,-3.00532,
23/05/2025 06:23:00,553.123,192.763,0,325.607,0.65,0,3.54712,22.4723,26.0194,49.9618,-2.99097,
23/05/2025 06:24:00,553.123,192.769,0,325.367,0.65,0,3.43433,21.4775,24.9119,50.0027,-2.98366,
23/05/2025 06:25:00,553.123,192.761,0,324.889,0.65,0,0.696705,17.275,17.9716,50.0369,-2.97636,
23/05/2025 06:26:00,553.123,192.748,0,324.41,0.65,0,-0.642938,14.5417,13.8988,50.0283,-2.99097,
23/05/2025 06:27:00,553.122,192.74,0,324.41,0.65,0,1.24238,12.3514,13.5938,49.9536,-2.99829,
23/05/2025 06:28:00,553.118,192.748,0,324.889,0.65,0,1.32356,12.1636,13.4872,49.989,-3.00532,
23/05/2025 06:29:00,553.12,192.76,0,325.128,0.65,0,-0.432787,4.98975,4.55697,50.0084,-3.0192,
23/05/2025 06:30:00,553.13,192.777,0,325.128,0.65,0,-0.569842,7.63872,7.06888,49.989,-3.00532,
23/05/2025 06:31:00,553.15,192.779,0,325.607,0.65,0,0.0872785,6.5439,6.63118,49.9645,-2.99829,
23/05/2025 06:32:00,553.177,192.777,0,324.889,0.65,0,0.678362,7.65201,8.33037,50.0169,-2.99829,
23/05/2025 06:33:00,553.151,192.773,0,324.889,0.65,0,-0.880132,7.32377,6.44364,49.9944,-2.99097,
23/05/2025 06:34:00,553.124,192.758,0,324.41,0.65,0,0.49794,10.6541,11.152,50.0027,-2.99829,
23/05/2025 06:35:00,553.118,192.734,0,324.17,0.65,0,-0.602196,13.309,12.7068,49.9727,-3.00532,
23/05/2025 06:36:00,553.121,192.728,0,324.889,0.65,0,-0.921781,10.968,10.0463,50.0226,-2.99829,
23/05/2025 06:37:00,553.116,192.734,0,325.367,0.65,0,1.35334,11.2829,12.6363,49.989,-3.00532,
23/05/2025 06:38:00,553.114,192.741,0,325.367,0.65,0,0.276045,9.91792,10.194,49.9944,-2.99097,
23/05/2025 06:39:00,553.117,192.751,0,325.607,0.65,0,1.15811,10.4539,11.612,50.0084,-2.99097,
23/05/2025 06:40:00,553.111,192.753,0,325.367,0.65,0,1.34661,10.556,11.9026,49.9754,-2.99829,
23/05/2025 06:41:00,553.12,192.736,0,324.889,0.65,0,-0.0428677,11.5385,11.4957,49.9781,-2.99829,
23/05/2025 06:42:00,553.123,192.745,0,324.41,0.65,0,-1.10432,9.87377,8.76946,50.0169,-2.99829,
23/05/2025 06:43:00,553.12,192.742,0,324.41,0.65,0,-0.715394,11.1363,10.4209,49.9455,-3.01226,
23/05/2025 06:44:00,553.123,192.758,0,324.889,0.65,0,0.721005,14.1053,14.8263,50.0141,-3.01226,
23/05/2025 06:45:00,553.123,192.755,0,325.367,0.65,0,-0.673263,9.84824,9.17498,50.0169,-3.02615,
23/05/2025 06:46:00,553.127,192.746,0,325.128,0.65,0,-0.696307,9.64841,8.95211,50.0369,-3.01226,
23/05/2025 06:47:00,553.124,192.753,0,325.607,0.65,0,0.103706,8.55052,8.65423,49.9998,-2.99829,
23/05/2025 06:48:00,553.124,192.768,0,325.128,0.65,0,-0.961772,9.09364,8.13187,50.0141,-2.99097,
23/05/2025 06:49:00,553.124,192.756,0,324.649,0.65,0,-0.521076,10.3355,9.81441,50.0312,-2.98366,
23/05/2025 06:50:00,553.124,192.76,0,324.649,0.65,0,0.0962862,9.35794,9.45422,49.9862,-2.99097,
23/05/2025 06:51:00,553.124,192.755,0,324.41,0.65,0,-1.07477,8.24005,7.16528,49.989,-2.99829,
23/05/2025 06:52:00,553.124,192.751,0,325.367,0.65,0,0.385216,9.27713,9.66235,49.9998,-2.99829,
23/05/2025 06:53:00,553.117,192.75,0,325.128,0.65,0,-0.218603,8.88743,8.66882,49.9971,-2.99097,
23/05/2025 06:54:00,553.123,192.746,0,325.367,0.65,0,0.561848,9.28416,9.84601,49.9754,-2.99097,
23/05/2025 06:55:00,553.114,192.738,0,325.367,0.65,0,1.01394,10.3729,11.3868,50.0198,-2.97636,
23/05/2025 06:56:00,553.122,192.735,0,325.128,0.65,0,0.821031,11.2918,12.1128,50.0169,-2.97636,
23/05/2025 06:57:00,553.121,192.736,0,324.889,0.65,0,-0.101739,9.72808,9.62634,50.0055,-2.98366,
23/05/2025 06:58:00,553.118,192.729,0,324.889,0.65,0,2.6797,10.9337,13.6134,50.0027,-2.99097,
23/05/2025 06:59:00,553.117,192.738,0,324.41,0.65,0,0.944395,10.8952,11.8396,50.0055,-2.99829,
23/05/2025 07:00:00,553.121,192.74,0,325.128,0.65,0,1.20118,14.7282,15.9294,49.9672,-3.00532,
23/05/2025 07:01:00,553.123,192.738,0,324.17,0.65,0,1.93945,11.7629,13.7024,50.0426,-2.99829,
23/05/2025 07:02:00,553.138,192.752,0,325.128,0.65,0,-0.00376732,9.82853,9.82477,49.9781,-2.99097,
23/05/2025 07:03:00,553.138,192.77,0,325.128,0.65,0,1.5874,14.7126,16.3001,49.9998,-2.98366,
23/05/2025 07:04:00,553.13,192.769,0,325.128,0.65,0,1.73243,17.0832,18.8157,49.9862,-2.99097,
23/05/2025 07:05:00,553.124,192.751,0,324.889,0.65,0,0.202902,12.6338,12.8368,50.0055,-2.99829,
23/05/2025 07:06:00,553.124,192.74,0,324.649,0.65,0,-0.485674,8.5311,8.04541,50.0312,-2.99829,
23/05/2025 07:07:00,553.124,192.723,0,324.649,0.65,0,-0.774695,10.4842,9.70956,50.0027,-3.01226,
23/05/2025 07:08:00,553.124,192.719,0,324.889,0.65,0,-0.5197,11.143,10.6233,49.9917,-3.0192,
23/05/2025 07:09:00,553.124,192.723,0,325.367,0.65,0,0.0815021,13.8196,13.9011,49.9862,-3.01226,
23/05/2025 07:10:00,553.127,192.741,0,325.367,0.65,0,2.04094,19.6013,21.6422,49.9944,-3.00532,
23/05/2025 07:11:00,553.127,192.753,0,325.128,0.65,0,1.5355,19.482,21.0176,50.0141,-2.99097,
23/05/2025 07:12:00,553.126,192.76,0,325.128,0.65,0,-0.319931,12.4063,12.0863,49.9944,-2.99829,
23/05/2025 07:13:00,553.125,192.759,0,324.889,0.65,0,1.0046,17.2292,18.2338,49.9971,-3.00532,
23/05/2025 07:14:00,553.124,192.744,0,324.41,0.65,0,1.74815,20.0154,21.7636,49.9727,-3.00532,
23/05/2025 07:15:00,553.123,192.73,0,324.649,0.65,0,-0.44582,15.5645,15.1187,49.9917,-3.00532,
23/05/2025 07:16:00,553.121,192.748,0,324.889,0.65,0,0.505182,15.0399,15.5451,49.9944,-2.99097,
23/05/2025 07:17:00,553.123,192.751,0,325.128,0.65,0,1.12926,16.8104,17.9397,50.0198,-2.98366,
23/05/2025 07:18:00,553.123,192.758,0,325.367,0.65,0,0.94771,13.0744,14.0221,50.0169,-2.97636,
23/05/2025 07:19:00,553.123,192.743,0,325.128,0.65,0,0.221303,15.9129,16.1342,50.0027,-2.98366,
23/05/2025 07:20:00,553.123,192.741,0,325.367,0.65,0,1.61464,19.2915,20.9062,49.9781,-2.99097,
23/05/2025 07:21:00,553.12,192.739,0,325.128,0.65,0,-1.22738,15.2346,14.0072,50.0198,-2.99829,
23/05/2025 07:22:00,553.123,192.754,0,324.649,0.65,0,-0.56337,10.2227,9.65932,50.0112,-3.00532,
23/05/2025 07:23:00,553.123,192.76,0,324.889,0.65,0,-1.59967,11.0241,9.42444,49.9971,-2.99097,
23/05/2025 07:24:00,553.126,192.76,0,324.649,0.65,0,-0.553433,14.8131,14.2596,49.9727,-2.98366,
23/05/2025 07:25:00,553.135,192.762,0,324.41,0.65,0,-0.833041,16.7491,15.9161,49.9835,-2.97636,
23/05/2025 07:26:00,553.142,192.772,0,325.367,0.65,0,1.55525,20.0359,21.5912,50.0112,-2.97636,
23/05/2025 07:27:00,553.144,192.775,0,325.367,0.65,0,0.0969788,16.1536,16.2505,50.0198,-2.97636,
23/05/2025 07:28:00,553.128,192.763,0,325.128,0.65,0,0.0840874,10.5702,10.6543,49.9781,-2.97636,
23/05/2025 07:29:00,553.131,192.768,0,325.367,0.65,0,-0.8157,7.26987,6.45417,49.9727,-2.99829,
23/05/2025 07:30:00,553.134,192.766,0,325.128,0.65,0,-0.823633,9.18626,8.36263,50.0198,-2.99097,
23/05/2025 07:31:00,553.148,192.776,0,325.128,0.65,0,0.679678,10.1359,10.8156,50.0454,-2.98366,
23/05/2025 07:32:00,553.202,192.787,0,324.889,0.65,0,0.269037,9.22894,9.498,49.9835,-2.97636,
23/05/2025 07:33:00,553.169,192.785,0,325.367,0.65,0,0.239459,8.79295,9.03242,49.989,-2.97636,
23/05/2025 07:34:00,553.177,192.789,0,325.128,0.65,0,-0.538216,8.49862,7.9604,49.989,-2.99097,
23/05/2025 07:35:00,553.152,192.776,0,325.128,0.65,0,-0.479708,9.57325,9.09355,49.9781,-2.98366,
23/05/2025 07:36:00,553.151,192.776,0,325.128,0.65,0,0.413959,12.2688,12.6828,50.0027,-2.98366,
23/05/2025 07:37:00,553.129,192.775,0,325.367,0.65,0,3.46136,11.2749,14.7363,49.9862,-2.99829,
23/05/2025 07:38:00,553.148,192.779,0,325.607,0.65,0,-0.00083613,8.99293,8.99208,50.0312,-2.99097,
23/05/2025 07:39:00,553.136,192.774,0,325.128,0.65,0,1.32246,10.8755,12.198,49.9754,-2.99097,
23/05/2025 07:40:00,553.131,192.786,0,324.649,0.65,0,1.4862,11.9277,13.4139,50.0027,-2.99097,
23/05/2025 07:41:00,553.151,192.789,0,324.17,0.65,0,3.85584,12.0867,15.9425,49.9862,-2.99829,
23/05/2025 07:42:00,553.163,192.769,0,325.128,0.65,0,2.16874,11.3835,13.5523,49.9754,-3.00532,
23/05/2025 07:43:00,553.249,192.804,0,325.367,0.65,0,0.900528,14.2855,15.186,49.9781,-3.0192,
23/05/2025 07:44:00,553.262,192.775,0,325.607,0.65,0,-0.0564868,9.80725,9.75075,49.9781,-3.0331,
23/05/2025 07:45:00,553.292,192.798,0,325.367,0.65,0,-0.755198,8.18405,7.42885,49.9998,-3.04005,
23/05/2025 07:46:00,553.258,192.794,0,325.128,0.65,0,1.2622,12.0522,13.3144,50.0055,-3.04005,
23/05/2025 07:47:00,553.256,192.775,0,325.128,0.65,0,0.598072,12.6296,13.2277,50.0027,-3.0192,
23/05/2025 07:48:00,553.233,192.79,0,324.649,0.65,0,0.899656,13.6999,14.5995,50.0198,-3.01226,
23/05/2025 07:49:00,553.245,192.794,0,324.41,0.65,0,0.981399,11.4877,12.4691,50.0169,-3.00532,
23/05/2025 07:50:00,553.234,192.781,0,324.889,0.65,0,2.42823,18.1708,20.5991,49.9672,-2.99829,
23/05/2025 07:51:00,553.245,192.784,0,325.128,0.65,0,1.41687,18.2814,19.6983,49.9862,-3.00532,
23/05/2025 07:52:00,553.25,192.778,0,325.607,0.65,0,2.64193,20.0769,22.7189,49.9781,-3.00532,
23/05/2025 07:53:00,553.266,192.784,0,325.367,0.65,0,8.16137,28.9205,37.0818,49.9917,-3.01226,
23/05/2025 07:54:00,553.293,192.801,0,325.128,0.65,0,6.24983,26.5263,32.7762,50.0169,-2.99829,
23/05/2025 07:55:00,553.289,192.796,0,324.889,0.65,0,3.93654,21.5875,25.5241,49.9944,-2.99097,
23/05/2025 07:56:00,553.308,192.814,0,324.41,0.65,0,3.04145,20.1371,23.1785,49.9618,-2.99829,
23/05/2025 07:57:00,553.31,192.808,0,324.41,0.65,0,4.91664,27.9921,32.9087,49.9917,-2.99829,
23/05/2025 07:58:00,553.313,192.803,0,325.128,0.65,0,6.82201,27.4106,34.2326,49.989,-3.00532,
23/05/2025 07:59:00,553.313,192.804,0,325.128,0.65,0,5.45053,30.0515,35.502,50.0283,-3.0192,
23/05/2025 08:00:00,553.316,192.802,0,325.367,0.65,0,3.65759,24.4214,28.079,49.9971,-3.02615,
23/05/2025 08:01:00,553.316,192.785,0,325.128,0.65,0,0.981381,13.2417,14.2231,49.9781,-3.0331,
23/05/2025 08:02:00,553.316,192.777,0,325.128,0.65,0,-0.721352,10.3469,9.6256,49.9835,-3.04005,
23/05/2025 08:03:00,544.095,189.555,0,324.889,0.639167,0,0.429756,15.3755,15.8053,50.0198,-3.04005,
23/05/2025 08:04:00,553.317,192.808,0,324.649,0.65,0,0.600141,19.1218,19.722,50.0226,-3.0192,
23/05/2025 08:05:00,544.095,189.601,0,324.17,0.639167,0,2.5606,27.6508,30.2114,49.9998,-2.99829,
23/05/2025 08:06:00,544.091,189.612,0,324.649,0.639167,0,5.45462,25.7164,31.1711,50.0169,-2.99097,
23/05/2025 08:07:00,534.871,186.393,0,325.367,0.628333,0,7.64888,11.1397,18.7886,50.0084,-2.99097,
23/05/2025 08:08:00,525.651,183.175,0,325.367,0.6175,0,4.55764,14.5254,19.0831,49.989,-3.00532,
23/05/2025 08:09:00,534.873,186.37,0,325.367,0.628333,0,6.81305,9.88782,16.7009,49.9998,-3.01226,
23/05/2025 08:10:00,544.097,189.598,0,325.367,0.639167,0,5.03746,11.9776,17.015,50.0084,-3.00532,
23/05/2025 08:11:00,534.883,186.388,0,324.889,0.628333,0,3.30369,14.523,17.8267,50.0112,-2.99829,
23/05/2025 08:12:00,516.528,179.958,0,324.649,0.606667,0,0.837495,9.39597,10.2335,50.0198,-2.99097,
23/05/2025 08:13:00,498.049,173.549,0,324.17,0.585,0,0.896231,15.0294,15.9256,50.0255,-2.99097,
23/05/2025 08:14:00,516.542,179.939,0,324.889,0.606667,0,3.04075,18.3626,21.4034,49.9998,-2.99097,
23/05/2025 08:15:00,534.944,186.401,0,325.367,0.628333,0,6.85683,26.7937,33.6505,49.9917,-3.00532,
23/05/2025 08:16:00,433.475,151.03,0,325.367,0.509167,0,5.77333,24.9901,30.7634,49.9754,-3.00532,
23/05/2025 08:17:00,516.435,179.959,0,325.367,0.606667,0,5.53304,21.3966,26.9297,50.0226,-3.00532,
23/05/2025 08:18:00,479.566,167.09,0,325.128,0.563333,0,2.81998,19.0926,21.9126,49.9862,-3.00532,
23/05/2025 08:19:00,498.007,173.489,0,324.889,0.585,0,3.65736,22.5086,26.166,50.0283,-2.99829,
23/05/2025 08:20:00,470.321,163.827,0,324.649,0.530833,0,4.63819,26.3652,31.0033,49.9998,-2.99097,
23/05/2025 08:21:00,461.102,160.7,0,324.649,0.541667,0,4.4596,26.9183,31.378,49.9808,-2.99097,
23/05/2025 08:22:00,322.779,112.493,0,325.128,0.379167,0,6.1121,25.1158,31.2278,49.9998,-2.99829,
23/05/2025 08:23:00,497.994,173.506,0,325.367,0.585,0,6.02191,27.3175,33.3394,49.9754,-3.00532,
23/05/2025 08:24:00,433.474,151.043,0,325.367,0.509167,0,7.11481,24.9003,32.0151,50.0226,-2.99829,
23/05/2025 08:25:00,396.574,138.17,0,325.367,0.465833,0,7.8562,25.9693,33.8255,49.9808,-2.99829,
23/05/2025 08:26:00,442.661,154.26,0,325.367,0.52,0,6.61569,25.9504,32.566,49.9808,-2.98366,
23/05/2025 08:27:00,414.99,144.641,0,325.128,0.4875,0,5.79504,24.6482,30.4432,49.9727,-2.97636,
23/05/2025 08:28:00,497.985,173.51,0,324.649,0.585,0,5.4081,25.4682,30.8762,49.9971,-2.99097,
23/05/2025 08:29:00,433.432,150.991,0,324.41,0.509167,0,7.09782,28.5626,35.6604,49.9998,-2.99097,
23/05/2025 08:30:00,396.544,138.16,0,325.128,0.465833,0,2.65898,26.8025,29.4614,49.9862,-2.99829,
23/05/2025 08:31:00,544.095,189.595,0,325.367,0.639167,0,2.76331,25.1784,27.9418,49.9944,-3.00532,
23/05/2025 08:32:00,553.327,192.799,0,325.128,0.65,0,1.56717,13.7846,15.3517,50.0426,-2.99097,
23/05/2025 08:33:00,553.343,192.814,0,325.367,0.65,0,1.55322,10.9105,12.4637,50.0283,-2.98366,
23/05/2025 08:34:00,553.419,192.831,0,325.367,0.65,0,0.119791,9.08848,9.20828,49.9944,-2.96905,
23/05/2025 08:35:00,553.405,192.825,0,325.128,0.65,0,1.25922,9.13977,10.399,49.9998,-2.97636,
23/05/2025 08:36:00,553.322,192.814,0,324.649,0.65,0,1.24787,14.1705,15.4183,49.9727,-2.98366,
23/05/2025 08:37:00,553.338,192.798,0,324.649,0.65,0,1.27184,12.5934,13.8652,50.0112,-2.99097,
23/05/2025 08:38:00,553.382,192.814,0,324.649,0.65,0,0.588419,10.2999,10.8884,49.9727,-3.00532,
23/05/2025 08:39:00,553.383,192.816,0,325.367,0.65,0,2.06007,7.75176,9.81183,50.0226,-3.0192,
23/05/2025 08:40:00,553.466,192.813,0,325.367,0.65,0,3.96765,11.4147,15.3823,50.0198,-3.00532,
23/05/2025 08:41:00,553.455,192.829,0,325.607,0.65,0,1.98881,14.8093,16.7981,49.9808,-2.99829,
23/05/2025 08:42:00,553.48,192.84,0,325.607,0.65,0,2.16153,13.0785,15.2401,49.9944,-2.98366,
23/05/2025 08:43:00,553.462,192.831,0,324.889,0.65,0,1.94509,8.47317,10.4182,49.9835,-2.99097,
23/05/2025 08:44:00,553.474,192.843,0,324.41,0.65,0,-0.219446,6.64147,6.42203,50.0084,-2.98366,
23/05/2025 08:45:00,553.484,192.834,0,324.41,0.65,0,1.26823,8.83609,10.1043,49.9835,-2.99829,
23/05/2025 08:46:00,553.447,192.838,0,324.889,0.65,0,0.142881,9.53093,9.67382,50.0169,-3.01226,
23/05/2025 08:47:00,553.454,192.829,0,325.128,0.65,0,0.724638,12.106,12.8306,49.9971,-3.00532,
23/05/2025 08:48:00,553.473,192.835,0,325.367,0.65,0,1.75155,10.34,12.0916,50.0141,-2.98366,
23/05/2025 08:49:00,553.488,192.841,0,325.367,0.65,0,2.51211,11.4818,13.9939,50.0141,-2.97636,
23/05/2025 08:50:00,553.498,192.84,0,324.41,0.65,0,2.27906,10.0309,12.3099,49.9917,-2.98366,
23/05/2025 08:51:00,553.477,192.842,0,324.889,0.65,0,3.72274,10.3067,14.0295,49.9971,-2.99097,
23/05/2025 08:52:00,553.482,192.852,0,324.649,0.65,0,3.12525,7.62511,10.7504,50.0055,-3.00532,
23/05/2025 08:53:00,553.491,192.838,0,324.17,0.65,0,3.3687,11.056,14.4248,49.9808,-3.0192,
23/05/2025 08:54:00,553.489,192.843,0,325.128,0.65,0,2.45534,10.2801,12.7354,49.9944,-3.0331,
23/05/2025 08:55:00,553.479,192.825,0,325.128,0.65,0,4.20012,17.4251,21.6252,50.0027,-3.0331,
23/05/2025 08:56:00,553.498,192.822,0,325.607,0.65,0,2.48517,17.2831,19.7682,49.989,-3.05396,
23/05/2025 08:57:00,553.487,192.838,0,325.367,0.65,0,2.88641,19.3363,22.2227,49.9808,-3.05396,
23/05/2025 08:58:00,553.471,192.839,0,325.607,0.65,0,2.51176,13.9312,16.4429,49.9917,-3.05396,
23/05/2025 08:59:00,553.497,192.854,0,325.128,0.65,0,3.25783,18.2449,21.5028,49.989,-3.0331,
23/05/2025 09:00:00,553.51,192.864,0,324.41,0.65,0,3.92768,17.6132,21.5409,50.0055,-3.0192,
23/05/2025 09:01:00,553.508,192.846,0,324.41,0.65,0,3.04485,15.877,18.9219,50.0169,-3.01226,
23/05/2025 09:02:00,553.509,192.847,0,325.128,0.65,0,2.98843,15.8896,18.878,49.9699,-2.99829,
23/05/2025 09:03:00,553.513,192.858,0,325.607,0.65,0,3.29433,16.6117,19.906,49.9998,-3.00532,
23/05/2025 09:04:00,553.524,192.869,0,325.128,0.65,0,3.20805,17.2956,20.5036,49.9754,-3.0192,
23/05/2025 09:05:00,553.549,192.87,0,325.607,0.65,0,2.60839,17.7242,20.3326,49.9808,-3.02615,
23/05/2025 09:06:00,553.569,192.871,0,325.128,0.65,0,2.71481,13.9283,16.6431,49.9917,-3.0192,
23/05/2025 09:07:00,553.579,192.88,0,325.128,0.65,0,0.880414,12.4413,13.3217,49.9862,-3.00532,
23/05/2025 09:08:00,553.567,192.88,0,324.649,0.65,0,2.14742,12.658,14.8054,50.0055,-3.00532,
23/05/2025 09:09:00,553.629,192.888,0,324.41,0.65,0,3.52778,16.0649,19.5927,50.0454,-2.98366,
23/05/2025 09:10:00,553.629,192.886,0,324.889,0.65,0,2.20382,12.5534,14.7572,49.9998,-2.99829,
23/05/2025 09:11:00,553.595,192.883,0,325.128,0.65,0,5.68037,16.9322,22.6126,50.0141,-2.99829,
23/05/2025 09:12:00,553.628,192.877,0,325.367,0.65,0,2.99927,17.1158,20.1151,49.9917,-3.00532,
23/05/2025 09:13:00,553.61,192.879,0,325.367,0.65,0,4.21628,18.3392,22.5555,50.0141,-2.99829,
23/05/2025 09:14:00,553.604,192.878,0,325.607,0.65,0,4.69005,16.4787,21.1687,50.0112,-2.97636,
23/05/2025 09:15:00,553.611,192.883,0,324.649,0.65,0,5.39241,16.3805,21.7729,50.0255,-2.95445,
23/05/2025 09:16:00,553.633,192.907,0,324.649,0.65,0,15.4656,27.4057,42.8713,49.9971,-2.95445,
23/05/2025 09:17:00,553.626,192.904,0,324.17,0.65,0,20.6068,28.4888,49.0956,49.9944,-2.94716,
23/05/2025 09:18:00,553.644,192.897,0,324.889,0.65,0,7.7774,21.0551,28.8325,49.9998,-2.96175,
23/05/2025 09:19:00,553.665,192.897,0,325.128,0.65,0,8.4644,24.2712,32.7356,49.9998,-2.96905,
23/05/2025 09:20:00,553.609,192.892,0,325.367,0.65,0,6.25549,22.6199,28.8754,49.9971,-2.96905,
23/05/2025 09:21:00,544.353,189.671,0,325.128,0.639167,0,6.46958,22.0726,28.5422,50.0226,-2.96175,
23/05/2025 09:22:00,553.642,192.893,0,325.128,0.65,0,5.77836,19.0856,24.864,50.0226,-2.95445,
23/05/2025 09:23:00,553.614,192.889,0,325.128,0.65,0,4.81939,20.4627,25.2822,49.9944,-2.96175,
23/05/2025 09:24:00,553.564,192.885,0,324.41,0.65,0,7.64457,20.7035,28.348,50.0027,-2.96175,
23/05/2025 09:25:00,553.513,192.865,0,324.41,0.65,0,7.19457,20.8919,28.0865,49.9971,-2.97636,
23/05/2025 09:26:00,553.521,192.878,0,324.889,0.65,0,7.54997,21.9867,29.5367,50.0141,-2.98366,
23/05/2025 09:27:00,553.539,192.892,0,325.367,0.65,0,7.45537,21.9607,29.416,50.0141,-2.99829,
23/05/2025 09:28:00,553.535,192.878,0,325.367,0.65,0,12.4741,27.009,39.4832,50.0112,-3.00532,
23/05/2025 09:29:00,553.55,192.883,0,325.367,0.65,0,12.1098,27.5905,39.7003,49.9944,-3.01226,
23/05/2025 09:30:00,553.619,192.894,0,325.367,0.65,0,10.2892,20.7679,31.0571,50.0226,-2.99829,
23/05/2025 09:31:00,553.594,192.905,0,325.367,0.65,0,5.82004,18.5939,24.414,50.0055,-2.98366,
23/05/2025 09:32:00,553.596,192.905,0,324.889,0.65,0,6.18827,14.295,20.4833,50.0112,-2.98366,
23/05/2025 09:33:00,553.617,192.903,0,324.17,0.65,0,8.49753,19.2602,27.7577,50.0255,-2.99097,
23/05/2025 09:34:00,553.637,192.911,0,324.889,0.65,0,6.77557,22.5754,29.351,50.0226,-2.99829,
23/05/2025 09:35:00,553.644,192.909,0,324.889,0.65,0,7.11049,20.5813,27.6918,50.0112,-3.00532,
23/05/2025 09:36:00,553.652,192.906,0,325.367,0.65,0,7.0993,19.0532,26.1525,49.989,-3.01226,
23/05/2025 09:37:00,553.673,192.912,0,325.367,0.65,0,8.26547,20.1647,28.4302,49.9917,-3.02615,
23/05/2025 09:38:00,553.689,192.915,0,325.367,0.65,0,7.06948,21.4922,28.5617,49.9971,-3.02615,
23/05/2025 09:39:00,553.681,192.927,0,325.128,0.65,0,7.32524,23.1243,30.4495,49.9971,-3.0331,
23/05/2025 09:40:00,553.686,192.917,0,325.128,0.65,0,8.06272,20.2388,28.3015,50.0226,-3.02615,
23/05/2025 09:41:00,553.689,192.93,0,324.17,0.65,0,6.33477,21.7015,28.0362,50.0169,-3.00532,
23/05/2025 09:42:00,544.463,189.691,0,324.889,0.639167,0,8.95961,14.9406,23.9002,50.0169,-2.99097,
23/05/2025 09:43:00,544.471,189.69,0,325.128,0.639167,0,6.0018,16.9342,22.9359,49.9917,-2.99097,
23/05/2025 09:44:00,553.697,192.918,0,325.367,0.65,0,5.99387,19.2833,25.2772,50.0198,-2.98366,
23/05/2025 09:45:00,507.557,176.865,0,325.367,0.595833,0,6.34612,15.9115,22.2577,49.9971,-2.98366,
23/05/2025 09:46:00,516.787,180.08,0,325.367,0.606667,0,3.30615,10.8496,14.1558,50.0084,-2.99097,
23/05/2025 09:47:00,507.561,176.835,0,324.889,0.595833,0,9.24699,15.4471,24.6941,49.9727,-2.99829,
23/05/2025 09:48:00,498.333,173.622,0,324.41,0.585,0,9.34708,18.1828,27.5299,49.9835,-2.99829,
23/05/2025 09:49:00,516.787,180.076,0,324.41,0.606667,0,7.0525,15.7933,22.8458,50.0198,-2.98366,
23/05/2025 09:50:00,479.87,167.215,0,324.889,0.563333,0,4.4716,16.1081,20.5797,50.0141,-2.97636,
23/05/2025 09:51:00,526.012,183.259,0,325.128,0.6175,0,5.72632,17.6808,23.4071,50.0226,-2.97636,
23/05/2025 09:52:00,507.535,176.83,0,325.367,0.595833,0,6.26978,16.2123,22.4821,49.9808,-2.98366,
23/05/2025 09:53:00,415.262,144.689,0,325.128,0.498333,0,7.43324,19.6371,27.0704,50.0084,-2.98366,
23/05/2025 09:54:00,433.694,151.137,0,325.128,0.498333,0,10.3764,21.2234,31.5998,49.9971,-2.99097,
23/05/2025 09:55:00,489.077,170.392,0,325.128,0.574167,0,9.99792,15.1282,25.1262,49.9699,-2.99829,
23/05/2025 09:56:00,498.322,173.64,0,324.41,0.585,0,5.93255,13.9948,19.9274,50.0226,-3.01226,
23/05/2025 09:57:00,507.511,176.84,0,324.17,0.595833,0,14.1951,15.4182,29.6132,50.0084,-3.00532,
23/05/2025 09:58:00,498.331,173.698,0,324.889,0.585,0,5.63532,4.70493,10.3402,50.0682,-2.99829,
23/05/2025 09:59:00,498.333,173.635,0,325.128,0.595833,0,8.02777,15.2645,23.2923,50.0112,-2.99097,
23/05/2025 10:00:00,516.824,180.077,0,325.367,0.595833,0,5.55186,13.5611,19.113,50.0454,-2.97636,
23/05/2025 10:01:00,433.765,151.135,0,325.367,0.509167,0,5.95442,13.2841,19.2385,50.0226,-2.97636,
23/05/2025 10:02:00,470.729,164.023,0,325.367,0.5525,0,6.83761,17.2271,24.0647,49.9917,-2.97636,
23/05/2025 10:03:00,498.346,173.628,0,324.889,0.585,0,7.55641,18.5661,26.1225,50.0027,-2.97636,
23/05/2025 10:04:00,452.222,157.619,0,324.649,0.530833,0,14.1454,25.2911,39.4365,49.9944,-2.97636,
23/05/2025 10:05:00,443.007,154.413,0,324.41,0.52,0,16.0206,25.479,41.4996,49.9944,-2.98366,
23/05/2025 10:06:00,470.762,164.059,0,324.889,0.5525,0,16.0449,26.3653,42.4102,50.0055,-2.99097,
23/05/2025 10:07:00,470.812,164.055,0,325.128,0.5525,0,15.1219,22.2259,37.3479,49.9971,-2.98366,
23/05/2025 10:08:00,507.739,176.933,0,325.128,0.595833,0,13.5085,23.1045,36.6131,50.0169,-2.96905,
23/05/2025 10:09:00,433.884,151.157,0,325.367,0.509167,0,14.4074,20.9049,35.3123,50.0198,-2.95445,
23/05/2025 10:10:00,498.505,173.71,0,325.128,0.585,0,13.7414,20.1442,33.8856,50.0226,-2.95445,
23/05/2025 10:11:00,406.166,141.541,0,324.649,0.476667,0,14.4742,12.3474,26.8216,50.0027,-2.96905,
23/05/2025 10:12:00,443.109,154.421,0,324.649,0.52,0,13.9595,16.4211,30.3805,49.9835,-2.96905,
23/05/2025 10:13:00,489.229,170.47,0,324.17,0.574167,0,11.0577,12.6987,23.7564,49.9808,-2.97636,
23/05/2025 10:14:00,424.598,147.949,0,324.889,0.498333,0,10.7779,10.7243,21.5022,49.9944,-2.99097,
23/05/2025 10:15:00,406.12,141.565,0,324.889,0.476667,0,9.77798,18.642,28.42,49.989,-2.99829,
23/05/2025 10:16:00,461.434,160.86,0,325.128,0.541667,0,12.2297,21.5199,33.7496,49.9727,-3.00532,
23/05/2025 10:17:00,387.6,135.076,0,325.367,0.455,0,12.115,12.783,24.8981,50.0141,-3.00532,
23/05/2025 10:18:00,433.737,151.129,0,325.607,0.509167,0,10.6162,10.7294,21.3456,49.9917,-3.0192,
23/05/2025 10:19:00,526.022,183.336,0,324.889,0.6175,0,11.3523,6.76187,18.1141,49.9727,-3.0331,
23/05/2025 10:20:00,461.466,160.786,0,324.649,0.541667,0,10.2051,18.3212,28.5264,49.9944,-3.02615,
23/05/2025 10:21:00,479.911,167.246,0,324.17,0.563333,0,7.95165,14.2256,22.1773,50.0141,-3.04005,
23/05/2025 10:22:00,498.339,173.671,0,324.889,0.585,0,8.20779,12.1133,20.3211,50.0027,-3.0331,
23/05/2025 10:23:00,387.618,135.075,0,325.607,0.455,0,3.69148,9.45311,13.1446,50.0283,-3.0331,
23/05/2025 10:24:00,387.604,135.087,0,325.367,0.465833,0,9.99591,16.1051,26.101,49.9699,-3.0331,
23/05/2025 10:25:00,498.349,173.668,0,325.367,0.574167,0,10.8569,20.0849,30.9418,49.9862,-3.0331,
23/05/2025 10:26:00,461.554,160.825,0,325.607,0.541667,0,11.7382,17.6824,29.4207,49.9835,-3.02615,
23/05/2025 10:27:00,526.153,183.332,0,324.889,0.6175,0,7.04223,15.1783,22.2205,50.0141,-3.02615,
23/05/2025 10:28:00,507.728,176.896,0,324.649,0.595833,0,6.82568,5.99451,12.8202,50.0255,-3.0192,
23/05/2025 10:29:00,489.271,170.505,0,324.41,0.574167,0,1.59024,4.39633,5.98656,50.0112,-3.0192,
23/05/2025 10:30:00,332.337,115.811,0,324.649,0.39,0,1.3737,8.18527,9.55895,49.9998,-3.02615,
23/05/2025 10:31:00,516.971,180.151,0,325.367,0.606667,0,3.30101,12.3328,15.6338,49.9944,-3.02615,
23/05/2025 10:32:00,489.275,170.477,0,325.367,0.574167,0,8.2968,12.6746,20.9714,50.0055,-3.0192,
23/05/2025 10:33:00,507.739,176.914,0,325.128,0.595833,0,3.16718,8.57766,11.7449,49.9428,-3.0192,
23/05/2025 10:34:00,535.434,186.569,0,325.367,0.628333,0,3.46719,13.0851,16.5523,49.9862,-3.00532,
23/05/2025 10:35:00,452.368,157.673,0,324.889,0.541667,0,6.4354,9.80761,16.243,50.0397,-2.98366,
23/05/2025 10:36:00,480.044,167.3,0,324.649,0.5525,0,8.66775,9.21675,17.8845,50.0226,-2.97636,
23/05/2025 10:37:00,424.654,147.996,0,324.41,0.498333,0,8.83294,13.9275,22.7605,50.0055,-2.96175,
23/05/2025 10:38:00,507.739,176.971,0,325.128,0.595833,0,9.02105,11.3177,20.3388,50.0084,-2.96175,
23/05/2025 10:39:00,480.044,167.291,0,325.128,0.563333,0,5.96085,9.73439,15.6953,50.0112,-2.96175,
23/05/2025 10:40:00,526.202,183.407,0,325.128,0.6175,0,4.29556,9.51534,13.8109,49.989,-2.96905,
23/05/2025 10:41:00,516.967,180.112,0,325.367,0.606667,0,3.66594,5.22001,8.88594,50.0255,-2.97636,
23/05/2025 10:42:00,516.951,180.131,0,325.128,0.606667,0,2.84277,8.69148,11.5342,49.9944,-2.97636,
23/05/2025 10:43:00,526.197,183.386,0,325.128,0.6175,0,1.98226,10.1271,12.1094,50.0255,-2.96905,
23/05/2025 10:44:00,507.684,176.952,0,324.649,0.595833,0,10.0493,7.61741,17.6667,49.9781,-2.95445,
23/05/2025 10:45:00,489.263,170.503,0,324.17,0.574167,0,7.54389,13.5762,21.1201,49.9781,-2.95445,
23/05/2025 10:46:00,516.94,180.147,0,324.889,0.606667,0,10.0244,21.0827,31.1071,50.0169,-2.93986,
23/05/2025 10:47:00,507.738,176.939,0,324.889,0.595833,0,5.12991,8.93421,14.0641,50.0027,-2.94716,
23/05/2025 10:48:00,489.274,170.528,0,325.367,0.574167,0,1.94573,7.08003,9.02576,49.9591,-2.96175,
23/05/2025 10:49:00,535.434,186.635,0,325.367,0.628333,0,9.11857,10.7878,19.9064,50.0112,-2.96905,
23/05/2025 10:50:00,535.444,186.674,0,325.367,0.628333,0,4.68176,9.97139,14.6532,50.0255,-2.97636,
23/05/2025 10:51:00,544.695,189.862,0,324.649,0.639167,0,3.88409,10.0738,13.9578,50.0255,-2.98366,
23/05/2025 10:52:00,526.235,183.402,0,324.41,0.6175,0,4.82619,10.7705,15.5967,49.989,-2.99097,
23/05/2025 10:53:00,535.455,186.641,0,324.41,0.628333,0,5.54644,11.0457,16.5922,50.0426,-2.99097,
23/05/2025 10:54:00,535.443,186.632,0,324.889,0.628333,0,4.98356,7.02009,12.0036,50.0283,-2.99097,
23/05/2025 10:55:00,544.762,189.892,0,325.367,0.639167,0,5.27013,8.29996,13.5701,49.9944,-2.99829,
23/05/2025 10:56:00,554.005,193.13,0,325.128,0.65,0,5.77744,7.82208,13.5996,50.0169,-2.97636,
23/05/2025 10:57:00,526.369,183.508,0,325.128,0.6175,0,11.6249,5.44194,17.0669,50.0511,-2.96905,
23/05/2025 10:58:00,470.961,164.192,0,325.367,0.5525,0,9.62264,17.5825,27.2051,50.0226,-2.96175,
23/05/2025 10:59:00,544.843,189.942,0,324.889,0.639167,0,9.94481,17.5434,27.4882,50.034,-2.95445,
23/05/2025 11:00:00,554.088,193.155,0,324.649,0.65,0,14.5965,17.7529,32.3494,50.0141,-2.95445,
23/05/2025 11:01:00,535.602,186.688,0,324.17,0.628333,0,12.0444,13.213,25.2574,50.0226,-2.96175,
23/05/2025 11:02:00,507.877,177.067,0,324.889,0.595833,0,10.8856,10.2416,21.1272,49.989,-2.96905,
23/05/2025 11:03:00,535.576,186.704,0,325.367,0.628333,0,5.15756,13.2667,18.4243,49.989,-2.97636,
23/05/2025 11:04:00,535.605,186.679,0,325.128,0.628333,0,2.74065,8.59484,11.3355,50.0369,-2.98366,
23/05/2025 11:05:00,544.822,189.878,0,325.367,0.639167,0,2.04894,7.1707,9.21963,49.9944,-2.99097,
23/05/2025 11:06:00,535.523,186.671,0,325.367,0.628333,0,2.66007,6.31964,8.97971,49.9971,-2.99097,
23/05/2025 11:07:00,544.691,189.885,0,324.889,0.639167,0,5.75453,9.27447,15.029,50.0027,-2.99829,
23/05/2025 11:08:00,516.981,180.228,0,324.649,0.606667,0,9.68064,12.4867,22.1673,50.0141,-2.99829,
23/05/2025 11:09:00,443.118,154.495,0,324.17,0.52,0,4.27815,11.8773,16.1555,50.0055,-2.99829,
23/05/2025 11:10:00,535.434,186.632,0,325.128,0.628333,0,2.98708,8.6622,11.6493,50.0198,-2.99829,
23/05/2025 11:11:00,544.668,189.87,0,325.128,0.639167,0,4.25714,11.3776,15.6348,49.9781,-2.99829,
23/05/2025 11:12:00,507.765,176.991,0,325.128,0.595833,0,15.5656,12.9722,28.5378,50.0198,-2.98366,
23/05/2025 11:13:00,535.445,186.652,0,325.367,0.628333,0,20.5338,18.9002,39.434,49.9998,-2.99829,
23/05/2025 11:14:00,544.717,189.901,0,325.367,0.639167,0,10.5188,6.98798,17.5067,49.9971,-2.99829,
23/05/2025 11:15:00,544.815,189.928,0,325.128,0.639167,0,9.68015,11.6725,21.3526,49.9564,-2.99829,
23/05/2025 11:16:00,554.086,193.168,0,324.649,0.65,0,11.8869,10.0328,21.9197,49.9781,-3.01226,
23/05/2025 11:17:00,554.081,193.15,0,324.41,0.65,0,9.02194,12.9949,22.0168,50.0226,-3.01226,
23/05/2025 11:18:00,554.08,193.143,0,324.889,0.65,0,8.24488,14.5711,22.816,50.0312,-3.00532,
23/05/2025 11:19:00,554.046,193.135,0,325.128,0.65,0,2.88062,4.78647,7.6671,49.9944,-3.00532,
23/05/2025 11:20:00,554.049,193.136,0,325.128,0.65,0,1.67005,4.0145,5.68455,50.0226,-3.01226,
23/05/2025 11:21:00,553.986,193.122,0,325.607,0.65,0,3.72464,6.55015,10.2748,49.9727,-3.01226,
23/05/2025 11:22:00,553.987,193.131,0,325.128,0.65,0,6.58486,6.27622,12.8611,49.9944,-3.01226,
23/05/2025 11:23:00,553.963,193.139,0,325.128,0.65,0,4.34701,9.30579,13.6528,50.0198,-3.00532,
23/05/2025 11:24:00,553.985,193.137,0,324.649,0.65,0,3.15912,6.05129,9.21043,49.989,-3.00532,
23/05/2025 11:25:00,554.016,193.119,0,323.931,0.65,0,9.45802,7.86394,17.322,50.0112,-3.00532,
23/05/2025 11:26:00,535.521,186.71,0,325.128,0.628333,0,12.0978,14.022,26.1199,49.989,-2.99829,
23/05/2025 11:27:00,544.788,189.94,0,325.128,0.639167,0,9.3664,13.8577,23.2241,49.9727,-2.99829,
23/05/2025 11:28:00,554.078,193.145,0,325.367,0.65,0,15.3207,17.42,32.7407,49.9754,-2.99829,
23/05/2025 11:29:00,554.071,193.145,0,325.367,0.65,0,15.9098,21.7978,37.7076,50.0055,-2.99829,
23/05/2025 11:30:00,554.071,193.143,0,325.128,0.65,0,13.8545,19.0306,32.8851,50.0055,-2.99097,
23/05/2025 11:31:00,554.081,193.134,0,324.889,0.65,0,17.5466,21.9128,39.4594,50.0027,-2.99097,
23/05/2025 11:32:00,554.074,193.131,0,324.649,0.65,0,16.8565,20.4007,37.2573,49.9998,-2.99097,
23/05/2025 11:33:00,544.848,189.903,0,324.41,0.639167,0,11.8097,17.1383,28.948,49.9998,-2.99097,
23/05/2025 11:34:00,544.833,189.91,0,324.889,0.639167,0,9.70512,13.9076,23.6127,50.0198,-2.98366,
23/05/2025 11:35:00,544.84,189.924,0,325.367,0.639167,0,20.9792,28.3049,49.2841,49.9781,-2.98366,
23/05/2025 11:36:00,554.069,193.145,0,325.128,0.65,0,14.0143,17.4038,31.4181,50.0198,-2.98366,
23/05/2025 11:37:00,544.837,189.946,0,325.367,0.639167,0,12.436,11.1046,23.5406,49.989,-2.99097,
23/05/2025 11:38:00,554.058,193.149,0,325.367,0.65,0,9.79975,12.2536,22.0534,50.034,-2.99097,
23/05/2025 11:39:00,544.831,189.955,0,324.889,0.639167,0,12.1944,11.9102,24.1047,50.0027,-2.99829,
23/05/2025 11:40:00,554.087,193.154,0,324.649,0.65,0,10.484,13.8742,24.3582,49.9727,-2.99829,
23/05/2025 11:41:00,554.087,193.176,0,324.17,0.65,0,7.31972,9.49883,16.8185,50.0141,-3.01226,
23/05/2025 11:42:00,554.09,193.17,0,325.128,0.65,0,10.5779,14.9235,25.5014,49.9835,-3.00532,
23/05/2025 11:43:00,554.098,193.192,0,325.128,0.65,0,12.1169,11.0687,23.1855,49.9862,-3.01226,
23/05/2025 11:44:00,554.098,193.194,0,325.367,0.65,0,10.2177,11.6052,21.8229,50.0369,-3.01226,
23/05/2025 11:45:00,554.096,193.183,0,325.607,0.65,0,9.78162,11.9256,21.7072,50.0112,-3.00532,
23/05/2025 11:46:00,544.858,189.95,0,325.367,0.639167,0,3.75442,5.74245,9.49689,50.034,-3.00532,
23/05/2025 11:47:00,554.09,193.162,0,325.128,0.65,0,-0.224217,3.11982,2.89561,50.0027,-2.99829,
23/05/2025 11:48:00,554.089,193.156,0,324.649,0.65,0,0.206194,4.47438,4.68057,50.0027,-2.99097,
23/05/2025 11:49:00,554.082,193.16,0,324.17,0.65,0,-0.319957,3.50179,3.18183,50.0055,-2.99097,
23/05/2025 11:50:00,544.85,189.94,0,324.889,0.639167,0,-1.11505,1.79164,0.676595,49.9998,-2.99097,
23/05/2025 11:51:00,554.082,193.15,0,325.607,0.65,0,-1.32601,1.83816,0.512146,49.9917,-2.98366,
23/05/2025 11:52:00,554.087,193.15,0,325.367,0.65,0,4.99389,17.9982,22.9921,49.989,-2.98366,
23/05/2025 11:53:00,554.084,193.149,0,325.367,0.65,0,9.18278,11.6091,20.7919,50.0198,-2.98366,
23/05/2025 11:54:00,554.073,193.145,0,325.607,0.65,0,10.9942,11.3445,22.3387,50.0255,-2.96905,
23/05/2025 11:55:00,535.618,186.719,0,325.128,0.628333,0,12.233,13.7001,25.9331,50.0169,-2.97636,
23/05/2025 11:56:00,544.849,189.961,0,324.649,0.639167,0,6.74176,8.30073,15.0425,50.0226,-2.96905,
23/05/2025 11:57:00,535.618,186.745,0,324.41,0.628333,0,11.0837,14.3131,25.3968,49.9835,-2.97636,
23/05/2025 11:58:00,544.853,189.929,0,325.128,0.639167,0,14.0331,17.4182,31.4513,50.0283,-2.96905,
23/05/2025 11:59:00,554.078,193.157,0,324.889,0.65,0,22.2526,25.0771,47.3297,50.0112,-2.96905,
23/05/2025 12:00:00,526.378,183.543,0,325.367,0.6175,0,17.5656,19.418,36.9835,50.0198,-2.96905,
23/05/2025 12:01:00,544.831,189.954,0,325.367,0.639167,0,20.2417,17.183,37.4247,49.9699,-2.97636,
23/05/2025 12:02:00,535.545,186.716,0,325.367,0.628333,0,20.59,22.374,42.964,50.0141,-2.98366,
23/05/2025 12:03:00,544.801,189.95,0,324.889,0.639167,0,19.8172,23.0651,42.8823,50.0255,-2.99097,
23/05/2025 12:04:00,554.061,193.172,0,324.889,0.65,0,17.3403,17.6377,34.978,50.0112,-2.99097,
23/05/2025 12:05:00,554.082,193.171,0,324.17,0.65,0,11.2838,19.2654,30.5493,50.0198,-2.99097,
23/05/2025 12:06:00,554.09,193.172,0,324.649,0.65,0,14.8683,28.2884,43.1567,50.0198,-2.99097,
23/05/2025 12:07:00,554.09,193.185,0,325.128,0.65,0,11.083,17.3561,28.4391,50.0141,-2.98366,
23/05/2025 12:08:00,554.093,193.189,0,325.607,0.65,0,14.4595,18.6841,33.1436,49.9917,-2.97636,
23/05/2025 12:09:00,554.09,193.185,0,325.607,0.65,0,9.16777,9.56886,18.7366,50.0397,-2.97636,
23/05/2025 12:10:00,554.09,193.181,0,325.367,0.65,0,7.11257,10.0839,17.1964,50.0055,-2.98366,
23/05/2025 12:11:00,554.082,193.178,0,324.889,0.65,0,2.38277,7.59344,9.97621,49.9971,-2.97636,
23/05/2025 12:12:00,554.029,193.163,0,324.41,0.65,0,2.60335,7.93774,10.5411,49.9917,-2.97636,
23/05/2025 12:13:00,553.967,193.168,0,324.17,0.65,0,4.08523,9.42775,13.513,50.0283,-2.97636,
23/05/2025 12:14:00,554.007,193.156,0,325.128,0.65,0,9.48586,15.2039,24.6898,50.0226,-2.97636,
23/05/2025 12:15:00,544.754,189.961,0,325.367,0.639167,0,10.5205,14.0256,24.5461,50.0027,-2.97636,
23/05/2025 12:16:00,544.777,189.935,0,325.367,0.639167,0,11.063,19.1129,30.1759,50.0226,-2.96175,
23/05/2025 12:17:00,507.803,177.088,0,325.367,0.595833,0,9.25103,20.048,29.299,49.9944,-2.96175,
23/05/2025 12:18:00,553.996,193.172,0,325.367,0.65,0,8.25221,9.94746,18.1997,50.0055,-2.96175,
23/05/2025 12:19:00,535.448,186.742,0,325.128,0.628333,0,5.60344,12.6093,18.2128,50.034,-2.96175,
23/05/2025 12:20:00,544.684,189.939,0,324.649,0.639167,0,11.6086,20.446,32.0547,50.0027,-2.96905,
23/05/2025 12:21:00,544.685,189.964,0,324.17,0.639167,0,17.0533,22.1888,39.2421,50.0369,-2.96175,
23/05/2025 12:22:00,544.669,189.929,0,324.889,0.639167,0,17.843,10.7444,28.5874,49.9944,-2.96175,
23/05/2025 12:23:00,553.897,193.161,0,325.367,0.65,0,15.5713,16.0985,31.6697,49.9917,-2.96175,
23/05/2025 12:24:00,526.202,183.521,0,325.367,0.6175,0,22.3972,14.0687,36.4658,50.0112,-2.96175,
23/05/2025 12:25:00,553.9,193.182,0,325.367,0.65,0,44.7761,30.3925,75.1686,50.0255,-2.96175,
23/05/2025 12:26:00,535.434,186.727,0,325.607,0.628333,0,53.072,40.8282,93.9001,50.034,-2.96175,
23/05/2025 12:27:00,507.746,177.099,0,324.889,0.595833,0,43.3514,27.9562,71.3076,49.9808,-2.97636,
23/05/2025 12:28:00,480.047,167.441,0,324.889,0.563333,0,34.1008,21.5223,55.6231,49.9862,-2.96905,
23/05/2025 12:29:00,498.509,173.868,0,324.17,0.595833,0,31.2191,28.536,59.7551,50.0169,-2.96905,
23/05/2025 12:30:00,461.581,160.986,0,325.128,0.541667,0,31.4589,26.3912,57.8501,50.0055,-2.96905,
23/05/2025 12:31:00,433.886,151.339,0,325.128,0.498333,0,32.366,27.5238,59.8898,50.0112,-2.96905,
23/05/2025 12:32:00,526.205,183.52,0,325.607,0.6175,0,24.6566,24.931,49.5876,50.0169,-2.96905,
23/05/2025 12:33:00,535.434,186.757,0,325.607,0.628333,0,31.9582,19.7658,51.724,50.0226,-2.96905,
23/05/2025 12:34:00,526.207,183.519,0,325.367,0.6175,0,26.9441,20.7759,47.7201,49.9998,-2.96905,
23/05/2025 12:35:00,526.202,183.552,0,324.889,0.6175,0,15.8885,16.0167,31.9052,50.0027,-2.95445,
23/05/2025 12:36:00,535.434,186.758,0,324.649,0.628333,0,11.2709,14.8684,26.1393,49.989,-2.96175,
23/05/2025 12:37:00,489.274,170.624,0,324.17,0.574167,0,6.94258,12.015,18.9576,50.0112,-2.96905,
23/05/2025 12:38:00,507.736,177.106,0,325.128,0.606667,0,7.56682,12.5216,20.0884,49.9727,-2.96175,
23/05/2025 12:39:00,415.423,144.847,0,325.128,0.4875,0,6.42465,11.3109,17.7355,50.0112,-2.96175,
23/05/2025 12:40:00,553.88,193.182,0,325.607,0.639167,0,5.06095,10.0594,15.1204,49.9998,-2.96175,
23/05/2025 12:41:00,526.198,183.549,0,325.128,0.6175,0,5.28076,8.50558,13.7863,50.0055,-2.95445,
23/05/2025 12:42:00,516.971,180.337,0,325.367,0.606667,0,7.29627,12.0691,19.3654,50.0169,-2.95445,
23/05/2025 12:43:00,553.904,193.226,0,324.889,0.65,0,10.7096,16.8226,27.5322,50.0141,-2.95445,
23/05/2025 12:44:00,535.461,186.794,0,324.889,0.628333,0,21.0752,22.6472,43.7223,50.0027,-2.96175,
23/05/2025 12:45:00,544.718,190.022,0,324.17,0.639167,0,23.6158,17.2975,40.9133,49.9808,-2.96905,
23/05/2025 12:46:00,553.899,193.231,0,324.889,0.65,0,17.3879,16.449,33.8369,50.0198,-2.96905,
23/05/2025 12:47:00,553.897,193.22,0,325.367,0.65,0,23.2933,30.3871,53.6804,50.0055,-2.97636,
23/05/2025 12:48:00,544.665,190.003,0,325.367,0.639167,0,23.112,22.8598,45.9719,50.0169,-2.97636,
23/05/2025 12:49:00,544.663,189.998,0,325.607,0.639167,0,16.8897,17.6634,34.5531,50.0141,-2.97636,
23/05/2025 12:50:00,553.892,193.22,0,325.367,0.65,0,19.0102,19.2419,38.2522,50.0141,-2.97636,
23/05/2025 12:51:00,535.432,186.754,0,324.889,0.628333,0,14.607,18.7195,33.3264,50.0112,-2.97636,
23/05/2025 12:52:00,544.626,189.974,0,324.649,0.639167,0,13.1728,12.856,26.0288,50.0255,-2.96175,
23/05/2025 12:53:00,553.896,193.233,0,324.41,0.65,0,13.7032,9.8089,23.5121,49.9835,-2.94716,
23/05/2025 12:54:00,553.893,193.219,0,324.889,0.65,0,13.0851,13.3825,26.4676,50.0084,-2.93986,
23/05/2025 12:55:00,544.658,189.989,0,324.889,0.639167,0,6.04985,7.54903,13.5989,50.0226,-2.92528,
23/05/2025 12:56:00,553.889,193.223,0,325.367,0.65,0,13.3852,18.0881,31.4732,50.0426,-2.92528,
23/05/2025 12:57:00,544.66,190.019,0,325.367,0.639167,0,17.3287,18.3105,35.6392,49.9835,-2.93257,
23/05/2025 12:58:00,553.896,193.238,0,325.367,0.65,0,13.9336,18.5537,32.4873,50.0112,-2.93986,
23/05/2025 12:59:00,544.665,190.012,0,324.649,0.639167,0,8.65369,9.02796,17.6816,49.9944,-2.93986,
23/05/2025 13:00:00,535.434,186.819,0,324.649,0.628333,0,11.5197,8.76344,20.2831,50.0169,-2.94716,
23/05/2025 13:01:00,498.507,173.903,0,324.41,0.585,0,5.80202,12.3542,18.1562,50.0027,-2.93986,
23/05/2025 13:02:00,553.897,193.239,0,324.889,0.65,0,2.91076,5.9475,8.85826,50.0283,-2.95445,
23/05/2025 13:03:00,553.893,193.25,0,325.128,0.65,0,4.56002,7.46262,12.0226,50.0454,-2.94716,
23/05/2025 13:04:00,553.896,193.241,0,325.367,0.65,0,17.9677,5.00243,22.9702,49.989,-2.95445,
23/05/2025 13:05:00,553.896,193.234,0,325.128,0.65,0,8.74865,6.51707,15.2657,50.0169,-2.95445,
23/05/2025 13:06:00,553.9,193.239,0,325.128,0.65,0,7.74536,14.2547,22,50.0084,-2.95445,
23/05/2025 13:07:00,553.9,193.261,0,325.128,0.65,0,10.4268,16.108,26.5347,50.0084,-2.94716,
23/05/2025 13:08:00,553.91,193.272,0,324.649,0.65,0,21.1764,29.833,51.0093,50.0312,-2.93986,
23/05/2025 13:09:00,553.904,193.281,0,324.649,0.65,0,21.5044,17.7025,39.207,50.034,-2.93986,
23/05/2025 13:10:00,553.898,193.283,0,324.889,0.65,0,19.6498,22.7975,42.4472,50.0255,-2.94716,
23/05/2025 13:11:00,553.905,193.292,0,324.889,0.65,0,18.6357,21.9454,40.5811,50.0283,-2.96905,
23/05/2025 13:12:00,553.91,193.285,0,325.367,0.65,0,15.4305,16.1437,31.5742,50.0084,-2.96905,
23/05/2025 13:13:00,553.897,193.284,0,325.367,0.65,0,14.1237,13.7809,27.9046,50.0084,-2.98366,
23/05/2025 13:14:00,553.897,193.261,0,325.128,0.65,0,17.6369,26.1606,43.7975,50.0112,-2.99829,
23/05/2025 13:15:00,544.665,190.078,0,324.649,0.639167,0,25.0007,23.4639,48.4646,49.9862,-3.00532,
23/05/2025 13:16:00,544.682,190.061,0,324.889,0.639167,0,14.093,10.5309,24.624,49.989,-2.99829,
23/05/2025 13:17:00,553.91,193.263,0,324.17,0.65,0,22.7412,18.2036,40.9448,49.9998,-3.00532,
23/05/2025 13:18:00,553.897,193.266,0,324.889,0.65,0,18.0253,13.341,31.3664,50.034,-2.99097,
23/05/2025 13:19:00,553.897,193.262,0,325.367,0.65,0,10.1794,18.8145,28.9938,50.0112,-2.99829,
23/05/2025 13:20:00,553.894,193.24,0,325.367,0.65,0,12.9074,14.1508,27.0582,50.0255,-2.99097,
23/05/2025 13:21:00,553.893,193.24,0,325.607,0.65,0,12.9267,13.1249,26.0516,50.0112,-2.98366,
23/05/2025 13:22:00,553.896,193.247,0,325.367,0.65,0,19.5651,21.9362,41.5014,49.9645,-2.96905,
23/05/2025 13:23:00,553.895,193.241,0,324.889,0.65,0,23.961,23.3771,47.3381,50.0112,-2.96905,
23/05/2025 13:24:00,553.894,193.255,0,324.649,0.65,0,10.5909,14.5242,25.1152,49.9917,-2.96905,
23/05/2025 13:25:00,553.893,193.258,0,324.41,0.65,0,12.201,13.9504,26.1514,50.0055,-2.96905,
23/05/2025 13:26:00,553.883,193.262,0,324.889,0.65,0,13.332,16.768,30.1,50.0084,-2.96175,
23/05/2025 13:27:00,553.887,193.26,0,325.128,0.65,0,12.5342,13.9396,26.4737,49.9971,-2.96175,
23/05/2025 13:28:00,553.865,193.234,0,325.367,0.65,0,10.0507,15.4653,25.516,50.0084,-2.96175,
23/05/2025 13:29:00,553.859,193.241,0,325.128,0.65,0,6.72666,13.2964,20.0231,50.0198,-2.94716,
23/05/2025 13:30:00,553.849,193.231,0,325.367,0.65,0,3.15836,7.4559,10.6143,50.0283,-2.94716,
23/05/2025 13:31:00,553.851,193.23,0,325.128,0.65,0,8.9072,6.13467,15.0419,50.0198,-2.94716,
23/05/2025 13:32:00,553.816,193.234,0,324.649,0.65,0,17.6733,16.4545,34.1279,50.0084,-2.94716,
23/05/2025 13:33:00,553.724,193.221,0,324.41,0.65,0,11.1804,15.2978,26.4782,50.0027,-2.94716,
23/05/2025 13:34:00,553.798,193.23,0,324.889,0.65,0,6.37934,8.42244,14.8018,49.9835,-2.94716,
23/05/2025 13:35:00,553.822,193.241,0,325.128,0.65,0,5.93681,5.9906,11.9274,50.0141,-2.94716,
23/05/2025 13:36:00,553.758,193.23,0,325.367,0.65,0,0.991734,5.19044,6.18218,50.0112,-2.95445,
23/05/2025 13:37:00,553.724,193.227,0,325.128,0.65,0,1.47543,3.01242,4.48785,49.9618,-2.94716,
23/05/2025 13:38:00,553.722,193.231,0,325.367,0.65,0,1.11065,3.90223,5.01289,50.0027,-2.95445,
23/05/2025 13:39:00,553.796,193.243,0,324.889,0.65,0,6.25364,6.01486,12.2685,49.9944,-2.95445,
23/05/2025 13:40:00,553.865,193.237,0,324.889,0.65,0,0.118223,3.65344,3.77167,50.0027,-2.96175,
23/05/2025 13:41:00,553.857,193.243,0,324.17,0.65,0,1.7023,4.06662,5.76891,50.0055,-2.96175,
23/05/2025 13:42:00,553.749,193.231,0,324.889,0.65,0,6.27256,7.65341,13.926,50.0226,-2.96175,
23/05/2025 13:43:00,553.752,193.224,0,325.128,0.65,0,3.68838,5.72226,9.41063,49.989,-2.96905,
23/05/2025 13:44:00,544.51,190.014,0,325.128,0.639167,0,-0.78104,0.0133021,-0.767738,50.0084,-2.97636,
23/05/2025 13:45:00,553.755,193.243,0,325.367,0.65,0,-1.35222,1.85936,0.507138,49.9971,-2.97636,
23/05/2025 13:46:00,553.745,193.245,0,325.367,0.65,0,2.5871,2.20177,4.78888,50.0027,-2.96905,
23/05/2025 13:47:00,553.749,193.236,0,324.889,0.65,0,2.7507,1.73921,4.48992,49.9808,-2.96905,
23/05/2025 13:48:00,553.79,193.251,0,324.889,0.65,0,4.45838,6.34301,10.8014,49.989,-2.96905,
23/05/2025 13:49:00,553.751,193.242,0,324.17,0.65,0,7.30112,9.54677,16.8479,50.0055,-2.96905,
23/05/2025 13:50:00,553.748,193.243,0,325.128,0.65,0,9.10655,6.24079,15.3473,50.0055,-2.97636,
23/05/2025 13:51:00,553.709,193.23,0,324.889,0.65,0,1.60017,7.61534,9.21553,50.0255,-2.97636,
23/05/2025 13:52:00,553.7,193.233,0,325.367,0.65,0,0.668435,4.96711,5.63556,50.0169,-2.97636,
23/05/2025 13:53:00,544.475,189.993,0,325.367,0.639167,0,-1.40141,0.99712,-0.404291,50.0055,-2.97636,
23/05/2025 13:54:00,553.7,193.214,0,325.367,0.65,0,-1.00005,0.487703,-0.512347,49.9781,-2.97636,
23/05/2025 13:55:00,553.703,193.239,0,324.889,0.65,0,-0.703238,1.92215,1.21892,49.9808,-2.98366,
23/05/2025 13:56:00,553.703,193.225,0,324.649,0.65,0,0.651738,-0.221898,0.429843,50.0084,-2.97636,
23/05/2025 13:57:00,553.716,193.241,0,324.41,0.65,0,-0.359121,1.27632,0.917197,50.0055,-2.96905,
23/05/2025 13:58:00,553.727,193.261,0,324.889,0.65,0,-0.817603,0.642963,-0.174641,50.0084,-2.96905,
23/05/2025 13:59:00,553.705,193.24,0,325.846,0.65,0,0.306418,5.94795,6.25439,50.0141,-2.96905,
23/05/2025 14:00:00,553.703,193.236,0,325.367,0.65,0,1.81816,2.07743,3.89559,50.0226,-2.96175,
23/05/2025 14:01:00,553.7,193.228,0,325.367,0.65,0,4.01694,6.72817,10.7451,50.0283,-2.96175,
23/05/2025 14:02:00,553.703,193.224,0,325.367,0.65,0,5.06805,9.56216,14.6302,49.9944,-2.96175,
23/05/2025 14:03:00,553.703,193.242,0,324.889,0.65,0,4.85578,5.65323,10.509,50.0226,-2.94716,
23/05/2025 14:04:00,553.703,193.243,0,324.889,0.65,0,2.81565,4.62814,7.44378,49.9971,-2.93986,
23/05/2025 14:05:00,553.706,193.253,0,324.41,0.65,0,6.75505,7.06067,13.8157,50.0112,-2.93986,
23/05/2025 14:06:00,553.703,193.238,0,324.889,0.65,0,11.5279,12.5929,24.1208,50.0255,-2.94716,
23/05/2025 14:07:00,553.695,193.246,0,325.128,0.65,0,11.5163,11.2078,22.7241,50.0198,-2.95445,
23/05/2025 14:08:00,553.682,193.232,0,325.128,0.65,0,10.7799,10.4907,21.2706,50.0141,-2.96175,
23/05/2025 14:09:00,553.699,193.231,0,325.367,0.65,0,3.99838,11.7274,15.7257,49.9944,-2.97636,
23/05/2025 14:10:00,553.7,193.236,0,325.367,0.65,0,0.736426,5.22771,5.96415,50.0169,-2.97636,
23/05/2025 14:11:00,553.703,193.239,0,325.128,0.65,0,1.29579,2.53129,3.82708,50.0055,-2.97636,
23/05/2025 14:12:00,553.697,193.236,0,324.649,0.65,0,-0.692003,2.44937,1.75736,50.0027,-2.96905,
23/05/2025 14:13:00,553.703,193.229,0,324.41,0.65,0,-1.30556,1.33339,0.0278259,50.0312,-2.96175,
23/05/2025 14:14:00,553.694,193.224,0,324.649,0.65,0,4.34055,8.03028,12.3709,50.0027,-2.96175,
23/05/2025 14:15:00,553.706,193.233,0,325.128,0.65,0,6.49884,7.24437,13.7432,50.0141,-2.96175,
23/05/2025 14:16:00,553.703,193.238,0,325.367,0.65,0,5.93774,10.5596,16.4973,50.0369,-2.96175,
23/05/2025 14:17:00,553.689,193.223,0,325.367,0.65,0,11.8329,9.84983,21.6827,50.0255,-2.96175,
23/05/2025 14:18:00,553.594,193.224,0,325.367,0.65,0,12.7075,11.7642,24.4717,49.9862,-2.97636,
23/05/2025 14:19:00,553.548,193.214,0,324.889,0.65,0,10.9793,11.5062,22.4855,50.0397,-2.96905,
23/05/2025 14:20:00,553.593,193.227,0,324.649,0.65,0,8.56953,8.07959,16.6491,50.0169,-2.96905,
23/05/2025 14:21:00,553.603,193.215,0,324.17,0.65,0,4.68312,6.39497,11.0781,49.9808,-2.96905,
23/05/2025 14:22:00,553.532,193.213,0,324.889,0.65,0,7.18611,11.3135,18.4996,50.0169,-2.96905,
23/05/2025 14:23:00,553.555,193.203,0,325.367,0.65,0,5.65718,16.075,21.7322,49.9971,-2.96905,
23/05/2025 14:24:00,553.563,193.204,0,325.128,0.65,0,4.46076,12.9739,17.4347,49.989,-2.97636,
23/05/2025 14:25:00,553.534,193.214,0,325.846,0.65,0,12.6695,15.1311,27.8007,50.0397,-2.96905,
23/05/2025 14:26:00,553.533,193.211,0,325.367,0.65,0,15.7009,13.5435,29.2444,50.0027,-2.98366,
23/05/2025 14:27:00,553.517,193.205,0,325.128,0.65,0,11.0529,10.9056,21.9584,49.9998,-2.99829,
23/05/2025 14:28:00,553.52,193.216,0,324.649,0.65,0,13.6049,7.01719,20.6221,49.9808,-3.00532,
23/05/2025 14:29:00,553.532,193.218,0,324.17,0.65,0,11.4132,10.4166,21.8298,50.0084,-3.01226,
23/05/2025 14:30:00,553.609,193.22,0,324.889,0.65,0,4.17012,5.53394,9.70407,50.0169,-3.00532,
23/05/2025 14:31:00,553.531,193.212,0,325.128,0.65,0,4.83825,6.7879,11.6261,50.034,-2.99829,
23/05/2025 14:32:00,553.534,193.219,0,325.367,0.65,0,0.754643,5.14743,5.90207,50.0141,-2.99829,
23/05/2025 14:33:00,553.512,193.193,0,325.128,0.65,0,0.536611,4.36372,4.90033,49.989,-2.99097,
23/05/2025 14:34:00,553.524,193.202,0,325.367,0.65,0,2.23929,3.0079,5.24718,50.0369,-2.99097,
23/05/2025 14:35:00,553.512,193.2,0,324.889,0.65,0,7.76433,8.49446,16.2588,49.9835,-2.99097,
23/05/2025 14:36:00,553.538,193.225,0,324.889,0.65,0,7.1718,11.6178,18.7897,50.0055,-2.97636,
23/05/2025 14:37:00,553.525,193.227,0,324.41,0.65,0,6.85586,11.0907,17.9466,50.0141,-2.97636,
23/05/2025 14:38:00,553.515,193.212,0,324.889,0.65,0,6.91911,6.39209,13.3112,50.0255,-2.98366,
23/05/2025 14:39:00,553.51,193.213,0,325.128,0.65,0,8.22912,6.14218,14.3713,50.0169,-2.97636,
23/05/2025 14:40:00,553.554,193.235,0,325.367,0.65,0,3.61854,8.82238,12.4409,49.9835,-2.97636,
23/05/2025 14:41:00,553.614,193.236,0,325.367,0.65,0,5.06323,4.946,10.0092,50.0255,-2.96175,
23/05/2025 14:42:00,553.601,193.226,0,325.367,0.65,0,6.21,9.46609,15.6761,50.0198,-2.96175,
23/05/2025 14:43:00,553.533,193.221,0,324.889,0.65,0,1.01784,4.03204,5.04989,50.0312,-2.95445,
23/05/2025 14:44:00,553.604,193.23,0,324.649,0.65,0,-1.12481,2.44814,1.32333,49.9781,-2.95445,
23/05/2025 14:45:00,553.649,193.232,0,324.41,0.65,0,-1.31749,1.46115,0.143657,50.0198,-2.96175,
23/05/2025 14:46:00,553.634,193.23,0,324.889,0.65,0,3.84632,8.63166,12.478,49.9998,-2.96175,
23/05/2025 14:47:00,553.58,193.241,0,325.128,0.65,0,0.730464,2.01241,2.74288,49.9944,-2.96905,
23/05/2025 14:48:00,553.667,193.252,0,325.367,0.65,0,2.48176,2.35328,4.83504,50.0198,-2.96175,
23/05/2025 14:49:00,553.666,193.25,0,325.607,0.65,0,4.04467,10.2266,14.2712,50.0055,-2.96175,
23/05/2025 14:50:00,553.622,193.247,0,325.128,0.65,0,4.89166,8.90828,13.7999,49.9591,-2.96905,
23/05/2025 14:51:00,553.595,193.237,0,325.128,0.65,0,5.06248,7.37721,12.4397,50.0055,-2.98366,
23/05/2025 14:52:00,553.528,193.234,0,324.889,0.65,0,4.10662,7.97912,12.0858,50.0169,-2.99097,
23/05/2025 14:53:00,553.512,193.232,0,324.17,0.65,0,2.70756,7.51617,10.2237,50.0027,-2.97636,
23/05/2025 14:54:00,553.562,193.249,0,324.889,0.65,0,2.60952,5.68109,8.29061,49.9971,-2.98366,
23/05/2025 14:55:00,553.551,193.239,0,325.128,0.65,0,1.91711,2.91809,4.83519,49.9808,-2.99829,
23/05/2025 14:56:00,553.577,193.246,0,325.367,0.65,0,5.30379,10.7856,16.0894,49.9781,-3.01226,
23/05/2025 14:57:00,553.694,193.26,0,325.128,0.65,0,3.78713,6.69622,10.4834,49.9862,-3.02615,
23/05/2025 14:58:00,553.624,193.242,0,325.607,0.65,0,3.18535,6.54785,9.73321,50.0198,-3.01226,
23/05/2025 14:59:00,553.584,193.239,0,324.889,0.65,0,4.504,10.9285,15.4326,49.9917,-3.00532,
23/05/2025 15:00:00,553.513,193.233,0,324.889,0.65,0,7.73149,9.94782,17.6793,49.9754,-3.0331,
23/05/2025 15:01:00,553.546,193.245,0,325.128,0.65,0,4.23524,8.00834,12.2436,49.989,-3.06093,
23/05/2025 15:02:00,553.57,193.232,0,325.607,0.65,0,4.5989,9.82633,14.4252,49.9971,-3.07485,
23/05/2025 15:03:00,553.646,193.23,0,324.889,0.65,0,1.43576,6.17842,7.61417,49.9835,-3.07485,
23/05/2025 15:04:00,553.516,193.206,0,325.367,0.65,0,-1.11978,0.777245,-0.342534,50.0084,-3.06789,
23/05/2025 15:05:00,553.522,193.19,0,325.128,0.65,0,-1.29154,1.16737,-0.124171,50.0169,-3.05396,
23/05/2025 15:06:00,553.523,193.195,0,324.649,0.65,0,2.47105,4.61323,7.08428,50.0055,-3.04005,
23/05/2025 15:07:00,553.53,193.202,0,324.41,0.65,0,4.86719,9.92184,14.789,49.9944,-3.0192,
23/05/2025 15:08:00,553.527,193.22,0,324.889,0.65,0,9.20718,14.3342,23.5414,49.9862,-3.01226,
23/05/2025 15:09:00,553.538,193.212,0,325.128,0.65,0,13.9984,17.125,31.1233,49.9835,-3.00532,
23/05/2025 15:10:00,553.514,193.207,0,325.367,0.65,0,6.46754,11.1279,17.5954,49.9944,-3.00532,
23/05/2025 15:11:00,553.513,193.199,0,325.128,0.65,0,3.60589,8.41725,12.0231,50.0169,-3.01226,
23/05/2025 15:12:00,553.501,193.183,0,325.367,0.65,0,4.51175,12.9006,17.4124,49.9808,-3.00532,
23/05/2025 15:13:00,553.5,193.177,0,325.128,0.65,0,4.23096,14.432,18.6629,50.0084,-2.99829,
23/05/2025 15:14:00,553.51,193.184,0,324.889,0.65,0,1.75382,5.50227,7.2561,49.9862,-2.99097,
23/05/2025 15:15:00,553.513,193.18,0,324.41,0.65,0,3.6118,8.73758,12.3494,50.0255,-2.98366,
23/05/2025 15:16:00,553.51,193.184,0,324.889,0.65,0,1.86973,6.70982,8.57954,49.9998,-2.98366,
23/05/2025 15:17:00,553.513,193.177,0,325.607,0.65,0,4.38017,4.89675,9.27693,50.0169,-2.96905,
23/05/2025 15:18:00,553.51,193.182,0,325.607,0.65,0,1.81119,5.35293,7.16414,50.0312,-2.96175,
23/05/2025 15:19:00,553.523,193.205,0,325.367,0.65,0,0.412245,4.46593,4.87818,49.9917,-2.94716,
23/05/2025 15:20:00,553.522,193.189,0,325.367,0.65,0,1.1711,5.55111,6.72221,50.0141,-2.93986,
23/05/2025 15:21:00,553.511,193.19,0,325.367,0.65,0,1.01795,7.05714,8.07509,50.0369,-2.93986,
23/05/2025 15:22:00,553.51,193.184,0,324.41,0.65,0,2.07019,7.15543,9.2256,50.0141,-2.93257,
23/05/2025 15:23:00,553.546,193.204,0,324.41,0.65,0,2.24646,4.82082,7.06728,50.034,-2.93257,
23/05/2025 15:24:00,553.599,193.208,0,324.649,0.65,0,4.9907,7.39571,12.3864,49.9727,-2.93986,
23/05/2025 15:25:00,553.595,193.212,0,325.607,0.65,0,7.61569,5.98921,13.6049,50.0312,-2.93257,
23/05/2025 15:26:00,553.631,193.225,0,325.367,0.65,0,6.68867,10.2997,16.9884,50.0312,-2.93257,
23/05/2025 15:27:00,553.624,193.232,0,325.128,0.65,0,8.02525,10.6175,18.6428,50.0283,-2.93986,
23/05/2025 15:28:00,553.655,193.233,0,325.367,0.65,0,1.77572,6.93804,8.71378,49.9944,-2.94716,
23/05/2025 15:29:00,553.557,193.217,0,324.889,0.65,0,0.213824,4.874,5.08783,50.0226,-2.94716,
23/05/2025 15:30:00,553.639,193.222,0,324.649,0.65,0,1.62268,5.50527,7.12795,50.0027,-2.94716,
23/05/2025 15:31:00,553.681,193.233,0,324.17,0.65,0,3.24996,5.60571,8.85568,50.0084,-2.95445,
23/05/2025 15:32:00,553.679,193.236,0,324.889,0.65,0,2.67537,6.60109,9.27645,49.9781,-2.96175,
23/05/2025 15:33:00,553.686,193.243,0,325.128,0.65,0,4.20978,7.18309,11.3929,49.9944,-2.96175,
23/05/2025 15:34:00,553.672,193.244,0,325.367,0.65,0,6.22209,11.7425,17.9646,49.9781,-2.95445,
23/05/2025 15:35:00,553.679,193.236,0,325.128,0.65,0,5.28661,7.75201,13.0386,49.9998,-2.96905,
23/05/2025 15:36:00,553.688,193.245,0,325.367,0.65,0,3.91336,8.99914,12.9125,50.0141,-2.96175,
23/05/2025 15:37:00,553.673,193.235,0,325.128,0.65,0,1.92331,6.35336,8.27666,49.9536,-2.96905,
23/05/2025 15:38:00,553.628,193.237,0,324.41,0.65,0,3.70925,6.62766,10.3369,49.9917,-2.96905,
23/05/2025 15:39:00,553.64,193.237,0,324.17,0.65,0,2.44677,7.67362,10.1204,50.0198,-2.97636,
23/05/2025 15:40:00,553.634,193.229,0,324.889,0.65,0,0.0100987,5.06813,5.07823,50.0397,-2.97636,
23/05/2025 15:41:00,553.642,193.234,0,325.128,0.65,0,2.12105,6.25577,8.37683,50.0169,-2.97636,
23/05/2025 15:42:00,553.65,193.234,0,325.367,0.65,0,2.32533,7.6037,9.92903,50.0283,-2.96905,
23/05/2025 15:43:00,553.654,193.231,0,325.128,0.65,0,4.65474,6.8363,11.491,49.989,-2.97636,
23/05/2025 15:44:00,553.662,193.231,0,325.607,0.65,0,7.01835,5.51597,12.5343,49.9835,-2.97636,
23/05/2025 15:45:00,544.441,190.012,0,325.367,0.639167,0,5.84986,9.42645,15.2763,50.0027,-2.98366,
23/05/2025 15:46:00,553.687,193.236,0,324.649,0.65,0,4.36692,5.22414,9.59105,50.0055,-2.98366,
23/05/2025 15:47:00,553.645,193.255,0,324.41,0.65,0,0.54499,4.8008,5.34579,50.0255,-2.96905,
23/05/2025 15:48:00,553.69,193.247,0,324.889,0.65,0,1.94982,5.70258,7.65239,49.9944,-2.96905,
23/05/2025 15:49:00,553.691,193.247,0,324.889,0.65,0,2.32208,4.80238,7.12446,50.0198,-2.96905,
23/05/2025 15:50:00,544.446,190.015,0,325.367,0.639167,0,1.19846,5.07987,6.27833,50.0255,-2.96905,
23/05/2025 15:51:00,535.217,186.793,0,325.128,0.628333,0,0.586804,8.19599,8.78281,49.989,-2.96905,
23/05/2025 15:52:00,544.375,190.026,0,325.367,0.639167,0,2.71372,11.0555,13.7692,50.0055,-2.95445,
23/05/2025 15:53:00,544.317,190.006,0,324.889,0.639167,0,6.26175,11.6451,17.9069,49.9971,-2.95445,
23/05/2025 15:54:00,535.148,186.821,0,324.649,0.628333,0,6.45324,9.58685,16.0401,49.989,-2.96905,
23/05/2025 15:55:00,544.346,190.007,0,324.41,0.639167,0,-0.706388,1.88248,1.17609,49.989,-2.98366,
23/05/2025 15:56:00,544.325,190.025,0,324.889,0.639167,0,0.219269,2.9848,3.20407,50.0255,-2.98366,
23/05/2025 15:57:00,507.439,177.132,0,325.128,0.595833,0,9.44589,14.3841,23.83,49.9917,-2.98366,
23/05/2025 15:58:00,544.432,190.02,0,325.607,0.639167,0,22.6697,17.6137,40.2835,50.0312,-2.98366,
23/05/2025 15:59:00,544.402,190.026,0,325.128,0.639167,0,16.547,23.2825,39.8295,49.9835,-2.98366,
23/05/2025 16:00:00,544.446,190.042,0,325.128,0.639167,0,9.68604,15.5648,25.2509,49.9727,-2.98366,
23/05/2025 16:01:00,553.681,193.253,0,324.889,0.65,0,3.90259,7.83578,11.7384,49.9917,-2.99097,
23/05/2025 16:02:00,525.965,183.576,0,324.649,0.6175,0,5.11868,9.37623,14.4949,49.9835,-3.00532,
23/05/2025 16:03:00,553.682,193.241,0,324.41,0.65,0,9.18003,6.80425,15.9842,49.9971,-2.99829,
23/05/2025 16:04:00,553.693,193.267,0,324.649,0.65,0,4.85204,6.33711,11.1891,50.0027,-2.99097,
23/05/2025 16:05:00,553.697,193.26,0,324.889,0.65,0,5.33008,8.30464,13.6347,50.034,-2.99097,
23/05/2025 16:06:00,553.677,193.257,0,325.607,0.65,0,8.62076,11.1981,19.8188,49.9781,-2.99097,
23/05/2025 16:07:00,553.7,193.241,0,324.889,0.65,0,1.68387,3.59908,5.28295,49.9862,-2.99829,
23/05/2025 16:08:00,553.694,193.242,0,325.367,0.65,0,0.31176,2.23926,2.55102,49.9754,-2.99829,
23/05/2025 16:09:00,544.431,189.986,0,325.128,0.639167,0,6.16937,4.80205,10.9714,49.9917,-2.99829,
23/05/2025 16:10:00,553.655,193.247,0,324.649,0.65,0,0.716488,2.69357,3.41006,49.9862,-2.99829,
23/05/2025 16:11:00,553.627,193.236,0,324.41,0.65,0,1.749,2.96885,4.71784,50.0141,-3.00532,
23/05/2025 16:12:00,553.564,193.237,0,324.649,0.65,0,3.67858,9.11343,12.792,49.9917,-3.00532,
23/05/2025 16:13:00,553.522,193.233,0,325.367,0.65,0,2.69469,4.40016,7.09485,49.9917,-2.99829,
23/05/2025 16:14:00,553.518,193.23,0,325.607,0.65,0,6.3905,5.36367,11.7542,50.0112,-2.99097,
23/05/2025 16:15:00,553.525,193.226,0,325.367,0.65,0,7.33373,5.23786,12.5716,49.9971,-2.99097,
23/05/2025 16:16:00,553.511,193.212,0,325.128,0.65,0,8.63335,5.79232,14.4257,50.0112,-2.98366,
23/05/2025 16:17:00,553.51,193.221,0,325.128,0.65,0,4.0612,6.24171,10.3029,50.0084,-2.98366,
23/05/2025 16:18:00,553.507,193.215,0,324.649,0.65,0,4.51201,9.69239,14.2044,50.0112,-2.97636,
23/05/2025 16:19:00,553.51,193.23,0,324.41,0.65,0,1.1626,2.98403,4.14663,49.9727,-2.97636,
23/05/2025 16:20:00,553.513,193.215,0,324.889,0.65,0,3.36368,5.47701,8.84069,50.0084,-2.97636,
23/05/2025 16:21:00,553.51,193.214,0,325.128,0.65,0,4.2029,8.26142,12.4643,50.0027,-2.98366,
23/05/2025 16:22:00,553.515,193.22,0,325.367,0.65,0,7.18921,5.89205,13.0812,50.0283,-2.97636,
23/05/2025 16:23:00,553.518,193.227,0,325.128,0.65,0,0.286814,2.08944,2.37625,49.9754,-2.97636,
23/05/2025 16:24:00,553.516,193.226,0,325.367,0.65,0,5.52137,6.26137,11.7827,50.0027,-2.97636,
23/05/2025 16:25:00,553.511,193.228,0,325.128,0.65,0,0.486995,5.83233,6.31933,50.0084,-2.97636,
23/05/2025 16:26:00,553.507,193.204,0,324.649,0.65,0,3.98242,7.74281,11.7252,50.0141,-2.97636,
23/05/2025 16:27:00,553.504,193.208,0,324.17,0.65,0,0.394402,3.00763,3.40203,49.9835,-2.97636,
23/05/2025 16:28:00,553.507,193.211,0,324.889,0.65,0,0.857962,4.84141,5.69937,49.9917,-2.97636,
23/05/2025 16:29:00,553.51,193.218,0,324.889,0.65,0,-0.563347,1.70315,1.13981,49.9699,-2.97636,
23/05/2025 16:30:00,553.51,193.217,0,325.367,0.65,0,-0.908053,3.26698,2.35892,50.0141,-2.97636,
23/05/2025 16:31:00,553.507,193.21,0,325.128,0.65,0,6.59424,6.3178,12.912,49.9835,-2.97636,
23/05/2025 16:32:00,553.51,193.211,0,325.607,0.65,0,9.0755,12.0614,21.1368,50.0112,-2.97636,
23/05/2025 16:33:00,553.51,193.214,0,325.128,0.65,0,1.02075,4.47333,5.49408,49.9998,-2.98366,
23/05/2025 16:34:00,553.51,193.212,0,324.649,0.65,0,0.0715455,2.58648,2.65803,50.0027,-2.98366,
23/05/2025 16:35:00,553.51,193.22,0,324.41,0.65,0,4.344,6.70274,11.0468,50.0255,-2.97636,
23/05/2025 16:36:00,553.51,193.224,0,324.889,0.65,0,8.16466,7.12144,15.2861,50.0169,-2.97636,
23/05/2025 16:37:00,553.51,193.198,0,325.128,0.65,0,9.01785,8.14958,17.1674,49.9971,-2.98366,
23/05/2025 16:38:00,553.509,193.207,0,325.607,0.65,0,12.4209,11.2804,23.7013,49.9971,-2.97636,
23/05/2025 16:39:00,544.28,189.961,0,325.128,0.639167,0,5.34372,7.3388,12.6825,49.9835,-2.98366,
23/05/2025 16:40:00,553.509,193.208,0,325.367,0.65,0,1.26408,3.04229,4.30637,49.989,-2.98366,
23/05/2025 16:41:00,553.508,193.2,0,325.128,0.65,0,3.71178,7.19358,10.9054,50.0226,-2.97636,
23/05/2025 16:42:00,553.51,193.215,0,324.41,0.65,0,-0.657029,2.32397,1.66694,49.9808,-2.98366,
23/05/2025 16:43:00,544.285,190.006,0,324.17,0.639167,0,-0.760623,4.44414,3.68352,50.0084,-2.98366,
23/05/2025 16:44:00,553.51,193.23,0,324.889,0.65,0,-0.604467,4.90457,4.30011,50.0141,-2.97636,
23/05/2025 16:45:00,544.285,189.968,0,325.128,0.639167,0,0.457113,7.41496,7.87208,50.0226,-2.98366,
23/05/2025 16:46:00,553.501,193.202,0,325.607,0.65,0,2.29659,3.55017,5.84676,49.9727,-2.98366,
23/05/2025 16:47:00,544.278,189.998,0,325.128,0.639167,0,0.832667,3.04614,3.8788,50.0283,-2.97636,
23/05/2025 16:48:00,544.282,190,0,325.607,0.639167,0,1.38898,8.88984,10.2788,50.0169,-2.98366,
23/05/2025 16:49:00,553.497,193.212,0,324.889,0.65,0,3.14279,0.902477,4.04527,50.0169,-2.97636,
23/05/2025 16:50:00,553.506,193.199,0,324.649,0.65,0,2.10062,3.33989,5.44052,50.0112,-2.98366,
23/05/2025 16:51:00,553.501,193.198,0,324.41,0.65,0,5.17938,7.19454,12.3739,50.0283,-2.98366,
23/05/2025 16:52:00,553.504,193.194,0,325.128,0.65,0,6.46213,10.4298,16.8919,49.9944,-2.98366,
23/05/2025 16:53:00,553.509,193.215,0,325.367,0.65,0,7.47436,6.28704,13.7614,49.9727,-2.98366,
23/05/2025 16:54:00,553.51,193.217,0,325.607,0.65,0,4.85709,10.3843,15.2414,50.0226,-2.98366,
23/05/2025 16:55:00,553.507,193.212,0,324.889,0.65,0,2.59011,4.62012,7.21024,50.0055,-2.98366,
23/05/2025 16:56:00,553.513,193.211,0,325.367,0.65,0,1.43714,5.84211,7.27924,50.0084,-2.98366,
23/05/2025 16:57:00,553.513,193.224,0,325.128,0.65,0,5.80358,5.20275,11.0063,49.9645,-2.99097,
23/05/2025 16:58:00,553.51,193.226,0,324.649,0.65,0,0.277731,4.82449,5.10223,50.0255,-2.98366,
23/05/2025 16:59:00,553.507,193.216,0,324.649,0.65,0,0.246197,2.00915,2.25534,50.0112,-2.98366,
23/05/2025 17:00:00,553.507,193.208,0,324.649,0.65,0,1.43388,3.85779,5.29166,50.0084,-2.98366,
23/05/2025 17:01:00,544.288,189.999,0,325.128,0.639167,0,2.35146,2.06887,4.42033,50.0169,-2.97636,
23/05/2025 17:02:00,544.285,190.001,0,325.367,0.639167,0,1.71679,0.40165,2.11845,49.9808,-2.99097,
23/05/2025 17:03:00,553.507,193.221,0,325.367,0.65,0,4.92927,8.6745,13.6038,50.0112,-2.98366,
23/05/2025 17:04:00,553.51,193.215,0,325.367,0.65,0,6.64954,9.52376,16.1733,50.0027,-2.97636,
23/05/2025 17:05:00,553.51,193.217,0,325.128,0.65,0,4.00008,9.72327,13.7234,50.0312,-2.97636,
23/05/2025 17:06:00,553.507,193.216,0,324.649,0.65,0,9.57813,2.57579,12.1539,49.9944,-2.97636,
23/05/2025 17:07:00,544.285,189.992,0,324.41,0.639167,0,8.09117,6.85431,14.9455,50.0369,-2.97636,
23/05/2025 17:08:00,553.499,193.212,0,324.889,0.65,0,5.29679,3.40699,8.70381,50.0112,-2.97636,
23/05/2025 17:09:00,553.495,193.193,0,325.128,0.65,0,7.90487,9.91265,17.8175,50.0027,-2.98366,
23/05/2025 17:10:00,553.473,193.187,0,325.607,0.65,0,11.0678,13.8162,24.8839,49.9917,-2.98366,
23/05/2025 17:11:00,553.488,193.2,0,325.128,0.65,0,8.72805,10.809,19.5371,49.9998,-2.97636,
23/05/2025 17:12:00,553.505,193.214,0,325.367,0.65,0,8.484,14.3139,22.798,50.0112,-2.98366,
23/05/2025 17:13:00,553.491,193.208,0,325.128,0.65,0,11.9058,18.7682,30.674,50.0112,-2.98366,
23/05/2025 17:14:00,553.464,193.195,0,325.128,0.65,0,11.5259,6.63713,18.163,49.9917,-2.98366,
23/05/2025 17:15:00,553.473,193.188,0,324.17,0.65,0,4.65578,9.60347,14.2592,50.0141,-2.99097,
23/05/2025 17:16:00,553.44,193.197,0,324.649,0.65,0,7.94172,8.15016,16.0919,49.9971,-2.99097,
23/05/2025 17:17:00,553.398,193.187,0,325.367,0.65,0,9.36118,9.03264,18.3938,49.9862,-2.99829,
23/05/2025 17:18:00,553.444,193.189,0,325.367,0.65,0,4.42957,10.2674,14.697,50.0112,-2.99829,
23/05/2025 17:19:00,553.428,193.186,0,325.128,0.65,0,2.45961,5.64312,8.10273,49.9754,-2.99829,
23/05/2025 17:20:00,553.415,193.187,0,325.607,0.65,0,6.62692,8.16668,14.7936,50.0226,-2.99829,
23/05/2025 17:21:00,553.357,193.173,0,324.889,0.65,0,15.2787,15.4644,30.7431,49.9808,-2.99829,
23/05/2025 17:22:00,544.104,189.955,0,324.649,0.639167,0,14.7962,21.8025,36.5987,49.9862,-2.99829,
23/05/2025 17:23:00,544.098,189.926,0,325.128,0.639167,0,11.1255,11.3252,22.4506,49.9944,-2.99829,
23/05/2025 17:24:00,553.333,193.158,0,324.649,0.65,0,19.4337,15.2055,34.6392,50.0027,-3.00532,
23/05/2025 17:25:00,553.333,193.167,0,325.128,0.65,0,22.156,20.3075,42.4635,50.0169,-3.00532,
23/05/2025 17:26:00,553.324,193.179,0,324.889,0.65,0,15.3285,23.1335,38.462,50.0084,-3.00532,
23/05/2025 17:27:00,553.355,193.187,0,325.367,0.65,0,16.518,17.7596,34.2776,49.9971,-3.00532,
23/05/2025 17:28:00,553.339,193.184,0,325.367,0.65,0,12.1556,20.3817,32.5372,50.0312,-3.01226,
23/05/2025 17:29:00,553.339,193.184,0,325.128,0.65,0,12.2435,16.4645,28.708,49.9998,-3.01226,
23/05/2025 17:30:00,553.352,193.173,0,324.41,0.65,0,11.1905,17.2918,28.4823,50.0055,-3.01226,
23/05/2025 17:31:00,553.384,193.179,0,325.367,0.65,0,17.7508,16.6181,34.3689,50.0198,-3.01226,
23/05/2025 17:32:00,553.367,193.169,0,324.889,0.65,0,12.1182,19.8805,31.9988,49.9971,-3.0192,
23/05/2025 17:33:00,553.393,193.193,0,324.41,0.65,0,16.8867,21.8159,38.7026,49.9808,-3.01226,
23/05/2025 17:34:00,553.459,193.181,0,324.649,0.65,0,8.28417,17.2816,25.5657,50.0027,-3.00532,
23/05/2025 17:35:00,553.493,193.207,0,325.846,0.65,0,5.59892,12.4192,18.0181,50.0084,-3.00532,
23/05/2025 17:36:00,553.506,193.203,0,325.367,0.65,0,2.93762,12.5578,15.4954,49.9727,-3.00532,
23/05/2025 17:37:00,553.492,193.195,0,324.889,0.65,0,10.5605,14.4725,25.0329,49.9835,-3.00532,
23/05/2025 17:38:00,553.47,193.198,0,325.128,0.65,0,6.41187,13.4829,19.8948,49.9944,-3.00532,
23/05/2025 17:39:00,553.461,193.202,0,325.128,0.65,0,6.45347,13.7849,20.2384,50.0027,-3.01226,
23/05/2025 17:40:00,544.272,189.949,0,324.649,0.639167,0,12.7509,17.3484,30.0994,49.9998,-3.00532,
23/05/2025 17:41:00,544.273,189.988,0,324.41,0.639167,0,10.6415,14.0405,24.6821,50.0169,-3.00532,
23/05/2025 17:42:00,544.282,189.953,0,324.41,0.639167,0,8.37698,12.3611,20.7381,49.989,-2.99829,
23/05/2025 17:43:00,553.503,193.207,0,325.367,0.65,0,8.35901,11.0557,19.4147,49.989,-3.00532,
23/05/2025 17:44:00,553.507,193.201,0,325.367,0.65,0,17.3802,20.0645,37.4447,49.9591,-2.99829,
23/05/2025 17:45:00,544.282,189.994,0,325.367,0.639167,0,11.7382,26.2235,37.9617,49.9998,-3.00532,
23/05/2025 17:46:00,544.285,189.998,0,325.128,0.639167,0,10.5398,18.1241,28.6639,49.9998,-3.00532,
23/05/2025 17:47:00,544.282,189.997,0,325.367,0.639167,0,17.5086,21.778,39.2865,50.0112,-3.00532,
23/05/2025 17:48:00,525.833,183.536,0,324.649,0.6175,0,14.5302,31.8557,46.3859,49.9944,-3.00532,
23/05/2025 17:49:00,525.832,183.567,0,324.17,0.6175,0,7.21406,20.0314,27.2455,49.989,-2.99829,
23/05/2025 17:50:00,553.51,193.2,0,324.649,0.65,0,12.1475,2.45668,14.6042,49.9835,-3.00532,
23/05/2025 17:51:00,544.283,189.993,0,325.128,0.639167,0,16.1896,17.4139,33.6035,49.989,-3.01226,
23/05/2025 17:52:00,553.509,193.221,0,325.128,0.65,0,12.2025,20.7263,32.9289,50.0169,-3.00532,
23/05/2025 17:53:00,553.507,193.219,0,325.367,0.65,0,3.37063,5.59773,8.96836,49.9781,-2.99829,
23/05/2025 17:54:00,535.06,186.775,0,325.367,0.628333,0,11.1625,8.09682,19.2593,50.0169,-2.99097,
23/05/2025 17:55:00,544.285,189.997,0,325.367,0.639167,0,8.70938,10.8908,19.6003,50.0283,-2.99097,
23/05/2025 17:56:00,525.835,183.568,0,324.41,0.6175,0,4.04134,11.2423,15.2836,49.9835,-2.99829,
23/05/2025 17:57:00,507.386,177.124,0,324.41,0.595833,0,3.16424,12.7498,15.914,49.9862,-2.99097,
23/05/2025 17:58:00,544.279,189.969,0,324.41,0.639167,0,0.90524,10.5302,11.4354,50.0369,-2.99829,
23/05/2025 17:59:00,424.358,148.112,0,325.128,0.498333,0,8.08267,17.8525,25.9352,49.9944,-2.99829,
23/05/2025 18:00:00,525.835,183.527,0,325.128,0.6175,0,15.2682,11.4918,26.76,50.034,-2.99097,
23/05/2025 18:01:00,415.133,144.91,0,325.128,0.4875,0,6.64158,12.7356,19.3772,49.989,-2.99097,
23/05/2025 18:02:00,498.144,173.86,0,325.128,0.585,0,6.15904,9.94844,16.1075,50.034,-2.99097,
23/05/2025 18:03:00,507.368,177.091,0,325.128,0.595833,0,1.43223,4.80209,6.23432,50.0226,-2.99829,
23/05/2025 18:04:00,507.384,177.084,0,324.649,0.595833,0,6.82142,6.8967,13.7181,50.0169,-2.99829,
23/05/2025 18:05:00,498.159,173.89,0,324.41,0.585,0,8.95174,8.25033,17.2021,50.0198,-2.99829,
23/05/2025 18:06:00,507.386,177.134,0,324.889,0.595833,0,3.05461,7.13019,10.1848,49.9781,-3.01226,
23/05/2025 18:07:00,452.033,157.781,0,325.128,0.530833,0,-1.31025,2.56698,1.25673,50.0112,-3.00532,
23/05/2025 18:08:00,498.159,173.867,0,325.367,0.585,0,-0.27997,8.01908,7.73911,50.0226,-2.99829,
23/05/2025 18:09:00,498.159,173.882,0,325.367,0.585,0,2.83002,10.582,13.412,49.9754,-2.99829,
23/05/2025 18:10:00,498.158,173.907,0,325.128,0.585,0,3.14873,14.0357,17.1844,49.9835,-2.99097,
23/05/2025 18:11:00,498.156,173.865,0,325.367,0.585,0,7.35738,11.3187,18.6761,50.0283,-2.99097,
23/05/2025 18:12:00,470.484,164.183,0,324.649,0.5525,0,1.4494,11.1331,12.5825,50.0055,-2.99097,
23/05/2025 18:13:00,452.033,157.778,0,324.17,0.530833,0,2.58884,7.37297,9.96181,49.9835,-2.99829,
23/05/2025 18:14:00,424.358,148.128,0,324.649,0.498333,0,6.80923,10.853,17.6623,49.9754,-2.99097,
23/05/2025 18:15:00,452.04,157.779,0,325.367,0.541667,0,6.91753,9.38274,16.3003,50.0169,-2.99829,
23/05/2025 18:16:00,433.583,151.324,0,325.367,0.498333,0,1.31211,9.96376,11.2759,49.9808,-3.00532,
23/05/2025 18:17:00,405.907,141.647,0,325.367,0.476667,0,5.53218,13.6471,19.1793,50.0084,-2.99829,
23/05/2025 18:18:00,516.609,180.306,0,325.128,0.606667,0,7.41575,20.892,28.3077,50.0141,-2.99829,
23/05/2025 18:19:00,479.712,167.45,0,325.367,0.563333,0,1.57485,16.2436,17.8185,50.0312,-2.99097,
23/05/2025 18:20:00,544.285,189.988,0,324.649,0.639167,0,-0.804133,11.6313,10.8271,50.0055,-2.99097,
23/05/2025 18:21:00,452.033,157.771,0,324.41,0.530833,0,-1.09448,9.48712,8.39263,50.0255,-2.98366,
23/05/2025 18:22:00,544.285,189.97,0,324.649,0.639167,0,7.93817,26.8464,34.7846,49.9862,-2.99097,
23/05/2025 18:23:00,535.06,186.758,0,325.367,0.628333,0,6.54542,10.8299,17.3753,50.0198,-2.99097,
23/05/2025 18:24:00,544.285,189.99,0,325.367,0.639167,0,1.76345,4.41804,6.18149,49.9862,-2.99829,
23/05/2025 18:25:00,452.033,157.763,0,325.128,0.530833,0,3.4155,6.86176,10.2773,50.0226,-2.99829,
23/05/2025 18:26:00,479.729,167.452,0,325.367,0.563333,0,-0.284685,7.2173,6.93261,49.9808,-3.00532,
23/05/2025 18:27:00,498.159,173.86,0,325.128,0.585,0,11.0756,16.3638,27.4393,50.0027,-3.00532,
23/05/2025 18:28:00,470.486,164.225,0,324.41,0.5525,0,12.3165,19.363,31.6796,50.0112,-3.00532,
23/05/2025 18:29:00,415.133,144.859,0,324.41,0.4875,0,4.91574,14.3049,19.2207,49.9998,-3.01226,
23/05/2025 18:30:00,304.462,106.285,0,324.649,0.3575,0,0.691217,13.6886,14.3798,49.9971,-3.0192,
23/05/2025 18:31:00,350.569,122.337,0,325.128,0.411667,0,-0.238965,5.03889,4.79993,50.0084,-3.0192,
23/05/2025 18:32:00,479.723,167.45,0,325.128,0.563333,0,2.90544,9.75402,12.6595,50.0169,-3.01226,
23/05/2025 18:33:00,470.484,164.224,0,324.889,0.5525,0,13.2421,14.0477,27.2898,49.9781,-3.0192,
23/05/2025 18:34:00,452.068,157.786,0,325.607,0.530833,0,4.45092,9.80934,14.2603,49.989,-3.01226,
23/05/2025 18:35:00,369.007,128.779,0,325.128,0.433333,0,4.22007,8.69279,12.9129,49.9998,-3.01226,
23/05/2025 18:36:00,378.239,132.016,0,324.649,0.455,0,3.94882,5.10883,9.05765,49.9917,-3.01226,
23/05/2025 18:37:00,424.392,148.097,0,324.41,0.4875,0,6.59569,13.4726,20.0683,50.0369,-3.01226,
23/05/2025 18:38:00,424.358,148.099,0,324.889,0.498333,0,7.24175,15.2172,22.4589,49.9808,-3.0192,
23/05/2025 18:39:00,442.817,154.538,0,325.128,0.52,0,10.2827,24.0918,34.3745,50.0198,-3.02615,
23/05/2025 18:40:00,479.814,167.453,0,325.128,0.574167,0,5.15108,19.676,24.827,50.0027,-3.0192,
23/05/2025 18:41:00,498.25,173.88,0,325.128,0.585,0,10.5609,28.5957,39.1566,49.9917,-3.0192,
23/05/2025 18:42:00,433.618,151.323,0,325.367,0.509167,0,13.6308,22.7667,36.3974,49.9727,-3.0192,
23/05/2025 18:43:00,470.533,164.162,0,325.367,0.5525,0,11.5568,21.3815,32.9383,49.9917,-3.0192,
23/05/2025 18:44:00,396.729,138.447,0,324.889,0.465833,0,12.4885,20.0084,32.497,49.9754,-3.02615,
23/05/2025 18:45:00,498.204,173.862,0,324.649,0.585,0,6.52829,14.2694,20.7977,50.0055,-3.02615,
23/05/2025 18:46:00,489,170.624,0,324.889,0.574167,0,8.63973,28.5774,37.2171,49.9944,-3.02615,
23/05/2025 18:47:00,470.569,164.192,0,325.367,0.5525,0,5.33741,15.5992,20.9366,49.9536,-3.0331,
23/05/2025 18:48:00,507.503,177.082,0,325.367,0.595833,0,11.8932,11.7718,23.665,49.9835,-3.0331,
23/05/2025 18:49:00,359.876,125.582,0,325.128,0.433333,0,14.5181,21.1751,35.6932,49.9835,-3.0331,
23/05/2025 18:50:00,479.841,167.427,0,325.367,0.5525,0,16.9827,27.5809,44.5636,50.0397,-3.02615,
23/05/2025 18:51:00,304.498,106.264,0,325.128,0.3575,0,14.4014,14.5574,28.9588,50.0027,-3.0331,
23/05/2025 18:52:00,276.848,96.6114,0,324.41,0.325,0,17.5568,20.5017,38.0585,50.0141,-3.04701,
23/05/2025 18:53:00,341.448,119.139,0,324.41,0.411667,0,9.6174,12.0801,21.6975,49.9971,-3.04005,
23/05/2025 18:54:00,258.372,90.1233,0,324.889,0.2925,0,3.89152,15.5379,19.4294,50.0055,-3.0331,
23/05/2025 18:55:00,507.542,177.048,0,325.128,0.595833,0,3.0664,6.72581,9.79221,49.9862,-3.0331,
23/05/2025 18:56:00,396.815,138.468,0,325.367,0.465833,0,9.26253,11.3968,20.6593,50.0055,-3.0331,
23/05/2025 18:57:00,387.576,135.222,0,324.889,0.455,0,11.2173,13.3492,24.5666,49.9808,-3.02615,
23/05/2025 18:58:00,526.011,183.559,0,325.607,0.6175,0,10.2169,21.2613,31.4782,50.0198,-3.0192,
23/05/2025 18:59:00,526.016,183.525,0,325.128,0.6175,0,7.00846,9.22888,16.2373,49.9808,-3.02615,
23/05/2025 19:00:00,553.698,193.208,0,324.889,0.65,0,16.6628,17.3698,34.0326,49.9944,-3.02615,
23/05/2025 19:01:00,535.244,186.76,0,324.41,0.628333,0,18.088,27.7665,45.8544,49.9971,-3.0331,
23/05/2025 19:02:00,553.693,193.191,0,324.649,0.65,0,25.5856,35.3554,60.9411,49.9835,-3.0331,
23/05/2025 19:03:00,498.332,173.834,0,325.128,0.585,0,27.9541,36.5593,64.5134,49.94,-3.04005,
23/05/2025 19:04:00,507.558,177.089,0,325.367,0.595833,0,72.3585,39.2456,111.604,49.9971,-3.04005,
23/05/2025 19:05:00,433.733,151.334,0,325.367,0.509167,0,80.9615,42.2166,123.178,49.989,-3.04005,
23/05/2025 19:06:00,369.135,128.817,0,325.367,0.433333,0,50.6005,40.9855,91.586,50.0169,-3.05396,
23/05/2025 19:07:00,526.012,183.571,0,325.128,0.6175,0,52.8338,41.3268,94.1606,50.0027,-3.05396,
23/05/2025 19:08:00,553.703,193.194,0,324.649,0.65,0,37.8744,43.3814,81.2558,49.9835,-3.05396,
23/05/2025 19:09:00,544.475,189.993,0,324.41,0.639167,0,41.8935,45.9525,87.846,50.0141,-3.05396,
23/05/2025 19:10:00,516.789,180.316,0,324.649,0.606667,0,51.0606,43.3344,94.395,49.9835,-3.06093,
23/05/2025 19:11:00,479.871,167.432,0,325.128,0.563333,0,25.3247,39.5164,64.8411,49.9808,-3.06093,
23/05/2025 19:12:00,526.018,183.527,0,325.607,0.6175,0,28.7477,29.1795,57.9272,49.9808,-3.06093,
23/05/2025 19:13:00,544.475,189.994,0,325.367,0.639167,0,18.1729,39.4902,57.6631,49.9862,-3.06093,
23/05/2025 19:14:00,489.121,170.609,0,325.128,0.574167,0,18.0691,35.8624,53.9316,49.9835,-3.06093,
23/05/2025 19:15:00,535.364,186.796,0,325.367,0.628333,0,26.2064,35.7437,61.9502,49.9591,-3.05396,
23/05/2025 19:16:00,516.921,180.356,0,324.889,0.606667,0,29.0877,35.0059,64.0936,49.9998,-3.04701,
23/05/2025 19:17:00,526.118,183.558,0,324.17,0.628333,0,30.1156,36.9968,67.1124,50.0084,-3.04005,
23/05/2025 19:18:00,498.44,173.889,0,324.889,0.574167,0,23.3927,32.2547,55.6474,49.9917,-3.04005,
23/05/2025 19:19:00,526.118,183.572,0,325.367,0.6175,0,18.5897,34.8825,53.4722,49.9998,-3.0331,
23/05/2025 19:20:00,535.402,186.779,0,325.128,0.628333,0,15.8099,32.3753,48.1852,49.9917,-3.02615,
23/05/2025 19:21:00,553.874,193.235,0,325.367,0.65,0,6.97808,30.1525,37.1305,50.0198,-3.0192,
23/05/2025 19:22:00,553.88,193.239,0,325.607,0.65,0,4.83136,29.1057,33.937,49.9998,-3.01226,
23/05/2025 19:23:00,544.625,190.034,0,325.367,0.639167,0,4.17052,27.4014,31.5719,49.9998,-2.99829,
23/05/2025 19:24:00,553.89,193.238,0,324.889,0.65,0,11.1759,24.7917,35.9676,50.0112,-2.98366,
23/05/2025 19:25:00,553.896,193.266,0,324.41,0.65,0,21.6844,34.7015,56.386,50.0283,-2.99097,
23/05/2025 19:26:00,553.896,193.269,0,324.649,0.65,0,8.46084,26.5103,34.9711,49.989,-2.99097,
23/05/2025 19:27:00,553.884,193.252,0,325.367,0.65,0,5.33147,17.5803,22.9117,49.9998,-2.99097,
23/05/2025 19:28:00,544.664,190.032,0,325.367,0.639167,0,5.75609,17.7085,23.4646,49.9808,-2.99097,
23/05/2025 19:29:00,553.897,193.266,0,325.128,0.65,0,10.3649,23.7972,34.162,50.0198,-2.98366,
23/05/2025 19:30:00,553.894,193.268,0,324.889,0.65,0,11.3015,24.8303,36.1318,50.0198,-2.99097,
23/05/2025 19:31:00,516.97,180.368,0,325.367,0.606667,0,15.5899,24.7519,40.3418,50.0055,-2.99097,
23/05/2025 19:32:00,516.971,180.371,0,324.649,0.606667,0,21.5993,16.0863,37.6856,49.9971,-2.99097,
23/05/2025 19:33:00,516.971,180.438,0,324.41,0.606667,0,17.8497,19.618,37.4677,50.0198,-2.99097,
23/05/2025 19:34:00,470.816,164.29,0,324.41,0.5525,0,20.1882,29.3793,49.5675,49.9998,-2.99829,
23/05/2025 19:35:00,452.358,157.836,0,325.128,0.530833,0,8.78779,30.5875,39.3752,49.9808,-3.00532,
23/05/2025 19:36:00,516.987,180.414,0,325.128,0.606667,0,8.77554,26.0449,34.8205,50.0055,-3.00532,
23/05/2025 19:37:00,507.78,177.195,0,325.128,0.595833,0,3.89449,27.2634,31.1579,49.9699,-3.01226,
23/05/2025 19:38:00,443.141,154.611,0,325.128,0.52,0,-0.224884,21.74,21.5151,50.0141,-3.00532,
23/05/2025 19:39:00,544.686,190.073,0,325.128,0.639167,0,4.12925,20.2567,24.386,49.9971,-2.99829,
23/05/2025 19:40:00,553.97,193.305,0,324.649,0.65,0,25.4394,21.8343,47.2737,50.0055,-3.00532,
23/05/2025 19:41:00,526.315,183.603,0,324.41,0.6175,0,19.8387,36.0828,55.9214,49.9944,-2.99829,
23/05/2025 19:42:00,526.291,183.628,0,324.649,0.6175,0,26.4084,31.8316,58.2401,49.989,-3.00532,
23/05/2025 19:43:00,517.006,180.403,0,325.367,0.606667,0,27.2272,42.5094,69.7366,49.9944,-3.01226,
23/05/2025 19:44:00,544.688,190.078,0,325.367,0.639167,0,25.5047,37.9711,63.4759,49.9862,-3.0192,
23/05/2025 19:45:00,498.542,173.996,0,325.367,0.595833,0,22.8222,31.2582,54.0804,49.9917,-3.01226,
23/05/2025 19:46:00,516.979,180.403,0,325.128,0.595833,0,24.7577,34.3022,59.0599,49.9781,-3.02615,
23/05/2025 19:47:00,489.389,170.753,0,325.128,0.574167,0,18.7109,37.77,56.4809,49.9971,-3.01226,
23/05/2025 19:48:00,526.319,183.629,0,324.649,0.6175,0,23.3075,38.4063,61.7138,49.9998,-3.0192,
23/05/2025 19:49:00,480.162,167.534,0,324.41,0.563333,0,11.8093,24.6195,36.4288,49.9998,-3.0192,
23/05/2025 19:50:00,517.084,180.403,0,324.649,0.606667,0,13.5133,24.5984,38.1117,49.989,-3.0192,
23/05/2025 19:51:00,517.127,180.47,0,325.128,0.606667,0,18.9989,31.4247,50.4237,49.9971,-3.0192,
23/05/2025 19:52:00,498.68,174.021,0,325.128,0.585,0,19.9178,36.8884,56.8062,50.0312,-3.0192,
23/05/2025 19:53:00,332.444,115.963,0,325.128,0.39,0,18.7076,26.4761,45.1837,50.0055,-3.0192,
23/05/2025 19:54:00,424.802,148.222,0,325.367,0.509167,0,17.1724,37.9597,55.1321,49.9998,-3.02615,
23/05/2025 19:55:00,221.636,77.34,0,325.367,0.26,0,28.6009,34.8859,63.4868,49.9971,-3.02615,
23/05/2025 19:56:00,415.568,145.016,0,324.41,0.476667,0,27.7403,40.5556,68.2959,49.9727,-3.02615,
23/05/2025 19:57:00,387.862,135.382,0,324.41,0.455,0,27.361,40.0745,67.4354,49.9754,-3.0192,
23/05/2025 19:58:00,332.454,115.976,0,324.649,0.39,0,23.3688,40.712,64.0808,49.9971,-3.02615,
23/05/2025 19:59:00,461.74,161.097,0,325.128,0.541667,0,8.71156,37.1454,45.857,49.9998,-3.02615,
23/05/2025 20:00:00,434.037,151.423,0,325.128,0.509167,0,1.57843,33.1265,34.705,50.0141,-3.0192,
23/05/2025 20:01:00,424.801,148.179,0,325.367,0.498333,0,2.86406,35.9765,38.8406,49.9971,-3.02615,
23/05/2025 20:02:00,434.037,151.459,0,325.128,0.509167,0,1.46926,32.8341,34.3033,49.9917,-3.04701,
23/05/2025 20:03:00,434.037,151.443,0,325.128,0.530833,0,4.68251,33.1855,37.868,49.9645,-3.06789,
23/05/2025 20:04:00,415.568,144.975,0,324.649,0.476667,0,13.0632,37.2852,50.3483,49.9835,-3.0888,
23/05/2025 20:05:00,498.684,173.97,0,324.41,0.585,0,22.445,37.3205,59.7655,49.9944,-3.0888,
23/05/2025 20:06:00,424.802,148.242,0,324.41,0.498333,0,23.0663,33.0742,56.1405,49.989,-3.08182,
23/05/2025 20:07:00,517.148,180.481,0,325.128,0.606667,0,24.1621,45.4352,69.5973,49.9835,-3.0888,
23/05/2025 20:08:00,517.148,180.475,0,325.367,0.6175,0,34.5776,42.6758,77.2534,49.9835,-3.0888,
23/05/2025 20:09:00,489.446,170.808,0,325.128,0.563333,0,19.7549,40.2472,60.0021,50.0112,-3.08182,
23/05/2025 20:10:00,507.916,177.231,0,325.367,0.595833,0,24.4565,43.4764,67.9329,49.989,-3.08182,
23/05/2025 20:11:00,526.408,183.705,0,325.128,0.6175,0,24.186,34.0061,58.1921,49.9998,-3.06093,
23/05/2025 20:12:00,434.13,151.483,0,324.649,0.509167,0,28.7698,37.9072,66.677,49.9862,-3.05396,
23/05/2025 20:13:00,406.471,141.812,0,324.41,0.476667,0,46.0028,40.6579,86.6606,49.9754,-3.04005,
23/05/2025 20:14:00,480.355,167.578,0,324.889,0.574167,0,54.1741,41.2953,95.4692,50.0084,-3.0331,
23/05/2025 20:15:00,406.446,141.832,0,325.367,0.465833,0,51.0532,48.1265,99.1797,49.9672,-3.0331,
23/05/2025 20:16:00,461.9,161.19,0,325.128,0.541667,0,43.8689,41.2464,85.1152,50.0084,-3.0192,
23/05/2025 20:17:00,480.375,167.559,0,325.367,0.563333,0,17.1441,36.6759,53.8199,50.0169,-3.00532,
23/05/2025 20:18:00,415.712,145.058,0,325.367,0.4875,0,9.78361,31.1601,40.9437,50.0198,-2.99829,
23/05/2025 20:19:00,360.284,125.706,0,325.367,0.433333,0,4.77294,28.9336,33.7066,50.0112,-2.98366,
23/05/2025 20:20:00,434.188,151.47,0,324.649,0.509167,0,8.71245,24.1621,32.8745,50.0198,-2.98366,
23/05/2025 20:21:00,443.425,154.7,0,324.41,0.509167,0,12.5848,26.8774,39.4622,49.9944,-2.98366,
23/05/2025 20:22:00,452.664,157.924,0,324.649,0.530833,0,16.9919,26.5363,43.5281,49.9944,-2.98366,
23/05/2025 20:23:00,461.9,161.134,0,325.367,0.541667,0,17.4305,27.415,44.8456,50.0055,-2.97636,
23/05/2025 20:24:00,517.328,180.488,0,325.367,0.606667,0,14.7153,34.4627,49.1779,50.0483,-2.96905,
23/05/2025 20:25:00,517.331,180.505,0,325.367,0.606667,0,14.1212,36.7539,50.8751,50.0226,-2.96905,
23/05/2025 20:26:00,424.946,148.284,0,325.367,0.498333,0,16.0676,41.6158,57.6833,49.9971,-2.96905,
23/05/2025 20:27:00,526.533,183.714,0,325.367,0.6175,0,27.7789,40.1863,67.9652,50.0226,-2.96175,
23/05/2025 20:28:00,452.662,157.96,0,324.41,0.530833,0,30.1466,48.0972,78.2438,50.0027,-2.96175,
23/05/2025 20:29:00,471.141,164.397,0,324.41,0.5525,0,28.4459,47.4649,75.9108,50.0055,-2.96905,
23/05/2025 20:30:00,517.328,180.53,0,324.889,0.606667,0,31.0196,37.4803,68.4999,49.9564,-2.97636,
23/05/2025 20:31:00,526.569,183.745,0,325.128,0.6175,0,34.0573,40.1436,74.2008,49.9727,-2.97636,
23/05/2025 20:32:00,508.093,177.274,0,325.367,0.595833,0,40.9695,38.6471,79.6166,49.9944,-2.97636,
23/05/2025 20:33:00,489.617,170.853,0,325.128,0.574167,0,37.9726,42.7043,80.6769,49.9781,-2.98366,
23/05/2025 20:34:00,480.379,167.617,0,325.367,0.563333,0,38.6799,36.8752,75.5551,49.9699,-2.99097,
23/05/2025 20:35:00,434.188,151.466,0,325.128,0.509167,0,33.6555,43.9208,77.5763,50.0397,-2.98366,
23/05/2025 20:36:00,452.664,157.994,0,324.649,0.541667,0,27.4099,38.9965,66.4064,50.0141,-2.99097,
23/05/2025 20:37:00,397.236,138.594,0,324.41,0.455,0,26.1865,44.3075,70.4939,49.9781,-2.99829,
23/05/2025 20:38:00,434.188,151.463,0,324.649,0.509167,0,32.7147,38.7703,71.485,49.9564,-2.99829,
23/05/2025 20:39:00,452.664,157.941,0,325.367,0.530833,0,35.4973,35.7284,71.2257,49.9781,-2.99829,
23/05/2025 20:40:00,314.093,109.624,0,325.367,0.368333,0,31.8398,40.2668,72.1066,49.9835,-3.00532,
23/05/2025 20:41:00,498.855,174.055,0,325.367,0.585,0,15.3064,43.0043,58.3107,49.9808,-2.99829,
23/05/2025 20:42:00,517.334,180.522,0,325.128,0.606667,0,11.0002,35.9863,46.9865,50.0141,-2.99829,
23/05/2025 20:43:00,489.617,170.828,0,325.128,0.574167,0,14.8582,36.6737,51.5319,50.0198,-2.99829,
23/05/2025 20:44:00,461.904,161.161,0,324.649,0.541667,0,19.2621,41.7877,61.0498,50.0198,-2.99829,
23/05/2025 20:45:00,517.331,180.522,0,324.41,0.606667,0,27.6652,38.1988,65.864,49.9971,-3.01226,
23/05/2025 20:46:00,471.141,164.391,0,324.649,0.5525,0,18.6917,45.7333,64.425,50.0169,-3.00532,
23/05/2025 20:47:00,508.093,177.291,0,325.367,0.595833,0,26.1912,41.1921,67.3832,50.0198,-3.00532,
23/05/2025 20:48:00,526.569,183.766,0,325.128,0.6175,0,26.9447,34.9341,61.8788,49.9971,-3.00532,
23/05/2025 20:49:00,535.807,186.97,0,324.889,0.628333,0,30.2265,38.3773,68.6038,49.9781,-3.01226,
23/05/2025 20:50:00,471.141,164.403,0,325.367,0.5525,0,26.4329,42.1509,68.5839,49.9781,-3.01226,
23/05/2025 20:51:00,452.664,157.933,0,325.128,0.530833,0,29.62,47.0652,76.6853,49.989,-3.01226,
23/05/2025 20:52:00,526.569,183.717,0,324.649,0.6175,0,20.2774,33.1026,53.38,49.9618,-3.01226,
23/05/2025 20:53:00,517.334,180.514,0,324.17,0.606667,0,23.4295,36.6586,60.088,50.0084,-3.0192,
23/05/2025 20:54:00,443.426,154.726,0,324.649,0.52,0,25.5925,36.2403,61.8329,49.9727,-3.0192,
23/05/2025 20:55:00,452.688,157.976,0,325.367,0.530833,0,35.7016,40.3056,76.0072,49.9699,-3.0192,
23/05/2025 20:56:00,443.435,154.741,0,325.367,0.52,0,27.1005,37.0345,64.135,50.0141,-3.01226,
23/05/2025 20:57:00,508.093,177.241,0,325.367,0.595833,0,21.3136,42.9939,64.3075,49.9917,-3.01226,
23/05/2025 20:58:00,480.379,167.629,0,325.607,0.563333,0,22.7476,42.5057,65.2533,50.0027,-3.01226,
23/05/2025 20:59:00,471.141,164.391,0,325.607,0.5525,0,27.7966,27.9369,55.7336,50.0027,-3.0192,
23/05/2025 21:00:00,471.138,164.406,0,324.649,0.5525,0,27.5221,32.2358,59.7579,49.9971,-3.0192,
23/05/2025 21:01:00,415.712,145.045,0,324.41,0.498333,0,26.8637,42.3663,69.23,49.9618,-3.0192,
23/05/2025 21:02:00,443.426,154.716,0,324.41,0.509167,0,34.1052,27.444,61.5492,49.9971,-3.02615,
23/05/2025 21:03:00,526.569,183.765,0,325.128,0.6175,0,31.097,40.3626,71.4596,49.9618,-3.02615,
23/05/2025 21:04:00,517.331,180.53,0,325.367,0.606667,0,22.5803,37.3064,59.8866,49.9862,-3.0192,
23/05/2025 21:05:00,526.569,183.761,0,325.367,0.628333,0,21.3077,36.5732,57.8809,50.034,-3.0192,
23/05/2025 21:06:00,480.407,167.631,0,325.128,0.5525,0,23.3919,36.8578,60.2497,49.9944,-3.0192,
23/05/2025 21:07:00,535.81,186.976,0,325.128,0.628333,0,24.4992,35.6068,60.106,49.9808,-3.0192,
23/05/2025 21:08:00,360.286,125.734,0,324.41,0.4225,0,9.97978,34.1284,44.1082,49.989,-3.01226,
23/05/2025 21:09:00,388,135.422,0,324.649,0.455,0,15.9353,33.9098,49.8451,50.0084,-3.00532,
23/05/2025 21:10:00,415.728,145.065,0,324.41,0.4875,0,20.7747,34.9768,55.7515,50.0255,-2.99829,
23/05/2025 21:11:00,314.094,109.572,0,325.367,0.368333,0,21.4143,38.0365,59.4508,49.9835,-2.99829,
23/05/2025 21:12:00,341.808,119.278,0,325.367,0.400833,0,26.0935,42.7597,68.8532,50.034,-2.99097,
23/05/2025 21:13:00,267.903,93.4874,0,325.367,0.314167,0,29.7882,35.7983,65.5864,49.9672,-2.99097,
23/05/2025 21:14:00,406.476,141.842,0,325.607,0.476667,0,36.4683,40.7316,77.2,50.0112,-2.99829,
23/05/2025 21:15:00,480.382,167.623,0,325.128,0.563333,0,35.2529,40.4981,75.751,50.0312,-2.99829,
23/05/2025 21:16:00,508.093,177.331,0,324.649,0.606667,0,39.3628,37.9433,77.3062,49.9944,-3.00532,
23/05/2025 21:17:00,397.236,138.616,0,324.41,0.465833,0,34.0381,40.4294,74.4675,50.0141,-3.00532,
23/05/2025 21:18:00,480.379,167.631,0,324.649,0.5525,0,33.9848,33.4102,67.395,49.9781,-3.00532,
23/05/2025 21:19:00,332.57,116.036,0,325.367,0.39,0,44.9613,32.1526,77.114,49.9781,-3.01226,
23/05/2025 21:20:00,489.615,170.795,0,325.367,0.574167,0,43.4897,41.6989,85.1887,49.9944,-3.01226,
23/05/2025 21:21:00,341.808,119.271,0,325.367,0.400833,0,53.9693,36.1754,90.1447,50.0283,-3.01226,
23/05/2025 21:22:00,434.188,151.47,0,325.367,0.509167,0,52.0573,37.2181,89.2753,49.9835,-3.01226,
23/05/2025 21:23:00,424.95,148.27,0,325.128,0.509167,0,50.7748,38.9437,89.7185,49.9781,-3.01226,
23/05/2025 21:24:00,498.855,174.078,0,324.649,0.574167,0,48.2998,39.2671,87.567,49.9808,-3.01226,
23/05/2025 21:25:00,508.097,177.297,0,324.41,0.595833,0,41.0759,37.9777,79.0536,49.9564,-3.02615,
23/05/2025 21:26:00,517.332,180.51,0,324.649,0.606667,0,39.3404,37.998,77.3384,50.0141,-3.0192,
23/05/2025 21:27:00,498.855,174.058,0,325.367,0.585,0,39.7135,43.4788,83.1923,49.989,-3.0331,
23/05/2025 21:28:00,517.331,180.543,0,325.367,0.606667,0,45.7583,30.5868,76.345,49.9591,-3.0331,
23/05/2025 21:29:00,489.617,170.83,0,325.128,0.574167,0,47.0977,37.9725,85.0703,49.9971,-3.0331,
23/05/2025 21:30:00,489.617,170.823,0,325.367,0.574167,0,52.6974,47.0099,99.7073,49.9781,-3.0331,
23/05/2025 21:31:00,461.901,161.193,0,325.367,0.541667,0,59.1692,37.2663,96.4355,50.0169,-3.02615,
23/05/2025 21:32:00,508.093,177.246,0,324.649,0.595833,0,55.7088,39.3386,95.0474,49.9917,-3.0331,
23/05/2025 21:33:00,508.093,177.3,0,324.41,0.595833,0,57.0442,37.1361,94.1803,49.9808,-3.02615,
23/05/2025 21:34:00,535.806,186.974,0,324.649,0.628333,0,56.5842,38.9203,95.5046,49.989,-3.0192,
23/05/2025 21:35:00,517.314,180.48,0,325.128,0.606667,0,51.7207,42.0575,93.7781,50.0312,-3.0192,
23/05/2025 21:36:00,517.331,180.486,0,325.128,0.606667,0,59.467,37.8659,97.3329,49.9808,-3.0192,
23/05/2025 21:37:00,498.853,174.03,0,325.367,0.585,0,45.224,31.2359,76.4599,49.9645,-3.0192,
23/05/2025 21:38:00,471.138,164.391,0,325.367,0.5525,0,34.5383,34.9519,69.4902,49.9998,-3.0192,
23/05/2025 21:39:00,424.95,148.272,0,325.367,0.498333,0,42.7411,36.7118,79.4529,49.9835,-3.0331,
23/05/2025 21:40:00,480.379,167.563,0,324.649,0.563333,0,59.3759,40.4084,99.7843,49.9971,-3.04005,
23/05/2025 21:41:00,517.331,180.475,0,324.41,0.606667,0,67.694,39.3767,107.071,49.9944,-3.0331,
23/05/2025 21:42:00,489.617,170.79,0,324.41,0.574167,0,62.8236,43.7745,106.598,49.9699,-3.04005,
23/05/2025 21:43:00,452.664,157.934,0,325.128,0.530833,0,64.9788,39.9417,104.921,49.9754,-3.0331,
23/05/2025 21:44:00,545.045,190.136,0,325.607,0.639167,0,52.7362,37.5692,90.3055,50.0027,-3.04701,
23/05/2025 21:45:00,535.805,186.902,0,325.367,0.628333,0,51.2212,38.8784,90.0995,49.9917,-3.0331,
23/05/2025 21:46:00,526.56,183.697,0,325.607,0.6175,0,42.0724,32.5207,74.5931,49.9944,-3.0331,
23/05/2025 21:47:00,498.855,174.034,0,325.128,0.585,0,25.7577,33.3242,59.0819,50.0112,-3.04005,
23/05/2025 21:48:00,508.09,177.259,0,324.889,0.595833,0,23.0106,32.1877,55.1982,49.9835,-3.0331,
23/05/2025 21:49:00,517.324,180.448,0,324.17,0.606667,0,29.9808,33.0522,63.0329,50.0055,-3.02615,
23/05/2025 21:50:00,461.903,161.161,0,324.889,0.5525,0,26.0775,36.0038,62.0813,49.9699,-3.0331,
23/05/2025 21:51:00,480.347,167.594,0,325.128,0.563333,0,25.3383,30.6673,56.0056,49.9781,-3.06093,
23/05/2025 21:52:00,323.332,112.81,0,325.367,0.379167,0,18.7428,27.4074,46.1502,50.0027,-3.08182,
23/05/2025 21:53:00,277.142,96.6572,0,325.128,0.335833,0,14.9202,27.9826,42.9027,49.9482,-3.0888,
23/05/2025 21:54:00,480.365,167.583,0,325.367,0.5525,0,20.2328,26.9311,47.1638,49.9699,-3.09577,
23/05/2025 21:55:00,508.093,177.223,0,325.607,0.595833,0,27.8077,36.5899,64.3976,50.0084,-3.08182,
23/05/2025 21:56:00,489.615,170.768,0,324.41,0.574167,0,30.3245,32.9821,63.3065,49.9727,-3.08182,
23/05/2025 21:57:00,526.569,183.72,0,324.17,0.6175,0,30.8273,29.6835,60.5108,49.9971,-3.07485,
23/05/2025 21:58:00,545.045,190.122,0,324.649,0.639167,0,22.0805,33.8488,55.9293,49.9971,-3.06093,
23/05/2025 21:59:00,545.042,190.102,0,325.128,0.639167,0,23.9122,35.1481,59.0603,50.0055,-3.05396,
23/05/2025 22:00:00,517.329,180.436,0,325.367,0.606667,0,16.4564,35.6711,52.1275,49.9754,-3.05396,
23/05/2025 22:01:00,517.331,180.445,0,325.128,0.606667,0,5.15422,23.7859,28.9401,50.0169,-3.04701,
23/05/2025 22:02:00,554.28,193.34,0,325.128,0.65,0,2.82279,19.2013,22.0241,49.9862,-3.0331,
23/05/2025 22:03:00,554.287,193.347,0,325.367,0.65,0,5.69174,26.0452,31.737,50.0112,-3.02615,
23/05/2025 22:04:00,554.297,193.325,0,324.41,0.65,0,19.1227,29.1918,48.3145,49.9998,-3.0192,
23/05/2025 22:05:00,554.291,193.345,0,324.649,0.65,0,12.8085,24.8655,37.674,50.0198,-3.0192,
23/05/2025 22:06:00,554.286,193.326,0,324.889,0.65,0,24.5833,28.7814,53.3647,50.0027,-3.01226,
23/05/2025 22:07:00,554.293,193.338,0,325.367,0.65,0,46.9241,31.6712,78.5953,50.0255,-3.00532,
23/05/2025 22:08:00,554.303,193.326,0,325.128,0.65,0,41.134,32.6866,73.8205,50.0112,-2.99829,
23/05/2025 22:09:00,554.301,193.334,0,325.367,0.65,0,27.653,26.9725,54.6255,49.9808,-2.99097,
23/05/2025 22:10:00,545.06,190.113,0,325.367,0.639167,0,36.891,35.6888,72.5798,49.9862,-2.99097,
23/05/2025 22:11:00,545.048,190.11,0,325.367,0.639167,0,26.7809,33.6341,60.415,49.9781,-2.99097,
23/05/2025 22:12:00,554.286,193.329,0,324.41,0.65,0,12.4305,23.2872,35.7177,49.9672,-2.99097,
23/05/2025 22:13:00,554.283,193.322,0,324.41,0.65,0,5.17662,20.3434,25.52,49.9971,-2.99097,
23/05/2025 22:14:00,554.283,193.32,0,324.649,0.65,0,12.7514,27.891,40.6423,49.9917,-2.99097,
23/05/2025 22:15:00,554.283,193.329,0,325.367,0.65,0,30.1024,32.1497,62.2521,50.0084,-2.98366,
23/05/2025 22:16:00,554.283,193.314,0,325.367,0.65,0,28.9727,28.5648,57.5375,50.0141,-2.98366,
23/05/2025 22:17:00,554.283,193.32,0,325.128,0.65,0,18.106,34.4672,52.5732,49.9944,-2.98366,
23/05/2025 22:18:00,554.285,193.315,0,325.128,0.65,0,15.5036,32.0214,47.525,50.0027,-2.98366,
23/05/2025 22:19:00,545.048,190.095,0,325.128,0.639167,0,13.7524,33.9133,47.6658,50.0426,-2.98366,
23/05/2025 22:20:00,554.283,193.339,0,324.649,0.65,0,20.2445,36.2283,56.4728,49.9808,-2.99097,
23/05/2025 22:21:00,554.28,193.313,0,324.649,0.65,0,22.249,31.0634,53.3124,49.989,-2.99829,
23/05/2025 22:22:00,554.283,193.318,0,324.41,0.65,0,24.0446,36.1241,60.1687,49.989,-2.99829,
23/05/2025 22:23:00,554.283,193.323,0,325.367,0.65,0,35.2605,35.9772,71.2377,50.0369,-2.99097,
23/05/2025 22:24:00,554.283,193.319,0,325.367,0.65,0,46.1624,36.9396,83.1018,50.0169,-2.99097,
23/05/2025 22:25:00,554.283,193.327,0,325.128,0.65,0,47.4954,36.9042,84.3996,50.0084,-2.99097,
23/05/2025 22:26:00,554.283,193.319,0,325.128,0.65,0,34.0623,30.1742,64.2365,49.9727,-2.99829,
23/05/2025 22:27:00,554.283,193.297,0,325.128,0.65,0,16.2594,29.6009,45.8603,49.9808,-3.00532,
23/05/2025 22:28:00,554.28,193.321,0,324.649,0.65,0,12.1044,29.5811,41.6855,49.9971,-3.00532,
23/05/2025 22:29:00,554.283,193.312,0,324.17,0.65,0,8.11612,27.2659,35.3821,49.9862,-3.00532,
23/05/2025 22:30:00,535.807,186.881,0,324.889,0.628333,0,7.06171,25.4356,32.4973,50.0055,-2.99097,
23/05/2025 22:31:00,526.566,183.63,0,325.367,0.6175,0,8.11391,25.9937,34.1076,49.9998,-2.99097,
23/05/2025 22:32:00,554.283,193.29,0,325.607,0.65,0,13.387,28.3543,41.7413,50.0397,-2.99097,
23/05/2025 22:33:00,554.283,193.298,0,325.128,0.65,0,23.6669,34.6168,58.2836,50.0169,-2.98366,
23/05/2025 22:34:00,554.283,193.302,0,325.367,0.65,0,45.6898,34.9741,80.664,49.9754,-2.99829,
23/05/2025 22:35:00,554.283,193.298,0,325.128,0.65,0,54.548,31.0262,85.5743,49.9862,-2.99829,
23/05/2025 22:36:00,554.282,193.314,0,324.649,0.65,0,67.9999,37.0346,105.035,49.9699,-2.99829,
23/05/2025 22:37:00,554.281,193.304,0,324.649,0.65,0,44.4423,28.3292,72.7715,50.0027,-3.00532,
23/05/2025 22:38:00,554.283,193.301,0,324.889,0.65,0,40.2309,27.7347,67.9657,50.0198,-2.99829,
23/05/2025 22:39:00,554.283,193.32,0,325.607,0.65,0,31.4008,33.8198,65.2206,49.9971,-3.00532,
23/05/2025 22:40:00,554.283,193.314,0,325.128,0.65,0,23.8785,32.7478,56.6263,49.9727,-3.00532,
23/05/2025 22:41:00,554.286,193.311,0,325.128,0.65,0,46.9053,31.7705,78.6758,49.9917,-3.00532,
23/05/2025 22:42:00,554.283,193.316,0,325.367,0.65,0,62.7786,31.6486,94.4272,49.9781,-3.01226,
23/05/2025 22:43:00,554.291,193.306,0,325.607,0.65,0,62.6625,32.6872,95.3495,50.0112,-3.00532,
23/05/2025 22:44:00,554.284,193.305,0,324.649,0.65,0,39.5513,34.753,74.3043,50.0255,-3.00532,
23/05/2025 22:45:00,554.281,193.288,0,324.41,0.65,0,41.9012,31.748,73.6492,49.989,-3.00532,
23/05/2025 22:46:00,554.282,193.3,0,324.41,0.65,0,42.5402,31.6151,74.1552,49.9998,-2.99829,
23/05/2025 22:47:00,554.286,193.308,0,325.128,0.65,0,38.2845,37.3645,75.6489,49.9781,-2.99829,
23/05/2025 22:48:00,554.285,193.306,0,325.367,0.65,0,35.5728,27.9015,63.4742,49.989,-3.00532,
23/05/2025 22:49:00,554.296,193.314,0,325.367,0.65,0,21.9019,29.6032,51.5051,49.9645,-3.00532,
23/05/2025 22:50:00,554.288,193.318,0,325.128,0.65,0,24.9787,28.6144,53.5931,50.0055,-3.01226,
23/05/2025 22:51:00,554.283,193.295,0,325.367,0.65,0,29.4688,39.0192,68.488,49.9835,-3.00532,
23/05/2025 22:52:00,554.3,193.3,0,324.649,0.65,0,37.3113,30.9066,68.2179,49.989,-3.01226,
23/05/2025 22:53:00,554.286,193.296,0,324.41,0.65,0,37.0911,32.9132,70.0043,49.9754,-3.01226,
23/05/2025 22:54:00,554.294,193.292,0,324.41,0.65,0,29.3491,32.1682,61.5173,49.9808,-3.01226,
23/05/2025 22:55:00,554.297,193.287,0,325.367,0.65,0,33.3124,29.6925,63.0049,49.989,-3.0192,
23/05/2025 22:56:00,554.284,193.306,0,325.367,0.65,0,40.3296,39.2584,79.588,49.9808,-3.02615,
23/05/2025 22:57:00,526.569,183.606,0,325.128,0.6175,0,38.8437,36.4352,75.2789,50.0027,-3.0192,
23/05/2025 22:58:00,545.051,190.084,0,325.128,0.639167,0,29.9689,30.96,60.929,49.9944,-3.02615,
23/05/2025 22:59:00,545.048,190.05,0,325.607,0.639167,0,26.4267,28.1516,54.5783,49.989,-3.0192,
23/05/2025 23:00:00,526.575,183.601,0,324.649,0.6175,0,44.1253,30.9287,75.054,49.9998,-3.0192,
23/05/2025 23:01:00,535.813,186.841,0,324.649,0.628333,0,45.9218,32.7513,78.6732,50.0084,-3.01226,
23/05/2025 23:02:00,545.045,190.071,0,324.649,0.639167,0,35.6697,31.4459,67.1156,49.9971,-3.00532,
23/05/2025 23:03:00,526.569,183.632,0,325.367,0.6175,0,33.6778,32.6195,66.2973,50.0141,-3.00532,
23/05/2025 23:04:00,545.044,190.046,0,325.367,0.639167,0,15.8825,27.755,43.6375,50.0112,-3.00532,
23/05/2025 23:05:00,554.28,193.271,0,325.128,0.65,0,12.7235,25.6562,38.3797,50.0055,-3.01226,
23/05/2025 23:06:00,545.042,190.037,0,325.367,0.639167,0,15.3405,25.7401,41.0806,50.0198,-3.00532,
23/05/2025 23:07:00,498.855,173.908,0,325.128,0.585,0,10.1239,25.1083,35.2322,50.0141,-3.00532,
23/05/2025 23:08:00,554.283,193.256,0,324.889,0.65,0,22.0109,25.6302,47.6411,49.989,-3.01226,
23/05/2025 23:09:00,535.803,186.8,0,324.41,0.628333,0,16.9597,32.6008,49.5605,49.9971,-3.0192,
23/05/2025 23:10:00,554.283,193.258,0,324.889,0.65,0,15.1639,23.2147,38.3785,49.9998,-3.0192,
23/05/2025 23:11:00,554.275,193.256,0,325.367,0.65,0,5.0578,21.1696,26.2274,49.9835,-3.0192,
23/05/2025 23:12:00,545.039,190.018,0,325.367,0.639167,0,51.3191,27.1848,78.504,50.0112,-3.01226,
23/05/2025 23:13:00,554.257,193.245,0,325.128,0.65,0,28.7839,25.7446,54.5286,49.9998,-3.0192,
23/05/2025 23:14:00,554.269,193.232,0,325.128,0.65,0,74.0936,26.8086,100.902,49.9944,-3.0192,
23/05/2025 23:15:00,554.273,193.241,0,325.128,0.65,0,43.2375,34.1416,77.3791,50.0169,-3.01226,
23/05/2025 23:16:00,545.035,190.045,0,324.649,0.639167,0,51.3215,42.9138,94.2355,50.0198,-3.01226,
23/05/2025 23:17:00,545.03,190.011,0,324.41,0.65,0,68.1315,34.6412,102.773,49.9754,-3.01226,
23/05/2025 23:18:00,535.799,186.796,0,324.889,0.6175,0,63.2106,34.7429,97.9536,49.9699,-3.0192,
23/05/2025 23:19:00,554.272,193.264,0,325.128,0.65,0,33.6726,28.5487,62.2213,50.0027,-3.0192,
23/05/2025 23:20:00,554.28,193.238,0,325.367,0.65,0,12.9216,17.9287,30.8503,50.0084,-3.02615,
23/05/2025 23:21:00,554.283,193.245,0,325.128,0.65,0,8.52321,11.1194,19.6427,49.9998,-3.02615,
23/05/2025 23:22:00,545.042,190.018,0,325.128,0.639167,0,5.2794,19.8465,25.1259,49.989,-3.02615,
23/05/2025 23:23:00,554.283,193.233,0,325.367,0.65,0,8.76855,23.2241,31.9927,49.9754,-3.02615,
23/05/2025 23:24:00,554.277,193.238,0,324.649,0.65,0,9.49746,20.1812,29.6788,50.0055,-3.0331,
23/05/2025 23:25:00,545.033,189.981,0,324.41,0.639167,0,17.3415,20.3543,37.6959,50.0084,-3.02615,
23/05/2025 23:26:00,554.276,193.24,0,324.41,0.65,0,22.7077,25.296,48.0037,49.9971,-3.0331,
23/05/2025 23:27:00,554.272,193.24,0,325.367,0.65,0,20.2642,22.0638,42.3281,50.0169,-3.0331,
23/05/2025 23:28:00,554.273,193.218,0,325.607,0.65,0,18.0007,24.5813,42.582,50.0027,-3.02615,
23/05/2025 23:29:00,554.257,193.226,0,325.128,0.65,0,17.0823,28.9032,45.9855,49.9727,-3.02615,
23/05/2025 23:30:00,554.258,193.209,0,325.367,0.65,0,20.2644,30.0148,50.2793,49.9781,-3.02615,
23/05/2025 23:31:00,554.269,193.208,0,325.367,0.65,0,22.1269,29.825,51.9519,49.9917,-3.0192,
23/05/2025 23:32:00,554.264,193.207,0,324.41,0.65,0,26.2574,33.5251,59.7824,49.9917,-3.0192,
23/05/2025 23:33:00,554.251,193.215,0,324.41,0.65,0,34.819,32.4872,67.3062,49.989,-3.01226,
23/05/2025 23:34:00,554.227,193.211,0,324.889,0.65,0,47.7292,29.8956,77.6249,49.9808,-3.01226,
23/05/2025 23:35:00,554.268,193.221,0,325.128,0.65,0,42.071,33.3508,75.4218,49.9944,-3.00532,
23/05/2025 23:36:00,554.264,193.219,0,325.367,0.65,0,30.3256,34.0903,64.4159,50.0055,-3.00532,
23/05/2025 23:37:00,554.274,193.211,0,325.367,0.65,0,15.654,31.8836,47.5377,50.0084,-3.00532,
23/05/2025 23:38:00,554.26,193.22,0,325.367,0.65,0,18.6492,29.9194,48.5686,49.9754,-3.00532,
23/05/2025 23:39:00,554.223,193.209,0,324.889,0.65,0,23.2287,31.5654,54.7941,50.0169,-3.01226,
23/05/2025 23:40:00,554.249,193.205,0,324.889,0.65,0,23.8607,29.1328,52.9935,50.0084,-3.01226,
23/05/2025 23:41:00,554.271,193.22,0,324.41,0.65,0,20.1689,33.9931,54.162,49.989,-3.0192,
23/05/2025 23:42:00,554.27,193.211,0,324.649,0.65,0,14.6824,26.151,40.8334,50.0084,-3.0192,
23/05/2025 23:43:00,554.261,193.205,0,325.367,0.65,0,16.9658,27.6473,44.6131,50.0198,-3.0192,
23/05/2025 23:44:00,554.272,193.204,0,325.367,0.65,0,21.6583,27.9689,49.6272,49.9835,-3.02615,
23/05/2025 23:45:00,554.261,193.2,0,325.367,0.65,0,17.0131,25.7447,42.7579,50.0226,-3.0192,
23/05/2025 23:46:00,554.279,193.21,0,325.367,0.65,0,8.9297,21.1319,30.0616,49.9944,-3.02615,
23/05/2025 23:47:00,554.256,193.203,0,325.128,0.65,0,9.19868,22.4584,31.6571,50.0027,-3.0192,
23/05/2025 23:48:00,554.275,193.191,0,324.41,0.65,0,11.1301,24.9278,36.0579,49.9862,-3.0192,
23/05/2025 23:49:00,554.267,193.204,0,324.649,0.65,0,15.9106,30.311,46.2216,49.989,-3.01226,
23/05/2025 23:50:00,554.274,193.204,0,324.649,0.65,0,14.2617,27.344,41.6057,50.0226,-3.01226,
23/05/2025 23:51:00,554.266,193.197,0,325.367,0.65,0,6.69705,19.5397,26.2367,50.0055,-3.0192,
23/05/2025 23:52:00,554.266,193.187,0,325.128,0.65,0,6.99699,23.6872,30.6842,49.989,-3.0192,
23/05/2025 23:53:00,554.273,193.19,0,325.367,0.65,0,7.01096,19.7207,26.7317,49.9727,-3.01226,
23/05/2025 23:54:00,554.277,193.197,0,325.128,0.65,0,6.85963,21.9609,28.8205,50.0112,-2.99829,
23/05/2025 23:55:00,554.269,193.186,0,325.128,0.65,0,10.8887,19.9085,30.7972,49.9998,-3.00532,
23/05/2025 23:56:00,554.276,193.178,0,324.41,0.65,0,15.6716,17.1362,32.8078,49.9998,-3.00532,
23/05/2025 23:57:00,554.272,193.195,0,324.649,0.65,0,36.0377,31.7024,67.7401,49.9754,-3.00532,
23/05/2025 23:58:00,554.273,193.199,0,324.649,0.65,0,34.2066,35.792,69.9986,49.9998,-3.00532,
23/05/2025 23:59:00,554.271,193.194,0,324.889,0.65,0,31.0045,32.5418,63.5463,50.0027,-2.99829,
24/05/2025 00:00:00,554.273,193.198,0,325.367,0.65,0,23.1565,27.7555,50.9121,50.0027,-3.00532,
24/05/2025 00:01:00,545.025,189.969,0,325.367,0.639167,0,32.2647,21.4865,53.7512,50.0027,-3.00532,
24/05/2025 00:02:00,554.281,193.189,0,325.367,0.65,0,15.429,23.4366,38.8655,50.0255,-2.99829,
24/05/2025 00:03:00,554.267,193.185,0,325.367,0.65,0,12.9403,23.4628,36.4031,50.0055,-3.00532,
24/05/2025 00:04:00,554.265,193.183,0,324.41,0.65,0,5.95603,21.4617,27.4178,49.9944,-2.99829,
24/05/2025 00:05:00,554.258,193.2,0,324.649,0.65,0,8.95448,25.018,33.9725,49.9727,-3.00532,
24/05/2025 00:06:00,554.249,193.19,0,324.889,0.65,0,9.64545,21.2508,30.8962,50.0426,-3.00532,
24/05/2025 00:07:00,554.253,193.197,0,325.128,0.65,0,14.9862,29.5722,44.5584,50.0055,-2.99829,
24/05/2025 00:08:00,554.255,193.182,0,325.607,0.65,0,25.5456,27.705,53.2505,50.0141,-3.00532,
24/05/2025 00:09:00,554.259,193.182,0,325.128,0.65,0,38.3373,27.9884,66.3257,50.0112,-2.99829,
24/05/2025 00:10:00,554.257,193.175,0,325.607,0.65,0,24.516,25.7999,50.3159,50.0027,-3.00532,
24/05/2025 00:11:00,554.257,193.167,0,325.367,0.65,0,20.2593,31.7951,52.0544,49.9808,-3.00532,
24/05/2025 00:12:00,554.266,193.18,0,324.649,0.65,0,17.4147,28.8027,46.2174,49.9618,-3.00532,
24/05/2025 00:13:00,554.28,193.174,0,324.41,0.65,0,22.4989,25.6376,48.1365,50.0141,-3.00532,
24/05/2025 00:14:00,554.264,193.183,0,324.649,0.65,0,26.4955,33.9272,60.4227,49.9944,-3.00532,
24/05/2025 00:15:00,554.272,193.173,0,325.128,0.65,0,47.7635,30.2437,78.0071,49.9835,-3.00532,
24/05/2025 00:16:00,554.282,193.175,0,325.128,0.65,0,31.665,32.3575,64.0225,49.9998,-3.00532,
24/05/2025 00:17:00,554.274,193.166,0,324.889,0.65,0,35.9925,32.8698,68.8624,50.0312,-2.99829,
24/05/2025 00:18:00,554.277,193.165,0,325.367,0.65,0,30.8911,33.0856,63.9767,50.0112,-3.01226,
24/05/2025 00:19:00,554.283,193.18,0,325.128,0.65,0,34.0066,34.7959,68.8026,50.0027,-3.00532,
24/05/2025 00:20:00,545.045,189.94,0,324.649,0.639167,0,39.6979,33.4299,73.1278,49.9971,-3.00532,
24/05/2025 00:21:00,554.283,193.181,0,324.41,0.65,0,74.6139,32.2257,106.84,50.0055,-3.00532,
24/05/2025 00:22:00,554.283,193.17,0,324.649,0.65,0,102.161,35.8612,138.023,49.9998,-2.99829,
24/05/2025 00:23:00,554.277,193.164,0,325.128,0.65,0,65.647,37.2947,102.942,49.9835,-3.00532,
24/05/2025 00:24:00,554.283,193.19,0,325.367,0.65,0,35.353,33.3342,68.6871,49.9781,-3.00532,
24/05/2025 00:25:00,554.283,193.181,0,325.367,0.65,0,43.4284,40.874,84.3024,49.9699,-3.0192,
24/05/2025 00:26:00,545.045,189.927,0,325.367,0.639167,0,51.1864,37.2094,88.3958,49.9781,-3.02615,
24/05/2025 00:27:00,554.28,193.167,0,325.367,0.65,0,44.692,33.3365,78.0286,49.9727,-3.02615,
24/05/2025 00:28:00,554.283,193.176,0,324.41,0.65,0,41.8481,29.4779,71.326,50.0027,-3.02615,
24/05/2025 00:29:00,554.283,193.179,0,324.41,0.65,0,43.7608,29.7781,73.5389,49.989,-3.0331,
24/05/2025 00:30:00,554.28,193.169,0,324.41,0.65,0,32.0165,28.8264,60.8429,49.989,-3.02615,
24/05/2025 00:31:00,554.28,193.166,0,325.128,0.65,0,33.0649,27.8087,60.8736,50.0055,-3.0192,
24/05/2025 00:32:00,554.278,193.16,0,325.367,0.65,0,38.7651,30.9071,69.6722,49.9862,-3.0192,
24/05/2025 00:33:00,554.273,193.154,0,325.128,0.65,0,42.6225,28.2072,70.8298,49.9781,-3.02615,
24/05/2025 00:34:00,545.041,189.924,0,325.128,0.639167,0,61.0965,29.1325,90.2291,49.9917,-3.0192,
24/05/2025 00:35:00,554.281,193.164,0,325.367,0.65,0,105.97,33.8291,139.799,49.989,-3.0192,
24/05/2025 00:36:00,535.801,186.727,0,324.41,0.628333,0,121.614,35.0241,156.638,50.0084,-3.01226,
24/05/2025 00:37:00,554.276,193.158,0,324.41,0.65,0,91.9755,30.7843,122.76,50.0283,-3.01226,
24/05/2025 00:38:00,545.036,189.94,0,324.41,0.639167,0,111.927,36.0507,147.978,50.0141,-3.0192,
24/05/2025 00:39:00,554.283,193.146,0,325.607,0.65,0,97.6124,33.4454,131.058,50.0198,-3.00532,
24/05/2025 00:40:00,545.043,189.925,0,325.128,0.639167,0,66.8451,32.8451,99.6902,50.0084,-3.01226,
24/05/2025 00:41:00,554.282,193.157,0,325.367,0.65,0,47.2167,29.9844,77.2011,49.9482,-3.0192,
24/05/2025 00:42:00,545.045,189.952,0,325.128,0.639167,0,43.585,29.49,73.075,49.9998,-3.01226,
24/05/2025 00:43:00,554.283,193.146,0,325.128,0.65,0,49.9186,34.6256,84.5442,50.0084,-3.0192,
24/05/2025 00:44:00,554.283,193.145,0,324.41,0.65,0,47.2574,30.4754,77.7328,49.9998,-3.0192,
24/05/2025 00:45:00,554.282,193.129,0,324.41,0.65,0,44.4383,27.5327,71.9709,49.9754,-3.0192,
24/05/2025 00:46:00,554.267,193.121,0,324.649,0.65,0,48.5216,34.4949,83.0165,49.9754,-3.0331,
24/05/2025 00:47:00,554.271,193.113,0,325.607,0.65,0,46.7522,32.1541,78.9063,49.9835,-3.0331,
24/05/2025 00:48:00,554.273,193.14,0,325.128,0.65,0,43.657,29.4991,73.1561,50.0027,-3.02615,
24/05/2025 00:49:00,554.279,193.13,0,325.128,0.65,0,21.6334,29.0736,50.7071,50.0027,-3.0192,
24/05/2025 00:50:00,554.281,193.131,0,325.128,0.65,0,22.9615,19.7347,42.6962,49.9645,-3.0192,
24/05/2025 00:51:00,554.283,193.133,0,325.128,0.65,0,8.17407,14.5772,22.7513,49.9781,-3.02615,
24/05/2025 00:52:00,554.276,193.125,0,324.889,0.65,0,7.49466,11.0612,18.5558,50.0084,-3.0192,
24/05/2025 00:53:00,554.277,193.109,0,324.649,0.65,0,8.29297,20.2493,28.5422,50.0198,-3.0192,
24/05/2025 00:54:00,554.28,193.119,0,324.649,0.65,0,14.3514,17.2444,31.5958,49.9672,-3.0192,
24/05/2025 00:55:00,554.283,193.106,0,325.128,0.65,0,14.5223,12.414,26.9363,49.9971,-3.01226,
24/05/2025 00:56:00,554.277,193.117,0,325.367,0.65,0,14.9176,22.9915,37.9091,49.989,-3.01226,
24/05/2025 00:57:00,554.28,193.13,0,325.367,0.65,0,22.3021,26.7868,49.089,49.9944,-3.00532,
24/05/2025 00:58:00,554.283,193.11,0,325.367,0.65,0,22.105,32.4153,54.5202,50.0226,-2.99829,
24/05/2025 00:59:00,554.278,193.112,0,325.128,0.65,0,15.1362,25.5621,40.6983,49.9808,-2.99829,
24/05/2025 01:00:00,554.276,193.098,0,324.41,0.65,0,7.28962,21.7152,29.0048,50.0312,-2.99829,
24/05/2025 01:01:00,554.274,193.103,0,324.41,0.65,0,16.6192,18.6659,35.2852,50.0084,-2.99829,
24/05/2025 01:02:00,554.281,193.125,0,324.889,0.65,0,11.4353,25.7452,37.1804,49.989,-2.99829,
24/05/2025 01:03:00,554.283,193.136,0,325.367,0.65,0,6.58708,15.8317,22.4188,49.9971,-2.99097,
24/05/2025 01:04:00,554.283,193.141,0,325.367,0.65,0,15.5531,24.8182,40.3712,50.0283,-2.98366,
24/05/2025 01:05:00,554.283,193.125,0,325.128,0.65,0,27.2076,29.94,57.1476,49.9971,-2.99097,
24/05/2025 01:06:00,554.277,193.103,0,325.367,0.65,0,27.7196,26.6471,54.3667,49.9944,-2.99829,
24/05/2025 01:07:00,554.276,193.118,0,325.128,0.65,0,20.772,24.191,44.9631,49.9754,-3.00532,
24/05/2025 01:08:00,554.276,193.095,0,324.41,0.65,0,10.7843,16.8126,27.5969,50.0141,-3.00532,
24/05/2025 01:09:00,554.271,193.097,0,324.41,0.65,0,5.71717,19.0377,24.7549,49.9727,-3.01226,
24/05/2025 01:10:00,554.27,193.102,0,324.649,0.65,0,24.906,27.8598,52.7657,50.0084,-3.00532,
24/05/2025 01:11:00,554.275,193.102,0,325.128,0.65,0,27.1641,27.0383,54.2025,49.9971,-2.99829,
24/05/2025 01:12:00,554.257,193.106,0,325.128,0.65,0,24.1818,26.3487,50.5305,50.0112,-3.01226,
24/05/2025 01:13:00,545.029,189.866,0,325.367,0.639167,0,37.7412,29.112,66.8533,49.9781,-3.00532,
24/05/2025 01:14:00,554.263,193.093,0,325.128,0.65,0,37.9072,29.8952,67.8024,49.9808,-2.99829,
24/05/2025 01:15:00,554.277,193.094,0,325.367,0.65,0,37.4592,34.0778,71.537,50.0055,-3.00532,
24/05/2025 01:16:00,554.272,193.076,0,324.41,0.65,0,27.968,30.4932,58.4613,50.0198,-3.00532,
24/05/2025 01:17:00,554.262,193.087,0,324.649,0.65,0,33.0313,30.0027,63.034,50.0169,-3.00532,
24/05/2025 01:18:00,554.255,193.088,0,324.889,0.65,0,34.4788,32.9535,67.4323,49.9645,-3.01226,
24/05/2025 01:19:00,554.257,193.088,0,325.128,0.65,0,29.1688,29.3551,58.5239,50.0226,-3.01226,
24/05/2025 01:20:00,554.242,193.081,0,325.128,0.65,0,30.0454,29.4427,59.4881,49.9862,-3.01226,
24/05/2025 01:21:00,554.27,193.059,0,325.128,0.65,0,35.8097,32.5935,68.4032,50.0141,-3.00532,
24/05/2025 01:22:00,554.255,193.082,0,325.128,0.65,0,40.0485,30.5889,70.6374,50.0055,-3.00532,
24/05/2025 01:23:00,554.255,193.077,0,325.607,0.65,0,57.7111,31.1336,88.8448,49.9944,-3.01226,
24/05/2025 01:24:00,554.27,193.077,0,324.649,0.65,0,76.2565,32.8643,109.121,50.034,-3.00532,
24/05/2025 01:25:00,554.261,193.088,0,324.41,0.65,0,60.4269,31.2156,91.6425,49.9944,-3.01226,
24/05/2025 01:26:00,554.245,193.081,0,324.41,0.65,0,53.4349,28.9643,82.3993,49.9917,-3.01226,
24/05/2025 01:27:00,554.208,193.064,0,325.128,0.65,0,55.3865,29.8912,85.2777,50.0055,-3.00532,
24/05/2025 01:28:00,554.232,193.078,0,325.367,0.65,0,53.8528,33.9122,87.765,49.9862,-3.00532,
24/05/2025 01:29:00,554.257,193.073,0,325.128,0.65,0,30.0737,29.4301,59.5037,50.0084,-3.00532,
24/05/2025 01:30:00,554.246,193.061,0,325.128,0.65,0,34.4555,25.2537,59.7092,49.9808,-3.0192,
24/05/2025 01:31:00,554.239,193.071,0,325.128,0.65,0,33.2454,25.3008,58.5462,50.0369,-3.00532,
24/05/2025 01:32:00,554.232,193.067,0,324.41,0.65,0,24.7385,27.8019,52.5404,50.0084,-3.00532,
24/05/2025 01:33:00,554.219,193.056,0,324.41,0.65,0,25.9926,24.5123,50.5049,50.0226,-3.00532,
24/05/2025 01:34:00,554.195,193.057,0,324.649,0.65,0,32.0907,22.0281,54.1188,50.0169,-3.00532,
24/05/2025 01:35:00,554.153,193.055,0,325.128,0.65,0,38.0333,25.808,63.8414,49.9998,-3.00532,
24/05/2025 01:36:00,554.192,193.044,0,325.367,0.65,0,48.611,26.4894,75.1004,49.9862,-3.00532,
24/05/2025 01:37:00,544.895,189.827,0,324.889,0.639167,0,48.9856,26.4104,75.396,49.9754,-3.00532,
24/05/2025 01:38:00,554.133,193.049,0,325.367,0.65,0,29.2085,28.1133,57.3218,49.989,-3.00532,
24/05/2025 01:39:00,544.954,189.835,0,325.128,0.639167,0,32.012,28.6151,60.6272,50.0141,-3.01226,
24/05/2025 01:40:00,554.176,193.05,0,324.649,0.65,0,28.0881,29.0884,57.1766,50.0055,-3.00532,
24/05/2025 01:41:00,544.929,189.856,0,324.41,0.639167,0,37.8664,28.9589,66.8252,50.0084,-3.00532,
24/05/2025 01:42:00,554.106,193.036,0,324.41,0.65,0,46.9908,33.7697,80.7605,50.0226,-2.99097,
24/05/2025 01:43:00,554.1,193.02,0,325.367,0.65,0,42.7426,32.9741,75.7168,49.9917,-3.00532,
24/05/2025 01:44:00,554.093,193.02,0,325.367,0.65,0,38.3098,34.4701,72.7798,50.0169,-3.00532,
24/05/2025 01:45:00,554.09,193.032,0,325.367,0.65,0,32.0037,27.1409,59.1446,50.0027,-3.01226,
24/05/2025 01:46:00,544.873,189.817,0,325.367,0.639167,0,23.4497,27.2123,50.662,50.0055,-3.00532,
24/05/2025 01:47:00,544.915,189.814,0,325.607,0.639167,0,27.9903,30.7021,58.6924,50.0027,-3.00532,
24/05/2025 01:48:00,554.099,193.022,0,324.649,0.65,0,36.8096,33.1492,69.9589,49.9808,-3.00532,
24/05/2025 01:49:00,554.116,193.005,0,325.128,0.65,0,17.2766,28.1694,45.446,50.0084,-3.01226,
24/05/2025 01:50:00,554.099,193.016,0,324.649,0.65,0,19.7398,25.1965,44.9363,49.989,-3.0192,
24/05/2025 01:51:00,544.859,189.796,0,325.367,0.639167,0,17.9577,28.2955,46.2532,49.9971,-3.02615,
24/05/2025 01:52:00,554.093,193.006,0,325.367,0.65,0,24.393,27.6149,52.0079,49.9781,-3.02615,
24/05/2025 01:53:00,554.093,193.008,0,325.128,0.65,0,32.8373,33.627,66.4642,49.9835,-3.0192,
24/05/2025 01:54:00,554.09,193.015,0,325.128,0.65,0,23.9522,24.8416,48.7938,49.9998,-3.00532,
24/05/2025 01:55:00,554.09,193.011,0,325.367,0.65,0,19.24,24.3387,43.5788,50.034,-3.01226,
24/05/2025 01:56:00,554.09,192.996,0,324.649,0.65,0,25.312,28.4325,53.7445,49.9591,-3.01226,
24/05/2025 01:57:00,544.855,189.797,0,324.41,0.639167,0,26.2886,24.2527,50.5413,49.9862,-3.01226,
24/05/2025 01:58:00,554.09,192.998,0,324.649,0.65,0,29.22,21.1803,50.4003,50.0141,-3.00532,
24/05/2025 01:59:00,554.09,192.991,0,325.367,0.65,0,30.5267,27.456,57.9827,49.9862,-3.01226,
24/05/2025 02:00:00,554.087,192.994,0,325.367,0.65,0,27.7574,33.2351,60.9925,49.9862,-3.01226,
24/05/2025 02:01:00,554.09,193.005,0,325.128,0.65,0,24.6429,31.0714,55.7143,50.0397,-3.00532,
24/05/2025 02:02:00,554.09,192.988,0,325.128,0.65,0,24.2069,27.2462,51.4531,49.9998,-2.99829,
24/05/2025 02:03:00,554.089,192.994,0,325.128,0.65,0,24.1007,31.0718,55.1725,49.9971,-2.99829,
24/05/2025 02:04:00,554.091,192.993,0,324.649,0.65,0,23.826,27.2608,51.0867,50.0369,-2.99097,
24/05/2025 02:05:00,554.087,192.992,0,324.41,0.65,0,23.1984,27.7418,50.9401,50.0084,-2.99097,
24/05/2025 02:06:00,554.065,192.964,0,324.649,0.65,0,31.1532,25.4553,56.6086,49.9944,-2.99097,
24/05/2025 02:07:00,544.819,189.754,0,325.128,0.639167,0,27.7826,31.29,59.0726,50.0112,-2.99097,
24/05/2025 02:08:00,554.007,192.965,0,325.367,0.65,0,24.011,29.3519,53.3629,50.0084,-2.99829,
24/05/2025 02:09:00,553.984,192.965,0,325.128,0.65,0,9.47742,21.0138,30.4913,49.9781,-3.00532,
24/05/2025 02:10:00,553.988,192.972,0,325.367,0.65,0,10.6186,24.8852,35.5038,50.0483,-2.99829,
24/05/2025 02:11:00,544.77,189.719,0,325.128,0.639167,0,16.797,21.9255,38.7225,49.9917,-3.00532,
24/05/2025 02:12:00,553.997,192.971,0,324.889,0.65,0,21.4589,31.9776,53.4365,49.9808,-3.00532,
24/05/2025 02:13:00,553.996,192.967,0,324.41,0.65,0,18.2078,24.6274,42.8352,50.0112,-3.01226,
24/05/2025 02:14:00,554.02,192.959,0,324.41,0.65,0,20.7777,30.6437,51.4214,49.9835,-3.02615,
24/05/2025 02:15:00,544.803,189.724,0,325.128,0.639167,0,4.5798,15.6468,20.2265,49.9971,-3.02615,
24/05/2025 02:16:00,554.04,192.957,0,325.128,0.65,0,7.48876,20.5368,28.0256,50.0141,-3.0192,
24/05/2025 02:17:00,554.031,192.949,0,325.128,0.65,0,5.61649,21.6121,27.2286,50.0426,-3.0192,
24/05/2025 02:18:00,553.956,192.955,0,325.607,0.65,0,6.05957,22.8724,28.9319,49.9944,-3.01226,
24/05/2025 02:19:00,554.03,192.94,0,325.367,0.65,0,16.14,26.8634,43.0034,49.9971,-3.00532,
24/05/2025 02:20:00,554.035,192.938,0,324.41,0.65,0,14.6039,26.7911,41.3951,49.9835,-3.00532,
24/05/2025 02:21:00,554.003,192.94,0,324.41,0.65,0,13.8916,24.9568,38.8484,50.0055,-3.01226,
24/05/2025 02:22:00,554.036,192.948,0,324.649,0.65,0,8.00056,23.1642,31.1647,49.9917,-3.02615,
24/05/2025 02:23:00,553.995,192.939,0,325.128,0.65,0,2.93427,22.1034,25.0377,50.0255,-3.02615,
24/05/2025 02:24:00,553.968,192.938,0,325.128,0.65,0,1.07317,17.3603,18.4335,50.0255,-3.0192,
24/05/2025 02:25:00,554.016,192.919,0,325.128,0.65,0,-1.166,11.2617,10.0957,50.0226,-3.02615,
24/05/2025 02:26:00,553.989,192.931,0,325.367,0.65,0,-1.38757,9.63857,8.251,50.0084,-3.0192,
24/05/2025 02:27:00,553.919,192.901,0,325.128,0.65,0,-0.441087,8.98297,8.54189,49.989,-3.01226,
24/05/2025 02:28:00,553.982,192.906,0,324.41,0.65,0,-0.158122,9.92986,9.77174,50.0055,-3.02615,
24/05/2025 02:29:00,553.92,192.911,0,324.649,0.65,0,3.13019,12.3729,15.5031,50.0084,-3.02615,
24/05/2025 02:30:00,553.918,192.918,0,324.649,0.65,0,3.43548,14.7834,18.2189,49.9971,-3.02615,
24/05/2025 02:31:00,553.909,192.934,0,325.128,0.65,0,8.2536,18.3132,26.5668,49.9917,-3.0331,
24/05/2025 02:32:00,553.9,192.916,0,325.607,0.65,0,12.4664,17.9725,30.439,49.9971,-3.0331,
24/05/2025 02:33:00,553.9,192.896,0,325.367,0.65,0,15.4269,22.387,37.8139,50.0027,-3.0331,
24/05/2025 02:34:00,553.909,192.9,0,325.367,0.65,0,13.9788,26.7805,40.7593,49.989,-3.0192,
24/05/2025 02:35:00,553.904,192.885,0,325.128,0.65,0,19.2026,25.8316,45.0341,50.0027,-3.02615,
24/05/2025 02:36:00,553.903,192.901,0,324.649,0.65,0,8.64469,25.217,33.8617,50.0055,-3.0192,
24/05/2025 02:37:00,553.901,192.888,0,324.41,0.65,0,13.0447,25.9519,38.9966,49.9917,-3.01226,
24/05/2025 02:38:00,553.901,192.89,0,324.649,0.65,0,11.1846,22.5095,33.6942,50.0226,-3.01226,
24/05/2025 02:39:00,553.897,192.899,0,325.128,0.65,0,10.9215,25.4283,36.3498,49.9781,-3.01226,
24/05/2025 02:40:00,553.897,192.876,0,325.367,0.65,0,13.1379,25.102,38.2398,49.9917,-3.01226,
24/05/2025 02:41:00,553.897,192.863,0,325.128,0.65,0,11.7034,21.5967,33.3001,49.9862,-3.01226,
24/05/2025 02:42:00,553.897,192.894,0,325.128,0.65,0,9.01844,21.6787,30.6971,49.9808,-3.0192,
24/05/2025 02:43:00,553.906,192.868,0,325.367,0.65,0,15.6186,27.3883,43.0069,50.0226,-3.01226,
24/05/2025 02:44:00,553.897,192.893,0,325.367,0.65,0,17.3088,25.8872,43.1959,50.0169,-3.01226,
24/05/2025 02:45:00,553.915,192.901,0,325.128,0.65,0,14.4981,25.1166,39.6147,50.0169,-3.01226,
24/05/2025 02:46:00,553.907,192.886,0,324.649,0.65,0,13.479,20.108,33.587,50.0169,-3.01226,
24/05/2025 02:47:00,553.903,192.873,0,324.889,0.65,0,8.9922,23.9791,32.9712,50.0027,-3.0192,
24/05/2025 02:48:00,553.909,192.881,0,324.41,0.65,0,11.7131,19.975,31.6881,49.989,-3.01226,
24/05/2025 02:49:00,553.916,192.879,0,325.128,0.65,0,6.79563,14.4049,21.2005,50.0112,-3.01226,
24/05/2025 02:50:00,553.909,192.886,0,325.128,0.65,0,7.851,20.541,28.392,49.989,-3.00532,
24/05/2025 02:51:00,553.941,192.89,0,325.128,0.65,0,9.58913,16.3743,25.9635,49.9808,-2.99829,
24/05/2025 02:52:00,553.928,192.889,0,324.41,0.65,0,7.81896,18.1616,25.9806,49.9862,-2.99097,
24/05/2025 02:53:00,553.943,192.898,0,324.41,0.65,0,10.5889,23.9976,34.5865,49.989,-2.99829,
24/05/2025 02:54:00,553.979,192.889,0,324.649,0.65,0,11.2602,16.6884,27.9486,50.0027,-2.99829,
24/05/2025 02:55:00,554,192.885,0,324.41,0.65,0,9.28098,26.6205,35.9015,50.0112,-2.98366,
24/05/2025 02:56:00,553.982,192.883,0,324.889,0.65,0,10.0881,18.792,28.8801,49.9727,-2.99097,
24/05/2025 02:57:00,553.984,192.89,0,324.889,0.65,0,7.46664,20.5989,28.0656,49.989,-2.99097,
24/05/2025 02:58:00,553.941,192.894,0,325.367,0.65,0,7.26097,15.1812,22.4422,49.9971,-2.99097,
24/05/2025 02:59:00,553.929,192.91,0,325.128,0.65,0,3.11229,14.6159,17.7281,50.0312,-2.98366,
24/05/2025 03:00:00,553.913,192.887,0,325.367,0.65,0,6.11611,14.347,20.4631,49.9835,-2.98366,
24/05/2025 03:01:00,553.927,192.876,0,325.607,0.65,0,7.17037,10.818,17.9883,50.0169,-2.99097,
24/05/2025 03:02:00,553.897,192.857,0,325.128,0.65,0,7.27198,11.1658,18.4377,50.0283,-2.99829,
24/05/2025 03:03:00,553.9,192.866,0,324.41,0.65,0,4.74005,6.61293,11.353,49.9754,-2.99829,
24/05/2025 03:04:00,553.897,192.866,0,324.649,0.65,0,5.51071,13.2116,18.7223,50.0169,-2.99829,
24/05/2025 03:05:00,553.9,192.871,0,325.128,0.65,0,6.20499,17.664,23.8689,50.0084,-2.99829,
24/05/2025 03:06:00,553.897,192.872,0,325.367,0.65,0,9.69643,23.4385,33.1349,50.0226,-2.99829,
24/05/2025 03:07:00,553.903,192.866,0,325.128,0.65,0,9.53902,23.6833,33.2223,50.0112,-2.99829,
24/05/2025 03:08:00,553.897,192.868,0,325.128,0.65,0,6.46321,18.0927,24.5559,50.0027,-3.00532,
24/05/2025 03:09:00,553.897,192.871,0,325.128,0.65,0,10.0953,14.5566,24.652,50.0226,-2.99829,
24/05/2025 03:10:00,544.665,189.648,0,324.889,0.639167,0,9.41814,19.8111,29.2293,50.0226,-3.00532,
24/05/2025 03:11:00,553.897,192.856,0,324.41,0.65,0,6.99568,20.3038,27.2994,50.0112,-3.00532,
24/05/2025 03:12:00,507.739,176.766,0,324.649,0.595833,0,7.24627,16.4833,23.7296,50.0454,-2.99829,
24/05/2025 03:13:00,424.654,147.848,0,325.128,0.498333,0,4.96462,8.07286,13.0375,49.9808,-2.99829,
24/05/2025 03:14:00,470.812,163.903,0,325.367,0.5525,0,1.57043,3.86843,5.43887,49.9998,-2.99829,
24/05/2025 03:15:00,101.548,35.338,0,325.128,0.119167,0,4.18135,9.83318,14.0145,49.9781,-2.99829,
24/05/2025 03:16:00,369.265,128.56,0,325.367,0.433333,0,10.8527,3.62163,14.4743,49.9727,-2.99829,
24/05/2025 03:17:00,350.797,122.114,0,325.367,0.411667,0,4.04018,8.22856,12.2688,49.989,-3.00532,
24/05/2025 03:18:00,433.881,151.098,0,324.889,0.509167,0,3.48908,7.03527,10.5243,49.9835,-2.99097,
24/05/2025 03:19:00,304.615,106.062,0,324.649,0.368333,0,6.33241,0.65587,6.98827,49.9971,-2.99097,
24/05/2025 03:20:00,424.654,147.819,0,324.889,0.4875,0,2.2167,4.26148,6.47818,49.989,-2.99097,
24/05/2025 03:21:00,424.654,147.837,0,324.889,0.498333,0,9.87871,13.8892,23.7679,49.9917,-2.99829,
24/05/2025 03:22:00,396.957,138.214,0,325.367,0.476667,0,7.53452,9.1127,16.6472,49.9917,-3.00532,
24/05/2025 03:23:00,332.338,115.706,0,325.128,0.379167,0,2.76457,8.61398,11.3786,49.9835,-3.00532,
24/05/2025 03:24:00,415.423,144.632,0,325.607,0.498333,0,2.2545,9.23275,11.4873,49.9808,-2.99829,
24/05/2025 03:25:00,286.18,99.6452,0,325.367,0.325,0,5.92654,11.2805,17.2071,50.0226,-2.99829,
24/05/2025 03:26:00,313.829,109.246,0,324.889,0.379167,0,3.65613,10.6123,14.2684,49.9862,-2.99829,
24/05/2025 03:27:00,295.412,102.848,0,324.17,0.346667,0,6.26574,16.7252,22.9909,50.0169,-3.00532,
24/05/2025 03:28:00,295.402,102.85,0,324.649,0.335833,0,9.81773,18.2522,28.0699,49.9781,-2.99829,
24/05/2025 03:29:00,313.826,109.278,0,324.889,0.379167,0,14.1102,18.5262,32.6364,50.0055,-2.99097,
24/05/2025 03:30:00,313.857,109.271,0,325.367,0.3575,0,10.005,22.827,32.832,49.9835,-2.99829,
24/05/2025 03:31:00,424.624,147.848,0,325.128,0.509167,0,10.7232,21.4324,32.1556,50.0226,-2.99097,
24/05/2025 03:32:00,424.651,147.836,0,325.367,0.498333,0,6.05537,16.826,22.8814,49.9618,-2.99829,
24/05/2025 03:33:00,369.251,128.556,0,325.128,0.4225,0,3.4278,12.1216,15.5494,49.9917,-3.00532,
24/05/2025 03:34:00,286.18,99.6028,0,324.649,0.346667,0,6.7974,20.8909,27.6883,49.9862,-3.00532,
24/05/2025 03:35:00,304.643,106.064,0,324.41,0.3575,0,8.77563,12.0743,20.85,50.0454,-2.99829,
24/05/2025 03:36:00,258.47,90.007,0,324.649,0.2925,0,4.7755,15.2301,20.0056,50.0055,-3.00532,
24/05/2025 03:37:00,480.016,167.093,0,324.889,0.563333,0,3.06091,5.29739,8.35829,50.0169,-2.99829,
24/05/2025 03:38:00,341.546,118.917,0,325.367,0.400833,0,4.19134,9.55237,13.7437,49.9781,-2.99097,
24/05/2025 03:39:00,489.263,170.314,0,324.889,0.585,0,5.29369,13.3919,18.6856,50.0141,-2.99097,
24/05/2025 03:40:00,452.338,157.476,0,325.607,0.52,0,5.13975,8.75482,13.8946,49.9699,-2.99829,
24/05/2025 03:41:00,350.792,122.124,0,325.128,0.411667,0,5.04517,9.73011,14.7753,50.0255,-2.99829,
24/05/2025 03:42:00,406.188,141.403,0,325.128,0.476667,0,5.49441,15.8084,21.3028,50.0198,-2.99829,
24/05/2025 03:43:00,350.799,122.13,0,324.41,0.411667,0,4.79471,11.4722,16.2669,50.0112,-2.99829,
24/05/2025 03:44:00,369.259,128.508,0,324.649,0.433333,0,7.17216,10.3793,17.5515,49.9645,-2.99829,
24/05/2025 03:45:00,498.494,173.531,0,324.889,0.585,0,6.83712,14.0228,20.8599,50.0226,-2.99097,
24/05/2025 03:46:00,489.239,170.304,0,325.128,0.574167,0,10.8933,15.6722,26.5655,49.9917,-3.00532,
24/05/2025 03:47:00,470.783,163.894,0,325.367,0.5525,0,9.87584,15.5034,25.3792,50.0312,-3.01226,
24/05/2025 03:48:00,387.679,134.945,0,324.889,0.455,0,5.86597,17.0107,22.8767,49.9971,-3.01226,
24/05/2025 03:49:00,433.814,151.036,0,325.128,0.509167,0,5.84549,16.9308,22.7763,49.9971,-3.01226,
24/05/2025 03:50:00,479.937,167.093,0,324.649,0.563333,0,7.4985,14.6581,22.1566,49.9971,-3.0192,
24/05/2025 03:51:00,461.516,160.658,0,324.41,0.5525,0,11.2258,14.1373,25.3631,49.9672,-3.0192,
24/05/2025 03:52:00,415.282,144.582,0,324.649,0.4875,0,7.95715,5.97294,13.9301,49.9645,-3.02615,
24/05/2025 03:53:00,378.369,131.74,0,324.889,0.444167,0,3.32271,8.0364,11.3591,49.9862,-3.0192,
24/05/2025 03:54:00,535.267,186.371,0,325.607,0.628333,0,2.99098,13.5491,16.5401,49.9862,-3.0331,
24/05/2025 03:55:00,535.247,186.35,0,325.128,0.628333,0,9.74068,14.2881,24.0287,50.0055,-3.0192,
24/05/2025 03:56:00,535.308,186.32,0,325.367,0.628333,0,11.1005,18.2326,29.333,49.9971,-3.0192,
24/05/2025 03:57:00,526.019,183.145,0,325.128,0.6175,0,9.56759,20.449,30.0166,50.0027,-3.01226,
24/05/2025 03:58:00,553.705,192.78,0,324.889,0.65,0,9.39897,11.7826,21.1816,50.0055,-3.01226,
24/05/2025 03:59:00,553.704,192.761,0,324.41,0.65,0,5.04872,9.07919,14.1279,49.9808,-3.0192,
24/05/2025 04:00:00,553.704,192.765,0,324.889,0.65,0,5.37066,10.1451,15.5157,50.0112,-3.01226,
24/05/2025 04:01:00,553.712,192.763,0,324.649,0.65,0,6.14823,11.817,17.9652,49.9917,-3.0192,
24/05/2025 04:02:00,553.724,192.775,0,325.367,0.65,0,5.3772,8.74966,14.1269,49.9672,-3.0192,
24/05/2025 04:03:00,553.715,192.772,0,325.367,0.65,0,6.19076,12.7896,18.9804,50.0084,-3.01226,
24/05/2025 04:04:00,544.508,189.554,0,325.128,0.65,0,4.93858,9.7799,14.7185,49.9917,-3.01226,
24/05/2025 04:05:00,544.499,189.583,0,325.367,0.628333,0,2.23616,8.44027,10.6764,49.9835,-3.01226,
24/05/2025 04:06:00,553.716,192.76,0,324.649,0.65,0,4.47069,10.4057,14.8764,49.9917,-3.01226,
24/05/2025 04:07:00,544.475,189.523,0,324.41,0.639167,0,6.10731,7.9543,14.0616,49.989,-3.01226,
24/05/2025 04:08:00,553.703,192.764,0,324.649,0.65,0,4.74975,8.38528,13.135,49.9808,-3.0192,
24/05/2025 04:09:00,553.703,192.751,0,325.128,0.65,0,5.14091,7.46645,12.6074,49.9862,-3.01226,
24/05/2025 04:10:00,553.706,192.75,0,325.367,0.65,0,4.59919,13.05,17.6492,49.9998,-2.99829,
24/05/2025 04:11:00,553.703,192.756,0,325.128,0.65,0,3.65946,11.1723,14.8318,49.9917,-3.01226,
24/05/2025 04:12:00,553.703,192.744,0,325.367,0.65,0,1.12779,4.87561,6.0034,49.9835,-2.99829,
24/05/2025 04:13:00,553.703,192.744,0,325.367,0.65,0,1.72005,6.0152,7.73526,50.0027,-2.99097,
24/05/2025 04:14:00,553.694,192.75,0,324.649,0.65,0,6.08593,9.51027,15.5962,49.9835,-2.99829,
24/05/2025 04:15:00,553.696,192.746,0,324.649,0.65,0,5.92838,5.1712,11.0996,49.9781,-2.99829,
24/05/2025 04:16:00,516.784,179.871,0,324.649,0.606667,0,6.66213,8.99638,15.6585,50.0084,-2.99829,
24/05/2025 04:17:00,535.244,186.301,0,325.128,0.628333,0,10.721,6.86704,17.5881,49.9862,-2.99829,
24/05/2025 04:18:00,526.018,183.077,0,325.607,0.628333,0,9.31502,7.36557,16.6806,49.9781,-2.99829,
24/05/2025 04:19:00,498.333,173.466,0,325.367,0.574167,0,7.35046,8.85551,16.206,49.989,-3.01226,
24/05/2025 04:20:00,516.787,179.891,0,325.367,0.606667,0,7.19652,10.8735,18.07,50.0198,-3.02615,
24/05/2025 04:21:00,526.015,183.095,0,325.367,0.6175,0,5.41711,18.1914,23.6085,49.9645,-3.0192,
24/05/2025 04:22:00,516.789,179.882,0,324.649,0.606667,0,6.1258,16.1549,22.2807,50.0084,-3.0192,
24/05/2025 04:23:00,526.018,183.066,0,324.41,0.6175,0,4.5873,13.062,17.6493,49.9862,-3.0192,
24/05/2025 04:24:00,535.246,186.285,0,324.649,0.628333,0,3.63514,15.2375,18.8726,50.0084,-3.0192,
24/05/2025 04:25:00,553.7,192.716,0,324.889,0.65,0,6.19465,13.3683,19.563,49.9998,-3.01226,
24/05/2025 04:26:00,553.697,192.711,0,325.367,0.65,0,4.91147,12.3431,17.2546,50.0198,-3.01226,
24/05/2025 04:27:00,553.693,192.725,0,325.128,0.65,0,6.18904,10.492,16.681,49.9917,-3.0192,
24/05/2025 04:28:00,553.697,192.72,0,325.367,0.65,0,3.35015,12.8393,16.1894,50.0112,-3.0192,
24/05/2025 04:29:00,553.703,192.73,0,325.128,0.65,0,0.661292,5.73925,6.40054,49.9862,-3.01226,
24/05/2025 04:30:00,553.7,192.725,0,324.889,0.65,0,3.7856,13.7527,17.5383,49.9971,-3.00532,
24/05/2025 04:31:00,553.703,192.734,0,324.649,0.65,0,4.37604,9.88457,14.2606,50.0283,-2.99829,
24/05/2025 04:32:00,544.473,189.524,0,324.649,0.639167,0,6.07139,11.8459,17.9173,49.9971,-2.99829,
24/05/2025 04:33:00,553.698,192.724,0,324.889,0.65,0,5.36074,16.0958,21.4565,49.9862,-3.01226,
24/05/2025 04:34:00,553.703,192.709,0,325.367,0.65,0,2.08061,8.99711,11.0777,49.989,-2.99829,
24/05/2025 04:35:00,553.703,192.723,0,325.128,0.65,0,3.77158,8.14524,11.9168,50.0283,-3.00532,
24/05/2025 04:36:00,553.7,192.725,0,325.367,0.65,0,1.16968,6.519,7.68867,50.0198,-2.98366,
24/05/2025 04:37:00,553.696,192.736,0,325.607,0.65,0,3.83816,8.34591,12.1841,50.0112,-2.99097,
24/05/2025 04:38:00,553.694,192.717,0,324.649,0.65,0,4.53844,11.0163,15.5547,50.0112,-2.99097,
24/05/2025 04:39:00,553.696,192.715,0,324.41,0.65,0,11.8384,12.6952,24.5336,49.9808,-2.99829,
24/05/2025 04:40:00,553.69,192.709,0,324.649,0.65,0,12.7713,20.5416,33.3129,49.9781,-3.00532,
24/05/2025 04:41:00,553.694,192.708,0,325.128,0.65,0,8.01604,16.6713,24.6873,49.9998,-3.00532,
24/05/2025 04:42:00,553.696,192.716,0,325.367,0.65,0,8.57525,17.0013,25.5765,49.9781,-2.99829,
24/05/2025 04:43:00,553.7,192.704,0,325.128,0.65,0,8.58615,15.2229,23.8091,50.0169,-2.99829,
24/05/2025 04:44:00,553.692,192.713,0,325.367,0.65,0,10.3271,21.8043,32.1314,50.0112,-2.99097,
24/05/2025 04:45:00,553.685,192.703,0,325.367,0.65,0,18.1875,26.065,44.2525,50.0084,-2.99097,
24/05/2025 04:46:00,553.685,192.7,0,324.889,0.65,0,13.367,24.9774,38.3445,50.0084,-2.99829,
24/05/2025 04:47:00,553.7,192.698,0,324.41,0.65,0,18.2398,17.5238,35.7637,49.9998,-2.99829,
24/05/2025 04:48:00,544.474,189.515,0,324.649,0.639167,0,11.6162,19.2617,30.878,49.9754,-3.01226,
24/05/2025 04:49:00,553.693,192.701,0,324.889,0.65,0,8.08466,14.5567,22.6414,50.0084,-3.00532,
24/05/2025 04:50:00,553.701,192.701,0,325.367,0.65,0,5.61448,13.123,18.7374,50.0055,-2.99829,
24/05/2025 04:51:00,553.711,192.706,0,325.128,0.65,0,1.83335,11.8326,13.666,50.0369,-3.00532,
24/05/2025 04:52:00,553.699,192.712,0,325.128,0.65,0,-0.163988,8.98505,8.82107,50.0084,-2.99829,
24/05/2025 04:53:00,553.7,192.688,0,325.367,0.65,0,3.19352,12.4224,15.6159,50.0055,-2.99829,
24/05/2025 04:54:00,553.703,192.696,0,324.889,0.65,0,8.7992,11.0474,19.8466,50.0055,-2.99829,
24/05/2025 04:55:00,553.7,192.704,0,324.649,0.65,0,4.66081,10.6089,15.2697,50.0027,-3.00532,
24/05/2025 04:56:00,553.703,192.697,0,324.41,0.65,0,6.11093,8.16836,14.2793,50.0397,-2.99097,
24/05/2025 04:57:00,553.697,192.696,0,324.889,0.65,0,6.12138,12.8042,18.9256,50.0027,-2.98366,
24/05/2025 04:58:00,553.697,192.695,0,325.367,0.65,0,10.7038,10.1187,20.8225,49.9971,-2.99097,
24/05/2025 04:59:00,553.7,192.701,0,325.128,0.65,0,4.52437,12.1192,16.6436,50.0055,-2.99829,
24/05/2025 05:00:00,553.703,192.688,0,325.367,0.65,0,-0.242108,5.95739,5.71528,49.989,-2.99829,
24/05/2025 05:01:00,553.692,192.68,0,325.128,0.65,0,6.52237,10.9445,17.4669,50.0112,-2.99829,
24/05/2025 05:02:00,553.698,192.685,0,324.889,0.65,0,2.75754,7.19894,9.95646,49.9699,-2.99829,
24/05/2025 05:03:00,544.471,189.471,0,324.41,0.639167,0,1.63225,6.63918,8.27143,50.0055,-2.99829,
24/05/2025 05:04:00,553.695,192.682,0,325.128,0.65,0,-1.53039,4.62124,3.09085,49.9998,-3.00532,
24/05/2025 05:05:00,553.679,192.686,0,324.889,0.65,0,1.23366,5.65167,6.88533,50.0169,-2.99829,
24/05/2025 05:06:00,553.692,192.681,0,325.367,0.65,0,-1.47864,4.80752,3.32888,50.0312,-2.99829,
24/05/2025 05:07:00,553.697,192.686,0,325.367,0.65,0,-1.78242,4.16666,2.38424,49.9862,-3.00532,
24/05/2025 05:08:00,553.69,192.679,0,325.607,0.65,0,-0.432529,5.72344,5.29091,50.0055,-2.99829,
24/05/2025 05:09:00,553.699,192.697,0,325.367,0.65,0,2.26888,8.0534,10.3223,49.9672,-3.00532,
24/05/2025 05:10:00,553.703,192.702,0,324.649,0.65,0,2.99524,8.96304,11.9583,50.034,-2.99829,
24/05/2025 05:11:00,553.703,192.7,0,324.17,0.65,0,5.8548,18.3044,24.1592,49.9862,-2.99829,
24/05/2025 05:12:00,553.703,192.683,0,324.649,0.65,0,1.83353,13.7922,15.6257,49.989,-2.99829,
24/05/2025 05:13:00,553.703,192.689,0,324.889,0.65,0,5.60045,19.133,24.7334,49.9998,-3.00532,
24/05/2025 05:14:00,553.703,192.685,0,325.367,0.65,0,4.74452,11.4454,16.1899,49.989,-3.01226,
24/05/2025 05:15:00,553.703,192.692,0,325.367,0.65,0,2.42626,7.6993,10.1256,50.0055,-3.0192,
24/05/2025 05:16:00,553.703,192.684,0,325.607,0.65,0,1.27623,4.75175,6.02798,50.0084,-3.01226,
24/05/2025 05:17:00,553.706,192.7,0,325.128,0.65,0,1.82021,7.08368,8.90389,50.0255,-3.01226,
24/05/2025 05:18:00,553.706,192.694,0,324.649,0.65,0,1.34901,5.20995,6.55896,49.9971,-2.99829,
24/05/2025 05:19:00,553.703,192.698,0,324.41,0.65,0,1.73131,4.82141,6.55272,49.9998,-3.00532,
24/05/2025 05:20:00,553.703,192.704,0,324.41,0.65,0,4.21087,6.64574,10.8566,50.0084,-3.00532,
24/05/2025 05:21:00,553.706,192.688,0,325.128,0.65,0,3.83873,5.32264,9.16136,49.9672,-3.01226,
24/05/2025 05:22:00,553.738,192.698,0,325.128,0.65,0,2.31963,8.83818,11.1578,49.9808,-3.01226,
24/05/2025 05:23:00,553.735,192.706,0,325.367,0.65,0,-1.02092,1.29466,0.273744,49.989,-3.0192,
24/05/2025 05:24:00,553.721,192.703,0,325.367,0.65,0,0.825532,6.61823,7.44375,49.9917,-3.01226,
24/05/2025 05:25:00,544.503,189.49,0,325.367,0.639167,0,3.38257,13.2308,16.6134,50.0027,-3.01226,
24/05/2025 05:26:00,553.751,192.718,0,324.889,0.65,0,1.82903,6.86321,8.69224,50.0255,-3.01226,
24/05/2025 05:27:00,553.761,192.717,0,324.41,0.65,0,4.19737,8.50122,12.6986,49.9835,-3.01226,
24/05/2025 05:28:00,553.786,192.715,0,324.649,0.65,0,1.64372,11.2191,12.8629,50.0055,-3.01226,
24/05/2025 05:29:00,553.766,192.721,0,324.889,0.65,0,0.652032,4.49127,5.14331,50.0198,-3.00532,
24/05/2025 05:30:00,553.816,192.72,0,325.367,0.65,0,1.87634,3.90553,5.78188,50.0112,-3.00532,
24/05/2025 05:31:00,553.803,192.737,0,325.128,0.65,0,5.21227,11.127,16.3392,50.0055,-2.99097,
24/05/2025 05:32:00,553.804,192.716,0,325.367,0.65,0,3.22111,6.93978,10.1609,49.9971,-2.99829,
24/05/2025 05:33:00,544.573,189.497,0,325.367,0.639167,0,1.69545,7.0624,8.75785,49.9917,-2.99829,
24/05/2025 05:34:00,553.775,192.719,0,324.889,0.65,0,0.932862,10.3068,11.2396,49.989,-2.99829,
24/05/2025 05:35:00,553.782,192.718,0,324.41,0.65,0,3.5061,9.32701,12.8331,49.9944,-2.99829,
24/05/2025 05:36:00,553.839,192.725,0,324.649,0.65,0,3.74669,8.93253,12.6792,49.9808,-2.99097,
24/05/2025 05:37:00,553.798,192.742,0,325.128,0.65,0,6.88397,5.76414,12.6481,50.0198,-2.99097,
24/05/2025 05:38:00,553.74,192.732,0,325.367,0.65,0,8.9594,0.0209879,8.98038,50.0084,-2.99829,
24/05/2025 05:39:00,553.829,192.719,0,325.128,0.65,0,7.56183,14.6724,22.2342,49.9727,-2.99829,
24/05/2025 05:40:00,553.864,192.723,0,325.367,0.65,0,1.90593,8.88533,10.7913,49.9781,-2.99829,
24/05/2025 05:41:00,553.862,192.733,0,325.607,0.65,0,4.9058,9.26667,14.1725,49.9917,-3.01226,
24/05/2025 05:42:00,553.867,192.726,0,324.649,0.65,0,3.84301,7.01055,10.8536,50.0141,-2.99829,
24/05/2025 05:43:00,553.863,192.729,0,324.17,0.65,0,1.16354,7.70697,8.87051,49.9944,-2.99829,
24/05/2025 05:44:00,553.893,192.747,0,324.41,0.65,0,-0.194883,4.97356,4.77866,50.0055,-2.99829,
24/05/2025 05:45:00,553.872,192.729,0,324.889,0.65,0,0.412225,4.18544,4.59766,49.9971,-3.00532,
24/05/2025 05:46:00,553.88,192.719,0,325.367,0.65,0,-0.0594301,4.86684,4.80741,49.9509,-3.01226,
24/05/2025 05:47:00,553.871,192.714,0,324.889,0.65,0,1.74256,8.86877,10.6113,49.9971,-3.0192,
24/05/2025 05:48:00,553.889,192.724,0,325.128,0.65,0,1.4914,7.75698,9.24838,50.0084,-3.01226,
24/05/2025 05:49:00,553.893,192.739,0,325.367,0.65,0,-0.582228,5.02929,4.44707,49.9998,-3.0192,
24/05/2025 05:50:00,553.893,192.753,0,324.889,0.65,0,-1.12005,4.53163,3.41158,49.9862,-3.00532,
24/05/2025 05:51:00,553.896,192.763,0,324.649,0.65,0,0.288099,4.15526,4.44336,50.0255,-3.01226,
24/05/2025 05:52:00,553.9,192.763,0,324.649,0.65,0,-0.387321,4.2608,3.87348,50.0084,-3.00532,
24/05/2025 05:53:00,553.915,192.775,0,325.128,0.65,0,0.229142,5.20145,5.43059,49.9998,-3.01226,
24/05/2025 05:54:00,535.457,186.352,0,325.607,0.628333,0,2.76027,6.41477,9.17505,49.9835,-3.01226,
24/05/2025 05:55:00,544.682,189.533,0,324.889,0.639167,0,1.47694,6.69244,8.16938,50.0084,-3.01226,
24/05/2025 05:56:00,544.684,189.532,0,325.607,0.639167,0,2.01973,9.32955,11.3493,50.0112,-3.0192,
24/05/2025 05:57:00,535.479,186.348,0,325.128,0.639167,0,1.61239,8.94629,10.5587,50.0055,-3.01226,
24/05/2025 05:58:00,553.898,192.745,0,324.889,0.639167,0,2.1291,9.74661,11.8757,49.9971,-3.01226,
24/05/2025 05:59:00,553.9,192.751,0,324.17,0.65,0,2.14445,8.54492,10.6894,49.9699,-3.0192,
24/05/2025 06:00:00,553.899,192.745,0,324.889,0.65,0,3.69095,9.01342,12.7044,49.9944,-3.02615,
24/05/2025 06:01:00,553.925,192.742,0,324.889,0.65,0,3.41398,6.26312,9.67708,49.9944,-3.0192,
24/05/2025 06:02:00,535.514,186.311,0,325.128,0.628333,0,4.87274,10.3094,15.1822,50.0283,-3.02615,
24/05/2025 06:03:00,526.31,183.15,0,325.128,0.6175,0,5.19678,9.18265,14.3794,49.9944,-3.0192,
24/05/2025 06:04:00,544.766,189.57,0,325.367,0.639167,0,4.75047,10.0034,14.7539,49.9781,-3.0192,
24/05/2025 06:05:00,535.581,186.374,0,325.367,0.628333,0,3.80601,7.64085,11.4468,49.9862,-3.0192,
24/05/2025 06:06:00,544.822,189.565,0,324.649,0.639167,0,2.0394,3.15099,5.1904,49.9998,-3.00532,
24/05/2025 06:07:00,535.565,186.324,0,324.649,0.628333,0,0.977523,3.54243,4.51995,49.9862,-3.00532,
24/05/2025 06:08:00,535.535,186.349,0,324.649,0.628333,0,1.65667,13.4433,15.1,50.0027,-3.01226,
24/05/2025 06:09:00,544.785,189.57,0,325.128,0.639167,0,5.53485,6.49514,12.03,50.0027,-3.01226,
24/05/2025 06:10:00,544.83,189.575,0,325.367,0.639167,0,1.9678,6.20463,8.17244,50.0141,-3.00532,
24/05/2025 06:11:00,554.038,192.784,0,325.128,0.65,0,5.94436,7.365,13.3094,50.0055,-3.00532,
24/05/2025 06:12:00,544.779,189.551,0,325.367,0.639167,0,2.58908,9.66375,12.2528,49.9808,-3.00532,
24/05/2025 06:13:00,554.062,192.79,0,325.367,0.65,0,3.28667,9.48683,12.7735,49.9862,-3.00532,
24/05/2025 06:14:00,489.441,170.295,0,324.649,0.574167,0,1.51173,5.16286,6.67459,49.9971,-3.01226,
24/05/2025 06:15:00,535.6,186.346,0,324.649,0.628333,0,2.60721,4.0715,6.6787,50.0112,-3.00532,
24/05/2025 06:16:00,544.851,189.546,0,324.649,0.639167,0,2.70773,8.21337,10.9211,50.0141,-2.99829,
24/05/2025 06:17:00,554.09,192.788,0,324.889,0.65,0,1.95568,1.94544,3.90112,49.989,-2.99097,
24/05/2025 06:18:00,554.09,192.786,0,325.367,0.65,0,0.31552,4.67322,4.98874,49.9944,-2.99097,
24/05/2025 06:19:00,554.081,192.772,0,325.128,0.65,0,6.08856,2.7703,8.85888,50.0198,-2.99097,
24/05/2025 06:20:00,554.08,192.772,0,325.367,0.65,0,-0.204083,3.27133,3.06725,50.0027,-2.99097,
24/05/2025 06:21:00,554.073,192.775,0,325.128,0.65,0,2.61704,6.55837,9.17541,49.9699,-2.99829,
24/05/2025 06:22:00,517.145,179.931,0,324.889,0.606667,0,2.92947,8.56815,11.4976,49.9509,-2.99829,
24/05/2025 06:23:00,554.087,192.781,0,324.649,0.65,0,4.39906,11.2549,15.6539,49.9781,-3.00532,
24/05/2025 06:24:00,554.09,192.792,0,324.649,0.65,0,-0.077284,3.96316,3.88587,50.0141,-2.99097,
24/05/2025 06:25:00,544.854,189.582,0,325.128,0.639167,0,1.0844,2.03315,3.11755,49.9917,-2.99829,
24/05/2025 06:26:00,544.855,189.598,0,325.367,0.639167,0,0.604794,1.6476,2.25239,50.0027,-2.99829,
24/05/2025 06:27:00,544.852,189.603,0,324.889,0.639167,0,0.515216,2.26814,2.78335,49.9754,-2.99829,
24/05/2025 06:28:00,526.383,183.106,0,325.367,0.6175,0,2.09916,5.54057,7.63974,49.9998,-3.00532,
24/05/2025 06:29:00,544.855,189.566,0,325.367,0.639167,0,2.05308,3.22072,5.2738,49.9998,-3.00532,
24/05/2025 06:30:00,517.151,179.945,0,324.889,0.606667,0,-0.0812313,4.38599,4.30476,50.0112,-3.00532,
24/05/2025 06:31:00,554.09,192.79,0,324.41,0.65,0,0.795822,6.86441,7.66022,50.0141,-2.99097,
24/05/2025 06:32:00,554.09,192.791,0,324.649,0.65,0,2.8482,8.39407,11.2423,50.0055,-2.99097,
24/05/2025 06:33:00,554.087,192.788,0,325.128,0.65,0,4.43562,9.39534,13.8309,50.0198,-3.00532,
24/05/2025 06:34:00,554.09,192.797,0,325.128,0.65,0,1.22614,7.41341,8.63955,50.0312,-3.00532,
24/05/2025 06:35:00,554.09,192.79,0,325.128,0.65,0,1.63433,7.50242,9.13673,50.0027,-3.01226,
24/05/2025 06:36:00,554.094,192.792,0,325.607,0.65,0,1.24929,7.29847,8.54777,49.9346,-3.0192,
24/05/2025 06:37:00,554.092,192.803,0,325.367,0.65,0,2.94546,7.78531,10.7308,49.9998,-3.0192,
24/05/2025 06:38:00,554.09,192.81,0,324.889,0.65,0,0.199947,7.48685,7.6868,49.9618,-3.0192,
24/05/2025 06:39:00,554.109,192.817,0,324.649,0.65,0,2.80876,9.62264,12.4314,49.9808,-3.01226,
24/05/2025 06:40:00,554.113,192.794,0,324.649,0.65,0,-0.13408,5.95146,5.81738,50.0226,-3.01226,
24/05/2025 06:41:00,554.094,192.801,0,324.649,0.65,0,5.21288,5.94806,11.1609,49.9917,-3.0192,
24/05/2025 06:42:00,554.107,192.801,0,325.367,0.65,0,2.46536,10.1033,12.5687,49.9781,-3.0192,
24/05/2025 06:43:00,554.096,192.78,0,325.128,0.65,0,3.3493,8.04291,11.3922,50.0141,-3.0192,
24/05/2025 06:44:00,554.108,192.788,0,325.128,0.65,0,1.66775,6.0679,7.73564,49.9835,-3.0192,
24/05/2025 06:45:00,554.118,192.802,0,325.367,0.65,0,0.0244274,2.90166,2.92608,49.9699,-3.01226,
24/05/2025 06:46:00,554.121,192.803,0,324.649,0.65,0,2.1683,4.7981,6.9664,49.9808,-3.01226,
24/05/2025 06:47:00,554.147,192.795,0,324.41,0.65,0,5.49408,6.49267,11.9868,50.0483,-3.00532,
24/05/2025 06:48:00,554.114,192.781,0,324.889,0.65,0,3.75702,8.6365,12.3935,50.0112,-3.01226,
24/05/2025 06:49:00,554.129,192.78,0,324.889,0.65,0,4.26677,7.46453,11.7313,50.0255,-3.01226,
24/05/2025 06:50:00,554.148,192.791,0,325.128,0.65,0,2.20809,6.71547,8.92356,49.9862,-3.01226,
24/05/2025 06:51:00,554.17,192.783,0,325.128,0.65,0,0.574158,9.95921,10.5334,50.0112,-3.01226,
24/05/2025 06:52:00,554.134,192.798,0,325.607,0.65,0,0.846229,9.81456,10.6608,49.9998,-3.01226,
24/05/2025 06:53:00,554.144,192.799,0,325.367,0.65,0,2.91601,9.05313,11.9691,50.0027,-3.00532,
24/05/2025 06:54:00,554.148,192.778,0,324.889,0.65,0,0.762579,4.11479,4.87737,50.0055,-3.00532,
24/05/2025 06:55:00,554.111,192.784,0,324.649,0.65,0,0.289171,4.72891,5.01808,50.0426,-3.00532,
24/05/2025 06:56:00,554.1,192.772,0,324.649,0.65,0,1.38108,5.01148,6.39256,49.9672,-3.0192,
24/05/2025 06:57:00,554.1,192.794,0,325.128,0.65,0,1.55786,5.00026,6.55812,49.9672,-3.0192,
24/05/2025 06:58:00,554.105,192.78,0,325.367,0.65,0,3.37965,10.511,13.8907,50.0112,-2.99829,
24/05/2025 06:59:00,554.149,192.786,0,324.889,0.65,0,3.68123,11.0536,14.7348,49.9808,-2.99829,
24/05/2025 07:00:00,554.127,192.784,0,325.367,0.65,0,4.72804,14.6346,19.3626,49.9835,-2.99829,
24/05/2025 07:01:00,554.1,192.802,0,325.367,0.65,0,14.0104,15.6828,29.6932,49.9971,-2.99097,
24/05/2025 07:02:00,554.1,192.786,0,324.649,0.65,0,3.55408,12.5182,16.0723,49.9971,-2.99097,
24/05/2025 07:03:00,544.92,189.557,0,324.41,0.639167,0,4.70524,13.8201,18.5253,49.9998,-2.98366,
24/05/2025 07:04:00,554.171,192.808,0,324.649,0.65,0,5.32197,13.475,18.797,50.0112,-2.99097,
24/05/2025 07:05:00,554.175,192.791,0,324.889,0.65,0,4.11936,15.2689,19.3883,50.0141,-2.99097,
24/05/2025 07:06:00,554.234,192.806,0,325.607,0.65,0,7.02233,13.9725,20.9949,49.9781,-2.99097,
24/05/2025 07:07:00,554.261,192.805,0,325.367,0.65,0,9.98735,17.0438,27.0312,49.989,-2.99097,
24/05/2025 07:08:00,554.256,192.799,0,325.607,0.65,0,6.91503,11.7001,18.6151,50.0283,-2.99097,
24/05/2025 07:09:00,554.249,192.802,0,325.607,0.65,0,2.51791,11.7933,14.3112,49.9781,-2.99829,
24/05/2025 07:10:00,554.263,192.8,0,324.889,0.65,0,9.61523,22.2313,31.8466,49.9808,-3.00532,
24/05/2025 07:11:00,554.263,192.812,0,324.649,0.65,0,5.60484,12.3227,17.9276,50.0369,-2.99829,
24/05/2025 07:12:00,554.263,192.818,0,324.889,0.65,0,2.86743,12.0079,14.8753,49.9917,-2.99829,
24/05/2025 07:13:00,554.272,192.825,0,324.889,0.65,0,1.50505,13.1865,14.6916,50.0141,-2.99097,
24/05/2025 07:14:00,554.275,192.816,0,325.367,0.65,0,2.76389,17.7388,20.5027,50.0055,-2.99097,
24/05/2025 07:15:00,554.274,192.811,0,324.889,0.65,0,2.47223,11.8831,14.3553,50.0426,-2.99829,
24/05/2025 07:16:00,554.279,192.808,0,325.607,0.65,0,2.29671,9.26005,11.5567,49.9998,-2.99829,
24/05/2025 07:17:00,554.28,192.823,0,325.367,0.65,0,0.434987,11.4536,11.8886,49.9862,-3.00532,
24/05/2025 07:18:00,554.282,192.819,0,324.889,0.65,0,1.77203,11.8073,13.5794,50.0112,-3.00532,
24/05/2025 07:19:00,554.28,192.823,0,324.41,0.65,0,3.08812,10.1903,13.2784,49.9862,-3.00532,
24/05/2025 07:20:00,554.283,192.839,0,324.889,0.65,0,2.04348,11.3612,13.4046,50.0112,-2.99829,
24/05/2025 07:21:00,554.28,192.825,0,324.649,0.65,0,5.09027,17.8993,22.9895,50.0027,-2.99829,
24/05/2025 07:22:00,554.283,192.823,0,325.128,0.65,0,3.13559,11.5144,14.65,49.9699,-2.99829,
24/05/2025 07:23:00,554.28,192.815,0,325.128,0.65,0,1.21865,14.6007,15.8193,50.0141,-2.99829,
24/05/2025 07:24:00,554.28,192.824,0,325.367,0.65,0,4.25251,4.90145,9.15396,49.9944,-2.99829,
24/05/2025 07:25:00,554.283,192.826,0,325.128,0.65,0,3.83809,10.132,13.9701,50.0141,-2.99829,
24/05/2025 07:26:00,554.283,192.835,0,324.649,0.65,0,4.04426,11.6277,15.672,49.9971,-2.99829,
24/05/2025 07:27:00,554.275,192.83,0,324.41,0.65,0,10.299,12.0702,22.3692,49.9917,-2.99097,
24/05/2025 07:28:00,554.281,192.821,0,324.649,0.65,0,6.2741,16.2784,22.5525,49.9998,-3.00532,
24/05/2025 07:29:00,554.277,192.816,0,325.128,0.65,0,6.03515,12.0931,18.1282,49.9781,-3.01226,
24/05/2025 07:30:00,554.279,192.812,0,325.367,0.65,0,2.96161,6.42199,9.38361,49.9781,-3.02615,
24/05/2025 07:31:00,554.28,192.818,0,325.367,0.65,0,1.85493,12.1256,13.9806,50.0141,-3.01226,
24/05/2025 07:32:00,554.283,192.83,0,325.367,0.65,0,2.12,8.24205,10.3621,49.9727,-3.01226,
24/05/2025 07:33:00,554.283,192.821,0,325.367,0.65,0,1.4599,5.30829,6.76818,49.9998,-3.00532,
24/05/2025 07:34:00,554.283,192.832,0,324.649,0.65,0,2.11835,7.83819,9.95656,49.9971,-3.00532,
24/05/2025 07:35:00,554.283,192.804,0,324.649,0.65,0,3.87004,7.99255,11.8626,49.9835,-2.99829,
24/05/2025 07:36:00,554.283,192.823,0,324.649,0.65,0,7.15723,5.95149,13.1087,49.9917,-2.99829,
24/05/2025 07:37:00,554.283,192.815,0,325.128,0.65,0,5.78242,3.86867,9.6511,50.0112,-2.99829,
24/05/2025 07:38:00,554.286,192.824,0,325.367,0.65,0,-0.587078,3.58589,2.99881,50.0255,-3.00532,
24/05/2025 07:39:00,554.296,192.831,0,325.128,0.65,0,2.85665,5.91605,8.77269,50.0055,-3.00532,
24/05/2025 07:40:00,554.289,192.838,0,325.128,0.65,0,1.55718,6.56415,8.12134,49.9998,-3.00532,
24/05/2025 07:41:00,554.302,192.83,0,325.367,0.65,0,6.99193,14.4922,21.4841,50.0027,-3.01226,
24/05/2025 07:42:00,554.29,192.827,0,324.649,0.65,0,5.1755,10.0517,15.2272,49.9917,-3.01226,
24/05/2025 07:43:00,554.283,192.818,0,324.649,0.65,0,6.52374,7.06321,13.587,49.9781,-3.01226,
24/05/2025 07:44:00,554.289,192.832,0,324.889,0.65,0,5.77097,14.2056,19.9766,49.9998,-3.0192,
24/05/2025 07:45:00,554.292,192.84,0,325.128,0.65,0,2.73586,8.09333,10.8292,49.989,-3.0192,
24/05/2025 07:46:00,554.317,192.852,0,325.367,0.65,0,1.87985,10.5247,12.4046,49.9944,-3.01226,
24/05/2025 07:47:00,554.376,192.838,0,325.367,0.65,0,4.98746,14.7214,19.7089,49.9971,-3.00532,
24/05/2025 07:48:00,554.343,192.83,0,325.607,0.65,0,6.97247,16.4897,23.4622,50.0112,-3.01226,
24/05/2025 07:49:00,554.362,192.819,0,325.128,0.65,0,3.52078,15.5223,19.0431,49.9998,-3.00532,
24/05/2025 07:50:00,554.367,192.829,0,324.889,0.65,0,1.00707,13.6209,14.6279,49.9808,-3.00532,
24/05/2025 07:51:00,554.401,192.828,0,324.41,0.65,0,1.22942,12.534,13.7635,49.9862,-3.01226,
24/05/2025 07:52:00,554.428,192.836,0,324.649,0.65,0,4.29925,12.5451,16.8444,49.989,-2.99829,
24/05/2025 07:53:00,554.385,192.831,0,325.128,0.65,0,1.23199,10.4014,11.6334,49.9672,-3.01226,
24/05/2025 07:54:00,554.419,192.832,0,325.607,0.65,0,-1.12181,0.850644,-0.271169,50.0226,-2.99829,
24/05/2025 07:55:00,554.451,192.834,0,325.367,0.65,0,3.32978,4.3365,7.66627,49.9781,-2.99829,
24/05/2025 07:56:00,554.437,192.839,0,325.367,0.65,0,3.81568,11.8058,15.6214,50.0198,-2.99829,
24/05/2025 07:57:00,554.461,192.833,0,325.367,0.65,0,3.71241,10.7065,14.4189,50.0112,-3.00532,
24/05/2025 07:58:00,554.441,192.83,0,324.889,0.65,0,2.69984,8.95553,11.6553,50.0283,-3.00532,
24/05/2025 07:59:00,554.445,192.834,0,324.41,0.65,0,2.55746,7.40344,9.96091,50.0141,-2.99829,
24/05/2025 08:00:00,554.41,192.825,0,324.649,0.65,0,2.12382,7.23102,9.35484,49.9971,-2.99097,
24/05/2025 08:01:00,554.435,192.828,0,325.128,0.65,0,2.29568,8.69729,10.993,49.9862,-2.99097,
24/05/2025 08:02:00,554.435,192.832,0,325.607,0.65,0,0.880908,8.50697,9.3879,50.0112,-2.99097,
24/05/2025 08:03:00,554.417,192.834,0,324.889,0.65,0,7.94077,7.40233,15.3431,49.9835,-2.99097,
24/05/2025 08:04:00,554.455,192.827,0,325.607,0.65,0,5.35909,13.5193,18.8784,49.9808,-2.99829,
24/05/2025 08:05:00,554.414,192.839,0,325.128,0.65,0,2.42137,12.5534,14.9748,49.9944,-3.01226,
24/05/2025 08:06:00,554.42,192.829,0,324.649,0.65,0,0.261656,8.05228,8.31393,50.0426,-2.99829,
24/05/2025 08:07:00,554.423,192.851,0,324.649,0.65,0,1.86686,6.39152,8.25838,49.9862,-2.99829,
24/05/2025 08:08:00,554.355,192.828,0,324.649,0.65,0,4.54095,6.05157,10.5925,50.0397,-2.99829,
24/05/2025 08:09:00,554.328,192.805,0,325.128,0.65,0,3.64196,5.55621,9.19817,49.9917,-3.01226,
24/05/2025 08:10:00,554.336,192.805,0,325.128,0.65,0,3.07301,1.27891,4.35193,49.9835,-3.02615,
24/05/2025 08:11:00,554.386,192.804,0,325.128,0.65,0,1.8828,5.26208,7.14488,49.989,-3.02615,
24/05/2025 08:12:00,554.391,192.819,0,325.128,0.65,0,-0.216729,2.35468,2.13795,50.0141,-3.0331,
24/05/2025 08:13:00,554.43,192.817,0,325.367,0.65,0,0.25848,4.97811,5.23658,50.0283,-3.02615,
24/05/2025 08:14:00,554.466,192.819,0,324.649,0.65,0,0.329971,7.57367,7.90363,49.9373,-3.0192,
24/05/2025 08:15:00,554.457,192.814,0,324.649,0.65,0,0.948728,7.22327,8.172,49.9944,-3.01226,
24/05/2025 08:16:00,554.455,192.819,0,324.649,0.65,0,0.717076,6.37464,7.09171,49.9862,-3.0192,
24/05/2025 08:17:00,554.444,192.809,0,324.889,0.65,0,12.8105,15.559,28.3695,49.9835,-3.0192,
24/05/2025 08:18:00,554.425,192.815,0,325.367,0.65,0,18.6956,23.6967,42.3924,49.9998,-3.0331,
24/05/2025 08:19:00,554.438,192.813,0,325.128,0.65,0,16.7013,25.5479,42.2492,49.9862,-3.0331,
24/05/2025 08:20:00,554.454,192.818,0,325.367,0.65,0,11.4431,21.1086,32.5517,49.9998,-3.02615,
24/05/2025 08:21:00,554.46,192.823,0,325.367,0.65,0,8.65035,12.5846,21.235,49.9591,-3.02615,
24/05/2025 08:22:00,554.463,192.81,0,324.889,0.65,0,9.27423,17.5665,26.8407,49.989,-3.01226,
24/05/2025 08:23:00,554.456,192.824,0,324.17,0.65,0,3.4548,14.9312,18.386,49.9862,-3.01226,
24/05/2025 08:24:00,554.459,192.811,0,324.889,0.65,0,8.02924,21.7381,29.7674,50.0141,-3.0192,
24/05/2025 08:25:00,554.456,192.806,0,324.649,0.65,0,7.25969,19.0049,26.2646,49.9835,-3.0331,
24/05/2025 08:26:00,554.476,192.797,0,325.607,0.65,0,8.03912,20.4668,28.5059,49.9754,-3.02615,
24/05/2025 08:27:00,554.47,192.81,0,325.128,0.65,0,10.1189,17.0381,27.157,49.9862,-3.0192,
24/05/2025 08:28:00,554.476,192.822,0,325.607,0.65,0,8.06045,20.8195,28.88,50.0198,-3.01226,
24/05/2025 08:29:00,554.476,192.823,0,325.367,0.65,0,4.93475,15.6305,20.5653,49.9808,-3.00532,
24/05/2025 08:30:00,554.476,192.826,0,324.889,0.65,0,0.37262,9.73853,10.1111,50.0169,-3.00532,
24/05/2025 08:31:00,554.476,192.807,0,324.649,0.65,0,1.48157,4.81902,6.30059,50.0283,-3.01226,
24/05/2025 08:32:00,554.476,192.813,0,324.649,0.65,0,1.44531,8.91427,10.3596,49.9917,-3.01226,
24/05/2025 08:33:00,554.476,192.825,0,324.889,0.65,0,2.50508,9.4221,11.9272,49.9781,-3.01226,
24/05/2025 08:34:00,554.484,192.826,0,325.367,0.65,0,4.90589,14.8825,19.7884,50.0027,-3.00532,
24/05/2025 08:35:00,536.057,186.403,0,325.367,0.628333,0,5.9287,17.2451,23.1738,50.0055,-2.99829,
24/05/2025 08:36:00,554.483,192.827,0,325.367,0.65,0,9.75457,18.4623,28.2169,50.0226,-2.99097,
24/05/2025 08:37:00,554.503,192.827,0,325.367,0.65,0,10.2415,19.3934,29.6349,49.9862,-2.99829,
24/05/2025 08:38:00,554.483,192.819,0,324.889,0.65,0,13.4668,19.9269,33.3937,50.0511,-2.99097,
24/05/2025 08:39:00,545.265,189.611,0,324.41,0.639167,0,9.01554,14.774,23.7896,50.0226,-2.99097,
24/05/2025 08:40:00,545.316,189.59,0,324.649,0.639167,0,0.753466,10.3074,11.0609,49.9998,-3.00532,
24/05/2025 08:41:00,545.323,189.626,0,325.128,0.639167,0,-0.352208,6.94357,6.59135,49.9862,-3.0192,
24/05/2025 08:42:00,554.569,192.842,0,325.607,0.65,0,-0.526376,6.74463,6.21825,49.9455,-3.0192,
24/05/2025 08:43:00,545.335,189.613,0,324.889,0.639167,0,0.158994,8.49026,8.64925,49.9835,-3.04005,
24/05/2025 08:44:00,545.373,189.609,0,325.367,0.639167,0,2.39611,11.4729,13.8691,50.0141,-3.04005,
24/05/2025 08:45:00,499.078,173.525,0,325.367,0.585,0,7.70433,15.2832,22.9875,49.9781,-3.04005,
24/05/2025 08:46:00,545.361,189.577,0,324.889,0.639167,0,10.3202,15.5279,25.848,50.0226,-3.04005,
24/05/2025 08:47:00,554.616,192.821,0,324.17,0.65,0,8.34027,15.5664,23.9067,50.0055,-3.02615,
24/05/2025 08:48:00,554.659,192.834,0,324.649,0.65,0,8.88531,18.0293,26.9146,50.0169,-3.0192,
24/05/2025 08:49:00,554.647,192.826,0,325.128,0.65,0,5.68811,15.1235,20.8116,50.0084,-3.00532,
24/05/2025 08:50:00,545.392,189.603,0,325.367,0.639167,0,3.85477,12.1096,15.9644,50.0084,-3.00532,
24/05/2025 08:51:00,554.62,192.819,0,325.367,0.65,0,7.70203,18.2169,25.9189,49.9998,-3.00532,
24/05/2025 08:52:00,554.619,192.833,0,325.367,0.65,0,11.5039,17.034,28.5378,49.9862,-2.99829,
24/05/2025 08:53:00,554.648,192.839,0,325.367,0.65,0,7.63932,14.9741,22.6135,49.9618,-2.99829,
24/05/2025 08:54:00,554.663,192.849,0,325.128,0.65,0,10.2554,17.1122,27.3676,50.0312,-2.98366,
24/05/2025 08:55:00,554.659,192.842,0,324.41,0.65,0,11.9854,18.8267,30.8121,49.9998,-2.98366,
24/05/2025 08:56:00,554.645,192.826,0,324.649,0.65,0,6.81988,14.6269,21.4468,50.0084,-2.98366,
24/05/2025 08:57:00,554.649,192.837,0,324.889,0.65,0,10.6538,16.8611,27.5149,49.9971,-2.99097,
24/05/2025 08:58:00,554.608,192.838,0,325.367,0.65,0,14.1814,21.5467,35.728,49.9754,-2.99829,
24/05/2025 08:59:00,554.616,192.853,0,325.128,0.65,0,12.6118,20.0122,32.624,50.0169,-2.99097,
24/05/2025 09:00:00,554.602,192.844,0,325.367,0.65,0,11.2806,18.7819,30.0625,50.0483,-2.98366,
24/05/2025 09:01:00,554.662,192.864,0,325.607,0.65,0,8.09733,15.9178,24.0152,49.9944,-2.98366,
24/05/2025 09:02:00,554.652,192.855,0,324.889,0.65,0,7.04822,13.7519,20.8002,49.9998,-2.99097,
24/05/2025 09:03:00,554.6,192.826,0,324.41,0.65,0,8.04507,14.5539,22.599,50.0055,-2.99097,
24/05/2025 09:04:00,554.634,192.837,0,324.649,0.65,0,9.40004,16.1114,25.5114,49.9971,-2.99829,
24/05/2025 09:05:00,554.639,192.844,0,324.889,0.65,0,8.76344,16.117,24.8805,49.9835,-2.99829,
24/05/2025 09:06:00,554.651,192.822,0,325.367,0.65,0,2.99846,11.2936,14.2921,50.0027,-3.00532,
24/05/2025 09:07:00,554.638,192.83,0,325.128,0.65,0,2.28627,10.8948,13.1811,50.0226,-3.00532,
24/05/2025 09:08:00,554.647,192.837,0,325.128,0.65,0,1.89356,10.1947,12.0883,50.0141,-2.99097,
24/05/2025 09:09:00,554.638,192.843,0,325.607,0.65,0,6.35106,14.1397,20.4907,49.9917,-2.98366,
24/05/2025 09:10:00,554.656,192.846,0,324.649,0.65,0,2.04598,7.05931,9.10529,49.9944,-2.99097,
24/05/2025 09:11:00,554.639,192.825,0,324.41,0.65,0,0.601259,4.82338,5.42464,50.0169,-2.98366,
24/05/2025 09:12:00,554.646,192.84,0,324.649,0.65,0,5.28159,6.79367,12.0752,49.9917,-2.99829,
24/05/2025 09:13:00,554.653,192.842,0,324.889,0.65,0,4.51945,20.2682,24.7876,49.9998,-2.98366,
24/05/2025 09:14:00,554.666,192.852,0,325.128,0.65,0,5.4177,9.29027,14.708,49.9944,-2.98366,
24/05/2025 09:15:00,545.419,189.64,0,324.889,0.639167,0,5.71632,7.739,13.4553,50.0112,-2.97636,
24/05/2025 09:16:00,554.67,192.851,0,325.607,0.65,0,7.81549,11.8246,19.6401,49.989,-2.98366,
24/05/2025 09:17:00,545.425,189.645,0,325.367,0.639167,0,8.58462,7.38839,15.973,50.0141,-2.98366,
24/05/2025 09:18:00,526.936,183.17,0,324.889,0.628333,0,9.2051,9.76512,18.9702,49.9971,-2.99097,
24/05/2025 09:19:00,554.666,192.837,0,324.41,0.65,0,5.01345,7.9713,12.9847,50.0141,-2.99829,
24/05/2025 09:20:00,554.669,192.856,0,324.649,0.65,0,4.12222,12.8567,16.9789,50.0255,-2.99097,
24/05/2025 09:21:00,545.425,189.658,0,325.128,0.639167,0,6.82775,20.7285,27.5562,49.9727,-2.98366,
24/05/2025 09:22:00,554.67,192.885,0,325.367,0.65,0,8.07589,9.62427,17.7002,50.0141,-2.98366,
24/05/2025 09:23:00,545.425,189.654,0,325.128,0.639167,0,4.22297,9.79462,14.0176,49.989,-2.98366,
24/05/2025 09:24:00,545.425,189.623,0,325.128,0.639167,0,3.41993,9.62859,13.0485,50.0027,-2.99097,
24/05/2025 09:25:00,545.431,189.646,0,325.367,0.639167,0,11.501,13.9603,25.4613,50.0169,-2.99829,
24/05/2025 09:26:00,554.676,192.867,0,325.128,0.65,0,17.2252,21.6071,38.8322,49.9808,-2.99829,
24/05/2025 09:27:00,545.434,189.661,0,324.41,0.639167,0,11.1259,19.1006,30.2265,50.0055,-2.99829,
24/05/2025 09:28:00,545.438,189.677,0,324.889,0.639167,0,7.18755,13.85,21.0376,49.9808,-2.98366,
24/05/2025 09:29:00,536.215,186.484,0,324.889,0.628333,0,2.74066,8.55161,11.2923,50.0112,-2.98366,
24/05/2025 09:30:00,545.453,189.68,0,325.128,0.639167,0,4.47698,4.69778,9.17476,49.9645,-2.99097,
24/05/2025 09:31:00,545.48,189.653,0,325.128,0.639167,0,9.98428,16.1722,26.1565,49.9917,-2.99097,
24/05/2025 09:32:00,554.711,192.88,0,325.367,0.65,0,11.869,9.62883,21.4979,50.0255,-2.99829,
24/05/2025 09:33:00,545.499,189.665,0,325.367,0.639167,0,10.7269,12.1105,22.8374,50.0055,-3.00532,
24/05/2025 09:34:00,499.237,173.592,0,324.649,0.585,0,12.2621,14.2438,26.506,50.0226,-3.00532,
24/05/2025 09:35:00,545.533,189.674,0,324.41,0.639167,0,8.64815,11.6165,20.2647,50.0568,-2.99097,
24/05/2025 09:36:00,545.509,189.712,0,324.41,0.639167,0,10.6299,18.083,28.713,49.9835,-2.99829,
24/05/2025 09:37:00,545.471,189.691,0,325.128,0.639167,0,9.7902,17.2167,27.0069,50.0055,-2.99829,
24/05/2025 09:38:00,554.743,192.882,0,325.367,0.65,0,9.58828,16.6222,26.2105,49.9699,-2.99829,
24/05/2025 09:39:00,554.708,192.888,0,325.128,0.65,0,10.3039,17.6325,27.9364,49.9917,-3.00532,
24/05/2025 09:40:00,554.684,192.892,0,325.128,0.65,0,12.6393,14.5873,27.2266,50.0141,-3.00532,
24/05/2025 09:41:00,554.695,192.896,0,325.367,0.65,0,8.41184,11.5419,19.9537,50.0255,-2.99829,
24/05/2025 09:42:00,554.708,192.896,0,325.128,0.65,0,8.09614,9.22332,17.3194,50.034,-2.99829,
24/05/2025 09:43:00,554.689,192.893,0,324.889,0.65,0,13.448,15.1564,28.6044,50.034,-2.99829,
24/05/2025 09:44:00,554.68,192.882,0,324.649,0.65,0,14.0729,17.4133,31.4862,50.0055,-3.00532,
24/05/2025 09:45:00,554.674,192.894,0,325.128,0.65,0,7.44056,15.9755,23.4161,50.0112,-3.00532,
24/05/2025 09:46:00,554.675,192.879,0,325.367,0.65,0,9.65702,15.7881,25.4451,49.9971,-3.01226,
24/05/2025 09:47:00,554.679,192.888,0,325.128,0.65,0,13.3799,15.85,29.2299,49.9699,-3.01226,
24/05/2025 09:48:00,554.677,192.875,0,325.367,0.65,0,14.2028,15.7194,29.9221,49.9971,-3.00532,
24/05/2025 09:49:00,554.684,192.887,0,325.128,0.65,0,14.2113,14.171,28.3823,49.9645,-2.99829,
24/05/2025 09:50:00,545.447,189.692,0,324.649,0.639167,0,10.1001,13.6201,23.7202,50.0055,-3.00532,
24/05/2025 09:51:00,554.678,192.888,0,324.41,0.65,0,8.21462,14.5831,22.7978,49.9672,-3.00532,
24/05/2025 09:52:00,526.938,183.226,0,324.889,0.6175,0,8.94123,10.7747,19.7159,50.0169,-3.01226,
24/05/2025 09:53:00,554.691,192.859,0,324.889,0.65,0,10.1238,6.65063,16.7744,50.0198,-3.0192,
24/05/2025 09:54:00,554.676,192.87,0,325.367,0.65,0,8.52261,8.99466,17.5173,49.9808,-3.01226,
24/05/2025 09:55:00,545.464,189.665,0,325.128,0.639167,0,10.3972,12.5174,22.9146,49.9862,-3.01226,
24/05/2025 09:56:00,554.68,192.873,0,325.128,0.65,0,15.5454,15.5398,31.0852,50.0169,-3.00532,
24/05/2025 09:57:00,554.675,192.883,0,325.128,0.65,0,4.51867,8.84672,13.3654,49.9944,-2.99829,
24/05/2025 09:58:00,554.703,192.88,0,324.889,0.65,0,4.77934,9.06423,13.8436,50.0283,-3.00532,
24/05/2025 09:59:00,526.939,183.24,0,324.41,0.6175,0,13.9793,7.00626,20.9855,49.9672,-3.00532,
24/05/2025 10:00:00,545.428,189.654,0,324.41,0.639167,0,5.72676,9.61933,15.3461,49.9754,-3.01226,
24/05/2025 10:01:00,554.679,192.881,0,325.128,0.65,0,8.85122,14.985,23.8362,49.9971,-2.99829,
24/05/2025 10:02:00,554.676,192.891,0,325.128,0.65,0,8.5044,11.5187,20.0231,49.9835,-2.99829,
24/05/2025 10:03:00,554.673,192.886,0,325.128,0.65,0,11.6384,9.01395,20.6524,49.9971,-2.99097,
24/05/2025 10:04:00,554.67,192.875,0,325.367,0.65,0,12.0986,16.9432,29.0418,49.9754,-2.99097,
24/05/2025 10:05:00,554.67,192.887,0,325.367,0.65,0,5.86532,11.3954,17.2607,49.9971,-3.00532,
24/05/2025 10:06:00,554.683,192.862,0,324.889,0.65,0,4.08896,3.25971,7.34866,49.9862,-3.01226,
24/05/2025 10:07:00,554.687,192.878,0,324.649,0.65,0,6.44169,5.8026,12.2443,49.9672,-3.0192,
24/05/2025 10:08:00,554.687,192.888,0,324.889,0.65,0,3.06611,6.77345,9.83956,49.9944,-3.01226,
24/05/2025 10:09:00,554.694,192.889,0,325.128,0.65,0,3.4354,5.78089,9.21628,49.9727,-3.00532,
24/05/2025 10:10:00,554.68,192.889,0,325.607,0.65,0,3.77183,5.54183,9.31365,50.0255,-3.01226,
24/05/2025 10:11:00,554.687,192.883,0,325.128,0.65,0,7.22188,4.85789,12.0798,50.0198,-3.00532,
24/05/2025 10:12:00,554.694,192.88,0,325.367,0.65,0,7.46259,9.8595,17.3221,49.9862,-3.01226,
24/05/2025 10:13:00,554.709,192.881,0,325.367,0.65,0,4.89521,8.53313,13.4283,50.0141,-3.0192,
24/05/2025 10:14:00,554.706,192.882,0,324.889,0.65,0,5.16971,3.3954,8.56511,50.0084,-3.01226,
24/05/2025 10:15:00,554.761,192.904,0,324.649,0.65,0,5.84992,9.79951,15.6494,49.9862,-3.00532,
24/05/2025 10:16:00,554.825,192.902,0,324.649,0.65,0,6.22208,13.9819,20.204,50.0283,-2.99097,
24/05/2025 10:17:00,554.816,192.894,0,324.889,0.65,0,8.28384,11.1291,19.413,50.0369,-2.99829,
24/05/2025 10:18:00,554.819,192.896,0,325.367,0.65,0,2.8224,2.65109,5.47349,50.0084,-3.00532,
24/05/2025 10:19:00,554.803,192.89,0,325.128,0.65,0,1.3218,5.49481,6.81662,49.9971,-3.0192,
24/05/2025 10:20:00,554.744,192.869,0,325.367,0.65,0,4.54066,8.09388,12.6345,49.9917,-3.0192,
24/05/2025 10:21:00,554.737,192.88,0,325.128,0.65,0,7.51587,10.3652,17.8811,49.9808,-3.02615,
24/05/2025 10:22:00,554.768,192.9,0,324.649,0.65,0,3.72477,8.56811,12.2929,49.9944,-3.01226,
24/05/2025 10:23:00,554.816,192.901,0,324.649,0.65,0,4.66012,6.88203,11.5421,49.9699,-3.01226,
24/05/2025 10:24:00,554.788,192.886,0,324.649,0.65,0,4.3807,7.95782,12.3385,50.0112,-3.01226,
24/05/2025 10:25:00,554.75,192.873,0,325.128,0.65,0,6.8382,5.26685,12.1051,50.0283,-3.00532,
24/05/2025 10:26:00,554.808,192.883,0,325.367,0.65,0,9.25513,11.6651,20.9203,50.0141,-3.0192,
24/05/2025 10:27:00,545.54,189.661,0,325.128,0.639167,0,8.12973,11.1794,19.3091,49.9754,-3.02615,
24/05/2025 10:28:00,554.759,192.872,0,325.367,0.65,0,7.66251,9.43623,17.0987,49.9944,-3.02615,
24/05/2025 10:29:00,554.741,192.869,0,325.128,0.65,0,5.31543,9.10785,14.4233,50.0027,-3.0192,
24/05/2025 10:30:00,554.716,192.897,0,325.128,0.65,0,9.90464,15.7683,25.673,50.0084,-3.00532,
24/05/2025 10:31:00,554.732,192.883,0,324.17,0.65,0,9.19939,14.267,23.4664,49.9754,-2.99829,
24/05/2025 10:32:00,545.482,189.668,0,324.649,0.639167,0,12.1746,6.79206,18.9667,49.9971,-3.00532,
24/05/2025 10:33:00,554.758,192.875,0,324.889,0.65,0,10.3252,11.5601,21.8854,49.989,-3.01226,
24/05/2025 10:34:00,554.772,192.876,0,325.367,0.65,0,4.54939,8.91789,13.4673,50.0084,-3.01226,
24/05/2025 10:35:00,554.791,192.887,0,325.367,0.65,0,8.66062,14.536,23.1966,49.9998,-3.0192,
24/05/2025 10:36:00,554.809,192.874,0,325.367,0.65,0,5.43512,10.591,16.0261,50.0169,-3.00532,
24/05/2025 10:37:00,554.786,192.89,0,325.128,0.65,0,1.01319,3.30379,4.31697,49.9971,-2.99829,
24/05/2025 10:38:00,554.754,192.879,0,324.889,0.65,0,2.53596,5.75386,8.28983,49.9862,-2.99097,
24/05/2025 10:39:00,554.779,192.876,0,324.41,0.65,0,1.58719,3.42242,5.00961,49.9754,-2.99097,
24/05/2025 10:40:00,554.801,192.886,0,324.649,0.65,0,3.14332,5.2595,8.40283,50.0084,-2.99097,
24/05/2025 10:41:00,554.821,192.87,0,325.128,0.65,0,3.22937,5.51226,8.74163,49.9564,-3.00532,
24/05/2025 10:42:00,554.814,192.876,0,325.367,0.65,0,2.75426,7.19821,9.95247,50.0084,-3.00532,
24/05/2025 10:43:00,554.84,192.889,0,324.889,0.65,0,2.73591,7.54873,10.2846,49.9727,-2.99829,
24/05/2025 10:44:00,554.824,192.896,0,325.367,0.65,0,3.40127,5.44226,8.84353,50.034,-2.99097,
24/05/2025 10:45:00,545.605,189.667,0,325.367,0.639167,0,3.89597,6.30073,10.1967,49.989,-2.99097,
24/05/2025 10:46:00,554.822,192.876,0,324.649,0.65,0,5.01258,7.22076,12.2333,49.9971,-2.99829,
24/05/2025 10:47:00,554.821,192.884,0,324.41,0.65,0,8.58579,8.80549,17.3913,49.9754,-3.01226,
24/05/2025 10:48:00,554.813,192.869,0,324.649,0.65,0,9.06052,9.36651,18.427,49.9754,-3.0192,
24/05/2025 10:49:00,554.816,192.872,0,325.128,0.65,0,10.1506,13.7374,23.888,50.0112,-3.02615,
24/05/2025 10:50:00,554.806,192.876,0,325.367,0.65,0,9.16119,11.4781,20.6393,49.9944,-3.02615,
24/05/2025 10:51:00,545.594,189.66,0,325.128,0.639167,0,5.70771,7.80751,13.5152,50.0141,-3.01226,
24/05/2025 10:52:00,545.579,189.659,0,325.128,0.639167,0,1.34586,4.50667,5.85253,50.0055,-3.00532,
24/05/2025 10:53:00,554.799,192.86,0,325.367,0.65,0,4.95568,7.78031,12.736,50.0198,-3.00532,
24/05/2025 10:54:00,554.781,192.858,0,324.649,0.65,0,18.8605,15.0136,33.8741,49.9672,-3.01226,
24/05/2025 10:55:00,554.799,192.864,0,324.17,0.65,0,26.686,21.1142,47.8002,49.9998,-3.0192,
24/05/2025 10:56:00,545.559,189.654,0,324.649,0.639167,0,16.5714,13.7413,30.3128,49.9917,-3.0192,
24/05/2025 10:57:00,536.3,186.438,0,324.649,0.628333,0,7.54764,8.85882,16.4065,50.0055,-3.01226,
24/05/2025 10:58:00,545.588,189.653,0,325.367,0.639167,0,4.47094,6.9789,11.4498,49.9509,-2.99829,
24/05/2025 10:59:00,554.844,192.868,0,324.889,0.65,0,3.75666,4.60295,8.3596,50.0055,-2.99829,
24/05/2025 11:00:00,527.114,183.255,0,325.367,0.6175,0,4.16293,7.56308,11.726,49.9727,-3.00532,
24/05/2025 11:01:00,536.32,186.424,0,325.367,0.628333,0,4.32229,10.2872,14.6095,50.0027,-3.01226,
24/05/2025 11:02:00,545.568,189.63,0,324.649,0.639167,0,6.00049,10.4863,16.4867,50.0283,-3.02615,
24/05/2025 11:03:00,545.553,189.643,0,324.41,0.65,0,9.476,14.002,23.478,50.0055,-3.01226,
24/05/2025 11:04:00,554.754,192.884,0,324.649,0.639167,0,10.8912,13.6846,24.5758,49.989,-3.00532,
24/05/2025 11:05:00,536.265,186.429,0,325.128,0.628333,0,8.6974,10.452,19.1494,49.9971,-2.99829,
24/05/2025 11:06:00,545.457,189.63,0,325.367,0.639167,0,4.39702,8.9841,13.3811,50.0169,-2.99829,
24/05/2025 11:07:00,545.446,189.635,0,325.128,0.639167,0,5.77159,6.07083,11.8424,50.0027,-2.99829,
24/05/2025 11:08:00,545.446,189.629,0,325.367,0.639167,0,3.63944,6.64803,10.2875,49.9618,-3.01226,
24/05/2025 11:09:00,545.439,189.598,0,325.367,0.639167,0,4.51941,6.93041,11.4498,50.0112,-3.01226,
24/05/2025 11:10:00,554.702,192.858,0,324.889,0.65,0,5.01378,5.29521,10.309,50.0226,-2.99829,
24/05/2025 11:11:00,554.692,192.843,0,324.41,0.65,0,3.12609,4.38557,7.51166,49.9944,-2.99097,
24/05/2025 11:12:00,545.468,189.633,0,324.649,0.639167,0,3.39898,3.99755,7.39653,49.9998,-2.99097,
24/05/2025 11:13:00,545.474,189.633,0,324.889,0.639167,0,3.28375,3.36033,6.64408,50.0055,-2.98366,
24/05/2025 11:14:00,554.689,192.843,0,325.128,0.65,0,6.26674,7.56136,13.8281,49.9781,-2.99829,
24/05/2025 11:15:00,545.468,189.637,0,325.128,0.639167,0,9.90588,6.24158,16.1475,50.0169,-2.99097,
24/05/2025 11:16:00,545.469,189.607,0,325.367,0.639167,0,7.23968,8.73057,15.9703,49.9862,-2.97636,
24/05/2025 11:17:00,536.213,186.43,0,325.128,0.628333,0,6.92677,9.80339,16.7301,50.0283,-2.96905,
24/05/2025 11:18:00,545.444,189.638,0,324.649,0.639167,0,5.11948,10.8438,15.9632,50.0112,-2.97636,
24/05/2025 11:19:00,536.192,186.41,0,324.41,0.628333,0,3.90608,4.45195,8.35804,49.9971,-2.98366,
24/05/2025 11:20:00,554.68,192.862,0,324.649,0.65,0,5.40862,5.7106,11.1192,50.0198,-2.98366,
24/05/2025 11:21:00,554.679,192.861,0,324.889,0.65,0,3.55661,5.13098,8.68758,49.9862,-2.99829,
24/05/2025 11:22:00,554.677,192.861,0,325.367,0.65,0,2.61344,5.2587,7.87214,50.0141,-2.99097,
24/05/2025 11:23:00,554.696,192.872,0,324.889,0.65,0,2.42908,4.11666,6.54574,49.9835,-2.98366,
24/05/2025 11:24:00,554.728,192.881,0,325.607,0.65,0,3.58563,3.05297,6.63861,49.9998,-2.96905,
24/05/2025 11:25:00,554.722,192.876,0,325.128,0.65,0,2.1899,2.1519,4.3418,50.0283,-2.97636,
24/05/2025 11:26:00,554.729,192.884,0,324.889,0.65,0,0.64457,1.14302,1.78759,50.0141,-2.96905,
24/05/2025 11:27:00,554.704,192.872,0,324.41,0.65,0,1.16957,2.11951,3.28909,50.0084,-2.97636,
24/05/2025 11:28:00,554.681,192.861,0,324.41,0.65,0,-0.486692,2.42706,1.94037,49.9808,-2.98366,
24/05/2025 11:29:00,554.707,192.858,0,324.889,0.65,0,0.92589,1.13921,2.0651,49.9944,-2.99097,
24/05/2025 11:30:00,545.502,189.663,0,325.607,0.639167,0,0.538828,3.34705,3.88588,50.0027,-2.99097,
24/05/2025 11:31:00,554.777,192.882,0,325.128,0.65,0,3.36119,10.5381,13.8993,50.0255,-2.98366,
24/05/2025 11:32:00,554.741,192.882,0,325.607,0.65,0,3.75149,2.59402,6.34552,50.0084,-2.96905,
24/05/2025 11:33:00,554.707,192.874,0,325.367,0.65,0,3.58409,3.19765,6.78175,50.034,-2.96175,
24/05/2025 11:34:00,554.703,192.874,0,324.649,0.65,0,6.18095,11.2008,17.3817,50.0312,-2.96905,
24/05/2025 11:35:00,554.701,192.892,0,324.41,0.65,0,10.0392,7.78931,17.8285,50.0112,-2.97636,
24/05/2025 11:36:00,554.697,192.877,0,324.649,0.65,0,10.3428,7.99086,18.3337,50.0198,-2.97636,
24/05/2025 11:37:00,554.74,192.885,0,324.889,0.65,0,5.63397,7.0256,12.6596,49.9808,-2.99097,
24/05/2025 11:38:00,554.7,192.883,0,325.128,0.65,0,0.910191,2.36912,3.27931,50.0169,-2.98366,
24/05/2025 11:39:00,554.701,192.872,0,325.367,0.65,0,3.10276,5.94393,9.04669,49.9862,-2.99829,
24/05/2025 11:40:00,554.714,192.886,0,325.367,0.65,0,2.62568,3.79845,6.42413,50.0084,-2.99829,
24/05/2025 11:41:00,554.734,192.892,0,325.128,0.65,0,2.43565,3.72113,6.15679,49.9944,-2.97636,
24/05/2025 11:42:00,554.745,192.909,0,324.889,0.65,0,1.22525,3.25378,4.47903,50.0027,-2.96905,
24/05/2025 11:43:00,554.702,192.898,0,324.649,0.65,0,1.85186,3.05523,4.90709,50.0169,-2.96905,
24/05/2025 11:44:00,536.193,186.482,0,324.889,0.628333,0,2.83813,4.26464,7.10277,50.0226,-2.96175,
24/05/2025 11:45:00,545.442,189.695,0,325.367,0.639167,0,7.57881,4.06638,11.6452,50.0141,-2.96905,
24/05/2025 11:46:00,499.254,173.639,0,325.607,0.595833,0,8.25334,7.04653,15.2999,50.0141,-2.96905,
24/05/2025 11:47:00,453.034,157.533,0,324.889,0.52,0,9.6392,6.42703,16.0662,50.0283,-2.98366,
24/05/2025 11:48:00,406.763,141.413,0,325.128,0.4875,0,13.0404,5.91691,18.9573,49.989,-2.98366,
24/05/2025 11:49:00,471.478,163.983,0,325.367,0.541667,0,7.31941,10.762,18.0814,50.0198,-2.98366,
24/05/2025 11:50:00,379.066,131.789,0,324.889,0.444167,0,8.24126,13.0843,21.3255,49.9944,-2.99097,
24/05/2025 11:51:00,434.494,151.085,0,324.17,0.509167,0,6.82136,11.1782,17.9996,49.9835,-2.99829,
24/05/2025 11:52:00,489.971,170.364,0,324.649,0.574167,0,8.12811,12.5091,20.6372,50.0369,-2.97636,
24/05/2025 11:53:00,425.249,147.897,0,325.128,0.498333,0,10.2238,11.2847,21.5085,50.0312,-2.96905,
24/05/2025 11:54:00,471.469,163.979,0,325.607,0.5525,0,8.84532,8.90518,17.7505,50.0283,-2.95445,
24/05/2025 11:55:00,434.491,151.153,0,325.367,0.52,0,11.3061,11.6588,22.9648,50.0312,-2.96175,
24/05/2025 11:56:00,406.759,141.46,0,325.367,0.465833,0,8.06677,9.28471,17.3515,50.0112,-2.96175,
24/05/2025 11:57:00,545.428,189.68,0,325.367,0.639167,0,10.7601,14.0938,24.8539,50.0198,-2.96175,
24/05/2025 11:58:00,462.228,160.786,0,324.649,0.541667,0,13.3567,11.1245,24.4811,50.0027,-2.96175,
24/05/2025 11:59:00,489.958,170.435,0,324.41,0.574167,0,12.9985,9.43203,22.4306,50.0055,-2.96175,
24/05/2025 12:00:00,517.726,180.077,0,324.889,0.606667,0,17.5362,8.21222,25.7484,50.0198,-2.96905,
24/05/2025 12:01:00,471.481,163.989,0,324.649,0.5525,0,10.8414,8.33685,19.1782,50.0169,-2.96905,
24/05/2025 12:02:00,416.004,144.675,0,324.649,0.4875,0,11.6727,15.0601,26.7327,50.0312,-2.97636,
24/05/2025 12:03:00,388.269,135.04,0,325.128,0.455,0,11.1123,8.6309,19.7432,50.0198,-2.97636,
24/05/2025 12:04:00,452.98,157.534,0,325.128,0.541667,0,9.92248,11.3968,21.3193,50.0112,-2.99097,
24/05/2025 12:05:00,388.269,135.076,0,325.367,0.444167,0,14.3342,18.8245,33.1586,50.0169,-2.99097,
24/05/2025 12:06:00,526.966,183.295,0,324.889,0.6175,0,4.08457,4.20225,8.28683,50.0055,-2.98366,
24/05/2025 12:07:00,554.701,192.92,0,324.41,0.65,0,3.0714,2.68665,5.75806,50.0112,-2.98366,
24/05/2025 12:08:00,554.682,192.905,0,324.649,0.65,0,8.81862,6.41362,15.2322,49.9862,-2.99097,
24/05/2025 12:09:00,554.676,192.909,0,324.889,0.65,0,11.9669,14.7214,26.6882,50.0055,-2.99097,
24/05/2025 12:10:00,545.425,189.675,0,325.367,0.639167,0,8.44279,11.8272,20.27,50.0283,-2.99097,
24/05/2025 12:11:00,517.692,180.043,0,325.367,0.606667,0,0.882323,6.79215,7.67448,50.0141,-2.97636,
24/05/2025 12:12:00,471.471,163.992,0,325.367,0.5525,0,-0.793718,1.13797,0.344249,50.0027,-2.99097,
24/05/2025 12:13:00,508.447,176.801,0,325.367,0.595833,0,-0.994797,1.47727,0.48247,49.9862,-2.98366,
24/05/2025 12:14:00,471.469,163.961,0,325.367,0.5525,0,-0.442168,1.21721,0.775044,50.0027,-2.97636,
24/05/2025 12:15:00,480.703,167.222,0,324.41,0.563333,0,0.0157338,3.54858,3.56431,50.0283,-2.97636,
24/05/2025 12:16:00,388.257,135.016,0,324.889,0.455,0,3.14006,3.08948,6.22954,49.9944,-2.97636,
24/05/2025 12:17:00,360.535,125.38,0,325.128,0.433333,0,1.06948,6.3968,7.46627,49.989,-2.97636,
24/05/2025 12:18:00,425.247,147.935,0,324.41,0.4875,0,1.3174,4.61409,5.93149,50.0141,-2.97636,
24/05/2025 12:19:00,443.716,154.346,0,325.128,0.52,0,8.65704,6.98736,15.6444,49.9998,-2.96905,
24/05/2025 12:20:00,508.443,176.86,0,325.128,0.595833,0,5.44105,5.91564,11.3567,50.0169,-2.97636,
24/05/2025 12:21:00,489.951,170.395,0,325.128,0.585,0,2.55555,4.35819,6.91373,50.0369,-2.97636,
24/05/2025 12:22:00,489.955,170.394,0,325.128,0.563333,0,1.43119,4.55291,5.9841,50.0226,-2.96905,
24/05/2025 12:23:00,443.719,154.324,0,325.367,0.530833,0,4.8718,6.29884,11.1706,49.9944,-2.98366,
24/05/2025 12:24:00,471.466,163.982,0,325.128,0.541667,0,6.02818,8.59951,14.6277,49.9944,-2.98366,
24/05/2025 12:25:00,434.491,151.112,0,324.649,0.509167,0,6.7611,5.66581,12.4269,50.0055,-2.97636,
24/05/2025 12:26:00,526.899,183.266,0,324.41,0.6175,0,7.53016,7.94791,15.4781,50.0169,-2.96905,
24/05/2025 12:27:00,536.175,186.45,0,324.889,0.628333,0,16.3418,8.39992,24.7417,50.0027,-2.96905,
24/05/2025 12:28:00,480.667,167.186,0,325.128,0.574167,0,10.5332,10.1431,20.6763,50.0055,-2.96905,
24/05/2025 12:29:00,415.997,144.682,0,325.128,0.476667,0,7.75668,10.8394,18.5961,50.0027,-2.96905,
24/05/2025 12:30:00,499.123,173.596,0,325.607,0.585,0,9.35511,5.75957,15.1147,50.0055,-2.96905,
24/05/2025 12:31:00,462.123,160.733,0,325.367,0.541667,0,10.1393,7.61691,17.7562,50.0283,-2.96905,
24/05/2025 12:32:00,480.656,167.175,0,324.889,0.563333,0,4.44422,4.21329,8.65751,49.9944,-2.96905,
24/05/2025 12:33:00,526.859,183.245,0,324.649,0.6175,0,7.9058,7.70647,15.6123,49.9971,-2.96905,
24/05/2025 12:34:00,508.387,176.807,0,324.41,0.595833,0,14.5116,5.40764,19.9192,49.9944,-2.96905,
24/05/2025 12:35:00,508.407,176.82,0,324.889,0.606667,0,15.5328,17.0542,32.5871,49.9944,-2.96175,
24/05/2025 12:36:00,517.643,180.025,0,325.367,0.595833,0,11.1127,8.24925,19.3619,50.0112,-2.96905,
24/05/2025 12:37:00,536.109,186.481,0,325.128,0.628333,0,11.5022,14.4881,25.9903,50.0397,-2.97636,
24/05/2025 12:38:00,526.834,183.24,0,325.128,0.6175,0,12.3995,13.1161,25.5156,50.0255,-2.96905,
24/05/2025 12:39:00,545.265,189.691,0,325.367,0.639167,0,14.4929,10.0005,24.4933,50.0027,-2.96175,
24/05/2025 12:40:00,545.275,189.704,0,324.889,0.65,0,11.6457,6.50324,18.1489,50.0112,-2.96175,
24/05/2025 12:41:00,517.61,180.068,0,324.41,0.606667,0,9.51134,14.3941,23.9055,50.0141,-2.96175,
24/05/2025 12:42:00,499.066,173.656,0,324.649,0.574167,0,8.45177,8.07734,16.5291,49.9727,-2.96175,
24/05/2025 12:43:00,499.056,173.624,0,325.128,0.585,0,10.907,14.8021,25.7091,50.0312,-2.96175,
24/05/2025 12:44:00,508.296,176.812,0,325.128,0.595833,0,8.07274,3.23719,11.3099,50.0283,-2.96175,
24/05/2025 12:45:00,499.03,173.568,0,325.367,0.595833,0,7.04504,7.94131,14.9863,50.054,-2.95445,
24/05/2025 12:46:00,489.794,170.403,0,325.367,0.574167,0,9.4237,9.78891,19.2126,50.0397,-2.96175,
24/05/2025 12:47:00,554.486,192.927,0,325.367,0.65,0,7.53527,10.7848,18.3201,49.9835,-2.96175,
24/05/2025 12:48:00,545.238,189.687,0,324.889,0.639167,0,10.3449,8.49523,18.8402,50.0055,-2.96175,
24/05/2025 12:49:00,526.758,183.244,0,324.889,0.6175,0,13.2234,6.62148,19.8449,50.0483,-2.96175,
24/05/2025 12:50:00,554.485,192.907,0,324.41,0.65,0,17.0262,13.9521,30.9783,50.0169,-2.95445,
24/05/2025 12:51:00,554.483,192.928,0,325.128,0.65,0,19.491,17.1724,36.6634,50.0084,-2.95445,
24/05/2025 12:52:00,554.477,192.931,0,325.128,0.65,0,13.246,16.2655,29.5115,50.0312,-2.95445,
24/05/2025 12:53:00,554.477,192.935,0,325.367,0.65,0,14.1032,6.82373,20.9269,49.9971,-2.95445,
24/05/2025 12:54:00,554.477,192.938,0,325.367,0.65,0,12.8049,10.5006,23.3055,49.989,-2.95445,
24/05/2025 12:55:00,554.477,192.947,0,325.367,0.65,0,12.9417,18.5729,31.5145,50.0283,-2.94716,
24/05/2025 12:56:00,554.477,192.946,0,325.128,0.65,0,15.494,21.3206,36.8145,50.0283,-2.95445,
24/05/2025 12:57:00,554.477,192.94,0,324.649,0.65,0,14.0759,21.147,35.2229,50.0169,-2.95445,
24/05/2025 12:58:00,554.477,192.946,0,324.41,0.65,0,13.5218,13.2469,26.7688,50.0084,-2.95445,
24/05/2025 12:59:00,545.235,189.735,0,325.128,0.639167,0,8.03787,14.2202,22.2581,50.0255,-2.94716,
24/05/2025 13:00:00,526.752,183.296,0,325.128,0.6175,0,9.10423,7.97981,17.084,50.0112,-2.94716,
24/05/2025 13:01:00,554.473,192.93,0,325.128,0.65,0,7.64205,13.5864,21.2285,50.0255,-2.94716,
24/05/2025 13:02:00,554.47,192.943,0,325.367,0.65,0,9.43883,14.2913,23.7301,49.9917,-2.94716,
24/05/2025 13:03:00,554.469,192.936,0,325.367,0.65,0,10.3828,18.4037,28.7866,50.0027,-2.93986,
24/05/2025 13:04:00,545.232,189.741,0,324.889,0.639167,0,11.3856,14.1216,25.5072,50.0397,-2.95445,
24/05/2025 13:05:00,554.476,192.983,0,324.41,0.65,0,11.2095,16.7811,27.9906,50.0255,-2.94716,
24/05/2025 13:06:00,545.228,189.753,0,324.41,0.639167,0,9.02656,12.9812,22.0078,50.0312,-2.94716,
24/05/2025 13:07:00,554.474,192.964,0,324.889,0.65,0,8.48307,12.0257,20.5088,50.0169,-2.95445,
24/05/2025 13:08:00,554.47,192.952,0,325.367,0.65,0,7.88039,10.4711,18.3515,50.0226,-2.95445,
24/05/2025 13:09:00,554.473,192.954,0,325.367,0.65,0,11.3728,3.10946,14.4823,50.0084,-2.95445,
24/05/2025 13:10:00,554.468,192.949,0,325.367,0.65,0,3.24069,3.95448,7.19517,50.0141,-2.94716,
24/05/2025 13:11:00,554.472,192.971,0,325.367,0.65,0,8.49269,9.29009,17.7828,49.9835,-2.94716,
24/05/2025 13:12:00,554.473,192.963,0,324.889,0.65,0,10.8574,8.80219,19.6596,49.9835,-2.94716,
24/05/2025 13:13:00,554.473,192.981,0,324.41,0.65,0,7.23781,8.12469,15.3625,49.9998,-2.94716,
24/05/2025 13:14:00,554.471,192.987,0,324.41,0.65,0,9.14255,11.7951,20.9377,50.0283,-2.94716,
24/05/2025 13:15:00,554.473,192.982,0,324.889,0.65,0,5.40781,6.44226,11.8501,50.0483,-2.94716,
24/05/2025 13:16:00,554.47,192.977,0,325.128,0.65,0,6.27196,2.54486,8.81682,49.9971,-2.94716,
24/05/2025 13:17:00,545.176,189.767,0,325.367,0.639167,0,2.10806,5.50194,7.61,49.9944,-2.93986,
24/05/2025 13:18:00,535.975,186.55,0,325.607,0.628333,0,1.69289,4.78532,6.47821,50.0454,-2.93986,
24/05/2025 13:19:00,545.198,189.773,0,325.367,0.639167,0,5.42687,3.09717,8.52403,50.0084,-2.93986,
24/05/2025 13:20:00,554.459,192.99,0,324.889,0.65,0,2.8318,3.94874,6.78055,50.0568,-2.94716,
24/05/2025 13:21:00,554.444,192.992,0,324.41,0.65,0,9.24687,6.95607,16.203,50.0055,-2.93257,
24/05/2025 13:22:00,554.445,192.999,0,324.41,0.65,0,5.99229,5.48366,11.476,50.0169,-2.94716,
24/05/2025 13:23:00,554.433,192.997,0,324.889,0.65,0,5.5807,4.6048,10.1855,50.0369,-2.94716,
24/05/2025 13:24:00,554.433,192.994,0,325.367,0.65,0,6.25109,9.47739,15.7285,49.9944,-2.93986,
24/05/2025 13:25:00,554.446,193.005,0,325.367,0.65,0,8.78051,11.7614,20.5419,50.0226,-2.93986,
24/05/2025 13:26:00,554.443,193.018,0,325.367,0.65,0,4.76717,7.09443,11.8616,50.0141,-2.93986,
24/05/2025 13:27:00,554.474,193.015,0,325.367,0.65,0,5.19297,9.34772,14.5407,50.0255,-2.94716,
24/05/2025 13:28:00,554.465,193.016,0,325.128,0.65,0,7.89126,10.8267,18.7179,50.0055,-2.93986,
24/05/2025 13:29:00,554.448,193.011,0,324.649,0.65,0,7.19149,11.297,18.4885,50.0198,-2.93986,
24/05/2025 13:30:00,554.449,193.015,0,324.41,0.65,0,20.8866,14.6708,35.5573,49.9917,-2.93257,
24/05/2025 13:31:00,545.211,189.792,0,324.889,0.639167,0,16.8662,16.8801,33.7463,50.0055,-2.93257,
24/05/2025 13:32:00,554.451,193.028,0,325.128,0.65,0,14.791,20.543,35.334,49.9971,-2.93986,
24/05/2025 13:33:00,554.465,193.027,0,325.607,0.65,0,12.7512,13.8418,26.593,50.0198,-2.94716,
24/05/2025 13:34:00,554.461,193.027,0,325.367,0.65,0,7.87463,3.67917,11.5538,49.9971,-2.94716,
24/05/2025 13:35:00,554.454,193.028,0,325.128,0.65,0,4.32515,3.36418,7.68933,50.0112,-2.94716,
24/05/2025 13:36:00,554.46,193.031,0,324.889,0.65,0,4.61224,9.84563,14.4579,50.0169,-2.93986,
24/05/2025 13:37:00,554.43,193.041,0,324.649,0.65,0,4.05563,6.47958,10.5352,50.0226,-2.93986,
24/05/2025 13:38:00,554.461,193.035,0,324.41,0.65,0,6.05391,7.82841,13.8823,50.0055,-2.94716,
24/05/2025 13:39:00,554.418,193.035,0,325.128,0.65,0,5.38544,10.4389,15.8244,50.0255,-2.93986,
24/05/2025 13:40:00,554.422,193.033,0,325.128,0.65,0,6.07484,9.14293,15.2178,50.0027,-2.93257,
24/05/2025 13:41:00,554.435,193.046,0,325.128,0.65,0,4.7736,5.175,9.94861,50.0198,-2.94716,
24/05/2025 13:42:00,554.439,193.055,0,325.367,0.65,0,2.40037,5.37515,7.77552,49.9862,-2.94716,
24/05/2025 13:43:00,554.379,193.046,0,325.367,0.65,0,14.2498,8.6083,22.8581,50.0369,-2.93986,
24/05/2025 13:44:00,554.375,193.057,0,325.128,0.65,0,14.2366,16.5798,30.8165,50.0141,-2.93986,
24/05/2025 13:45:00,554.317,193.06,0,324.41,0.65,0,12.2941,6.9884,19.2826,50.0198,-2.93986,
24/05/2025 13:46:00,554.333,193.055,0,324.17,0.65,0,13.1896,7.97084,21.1604,50.0283,-2.93257,
24/05/2025 13:47:00,554.371,193.061,0,325.128,0.65,0,12.0368,13.7936,25.8305,49.9944,-2.93986,
24/05/2025 13:48:00,554.312,193.058,0,325.128,0.65,0,12.1238,5.64612,17.7699,49.9835,-2.94716,
24/05/2025 13:49:00,554.332,193.064,0,325.128,0.65,0,14.2352,9.33224,23.5675,49.9346,-2.99097,
24/05/2025 13:50:00,554.286,193.033,0,325.367,0.65,0,12.7348,8.6855,21.4204,49.9564,-3.06789,
24/05/2025 13:51:00,554.281,193.026,0,325.128,0.65,0,2.0396,4.04347,6.08306,49.9101,-3.15167,
24/05/2025 13:52:00,554.278,193.006,0,324.889,0.65,0,3.4347,6.16045,9.59512,49.9128,-3.21477,
24/05/2025 13:53:00,554.273,192.993,0,324.649,0.65,0,2.24029,3.82431,6.06461,49.9591,-3.24992,
24/05/2025 13:54:00,554.273,192.985,0,324.649,0.65,0,7.09906,9.77319,16.8723,49.9346,-3.26401,
24/05/2025 13:55:00,554.263,192.965,0,325.128,0.65,0,2.36266,4.89755,7.26022,49.8992,-3.28515,
24/05/2025 13:56:00,554.243,192.943,0,325.367,0.65,0,5.54692,8.05799,13.6049,49.9019,-3.32751,
24/05/2025 13:57:00,554.223,192.9,0,325.367,0.65,0,5.17264,3.80798,8.98063,49.9183,-3.35581,
24/05/2025 13:58:00,554.207,192.88,0,325.367,0.65,0,9.70551,10.5179,20.2234,49.9672,-3.35581,
24/05/2025 13:59:00,554.216,192.874,0,325.128,0.65,0,7.62402,13.5823,21.2064,49.9536,-3.34166,
24/05/2025 14:00:00,554.184,192.873,0,324.889,0.65,0,11.8171,19.6677,31.4848,49.9183,-3.31338,
24/05/2025 14:01:00,554.182,192.857,0,324.41,0.65,0,12.7463,17.9918,30.7382,49.9509,-3.32751,
24/05/2025 14:02:00,554.136,192.841,0,324.649,0.65,0,19.0892,10.442,29.5313,49.9482,-3.33459,
24/05/2025 14:03:00,554.112,192.833,0,324.889,0.65,0,20.2267,24.0008,44.2275,49.94,-3.33459,
24/05/2025 14:04:00,554.11,192.817,0,325.128,0.65,0,20.7749,23.8234,44.5983,49.9156,-3.31338,
24/05/2025 14:05:00,554.09,192.802,0,325.128,0.65,0,16.6669,14.2235,30.8904,49.9564,-3.28515,
24/05/2025 14:06:00,554.09,192.797,0,324.889,0.65,0,18.0741,15.8732,33.9473,49.989,-3.23585,
24/05/2025 14:07:00,554.09,192.786,0,325.367,0.65,0,14.432,12.3731,26.8051,49.94,-3.20775,
24/05/2025 14:08:00,554.09,192.771,0,325.128,0.65,0,16.3923,16.0473,32.4396,49.9237,-3.21477,
24/05/2025 14:09:00,554.087,192.752,0,324.649,0.65,0,12.4165,18.9012,31.3178,49.9455,-3.20775,
24/05/2025 14:10:00,554.076,192.737,0,324.649,0.65,0,8.47784,11.6834,20.1613,49.9808,-3.19371,
24/05/2025 14:11:00,554.069,192.727,0,324.889,0.65,0,10.8911,17.4116,28.3027,49.9862,-3.17268,
24/05/2025 14:12:00,554.083,192.722,0,325.367,0.65,0,17.3637,20.015,37.3787,49.9971,-3.14467,
24/05/2025 14:13:00,554.087,192.692,0,325.128,0.65,0,11.1708,16.4319,27.6027,49.9428,-3.11671,
24/05/2025 14:14:00,554.059,192.7,0,325.367,0.65,0,18.3393,5.47008,23.8094,49.9428,-3.1237,
24/05/2025 14:15:00,554.064,192.668,0,325.367,0.65,0,12.981,10.3123,23.2933,49.9564,-3.1237,
24/05/2025 14:16:00,554.05,192.663,0,324.889,0.65,0,13.6998,10.641,24.3408,49.9428,-3.1237,
24/05/2025 14:17:00,554.021,192.658,0,324.649,0.65,0,13.6443,14.3845,28.0289,49.9754,-3.10275,
24/05/2025 14:18:00,554.015,192.653,0,324.41,0.65,0,17.5556,22.9242,40.4797,49.9971,-3.08182,
24/05/2025 14:19:00,554.032,192.654,0,324.889,0.65,0,17.1226,11.7505,28.8731,49.9754,-3.05396,
24/05/2025 14:20:00,554.024,192.645,0,325.367,0.65,0,13.4088,10.0742,23.483,49.9917,-3.04005,
24/05/2025 14:21:00,553.973,192.629,0,325.607,0.65,0,18.8767,15.042,33.9188,49.9319,-3.06093,
24/05/2025 14:22:00,553.914,192.619,0,325.367,0.65,0,10.41,11.9655,22.3755,49.9237,-3.07485,
24/05/2025 14:23:00,553.912,192.611,0,325.367,0.65,0,8.27447,9.62833,17.9028,49.9917,-3.07485,
24/05/2025 14:24:00,553.925,192.612,0,324.649,0.65,0,11.2038,14.7938,25.9976,49.9835,-3.06093,
24/05/2025 14:25:00,553.916,192.618,0,324.649,0.65,0,15.2708,11.3263,26.5971,50.0226,-3.04701,
24/05/2025 14:26:00,553.928,192.611,0,324.41,0.65,0,12.0673,19.6645,31.7317,49.9754,-3.0192,
24/05/2025 14:27:00,553.931,192.598,0,324.889,0.65,0,15.8702,19.0751,34.9454,49.9998,-3.0192,
24/05/2025 14:28:00,553.924,192.607,0,325.128,0.65,0,14.603,11.604,26.2069,49.9727,-3.02615,
24/05/2025 14:29:00,553.909,192.587,0,324.889,0.65,0,12.0145,17.6483,29.6627,49.9754,-3.04005,
24/05/2025 14:30:00,553.897,192.581,0,325.367,0.65,0,14.3243,15.0628,29.387,50.0198,-3.04005,
24/05/2025 14:31:00,553.901,192.557,0,325.128,0.65,0,14.4155,11.8864,26.3019,49.989,-3.0331,
24/05/2025 14:32:00,553.925,192.567,0,324.649,0.65,0,11.0682,13.0825,24.1507,49.9862,-3.00532,
24/05/2025 14:33:00,553.915,192.572,0,324.649,0.65,0,14.519,18.6155,33.1345,49.9808,-2.99097,
24/05/2025 14:34:00,553.93,192.578,0,324.41,0.65,0,10.1835,13.414,23.5975,49.9971,-2.99829,
24/05/2025 14:35:00,553.898,192.559,0,325.128,0.65,0,11.9196,11.0243,22.9439,49.9645,-3.02615,
24/05/2025 14:36:00,553.897,192.562,0,325.367,0.65,0,9.18552,18.6884,27.8739,49.9808,-3.04701,
24/05/2025 14:37:00,553.897,192.541,0,325.128,0.65,0,14.8205,14.0814,28.9019,50.0141,-3.04701,
24/05/2025 14:38:00,553.897,192.532,0,324.889,0.65,0,15.4807,12.1052,27.5859,49.989,-3.0331,
24/05/2025 14:39:00,553.897,192.545,0,325.367,0.65,0,18.8242,16.5062,35.3304,50.0084,-3.01226,
24/05/2025 14:40:00,553.897,192.542,0,325.128,0.65,0,18.7847,13.7452,32.5299,49.9971,-2.99829,
24/05/2025 14:41:00,553.897,192.532,0,324.649,0.65,0,12.9397,15.1792,28.1189,49.9672,-2.98366,
24/05/2025 14:42:00,553.897,192.543,0,324.649,0.65,0,10.9539,13.7032,24.6572,49.9754,-3.00532,
24/05/2025 14:43:00,553.888,192.515,0,324.889,0.65,0,10.5801,10.9852,21.5653,49.9781,-3.0331,
24/05/2025 14:44:00,553.895,192.516,0,325.128,0.65,0,11.1211,7.49877,18.6199,49.9808,-3.04701,
24/05/2025 14:45:00,553.896,192.506,0,325.128,0.65,0,8.52134,10.3377,18.859,49.9917,-3.04701,
24/05/2025 14:46:00,553.896,192.51,0,325.367,0.65,0,8.50764,9.70814,18.2158,50.0198,-3.02615,
24/05/2025 14:47:00,553.891,192.498,0,325.128,0.65,0,6.89902,13.9377,20.8367,49.9781,-3.0192,
24/05/2025 14:48:00,553.885,192.502,0,325.128,0.65,0,6.58585,7.94611,14.532,50.0169,-2.99829,
24/05/2025 14:49:00,553.887,192.51,0,324.889,0.65,0,6.78652,12.6162,19.4027,49.9536,-3.0192,
24/05/2025 14:50:00,553.876,192.495,0,324.41,0.65,0,8.6031,6.91311,15.5162,50.0084,-3.04701,
24/05/2025 14:51:00,553.854,192.476,0,324.649,0.65,0,11.007,8.22008,19.2271,49.9862,-3.05396,
24/05/2025 14:52:00,553.809,192.46,0,325.128,0.65,0,7.21835,11.5191,18.7375,50.0226,-3.04005,
24/05/2025 14:53:00,553.784,192.456,0,325.128,0.65,0,7.21878,8.89766,16.1164,50.0283,-3.0192,
24/05/2025 14:54:00,553.754,192.461,0,325.367,0.65,0,8.3054,11.8034,20.1088,50.0112,-2.99829,
24/05/2025 14:55:00,553.727,192.468,0,325.367,0.65,0,8.79008,14.3206,23.1107,50.0112,-2.96175,
24/05/2025 14:56:00,553.725,192.461,0,324.889,0.65,0,9.60763,12.0478,21.6555,49.989,-2.94716,
24/05/2025 14:57:00,553.766,192.465,0,324.41,0.65,0,8.39358,9.13253,17.5261,49.9672,-2.97636,
24/05/2025 14:58:00,553.741,192.45,0,324.649,0.65,0,7.69557,12.9887,20.6843,49.9754,-3.00532,
24/05/2025 14:59:00,553.704,192.457,0,324.889,0.65,0,9.46948,14.1292,23.5986,49.9754,-3.02615,
24/05/2025 15:00:00,535.25,186.003,0,324.889,0.628333,0,12.812,18.1913,31.0033,50.0084,-3.0192,
24/05/2025 15:01:00,553.703,192.431,0,325.367,0.65,0,8.47388,12.1982,20.672,49.989,-2.99829,
24/05/2025 15:02:00,544.476,189.247,0,325.128,0.639167,0,6.51269,8.87881,15.3915,50.0169,-2.98366,
24/05/2025 15:03:00,553.706,192.437,0,325.128,0.65,0,7.18897,11.4144,18.6034,50.0198,-2.96175,
24/05/2025 15:04:00,553.703,192.428,0,325.367,0.65,0,5.47438,10.5489,16.0233,49.9862,-2.94716,
24/05/2025 15:05:00,553.7,192.431,0,325.128,0.65,0,4.99528,9.71827,14.7135,49.9754,-2.96905,
24/05/2025 15:06:00,553.703,192.426,0,324.649,0.65,0,13.3146,13.1255,26.4401,49.9156,-3.01226,
24/05/2025 15:07:00,553.699,192.413,0,324.41,0.65,0,22.3565,19.5485,41.905,49.9944,-3.02615,
24/05/2025 15:08:00,553.7,192.418,0,324.649,0.65,0,21.7818,21.356,43.1378,49.989,-3.04005,
24/05/2025 15:09:00,553.697,192.414,0,325.128,0.65,0,12.0486,16.5359,28.5845,49.9944,-3.0331,
24/05/2025 15:10:00,553.703,192.406,0,325.607,0.65,0,8.87014,13.5123,22.3825,50.0226,-3.01226,
24/05/2025 15:11:00,553.703,192.404,0,325.128,0.65,0,9.4744,16.1328,25.6072,50.0169,-2.99097,
24/05/2025 15:12:00,553.703,192.415,0,325.367,0.65,0,8.39757,12.1252,20.5227,49.9672,-2.96175,
24/05/2025 15:13:00,553.701,192.411,0,325.367,0.65,0,6.52332,13.1549,19.6782,49.9862,-2.96905,
24/05/2025 15:14:00,553.695,192.4,0,324.649,0.65,0,7.16225,7.1012,14.2635,49.9754,-3.00532,
24/05/2025 15:15:00,553.69,192.407,0,324.41,0.65,0,5.93083,12.1583,18.0892,49.9455,-3.04005,
24/05/2025 15:16:00,553.7,192.408,0,324.649,0.65,0,6.60596,11.6916,18.2976,49.9754,-3.06093,
24/05/2025 15:17:00,553.686,192.407,0,325.128,0.65,0,5.15717,8.19537,13.3525,50.0312,-3.06093,
24/05/2025 15:18:00,553.681,192.405,0,325.367,0.65,0,11.0467,12.5244,23.5711,50.0283,-3.04701,
24/05/2025 15:19:00,553.693,192.401,0,325.367,0.65,0,10.4317,11.5154,21.9471,50.0084,-3.0192,
24/05/2025 15:20:00,553.698,192.416,0,325.128,0.65,0,7.74504,11.5664,19.3115,49.9998,-2.99097,
24/05/2025 15:21:00,553.701,192.404,0,325.128,0.65,0,9.7237,14.119,23.8427,50.0055,-2.96905,
24/05/2025 15:22:00,553.701,192.418,0,324.649,0.65,0,8.68017,15.5283,24.2085,49.9645,-2.98366,
24/05/2025 15:23:00,553.677,192.404,0,324.41,0.65,0,7.93362,12.9341,20.8677,49.9672,-3.01226,
24/05/2025 15:24:00,553.672,192.397,0,324.649,0.65,0,7.09247,12.4618,19.5543,50.0055,-3.04005,
24/05/2025 15:25:00,553.682,192.387,0,325.128,0.65,0,6.81706,14.3885,21.2056,49.989,-3.04005,
24/05/2025 15:26:00,553.663,192.386,0,325.367,0.65,0,6.93646,6.56002,13.4965,50.0169,-3.0192,
24/05/2025 15:27:00,553.661,192.379,0,325.128,0.65,0,10.0866,9.90253,19.9892,50.0055,-2.99829,
24/05/2025 15:28:00,553.642,192.372,0,325.367,0.65,0,8.84252,10.2863,19.1288,50.0169,-2.96905,
24/05/2025 15:29:00,553.597,192.383,0,325.128,0.65,0,9.79763,10.6052,20.4029,50.0169,-2.95445,
24/05/2025 15:30:00,553.635,192.389,0,324.889,0.65,0,7.5775,10.8305,18.408,49.9862,-2.98366,
24/05/2025 15:31:00,553.591,192.385,0,324.41,0.65,0,7.49909,6.95433,14.4534,49.9237,-3.01226,
24/05/2025 15:32:00,553.603,192.379,0,324.649,0.65,0,7.69833,11.6069,19.3052,50.0198,-3.04701,
24/05/2025 15:33:00,553.594,192.385,0,325.128,0.65,0,10.3533,11.1066,21.4599,49.9917,-3.04701,
24/05/2025 15:34:00,553.534,192.369,0,325.367,0.65,0,7.21069,11.401,18.6117,50.0283,-3.0331,
24/05/2025 15:35:00,553.544,192.383,0,325.367,0.65,0,9.41056,12.1611,21.5716,50.0084,-3.02615,
24/05/2025 15:36:00,553.53,192.369,0,325.367,0.65,0,12.5526,15.7924,28.345,49.9998,-2.99097,
24/05/2025 15:37:00,553.546,192.369,0,325.128,0.65,0,17.6597,15.031,32.6907,50.0084,-2.97636,
24/05/2025 15:38:00,553.534,192.38,0,324.649,0.65,0,21.6714,23.4533,45.1246,49.9536,-3.01226,
24/05/2025 15:39:00,553.526,192.361,0,324.17,0.65,0,15.0613,18.303,33.3644,49.9727,-3.04005,
24/05/2025 15:40:00,553.551,192.357,0,324.649,0.65,0,12.4603,15.0706,27.5309,49.9971,-3.04701,
24/05/2025 15:41:00,553.534,192.366,0,325.128,0.65,0,14.1717,10.4648,24.6365,49.9699,-3.04701,
24/05/2025 15:42:00,553.513,192.357,0,325.367,0.65,0,16.0667,21.4332,37.5,49.9917,-3.0331,
24/05/2025 15:43:00,553.514,192.353,0,325.128,0.65,0,8.90919,12.6375,21.5467,50.0027,-2.99829,
24/05/2025 15:44:00,553.512,192.36,0,325.367,0.65,0,10.7035,10.8497,21.5531,50.0283,-2.97636,
24/05/2025 15:45:00,553.51,192.357,0,325.128,0.65,0,16.2512,16.5333,32.7845,50.0027,-2.97636,
24/05/2025 15:46:00,553.51,192.35,0,324.889,0.65,0,22.787,21.2527,44.0397,49.989,-3.00532,
24/05/2025 15:47:00,553.51,192.345,0,324.41,0.65,0,19.7727,24.0783,43.851,49.9727,-3.0192,
24/05/2025 15:48:00,553.495,192.336,0,324.649,0.65,0,15.3297,13.7286,29.0582,50.0141,-3.0331,
24/05/2025 15:49:00,553.509,192.33,0,324.889,0.65,0,22.5729,20.6019,43.1749,49.9727,-3.02615,
24/05/2025 15:50:00,553.51,192.343,0,325.367,0.65,0,22.1094,26.4754,48.5849,50.0198,-3.00532,
24/05/2025 15:51:00,553.504,192.328,0,325.367,0.65,0,17.19,13.7791,30.9692,50.0055,-2.98366,
24/05/2025 15:52:00,553.506,192.337,0,325.367,0.65,0,20.7685,17.774,38.5425,49.9917,-2.96905,
24/05/2025 15:53:00,553.503,192.337,0,325.128,0.65,0,14.3669,20.3518,34.7187,49.9998,-2.94716,
24/05/2025 15:54:00,553.498,192.348,0,324.649,0.65,0,10.3985,14.0866,24.4851,49.9618,-2.97636,
24/05/2025 15:55:00,553.51,192.348,0,324.41,0.65,0,12.2456,11.7933,24.0388,49.9835,-3.00532,
24/05/2025 15:56:00,553.504,192.322,0,324.649,0.65,0,17.8806,23.6436,41.5243,50.0055,-3.01226,
24/05/2025 15:57:00,553.489,192.319,0,325.128,0.65,0,15.0646,16.0103,31.0749,49.9835,-3.0192,
24/05/2025 15:58:00,553.501,192.334,0,325.607,0.65,0,20.5267,12.7736,33.3003,49.9944,-3.01226,
24/05/2025 15:59:00,553.506,192.351,0,325.128,0.65,0,19.6806,10.3879,30.0685,50.0226,-2.99097,
24/05/2025 16:00:00,553.503,192.353,0,325.607,0.65,0,20.42,18.9131,39.3331,50.0255,-2.96905,
24/05/2025 16:01:00,553.504,192.353,0,325.367,0.65,0,19.1977,21.2263,40.424,49.9808,-2.94716,
24/05/2025 16:02:00,553.51,192.363,0,324.41,0.65,0,21.9523,32.3645,54.3168,49.9835,-2.93986,
24/05/2025 16:03:00,553.498,192.354,0,324.649,0.65,0,21.4875,20.3567,41.8442,49.9536,-2.99097,
24/05/2025 16:04:00,553.504,192.339,0,324.649,0.65,0,15.0136,17.605,32.6187,49.9781,-3.02615,
24/05/2025 16:05:00,553.495,192.331,0,325.128,0.65,0,13.7589,13.002,26.7609,50.0084,-3.04005,
24/05/2025 16:06:00,553.495,192.352,0,325.367,0.65,0,14.4308,14.2316,28.6624,50.0084,-3.04701,
24/05/2025 16:07:00,553.505,192.333,0,325.367,0.65,0,9.12429,19.2129,28.3372,50.0198,-3.0331,
24/05/2025 16:08:00,553.498,192.338,0,325.367,0.65,0,11.8603,20.5349,32.3952,50.0055,-3.01226,
24/05/2025 16:09:00,553.504,192.346,0,325.128,0.65,0,16.0567,15.5462,31.6029,49.9781,-2.99097,
24/05/2025 16:10:00,553.506,192.343,0,324.649,0.65,0,13.6306,19.274,32.9046,49.9862,-2.98366,
24/05/2025 16:11:00,553.507,192.346,0,324.41,0.65,0,13.2411,16.7038,29.9449,49.9564,-3.01226,
24/05/2025 16:12:00,553.51,192.335,0,324.649,0.65,0,28.2218,20.2155,48.4373,49.9862,-3.02615,
24/05/2025 16:13:00,553.51,192.337,0,325.128,0.65,0,41.0954,34.4745,75.5698,49.9862,-3.0331,
24/05/2025 16:14:00,553.51,192.336,0,325.128,0.65,0,27.9473,21.5421,49.4894,49.9971,-3.02615,
24/05/2025 16:15:00,553.508,192.35,0,325.128,0.65,0,16.0294,15.7775,31.807,50.0283,-3.01226,
24/05/2025 16:16:00,553.506,192.337,0,325.128,0.65,0,12.8945,14.8775,27.772,50.0369,-2.99829,
24/05/2025 16:17:00,553.51,192.344,0,325.128,0.65,0,12.5625,17.4594,30.0219,50.0027,-2.97636,
24/05/2025 16:18:00,553.51,192.359,0,324.649,0.65,0,18.4431,17.2704,35.7135,50.0055,-2.96905,
24/05/2025 16:19:00,553.507,192.34,0,324.41,0.65,0,18.4394,19.8447,38.2842,49.9971,-2.99829,
24/05/2025 16:20:00,553.503,192.325,0,324.649,0.65,0,14.8058,20.0599,34.8656,50.0169,-3.02615,
24/05/2025 16:21:00,553.503,192.322,0,325.367,0.65,0,10.953,14.5878,25.5407,49.989,-3.0331,
24/05/2025 16:22:00,553.507,192.317,0,325.607,0.65,0,11.7766,18.7165,30.4931,49.9917,-3.0331,
24/05/2025 16:23:00,553.506,192.327,0,325.128,0.65,0,12.37,11.6857,24.0557,49.9971,-3.0192,
24/05/2025 16:24:00,553.495,192.327,0,325.128,0.65,0,12.148,16.0886,28.2367,49.9808,-2.99829,
24/05/2025 16:25:00,553.493,192.337,0,325.367,0.65,0,11.5616,12.4762,24.0378,50.0226,-2.98366,
24/05/2025 16:26:00,553.51,192.341,0,324.889,0.65,0,11.2045,14.0733,25.2777,50.0369,-2.95445,
24/05/2025 16:27:00,553.506,192.366,0,324.17,0.65,0,13.1326,20.9561,34.0887,50.034,-2.95445,
24/05/2025 16:28:00,553.507,192.353,0,324.889,0.65,0,13.5825,11.9542,25.5367,49.9482,-2.99097,
24/05/2025 16:29:00,553.51,192.341,0,325.128,0.65,0,12.2552,11.271,23.5261,49.9917,-3.02615,
24/05/2025 16:30:00,553.507,192.329,0,325.367,0.65,0,11.5281,15.1156,26.6437,49.9971,-3.04701,
24/05/2025 16:31:00,553.507,192.329,0,325.367,0.65,0,11.9152,15.8011,27.7163,50.0255,-3.04005,
24/05/2025 16:32:00,553.51,192.333,0,325.128,0.65,0,14.3469,20.9923,35.3392,50.0112,-3.0331,
24/05/2025 16:33:00,553.507,192.331,0,325.128,0.65,0,16.6898,20.9679,37.6577,50.0511,-3.01226,
24/05/2025 16:34:00,553.504,192.344,0,324.889,0.65,0,12.9524,13.9887,26.9411,50.0255,-2.99097,
24/05/2025 16:35:00,553.507,192.346,0,324.41,0.65,0,12.6759,15.774,28.45,50.0312,-2.96175,
24/05/2025 16:36:00,553.51,192.333,0,324.41,0.65,0,11.435,17.1056,28.5406,50.0226,-2.95445,
24/05/2025 16:37:00,553.51,192.344,0,325.128,0.65,0,9.35507,11.1869,20.5419,50.034,-2.93257,
24/05/2025 16:38:00,553.51,192.353,0,325.367,0.65,0,12.0119,12.7966,24.8084,50.0198,-2.918,
24/05/2025 16:39:00,553.51,192.341,0,325.367,0.65,0,12.9611,21.191,34.152,50.0312,-2.90344,
24/05/2025 16:40:00,553.5,192.343,0,325.367,0.65,0,12.9729,19.8243,32.7973,50.0141,-2.88889,
24/05/2025 16:41:00,553.5,192.34,0,325.128,0.65,0,15.4318,23.0658,38.4977,50.0169,-2.88162,
24/05/2025 16:42:00,553.51,192.357,0,324.41,0.65,0,18.3845,24.0216,42.4061,50.0255,-2.88889,
24/05/2025 16:43:00,553.507,192.344,0,324.41,0.65,0,15.1364,23.7135,38.8499,49.9917,-2.95445,
24/05/2025 16:44:00,553.5,192.354,0,324.649,0.65,0,17.8422,22.338,40.1802,49.9455,-3.00532,
24/05/2025 16:45:00,553.506,192.321,0,325.128,0.65,0,17.4639,23.6905,41.1544,49.9917,-3.0331,
24/05/2025 16:46:00,553.503,192.339,0,325.128,0.65,0,16.013,17.117,33.13,50.0055,-3.04005,
24/05/2025 16:47:00,553.49,192.331,0,325.128,0.65,0,9.83505,15.0887,24.9238,49.9971,-3.04005,
24/05/2025 16:48:00,553.503,192.325,0,325.367,0.65,0,9.35916,10.4408,19.8,50.0226,-3.0331,
24/05/2025 16:49:00,553.497,192.324,0,325.367,0.65,0,7.72692,11.2107,18.9377,50.054,-3.0192,
24/05/2025 16:50:00,553.478,192.328,0,324.41,0.65,0,11.8946,14.061,25.9557,50.0141,-2.99097,
24/05/2025 16:51:00,553.468,192.325,0,324.41,0.65,0,14.5632,23.6124,38.1756,49.9998,-2.97636,
24/05/2025 16:52:00,553.485,192.34,0,324.649,0.65,0,15.6522,31.0586,46.7108,49.9862,-2.96175,
24/05/2025 16:53:00,553.482,192.348,0,325.367,0.65,0,17.1447,28.6124,45.757,49.9862,-2.95445,
24/05/2025 16:54:00,553.429,192.321,0,325.128,0.65,0,15.466,21.132,36.598,50.0141,-2.94716,
24/05/2025 16:55:00,553.44,192.333,0,325.128,0.65,0,14.9407,17.7516,32.6922,50.0112,-2.92528,
24/05/2025 16:56:00,553.422,192.326,0,325.367,0.65,0,12.0988,18.5326,30.6315,50.0255,-2.92528,
24/05/2025 16:57:00,553.358,192.317,0,325.367,0.65,0,12.6116,13.5796,26.1912,50.0055,-2.92528,
24/05/2025 16:58:00,553.334,192.33,0,324.889,0.65,0,10.9831,19.209,30.1921,49.9944,-2.918,
24/05/2025 16:59:00,553.326,192.309,0,324.41,0.65,0,11.3969,15.5097,26.9065,49.9591,-2.918,
24/05/2025 17:00:00,553.351,192.322,0,324.889,0.65,0,10.0726,14.7467,24.8193,50.034,-2.92528,
24/05/2025 17:01:00,553.353,192.348,0,325.128,0.65,0,8.52043,13.4986,22.019,50.0169,-2.918,
24/05/2025 17:02:00,553.341,192.337,0,325.367,0.65,0,9.21228,8.80751,18.0198,49.9944,-2.93257,
24/05/2025 17:03:00,553.395,192.353,0,325.128,0.65,0,10.1444,15.9403,26.0847,50.0283,-2.93257,
24/05/2025 17:04:00,553.359,192.358,0,325.367,0.65,0,11.5357,15.4699,27.0056,50.0084,-2.93986,
24/05/2025 17:05:00,553.356,192.365,0,325.367,0.65,0,7.87682,9.45139,17.3282,50.0226,-2.93986,
24/05/2025 17:06:00,553.4,192.352,0,324.889,0.65,0,6.01165,7.83328,13.8449,50.0112,-2.94716,
24/05/2025 17:07:00,553.449,192.365,0,324.649,0.65,0,7.60396,11.4334,19.0374,49.9944,-2.94716,
24/05/2025 17:08:00,553.458,192.375,0,324.649,0.65,0,7.93509,16.7217,24.6568,50.0169,-2.93986,
24/05/2025 17:09:00,553.481,192.382,0,325.128,0.65,0,8.34163,11.3412,19.6828,50.0055,-2.94716,
24/05/2025 17:10:00,553.491,192.375,0,325.367,0.65,0,6.01283,11.2749,17.2877,49.9944,-2.94716,
24/05/2025 17:11:00,553.493,192.364,0,325.367,0.65,0,9.55771,29.1012,38.659,50.0283,-2.94716,
24/05/2025 17:12:00,553.493,192.384,0,325.128,0.65,0,15.136,15.8769,31.0129,50.0084,-2.95445,
24/05/2025 17:13:00,553.504,192.393,0,324.889,0.65,0,17.4602,26.7096,44.1698,50.0768,-2.94716,
24/05/2025 17:14:00,553.461,192.38,0,324.649,0.65,0,10.8115,21.4016,32.2131,50.0169,-2.94716,
24/05/2025 17:15:00,553.464,192.387,0,324.17,0.65,0,11.8607,21.3305,33.1912,49.9727,-2.95445,
24/05/2025 17:16:00,553.488,192.4,0,324.649,0.65,0,11.7247,15.6383,27.3631,49.9944,-2.96175,
24/05/2025 17:17:00,553.507,192.407,0,324.889,0.65,0,6.80915,17.8661,24.6753,50.0426,-2.96175,
24/05/2025 17:18:00,553.503,192.403,0,325.367,0.65,0,3.58992,8.8939,12.4838,49.9998,-2.96905,
24/05/2025 17:19:00,553.483,192.414,0,325.128,0.65,0,8.94915,11.2515,20.2007,50.0027,-2.96905,
24/05/2025 17:20:00,553.495,192.408,0,325.367,0.65,0,6.5088,16.6015,23.1103,50.0084,-2.97636,
24/05/2025 17:21:00,553.491,192.406,0,325.128,0.65,0,10.198,10.566,20.764,49.9618,-2.97636,
24/05/2025 17:22:00,553.487,192.406,0,324.649,0.65,0,7.35378,15.4121,22.7659,50.0084,-2.98366,
24/05/2025 17:23:00,553.509,192.417,0,324.41,0.65,0,11.6951,23.3037,34.9988,49.9917,-2.99097,
24/05/2025 17:24:00,553.504,192.423,0,324.649,0.65,0,12.211,20.169,32.38,49.9835,-2.99829,
24/05/2025 17:25:00,553.508,192.424,0,325.128,0.65,0,8.39409,16.8545,25.2486,50.0198,-2.99097,
24/05/2025 17:26:00,553.496,192.411,0,325.367,0.65,0,11.2475,24.5243,35.7718,49.9862,-2.99829,
24/05/2025 17:27:00,553.503,192.416,0,325.367,0.65,0,11.2385,21.4967,32.7352,49.9917,-2.99829,
24/05/2025 17:28:00,553.502,192.4,0,325.607,0.65,0,7.66676,13.5413,21.208,50.0112,-2.99829,
24/05/2025 17:29:00,553.498,192.422,0,325.367,0.65,0,7.42975,21.6175,29.0473,50.0169,-2.99829,
24/05/2025 17:30:00,553.504,192.431,0,324.889,0.65,0,8.76438,18.7102,27.4746,50.0226,-3.00532,
24/05/2025 17:31:00,553.51,192.436,0,324.649,0.65,0,14.684,18.9484,33.6324,50.0198,-3.00532,
24/05/2025 17:32:00,553.506,192.434,0,324.649,0.65,0,12.4164,22.9655,35.382,50.0084,-3.00532,
24/05/2025 17:33:00,553.498,192.433,0,325.367,0.65,0,6.16061,16.4749,22.6355,49.9808,-3.00532,
24/05/2025 17:34:00,553.505,192.428,0,325.367,0.65,0,2.09363,9.50819,11.6018,49.9998,-3.00532,
24/05/2025 17:35:00,553.506,192.415,0,325.128,0.65,0,3.1794,11.6333,14.8127,50.0055,-3.00532,
24/05/2025 17:36:00,553.504,192.423,0,325.128,0.65,0,0.532314,9.57404,10.1064,49.9808,-3.01226,
24/05/2025 17:37:00,553.503,192.427,0,325.128,0.65,0,-0.418025,6.56558,6.14754,49.9754,-3.00532,
24/05/2025 17:38:00,553.504,192.419,0,324.649,0.65,0,3.14365,16.1783,19.3219,49.9754,-3.01226,
24/05/2025 17:39:00,553.506,192.429,0,324.41,0.65,0,4.52147,18.3806,22.902,49.9808,-3.00532,
24/05/2025 17:40:00,553.507,192.417,0,324.649,0.65,0,4.13266,16.1776,20.3102,49.9754,-3.00532,
24/05/2025 17:41:00,553.513,192.428,0,325.128,0.65,0,2.43385,11.629,14.0628,50.0055,-3.00532,
24/05/2025 17:42:00,553.51,192.435,0,325.128,0.65,0,4.73435,10.7865,15.5208,50.0255,-2.99829,
24/05/2025 17:43:00,553.51,192.424,0,325.367,0.65,0,11.475,10.1886,21.6636,50.0169,-2.99829,
24/05/2025 17:44:00,553.51,192.43,0,325.128,0.65,0,6.29112,14.5297,20.8207,49.9971,-2.99097,
24/05/2025 17:45:00,553.51,192.434,0,325.367,0.65,0,3.79974,13.8656,17.6653,50.0055,-2.99829,
24/05/2025 17:46:00,553.512,192.451,0,324.649,0.65,0,9.03332,20.257,29.2903,49.9618,-2.99097,
24/05/2025 17:47:00,553.516,192.436,0,324.41,0.65,0,10.439,20.4809,30.92,50.0255,-2.98366,
24/05/2025 17:48:00,553.511,192.427,0,324.649,0.65,0,16.0869,29.6981,45.7851,50.0084,-2.99097,
24/05/2025 17:49:00,553.51,192.423,0,325.607,0.65,0,11.9582,17.3069,29.2651,50.0027,-2.99097,
24/05/2025 17:50:00,553.51,192.432,0,325.367,0.65,0,9.45766,17.0951,26.5528,49.9781,-2.98366,
24/05/2025 17:51:00,553.508,192.42,0,325.128,0.65,0,10.7191,20.7042,31.4233,50.0255,-2.99829,
24/05/2025 17:52:00,553.509,192.419,0,325.367,0.65,0,9.27998,18.6869,27.9669,50.0255,-2.99097,
24/05/2025 17:53:00,553.51,192.422,0,325.128,0.65,0,12.0303,29.0535,41.0837,49.9971,-3.00532,
24/05/2025 17:54:00,553.51,192.428,0,324.889,0.65,0,15.091,26.7046,41.7956,49.989,-2.99829,
24/05/2025 17:55:00,553.51,192.429,0,324.41,0.65,0,17.1324,32.6121,49.7445,49.9917,-3.00532,
24/05/2025 17:56:00,553.513,192.441,0,324.649,0.65,0,13.8981,25.1875,39.0856,49.9944,-3.00532,
24/05/2025 17:57:00,553.51,192.427,0,325.128,0.65,0,15.3666,32.5192,47.8859,49.9808,-3.00532,
24/05/2025 17:58:00,553.51,192.427,0,325.367,0.65,0,13.5268,24.8833,38.4101,49.9727,-3.01226,
24/05/2025 17:59:00,553.51,192.408,0,324.889,0.65,0,11.2704,25.0129,36.2834,49.9944,-3.00532,
24/05/2025 18:00:00,553.507,192.429,0,325.367,0.65,0,18.4264,22.0387,40.4651,49.9998,-3.01226,
24/05/2025 18:01:00,553.513,192.434,0,324.889,0.65,0,19.2333,27.0743,46.3076,49.9808,-3.01226,
24/05/2025 18:02:00,553.53,192.436,0,324.889,0.65,0,20.5827,32.2603,52.8429,49.9591,-3.01226,
24/05/2025 18:03:00,553.527,192.428,0,324.41,0.65,0,28.3158,33.2245,61.5403,50.0255,-3.00532,
24/05/2025 18:04:00,553.519,192.446,0,324.41,0.65,0,33.9234,34.8188,68.7422,49.9917,-3.01226,
24/05/2025 18:05:00,553.531,192.451,0,325.128,0.65,0,21.8836,26.9665,48.8501,49.9754,-3.00532,
24/05/2025 18:06:00,553.512,192.441,0,325.367,0.65,0,28.5092,36.9898,65.499,49.9971,-3.01226,
24/05/2025 18:07:00,553.512,192.427,0,324.889,0.65,0,35.6406,34.3733,70.0139,49.9727,-3.01226,
24/05/2025 18:08:00,553.513,192.414,0,325.367,0.65,0,30.4887,32.8206,63.3094,50.034,-3.01226,
24/05/2025 18:09:00,553.51,192.416,0,325.367,0.65,0,22.4017,32.71,55.1117,49.9862,-3.01226,
24/05/2025 18:10:00,553.513,192.43,0,324.649,0.65,0,25.2517,35.2095,60.4612,49.9971,-3.01226,
24/05/2025 18:11:00,553.51,192.437,0,324.649,0.65,0,26.4478,32.8066,59.2544,50.0369,-3.0192,
24/05/2025 18:12:00,553.51,192.428,0,324.41,0.65,0,22.5538,30.9469,53.5008,49.9727,-3.0192,
24/05/2025 18:13:00,553.543,192.445,0,324.889,0.65,0,24.7743,36.0618,60.8362,50.0255,-3.0192,
24/05/2025 18:14:00,553.526,192.449,0,325.367,0.65,0,22.0246,38.2508,60.2754,50.0055,-3.02615,
24/05/2025 18:15:00,553.537,192.429,0,325.128,0.65,0,27.6031,40.5615,68.1646,50.0141,-3.0192,
24/05/2025 18:16:00,553.546,192.422,0,325.128,0.65,0,17.62,32.4362,50.0562,49.9808,-3.0192,
24/05/2025 18:17:00,553.516,192.427,0,325.128,0.65,0,15.2493,33.3616,48.611,49.9645,-3.02615,
24/05/2025 18:18:00,553.548,192.432,0,324.649,0.65,0,19.8061,33.8642,53.6703,50.0112,-3.0192,
24/05/2025 18:19:00,553.544,192.427,0,324.41,0.65,0,31.4522,36.197,67.6492,49.9536,-3.0192,
24/05/2025 18:20:00,553.549,192.424,0,324.649,0.65,0,25.2764,34.436,59.7124,49.9835,-3.01226,
24/05/2025 18:21:00,553.56,192.415,0,325.128,0.65,0,16.9089,29.776,46.6849,49.9971,-3.0192,
24/05/2025 18:22:00,553.555,192.428,0,325.128,0.65,0,21.3066,27.164,48.4706,50.0055,-3.01226,
24/05/2025 18:23:00,553.58,192.428,0,325.128,0.65,0,16.5373,31.338,47.8753,49.9971,-3.01226,
24/05/2025 18:24:00,553.585,192.42,0,325.367,0.65,0,22.607,32.4353,55.0423,50.0454,-3.01226,
24/05/2025 18:25:00,553.568,192.433,0,325.128,0.65,0,26.2641,33.4424,59.7065,49.9944,-3.01226,
24/05/2025 18:26:00,553.599,192.422,0,324.41,0.65,0,20.0732,31.6838,51.757,49.9835,-3.01226,
24/05/2025 18:27:00,553.609,192.434,0,324.41,0.65,0,22.8829,32.5055,55.3884,50.0084,-3.01226,
24/05/2025 18:28:00,553.556,192.418,0,324.649,0.65,0,31.7098,37.0796,68.7894,49.9808,-3.01226,
24/05/2025 18:29:00,553.576,192.415,0,325.128,0.65,0,41.5674,31.2925,72.8599,49.9971,-3.00532,
24/05/2025 18:30:00,553.532,192.413,0,325.607,0.65,0,32.3284,35.1003,67.4288,49.9944,-3.0192,
24/05/2025 18:31:00,553.554,192.422,0,325.128,0.65,0,31.009,36.9409,67.9499,49.9373,-3.0192,
24/05/2025 18:32:00,553.529,192.422,0,325.367,0.65,0,40.5488,35.9417,76.4905,50.0141,-3.01226,
24/05/2025 18:33:00,553.593,192.42,0,325.128,0.65,0,23.5997,34.088,57.6876,50.0454,-3.0192,
24/05/2025 18:34:00,553.602,192.438,0,324.649,0.65,0,23.6079,29.9854,53.5933,49.9998,-3.02615,
24/05/2025 18:35:00,553.633,192.421,0,324.17,0.65,0,34.9345,38.6997,73.6342,50.0027,-3.0192,
24/05/2025 18:36:00,553.612,192.43,0,324.649,0.65,0,31.7344,37.8417,69.5761,49.9862,-3.0192,
24/05/2025 18:37:00,553.658,192.43,0,325.128,0.65,0,30.3744,31.9022,62.2766,49.9645,-3.02615,
24/05/2025 18:38:00,553.674,192.431,0,325.367,0.65,0,32.5819,35.5603,68.1423,49.9917,-3.02615,
24/05/2025 18:39:00,553.652,192.425,0,325.367,0.65,0,39.1446,41.3507,80.4953,50.0112,-3.0192,
24/05/2025 18:40:00,553.667,192.425,0,325.367,0.65,0,41.844,35.6404,77.4844,49.9727,-3.0192,
24/05/2025 18:41:00,553.674,192.429,0,325.367,0.65,0,39.837,38.9748,78.8119,49.9835,-3.01226,
24/05/2025 18:42:00,553.676,192.425,0,324.889,0.65,0,37.2748,36.2375,73.5123,50.0084,-3.00532,
24/05/2025 18:43:00,553.664,192.414,0,324.41,0.65,0,31.2597,36.0605,67.3202,49.9917,-3.01226,
24/05/2025 18:44:00,553.683,192.42,0,324.649,0.65,0,29.8215,35.7104,65.5319,50.0141,-3.01226,
24/05/2025 18:45:00,553.699,192.423,0,325.128,0.65,0,26.1286,39.084,65.2126,49.9672,-3.0192,
24/05/2025 18:46:00,553.697,192.424,0,325.607,0.65,0,34.347,30.0149,64.3619,50.0055,-3.01226,
24/05/2025 18:47:00,553.703,192.438,0,325.367,0.65,0,26.6121,37.078,63.6901,49.9862,-3.01226,
24/05/2025 18:48:00,553.7,192.42,0,325.367,0.65,0,70.9672,33.123,104.09,50.0055,-3.00532,
24/05/2025 18:49:00,553.698,192.415,0,325.128,0.65,0,43.5209,37.9678,81.4888,49.9699,-3.02615,
24/05/2025 18:50:00,553.702,192.425,0,324.649,0.65,0,27.708,31.8312,59.5392,49.9699,-3.0192,
24/05/2025 18:51:00,553.705,192.427,0,324.649,0.65,0,39.051,38.9484,77.9995,49.9862,-3.02615,
24/05/2025 18:52:00,553.704,192.434,0,324.41,0.65,0,47.406,36.8287,84.2348,49.9862,-3.0192,
24/05/2025 18:53:00,553.703,192.417,0,325.128,0.65,0,49.8753,34.7942,84.6695,49.9862,-3.0192,
24/05/2025 18:54:00,553.713,192.44,0,325.128,0.65,0,21.6812,31.2882,52.9694,50.0226,-3.0192,
24/05/2025 18:55:00,553.734,192.43,0,325.128,0.65,0,10.1491,29.3707,39.5199,50.0055,-3.0192,
24/05/2025 18:56:00,553.71,192.428,0,325.367,0.65,0,10.7079,31.2071,41.915,49.9591,-3.0192,
24/05/2025 18:57:00,553.703,192.432,0,325.128,0.65,0,33.6578,36.7841,70.4419,49.9591,-3.02615,
24/05/2025 18:58:00,553.709,192.423,0,324.649,0.65,0,34.7534,33.8764,68.6297,49.9618,-3.0331,
24/05/2025 18:59:00,553.71,192.426,0,324.649,0.65,0,30.5597,32.6966,63.2563,50.0055,-3.02615,
24/05/2025 19:00:00,553.703,192.431,0,324.889,0.65,0,27.5875,37.723,65.3105,49.9727,-3.0331,
24/05/2025 19:01:00,553.715,192.442,0,325.128,0.65,0,37.3596,31.6397,68.9993,50.0169,-3.0331,
24/05/2025 19:02:00,553.724,192.424,0,325.367,0.65,0,56.711,36.3397,93.0508,50.0312,-3.02615,
24/05/2025 19:03:00,553.709,192.426,0,324.889,0.65,0,38.795,41.7014,80.4964,50.0055,-3.02615,
24/05/2025 19:04:00,553.739,192.423,0,325.607,0.65,0,32.586,35.2187,67.8048,49.9917,-3.02615,
24/05/2025 19:05:00,553.744,192.415,0,325.128,0.65,0,23.2123,33.7749,56.9872,49.9862,-3.02615,
24/05/2025 19:06:00,553.752,192.436,0,324.889,0.65,0,12.4089,27.9206,40.3295,49.9971,-3.02615,
24/05/2025 19:07:00,553.747,192.426,0,324.17,0.65,0,8.95043,28.5628,37.5133,50.0084,-3.0192,
24/05/2025 19:08:00,553.8,192.419,0,324.649,0.65,0,1.99651,23.3774,25.3739,49.9971,-3.02615,
24/05/2025 19:09:00,553.79,192.405,0,325.367,0.65,0,1.72712,23.1942,24.9214,49.9672,-3.02615,
24/05/2025 19:10:00,553.786,192.42,0,325.367,0.65,0,14.8497,21.3203,36.1701,49.9835,-3.02615,
24/05/2025 19:11:00,553.783,192.416,0,325.128,0.65,0,23.0024,32.7346,55.737,50.0055,-3.02615,
24/05/2025 19:12:00,553.785,192.395,0,325.607,0.65,0,18.0262,23.0337,41.0599,50.0198,-3.02615,
24/05/2025 19:13:00,553.804,192.395,0,325.367,0.65,0,23.1934,31.3621,54.5555,49.9727,-3.0331,
24/05/2025 19:14:00,553.803,192.391,0,324.41,0.65,0,27.193,35.7935,62.9866,50.0027,-3.04005,
24/05/2025 19:15:00,553.79,192.397,0,324.41,0.65,0,26.2693,34.3927,60.662,50.0112,-3.05396,
24/05/2025 19:16:00,553.731,192.393,0,324.41,0.65,0,42.3768,33.6463,76.0231,49.9808,-3.05396,
24/05/2025 19:17:00,553.724,192.39,0,325.367,0.65,0,27.0492,34.4613,61.5105,49.9781,-3.05396,
24/05/2025 19:18:00,553.712,192.369,0,325.367,0.65,0,27.1152,36.5713,63.6864,49.9536,-3.05396,
24/05/2025 19:19:00,553.716,192.363,0,325.128,0.65,0,30.7144,36.5621,67.2765,49.9835,-3.04701,
24/05/2025 19:20:00,553.747,192.366,0,325.367,0.65,0,16.9016,31.547,48.4486,49.9944,-3.04701,
24/05/2025 19:21:00,553.792,192.369,0,325.128,0.65,0,6.36985,29.6923,36.0622,50.0112,-3.04701,
24/05/2025 19:22:00,553.719,192.352,0,324.41,0.65,0,24.0764,30.9167,54.9931,49.9944,-3.04701,
24/05/2025 19:23:00,553.75,192.347,0,324.17,0.65,0,29.2118,34.1005,63.3123,50.0027,-3.04005,
24/05/2025 19:24:00,553.823,192.36,0,324.649,0.65,0,9.5026,31.1886,40.6912,49.9509,-3.04005,
24/05/2025 19:25:00,553.795,192.368,0,325.128,0.65,0,10.4981,29.4209,39.9191,50.0198,-3.04005,
24/05/2025 19:26:00,553.846,192.361,0,325.367,0.65,0,11.928,33.3071,45.2351,49.9754,-3.05396,
24/05/2025 19:27:00,553.813,192.336,0,325.128,0.65,0,20.0145,35.4994,55.5139,49.9591,-3.04701,
24/05/2025 19:28:00,479.998,166.712,0,325.128,0.563333,0,12.6748,35.0627,47.7375,49.9754,-3.04701,
24/05/2025 19:29:00,535.292,185.944,0,325.367,0.628333,0,22.9482,34.3013,57.2495,49.9917,-3.06093,
24/05/2025 19:30:00,535.265,185.913,0,324.649,0.628333,0,18.3395,36.9626,55.302,49.9808,-3.06789,
24/05/2025 19:31:00,553.703,192.3,0,324.41,0.65,0,18.0621,33.1599,51.222,49.9564,-3.06093,
24/05/2025 19:32:00,553.709,192.311,0,324.41,0.65,0,25.4227,34.616,60.0387,49.9998,-3.06093,
24/05/2025 19:33:00,553.726,192.312,0,325.128,0.65,0,20.5947,35.4476,56.0423,49.9862,-3.05396,
24/05/2025 19:34:00,526.058,182.706,0,325.367,0.6175,0,3.47543,25.7605,29.236,49.9781,-3.04701,
24/05/2025 19:35:00,544.476,189.089,0,325.128,0.639167,0,6.42568,31.1407,37.5664,49.9781,-3.04701,
24/05/2025 19:36:00,544.501,189.094,0,325.367,0.639167,0,16.4801,34.5729,51.053,49.9971,-3.04005,
24/05/2025 19:37:00,535.293,185.903,0,325.607,0.628333,0,10.2559,28.2559,38.5119,49.9971,-3.0331,
24/05/2025 19:38:00,535.272,185.868,0,324.649,0.628333,0,13.2654,32.2949,45.5604,50.0055,-3.02615,
24/05/2025 19:39:00,553.71,192.288,0,324.41,0.65,0,13.943,28.5182,42.4612,49.9971,-3.02615,
24/05/2025 19:40:00,544.508,189.074,0,324.649,0.639167,0,9.26245,30.8206,40.083,49.989,-3.01226,
24/05/2025 19:41:00,553.736,192.284,0,325.128,0.65,0,3.86214,29.0536,32.9157,49.9971,-3.01226,
24/05/2025 19:42:00,544.557,189.045,0,325.367,0.639167,0,6.06376,26.9819,33.0457,49.9672,-3.00532,
24/05/2025 19:43:00,553.708,192.266,0,325.128,0.65,0,11.1795,30.9735,42.153,49.9862,-2.99829,
24/05/2025 19:44:00,553.708,192.264,0,325.367,0.65,0,8.90892,28.7545,37.6635,50.0198,-2.99829,
24/05/2025 19:45:00,553.709,192.289,0,325.128,0.65,0,9.70004,25.7533,35.4534,49.9862,-2.99097,
24/05/2025 19:46:00,553.704,192.272,0,324.889,0.65,0,14.9504,32.1349,47.0853,49.9835,-2.99829,
24/05/2025 19:47:00,553.703,192.283,0,324.17,0.65,0,22.4081,32.9454,55.3535,50.0084,-2.99829,
24/05/2025 19:48:00,553.703,192.261,0,324.649,0.65,0,25.084,30.6326,55.7167,49.9536,-2.99829,
24/05/2025 19:49:00,553.7,192.276,0,325.128,0.65,0,16.5098,29.8697,46.3794,49.9917,-3.01226,
24/05/2025 19:50:00,553.708,192.279,0,325.607,0.65,0,9.55581,24.5962,34.152,49.9862,-3.0192,
24/05/2025 19:51:00,553.701,192.276,0,325.367,0.65,0,6.90107,23.443,30.344,49.9835,-3.0192,
24/05/2025 19:52:00,553.703,192.259,0,325.367,0.65,0,22.0901,38.5866,60.6767,49.9618,-3.0192,
24/05/2025 19:53:00,553.703,192.27,0,325.128,0.65,0,23.3864,35.0753,58.4617,50.0055,-3.01226,
24/05/2025 19:54:00,553.703,192.273,0,324.649,0.65,0,23.1338,32.9152,56.049,49.9699,-3.0192,
24/05/2025 19:55:00,553.703,192.265,0,324.41,0.65,0,25.5532,38.1967,63.75,49.989,-3.0192,
24/05/2025 19:56:00,553.701,192.251,0,324.649,0.65,0,28.206,32.4882,60.6941,49.9727,-3.0192,
24/05/2025 19:57:00,553.702,192.247,0,325.128,0.65,0,19.5947,35.9001,55.4948,50.0226,-3.01226,
24/05/2025 19:58:00,553.7,192.243,0,325.367,0.65,0,15.6843,30.6527,46.3371,50.0112,-3.0192,
24/05/2025 19:59:00,553.702,192.24,0,324.889,0.65,0,16.1557,32.9563,49.112,50.0112,-3.01226,
24/05/2025 20:00:00,553.695,192.238,0,325.128,0.65,0,15.4401,27.1888,42.6289,49.9672,-3.02615,
24/05/2025 20:01:00,553.7,192.247,0,325.367,0.65,0,13.0027,29.3969,42.3996,50.0141,-3.0192,
24/05/2025 20:02:00,553.698,192.236,0,324.649,0.65,0,16.7637,29.6632,46.4269,49.9835,-3.0192,
24/05/2025 20:03:00,553.681,192.22,0,324.41,0.65,0,10.4125,31.6864,42.0988,49.9917,-3.01226,
24/05/2025 20:04:00,553.699,192.225,0,324.649,0.65,0,13.0611,27.7402,40.8013,49.9944,-3.01226,
24/05/2025 20:05:00,553.701,192.234,0,325.367,0.65,0,17.7604,33.2438,51.0042,49.9482,-3.01226,
24/05/2025 20:06:00,553.695,192.242,0,325.607,0.65,0,13.7853,28.7763,42.5616,49.9944,-3.00532,
24/05/2025 20:07:00,553.685,192.219,0,325.128,0.65,0,15.0695,28.4556,43.5251,49.989,-3.01226,
24/05/2025 20:08:00,553.69,192.225,0,325.128,0.65,0,25.5695,30.7849,56.3544,49.9509,-2.99829,
24/05/2025 20:09:00,553.698,192.219,0,325.128,0.65,0,36.4979,34.8912,71.3891,49.9564,-3.00532,
24/05/2025 20:10:00,553.664,192.23,0,324.889,0.65,0,45.5234,38.3312,83.8546,49.9727,-3.00532,
24/05/2025 20:11:00,553.68,192.217,0,324.41,0.65,0,51.7487,42.4727,94.2215,50.0112,-3.00532,
24/05/2025 20:12:00,553.654,192.208,0,324.649,0.65,0,64.1384,35.6418,99.7803,50.0226,-3.00532,
24/05/2025 20:13:00,553.689,192.213,0,325.367,0.65,0,56.709,36.547,93.256,49.9917,-3.00532,
24/05/2025 20:14:00,553.685,192.221,0,325.128,0.65,0,46.4825,40.7797,87.262,49.989,-3.01226,
24/05/2025 20:15:00,553.699,192.22,0,325.367,0.65,0,37.4653,38.0081,75.4734,50.0112,-3.0192,
24/05/2025 20:16:00,553.699,192.228,0,325.367,0.65,0,40.6751,38.1468,78.8219,49.9998,-3.02615,
24/05/2025 20:17:00,553.69,192.211,0,325.128,0.65,0,25.3346,32.6873,58.0218,49.9699,-3.01226,
24/05/2025 20:18:00,553.687,192.225,0,324.649,0.65,0,15.8208,35.4669,51.2877,50.0255,-3.01226,
24/05/2025 20:19:00,553.677,192.207,0,324.41,0.65,0,18.5361,34.3653,52.9014,49.9672,-3.02615,
24/05/2025 20:20:00,553.667,192.212,0,324.649,0.65,0,15.1018,26.9023,42.0041,49.9781,-3.02615,
24/05/2025 20:21:00,553.693,192.211,0,324.889,0.65,0,19.7128,31.8522,51.565,49.9971,-3.02615,
24/05/2025 20:22:00,553.68,192.21,0,325.128,0.65,0,28.1059,35.178,63.2838,49.9917,-3.0331,
24/05/2025 20:23:00,553.695,192.206,0,325.367,0.65,0,32.8922,32.1457,65.0379,49.9917,-3.02615,
24/05/2025 20:24:00,553.699,192.214,0,325.128,0.65,0,25.0672,31.4479,56.515,50.0226,-3.0331,
24/05/2025 20:25:00,553.693,192.204,0,325.128,0.65,0,22.4204,34.0539,56.4742,50.0055,-3.02615,
24/05/2025 20:26:00,553.693,192.199,0,324.889,0.65,0,23.2297,41.6274,64.857,49.989,-3.02615,
24/05/2025 20:27:00,553.7,192.197,0,324.41,0.65,0,18.6925,28.4437,47.1362,50.0084,-3.0192,
24/05/2025 20:28:00,553.699,192.202,0,324.889,0.65,0,13.3328,12.5831,25.916,50.0055,-3.02615,
24/05/2025 20:29:00,553.697,192.193,0,325.128,0.65,0,11.509,22.5806,34.0895,50.0027,-3.0192,
24/05/2025 20:30:00,553.7,192.19,0,325.128,0.65,0,13.7226,27.0847,40.8073,49.9781,-3.0192,
24/05/2025 20:31:00,553.703,192.19,0,325.128,0.65,0,10.9294,20.5618,31.4912,49.9618,-3.0192,
24/05/2025 20:32:00,553.703,192.205,0,325.128,0.65,0,11.6452,32.3237,43.9688,49.9862,-3.0192,
24/05/2025 20:33:00,553.7,192.178,0,325.367,0.65,0,8.10502,19.548,27.653,50.0169,-3.0192,
24/05/2025 20:34:00,553.697,192.188,0,324.649,0.65,0,12.6028,35.4391,48.042,49.9482,-3.0192,
24/05/2025 20:35:00,553.684,192.195,0,324.17,0.65,0,18.5969,38.4326,57.0295,50.0027,-3.0192,
24/05/2025 20:36:00,553.69,192.178,0,324.889,0.65,0,17.756,33.9363,51.6923,49.9917,-3.02615,
24/05/2025 20:37:00,553.689,192.18,0,325.128,0.65,0,34.8396,37.1588,71.9984,49.9536,-3.0192,
24/05/2025 20:38:00,553.684,192.175,0,325.128,0.65,0,31.0272,33.409,64.4363,49.9998,-3.0192,
24/05/2025 20:39:00,553.661,192.177,0,325.367,0.65,0,24.7512,31.4567,56.2079,49.9591,-3.01226,
24/05/2025 20:40:00,553.682,192.179,0,325.367,0.65,0,16.4218,33.532,49.9538,49.9917,-3.0192,
24/05/2025 20:41:00,553.682,192.165,0,325.128,0.65,0,14.0144,32.4666,46.481,50.0255,-3.02615,
24/05/2025 20:42:00,553.662,192.161,0,324.649,0.65,0,13.1265,32.8273,45.9538,50.0198,-3.01226,
24/05/2025 20:43:00,553.623,192.173,0,324.41,0.65,0,19.4614,34.9805,54.4419,49.9971,-3.01226,
24/05/2025 20:44:00,553.6,192.176,0,324.649,0.65,0,21.1361,33.6714,54.8075,50.0141,-3.01226,
24/05/2025 20:45:00,553.643,192.17,0,325.128,0.65,0,14.3685,33.1284,47.4968,49.9754,-3.0192,
24/05/2025 20:46:00,553.649,192.166,0,325.367,0.65,0,9.71276,37.7696,47.4823,50.0084,-3.01226,
24/05/2025 20:47:00,553.619,192.181,0,325.607,0.65,0,9.54953,31.3844,40.9339,50.0055,-2.99829,
24/05/2025 20:48:00,553.618,192.174,0,325.367,0.65,0,10.2473,31.9395,42.1868,49.9944,-2.99829,
24/05/2025 20:49:00,553.586,192.17,0,325.128,0.65,0,10.2636,28.3386,38.6021,49.989,-2.99829,
24/05/2025 20:50:00,553.549,192.169,0,324.649,0.65,0,9.97729,35.6927,45.67,50.0112,-2.99829,
24/05/2025 20:51:00,553.522,192.153,0,324.41,0.65,0,5.37345,22.0829,27.4564,50.0369,-2.99097,
24/05/2025 20:52:00,553.516,192.151,0,324.649,0.65,0,13.2432,26.0339,39.2771,49.9917,-2.99097,
24/05/2025 20:53:00,553.51,192.15,0,325.367,0.65,0,7.47968,27.0474,34.5271,50.0369,-2.99097,
24/05/2025 20:54:00,553.513,192.158,0,325.367,0.65,0,11.0153,25.3689,36.3843,50.0255,-2.98366,
24/05/2025 20:55:00,544.293,188.945,0,325.128,0.639167,0,10.3453,28.5013,38.8466,49.989,-2.98366,
24/05/2025 20:56:00,553.521,192.166,0,325.128,0.65,0,7.36345,28.5797,35.9432,49.9835,-2.99829,
24/05/2025 20:57:00,553.514,192.17,0,325.367,0.65,0,4.66289,23.6884,28.3513,49.9917,-2.99829,
24/05/2025 20:58:00,553.514,192.155,0,324.649,0.65,0,8.42344,22.4476,30.8711,50.0112,-2.99829,
24/05/2025 20:59:00,553.533,192.152,0,324.41,0.65,0,5.46202,23.5013,28.9633,50.0084,-2.99829,
24/05/2025 21:00:00,553.511,192.164,0,324.649,0.65,0,3.07056,19.4058,22.4763,50.0027,-2.99829,
24/05/2025 21:01:00,553.521,192.179,0,325.367,0.65,0,3.0264,17.0889,20.1153,49.9862,-2.99829,
24/05/2025 21:02:00,553.522,192.167,0,325.367,0.65,0,6.88409,22.3561,29.2402,50.0226,-2.99829,
24/05/2025 21:03:00,553.532,192.153,0,325.367,0.65,0,3.68854,22.7165,26.4051,50.0141,-2.99829,
24/05/2025 21:04:00,553.53,192.154,0,325.367,0.65,0,1.15638,20.2488,21.4052,49.9998,-2.99829,
24/05/2025 21:05:00,553.594,192.153,0,325.367,0.65,0,5.54028,23.354,28.8943,49.9971,-3.00532,
24/05/2025 21:06:00,553.547,192.165,0,324.649,0.65,0,6.95823,27.0669,34.0251,50.0141,-3.00532,
24/05/2025 21:07:00,553.557,192.165,0,324.17,0.65,0,10.8838,30.4946,41.3785,49.9917,-3.0192,
24/05/2025 21:08:00,553.566,192.17,0,324.649,0.65,0,20.6865,26.5186,47.2051,50.0169,-3.01226,
24/05/2025 21:09:00,553.555,192.149,0,325.367,0.65,0,19.2747,31.483,50.7577,50.0141,-3.0192,
24/05/2025 21:10:00,553.53,192.147,0,325.367,0.65,0,17.0702,28.6142,45.6844,49.989,-3.0192,
24/05/2025 21:11:00,553.522,192.156,0,325.367,0.65,0,17.5617,28.2863,45.848,49.9917,-3.01226,
24/05/2025 21:12:00,553.513,192.148,0,325.128,0.65,0,8.44659,24.3125,32.7591,49.9917,-3.01226,
24/05/2025 21:13:00,553.51,192.141,0,325.128,0.65,0,10.3726,21.3631,31.7356,49.9917,-3.01226,
24/05/2025 21:14:00,553.51,192.138,0,324.889,0.65,0,5.84914,18.5443,24.3935,50.0141,-3.00532,
24/05/2025 21:15:00,544.286,188.93,0,324.41,0.639167,0,5.28468,15.5416,20.8263,49.9862,-3.01226,
24/05/2025 21:16:00,553.514,192.151,0,324.649,0.65,0,7.92055,25.1981,33.1187,49.9835,-3.01226,
24/05/2025 21:17:00,553.51,192.142,0,325.128,0.65,0,10.9349,24.3065,35.2413,49.9346,-3.01226,
24/05/2025 21:18:00,553.507,192.143,0,325.607,0.65,0,10.621,17.4839,28.1049,49.9971,-3.01226,
24/05/2025 21:19:00,553.513,192.141,0,325.367,0.65,0,1.46411,9.19041,10.6545,49.9727,-3.01226,
24/05/2025 21:20:00,553.51,192.145,0,325.128,0.65,0,5.18855,10.0994,15.2879,49.9808,-3.01226,
24/05/2025 21:21:00,553.51,192.136,0,325.128,0.65,0,0.175294,6.79238,6.96767,49.9944,-3.0192,
24/05/2025 21:22:00,553.51,192.133,0,324.41,0.65,0,-0.0188158,8.88064,8.86182,49.9862,-3.01226,
24/05/2025 21:23:00,553.51,192.127,0,324.41,0.65,0,4.22944,13.0192,17.2487,49.9645,-3.0192,
24/05/2025 21:24:00,544.285,188.956,0,324.649,0.639167,0,4.99224,21.673,26.6653,49.989,-3.0192,
24/05/2025 21:25:00,553.51,192.139,0,325.128,0.65,0,4.48399,13.7104,18.1944,49.9862,-3.0192,
24/05/2025 21:26:00,544.285,188.921,0,325.128,0.639167,0,6.42536,15.9178,22.3431,50.0198,-3.01226,
24/05/2025 21:27:00,553.51,192.122,0,324.889,0.65,0,1.69405,12.8123,14.5063,49.9917,-3.00532,
24/05/2025 21:28:00,553.51,192.12,0,325.367,0.65,0,0.0295533,8.98287,9.01241,49.9699,-3.00532,
24/05/2025 21:29:00,553.507,192.116,0,325.367,0.65,0,3.65288,12.1421,15.795,50.0027,-2.99829,
24/05/2025 21:30:00,553.51,192.121,0,324.889,0.65,0,0.0748019,8.29048,8.36528,50.0397,-2.99829,
24/05/2025 21:31:00,544.285,188.909,0,324.41,0.639167,0,3.10678,14.4367,17.5435,50.0283,-2.99829,
24/05/2025 21:32:00,553.496,192.102,0,324.649,0.65,0,3.15277,12.7375,15.8903,49.9917,-3.00532,
24/05/2025 21:33:00,553.495,192.091,0,325.367,0.65,0,6.08141,18.2504,24.3319,49.9971,-3.00532,
24/05/2025 21:34:00,535.037,185.663,0,325.367,0.628333,0,12.8218,23.3633,36.1851,50.0084,-2.99829,
24/05/2025 21:35:00,525.812,182.481,0,325.128,0.6175,0,8.51951,18.4014,26.9209,49.9672,-3.00532,
24/05/2025 21:36:00,544.281,188.897,0,325.367,0.639167,0,6.13804,18.1301,24.2681,49.9944,-3.00532,
24/05/2025 21:37:00,553.507,192.117,0,325.128,0.65,0,6.5347,20.3139,26.8486,50.0255,-3.00532,
24/05/2025 21:38:00,553.504,192.119,0,324.649,0.65,0,4.05472,15.5277,19.5824,50.0198,-3.00532,
24/05/2025 21:39:00,553.504,192.092,0,324.41,0.65,0,4.40749,11.5829,15.9903,49.9917,-2.99829,
24/05/2025 21:40:00,553.505,192.11,0,324.41,0.65,0,0.368898,9.53523,9.90413,49.9971,-2.99829,
24/05/2025 21:41:00,553.495,192.102,0,325.128,0.65,0,2.01458,15.3193,17.3339,49.989,-3.00532,
24/05/2025 21:42:00,553.497,192.077,0,325.128,0.65,0,0.36924,9.95337,10.3226,49.9917,-2.99097,
24/05/2025 21:43:00,553.496,192.087,0,325.367,0.65,0,1.89764,12.6786,14.5763,49.9998,-2.99829,
24/05/2025 21:44:00,553.484,192.069,0,325.607,0.65,0,2.36218,14.0328,16.395,50.0169,-2.99829,
24/05/2025 21:45:00,553.485,192.082,0,325.367,0.65,0,7.45561,20.986,28.4416,49.9917,-2.99829,
24/05/2025 21:46:00,553.471,192.075,0,324.649,0.65,0,15.2631,28.0087,43.2719,50.0055,-3.00532,
24/05/2025 21:47:00,553.443,192.1,0,324.41,0.65,0,19.3904,31.3363,50.7268,50.0055,-3.01226,
24/05/2025 21:48:00,553.495,192.094,0,324.649,0.65,0,13.2874,30.6666,43.954,49.9944,-3.01226,
24/05/2025 21:49:00,553.481,192.078,0,325.128,0.65,0,6.08224,25.9974,32.0796,50.0112,-3.01226,
24/05/2025 21:50:00,553.453,192.08,0,325.607,0.65,0,7.58021,26.6063,34.1865,50.0255,-3.01226,
24/05/2025 21:51:00,553.481,192.092,0,325.128,0.65,0,6.10063,27.6982,33.7989,50.0112,-3.00532,
24/05/2025 21:52:00,544.225,188.881,0,325.367,0.639167,0,8.25505,27.1384,35.3934,49.989,-3.01226,
24/05/2025 21:53:00,553.448,192.095,0,325.128,0.65,0,12.0923,27.4106,39.5029,49.9564,-3.01226,
24/05/2025 21:54:00,553.479,192.081,0,324.649,0.65,0,14.3787,29.9199,44.2986,50.0226,-3.0192,
24/05/2025 21:55:00,553.464,192.084,0,324.41,0.65,0,21.5142,32.8296,54.3438,49.9754,-3.0192,
24/05/2025 21:56:00,553.443,192.077,0,324.41,0.65,0,24.5399,36.069,60.6088,50.0027,-3.0192,
24/05/2025 21:57:00,553.462,192.077,0,325.367,0.65,0,19.0818,26.8854,45.9671,49.9781,-3.0192,
24/05/2025 21:58:00,544.248,188.903,0,324.649,0.639167,0,8.78336,21.9677,30.7511,50.0027,-3.0192,
24/05/2025 21:59:00,553.499,192.071,0,325.367,0.65,0,4.71808,19.037,23.755,49.9645,-3.01226,
24/05/2025 22:00:00,553.462,192.064,0,325.367,0.65,0,4.54807,21.3159,25.864,49.9998,-3.00532,
24/05/2025 22:01:00,553.454,192.069,0,325.607,0.65,0,8.87122,28.1951,37.0664,49.9808,-3.01226,
24/05/2025 22:02:00,553.423,192.063,0,324.889,0.65,0,11.2369,26.8083,38.0452,49.989,-3.00532,
24/05/2025 22:03:00,553.435,192.07,0,324.41,0.65,0,9.76889,29.1455,38.9144,50.0169,-3.01226,
24/05/2025 22:04:00,553.416,192.067,0,324.41,0.65,0,9.35962,25.9634,35.323,50.0027,-3.00532,
24/05/2025 22:05:00,553.401,192.063,0,324.41,0.65,0,9.0128,27.1184,36.1312,50.0112,-3.01226,
24/05/2025 22:06:00,553.378,192.072,0,325.128,0.65,0,7.79318,26.9928,34.786,50.0141,-3.01226,
24/05/2025 22:07:00,553.387,192.073,0,325.367,0.65,0,16.6902,36.8157,53.5059,50.0169,-3.01226,
24/05/2025 22:08:00,553.356,192.05,0,325.367,0.65,0,14.2234,32.9392,47.1627,49.9672,-3.01226,
24/05/2025 22:09:00,553.34,192.013,0,325.367,0.65,0,16.5835,36.4278,53.0113,49.9862,-3.01226,
24/05/2025 22:10:00,553.321,192.005,0,324.889,0.65,0,16.6298,32.7906,49.4204,49.9862,-3.0192,
24/05/2025 22:11:00,553.32,192.036,0,324.41,0.65,0,16.469,32.7943,49.2633,50.0084,-3.0192,
24/05/2025 22:12:00,451.878,156.853,0,324.649,0.530833,0,19.1139,33.8814,52.9953,49.9971,-3.01226,
24/05/2025 22:13:00,534.943,185.635,0,325.367,0.628333,0,17.5871,34.0627,51.6498,49.9971,-3.0192,
24/05/2025 22:14:00,544.197,188.818,0,325.367,0.639167,0,15.3569,33.2966,48.6535,50.0283,-3.01226,
24/05/2025 22:15:00,525.73,182.43,0,325.128,0.6175,0,7.56576,22.7478,30.3135,50.0283,-3.0192,
24/05/2025 22:16:00,488.775,169.589,0,325.128,0.574167,0,1.29582,11.6979,12.9938,49.9998,-3.0192,
24/05/2025 22:17:00,553.351,192.017,0,325.128,0.65,0,2.47404,14.1369,16.611,50.0055,-3.0192,
24/05/2025 22:18:00,525.72,182.425,0,324.889,0.6175,0,4.61211,21.9979,26.61,50.0426,-3.01226,
24/05/2025 22:19:00,544.101,188.852,0,324.41,0.639167,0,6.5884,24.7808,31.3692,49.9862,-3.01226,
24/05/2025 22:20:00,553.355,192.021,0,324.649,0.65,0,4.7934,21.8399,26.6333,49.9944,-3.01226,
24/05/2025 22:21:00,553.342,192.044,0,325.367,0.65,0,4.54866,23.2626,27.8113,49.9944,-3.01226,
24/05/2025 22:22:00,544.108,188.818,0,325.367,0.639167,0,5.95419,21.1314,27.0856,49.9672,-3.01226,
24/05/2025 22:23:00,553.34,192.044,0,325.128,0.65,0,9.58722,22.6991,32.2863,50.0027,-3.01226,
24/05/2025 22:24:00,553.369,192.03,0,325.607,0.65,0,11.1278,26.4217,37.5495,50.0027,-3.0192,
24/05/2025 22:25:00,544.109,188.844,0,324.889,0.639167,0,2.82374,12.9627,15.7864,50.0169,-3.0192,
24/05/2025 22:26:00,553.376,192.018,0,324.889,0.65,0,1.09704,10.1169,11.2139,49.9781,-3.01226,
24/05/2025 22:27:00,553.394,192.012,0,325.367,0.65,0,5.12448,16.1145,21.239,49.9998,-3.01226,
24/05/2025 22:28:00,534.888,185.599,0,324.649,0.628333,0,8.7071,13.9416,22.6487,49.9944,-3.00532,
24/05/2025 22:29:00,544.145,188.836,0,325.367,0.639167,0,6.91876,17.7886,24.7074,50.0027,-3.00532,
24/05/2025 22:30:00,534.922,185.637,0,325.367,0.628333,0,6.01299,17.8949,23.9078,49.9917,-3.01226,
24/05/2025 22:31:00,516.465,179.232,0,324.889,0.606667,0,6.07336,24.7163,30.7896,50.0397,-3.01226,
24/05/2025 22:32:00,516.44,179.236,0,325.367,0.6175,0,7.67953,25.3678,33.0473,49.9455,-3.01226,
24/05/2025 22:33:00,497.995,172.846,0,325.128,0.585,0,12.2199,25.9437,38.1637,49.989,-3.01226,
24/05/2025 22:34:00,525.672,182.43,0,325.367,0.606667,0,20.2771,31.1978,51.475,50.0055,-3.01226,
24/05/2025 22:35:00,525.784,182.414,0,325.128,0.6175,0,9.89358,27.6294,37.5229,50.0141,-3.01226,
24/05/2025 22:36:00,544.141,188.801,0,324.649,0.639167,0,4.85935,19.6263,24.4857,49.9591,-3.0192,
24/05/2025 22:37:00,525.712,182.411,0,324.17,0.6175,0,4.80192,12.2969,17.0989,50.0169,-3.01226,
24/05/2025 22:38:00,534.885,185.625,0,324.649,0.628333,0,6.35061,21.5858,27.9363,50.0112,-3.0192,
24/05/2025 22:39:00,534.875,185.569,0,324.889,0.628333,0,21.0898,33.6453,54.7351,50.0027,-3.01226,
24/05/2025 22:40:00,479.542,166.358,0,325.367,0.563333,0,26.2451,28.6791,54.9243,49.9944,-3.01226,
24/05/2025 22:41:00,534.873,185.552,0,325.128,0.628333,0,15.4433,29.2639,44.7072,49.989,-3.01226,
24/05/2025 22:42:00,553.317,192.003,0,325.367,0.65,0,10.1543,25.4648,35.6191,50.0198,-3.02615,
24/05/2025 22:43:00,544.095,188.792,0,325.128,0.639167,0,12.038,21.2281,33.2662,49.9754,-3.0192,
24/05/2025 22:44:00,516.429,179.213,0,324.889,0.606667,0,13.8532,25.8401,39.6933,50.0198,-3.0192,
24/05/2025 22:45:00,553.317,191.97,0,324.41,0.65,0,7.04413,19.9622,27.0063,50.0055,-3.01226,
24/05/2025 22:46:00,553.317,191.972,0,324.649,0.65,0,3.25107,20.202,23.4531,49.9781,-3.0192,
24/05/2025 22:47:00,534.873,185.547,0,324.889,0.628333,0,4.89586,23.9268,28.8227,49.9944,-3.02615,
24/05/2025 22:48:00,534.873,185.569,0,325.367,0.628333,0,4.11989,15.3597,19.4796,49.9618,-3.0192,
24/05/2025 22:49:00,544.092,188.769,0,325.128,0.639167,0,3.60488,22.1655,25.7704,49.9862,-3.01226,
24/05/2025 22:50:00,470.316,163.116,0,325.367,0.5525,0,5.37824,22.5897,27.9679,49.9428,-3.01226,
24/05/2025 22:51:00,442.647,153.576,0,325.607,0.52,0,8.51169,18.4504,26.9621,49.94,-3.01226,
24/05/2025 22:52:00,516.406,179.148,0,324.889,0.606667,0,4.83793,20.8583,25.6962,50.0198,-3.01226,
24/05/2025 22:53:00,516.418,179.099,0,324.41,0.606667,0,2.8177,21.732,24.5497,50.0084,-3.01226,
24/05/2025 22:54:00,544.093,188.733,0,324.649,0.639167,0,2.73184,19.6026,22.3345,49.9781,-3.01226,
24/05/2025 22:55:00,507.207,175.941,0,324.889,0.595833,0,0.995701,16.9846,17.9803,50.0055,-3.01226,
24/05/2025 22:56:00,525.633,182.324,0,325.367,0.6175,0,6.76579,17.7617,24.5275,49.9808,-3.00532,
24/05/2025 22:57:00,525.645,182.312,0,325.367,0.6175,0,7.97825,20.1645,28.1427,50.0198,-3.00532,
24/05/2025 22:58:00,507.195,175.964,0,325.367,0.595833,0,9.00426,19.5054,28.5096,50.0112,-3.01226,
24/05/2025 22:59:00,525.641,182.332,0,325.367,0.6175,0,15.4012,26.0121,41.4133,49.9998,-3.0192,
24/05/2025 23:00:00,461.097,159.945,0,324.889,0.541667,0,13.6241,23.3883,37.0124,50.0255,-3.01226,
24/05/2025 23:01:00,544.091,188.73,0,324.17,0.639167,0,9.47966,26.722,36.2017,49.9917,-3.01226,
24/05/2025 23:02:00,534.868,185.522,0,324.649,0.628333,0,3.10595,15.5688,18.6748,49.9917,-3.01226,
24/05/2025 23:03:00,507.204,175.905,0,325.128,0.595833,0,3.12936,10.8012,13.9306,50.0027,-3.00532,
24/05/2025 23:04:00,553.304,191.946,0,325.367,0.65,0,6.46556,18.2481,24.7137,49.9808,-3.01226,
24/05/2025 23:05:00,544.057,188.704,0,325.128,0.639167,0,6.41803,24.4395,30.8575,50.0141,-3.00532,
24/05/2025 23:06:00,516.425,179.114,0,325.367,0.606667,0,7.22861,20.2576,27.4862,49.9645,-3.01226,
24/05/2025 23:07:00,516.411,179.077,0,325.367,0.606667,0,6.5437,20.1068,26.6505,49.9862,-3.01226,
24/05/2025 23:08:00,507.202,175.875,0,324.649,0.606667,0,8.65561,23.8211,32.4768,50.0112,-3.01226,
24/05/2025 23:09:00,525.606,182.322,0,324.649,0.606667,0,7.97202,23.6533,31.6253,50.0027,-3.01226,
24/05/2025 23:10:00,544.058,188.72,0,324.649,0.639167,0,2.75679,19.0971,21.8539,49.9971,-3.0192,
24/05/2025 23:11:00,553.249,191.9,0,324.889,0.65,0,2.95065,21.2905,24.2412,49.9917,-3.01226,
24/05/2025 23:12:00,544.077,188.742,0,325.367,0.639167,0,4.70867,25.6719,30.3805,49.9835,-3.02615,
24/05/2025 23:13:00,534.859,185.496,0,325.128,0.628333,0,5.90025,23.1099,29.0101,50.0084,-3.0192,
24/05/2025 23:14:00,516.335,179.111,0,325.367,0.606667,0,12.2911,24.4679,36.759,50.0027,-3.0192,
24/05/2025 23:15:00,525.632,182.328,0,325.367,0.6175,0,7.86865,25.1172,32.9859,50.0283,-3.0192,
24/05/2025 23:16:00,534.844,185.479,0,324.649,0.628333,0,4.80603,25.7632,30.5692,49.9781,-3.0192,
24/05/2025 23:17:00,553.299,191.932,0,324.649,0.65,0,5.84802,21.6278,27.4759,50.0055,-3.0192,
24/05/2025 23:18:00,553.302,191.883,0,324.889,0.65,0,3.88241,20.4877,24.3701,49.9862,-3.0192,
24/05/2025 23:19:00,544.079,188.738,0,325.128,0.639167,0,8.47024,16.1172,24.5875,50.0169,-3.00532,
24/05/2025 23:20:00,544.073,188.751,0,325.367,0.639167,0,6.94866,18.44,25.3887,49.9917,-3.0192,
24/05/2025 23:21:00,534.866,185.493,0,325.128,0.628333,0,10.6362,24.9423,35.5785,50.0169,-3.00532,
24/05/2025 23:22:00,534.865,185.526,0,325.367,0.628333,0,11.5138,28.3156,39.8293,50.0055,-3.01226,
24/05/2025 23:23:00,544.025,188.739,0,325.128,0.639167,0,10.7803,27.0648,37.8452,50.0169,-3.01226,
24/05/2025 23:24:00,553.247,191.878,0,324.889,0.65,0,8.19673,25.629,33.8257,49.9944,-3.01226,
24/05/2025 23:25:00,544.013,188.719,0,324.41,0.639167,0,11.7008,29.0616,40.7624,50.0055,-3.0192,
24/05/2025 23:26:00,516.332,179.09,0,324.649,0.606667,0,6.86415,18.8623,25.7265,49.9917,-3.01226,
24/05/2025 23:27:00,507.168,175.862,0,324.889,0.595833,0,2.32482,18.3852,20.71,50.0312,-3.00532,
24/05/2025 23:28:00,534.76,185.466,0,325.367,0.628333,0,0.3986,13.7962,14.1948,50.0027,-3.00532,
24/05/2025 23:29:00,497.826,172.685,0,325.128,0.585,0,1.97654,14.4918,16.4684,50.0027,-3.01226,
24/05/2025 23:30:00,534.7,185.498,0,325.607,0.628333,0,-0.863289,12.2849,11.4216,50.0084,-3.01226,
24/05/2025 23:31:00,543.907,188.612,0,325.128,0.639167,0,1.31375,12.7728,14.0865,49.9998,-3.0192,
24/05/2025 23:32:00,507.029,175.868,0,324.889,0.595833,0,4.53176,14.391,18.9228,49.9781,-3.0192,
24/05/2025 23:33:00,460.936,159.862,0,324.41,0.5525,0,7.18409,16.4742,23.6583,49.989,-3.02615,
24/05/2025 23:34:00,516.248,179.057,0,324.649,0.595833,0,10.6343,21.5339,32.1682,49.9944,-3.0192,
24/05/2025 23:35:00,507.029,175.831,0,325.128,0.595833,0,6.30175,24.0499,30.3516,49.9591,-3.02615,
24/05/2025 23:36:00,497.811,172.623,0,325.607,0.585,0,13.1065,7.2209,20.3274,49.9862,-3.0192,
24/05/2025 23:37:00,553.123,191.845,0,325.128,0.65,0,3.01448,10.265,13.2794,49.9808,-3.02615,
24/05/2025 23:38:00,479.373,166.29,0,325.607,0.563333,0,11.1217,24.9136,36.0353,50.0283,-3.0192,
24/05/2025 23:39:00,534.685,185.49,0,325.607,0.628333,0,11.0078,22.291,33.2988,49.9998,-3.01226,
24/05/2025 23:40:00,525.465,182.257,0,324.41,0.6175,0,12.707,17.5422,30.2491,49.9536,-3.01226,
24/05/2025 23:41:00,497.811,172.646,0,324.41,0.585,0,3.66698,19.4915,23.1584,49.989,-3.00532,
24/05/2025 23:42:00,525.464,182.246,0,324.649,0.6175,0,2.60934,17.8702,20.4795,49.9971,-3.00532,
24/05/2025 23:43:00,525.464,182.278,0,325.128,0.6175,0,0.875186,20.7643,21.6395,49.989,-3.00532,
24/05/2025 23:44:00,534.686,185.464,0,325.367,0.639167,0,0.461438,17.8348,18.2962,49.9971,-3.00532,
24/05/2025 23:45:00,525.464,182.256,0,325.128,0.606667,0,4.71949,16.4374,21.1569,50.0141,-3.00532,
24/05/2025 23:46:00,488.571,169.421,0,325.367,0.574167,0,4.3004,15.6469,19.9473,49.9754,-3.01226,
24/05/2025 23:47:00,507.029,175.818,0,325.128,0.595833,0,3.89349,15.3574,19.2509,50.0027,-3.01226,
24/05/2025 23:48:00,534.686,185.458,0,324.649,0.628333,0,1.62255,18.4707,20.0933,49.9917,-3.01226,
24/05/2025 23:49:00,470.155,163.05,0,324.17,0.5525,0,4.27627,13.7433,18.0196,50.0141,-3.00532,
24/05/2025 23:50:00,534.683,185.368,0,324.41,0.628333,0,0.136505,5.30185,5.43835,49.9971,-2.99829,
24/05/2025 23:51:00,525.467,182.232,0,324.889,0.6175,0,1.43091,9.96182,11.3927,50.0027,-2.99829,
24/05/2025 23:52:00,516.247,179.06,0,325.128,0.606667,0,3.28943,9.71681,13.0063,50.0198,-2.99829,
24/05/2025 23:53:00,534.674,185.42,0,325.367,0.628333,0,3.60899,13.6231,17.232,50.0027,-2.99829,
24/05/2025 23:54:00,534.684,185.434,0,325.607,0.639167,0,2.9476,14.7582,17.7058,49.9699,-3.00532,
24/05/2025 23:55:00,543.902,188.657,0,325.128,0.628333,0,2.93552,18.705,21.6405,50.0084,-3.00532,
24/05/2025 23:56:00,479.373,166.272,0,324.649,0.563333,0,3.12927,14.2007,17.33,49.9998,-3.0192,
24/05/2025 23:57:00,516.248,179.029,0,324.41,0.606667,0,2.33688,13.7475,16.0844,50.0283,-3.0192,
24/05/2025 23:58:00,525.44,182.231,0,324.649,0.6175,0,8.24221,23.9449,32.1871,50.0169,-3.01226,
24/05/2025 23:59:00,525.42,182.237,0,324.889,0.6175,0,5.38118,25.4663,30.8475,49.9781,-3.01226,
25/05/2025 00:00:00,543.879,188.612,0,325.367,0.639167,0,1.94628,19.0875,21.0338,50.0112,-3.01226,
25/05/2025 00:01:00,553.106,191.81,0,325.128,0.65,0,11.5443,21.3778,32.9222,49.9835,-3.01226,
25/05/2025 00:02:00,543.904,188.636,0,325.607,0.639167,0,5.16825,25.7376,30.9058,50.0084,-3.01226,
25/05/2025 00:03:00,553.12,191.81,0,325.367,0.65,0,4.73584,15.8009,20.5367,50.0027,-3.00532,
25/05/2025 00:04:00,553.111,191.795,0,324.649,0.65,0,2.4297,15.6296,18.0593,49.9808,-3.01226,
25/05/2025 00:05:00,553.11,191.803,0,324.41,0.65,0,4.26183,9.23995,13.5018,49.9781,-3.00532,
25/05/2025 00:06:00,553.106,191.812,0,324.889,0.65,0,2.4536,11.4645,13.9181,49.9781,-3.01226,
25/05/2025 00:07:00,543.895,188.594,0,324.889,0.639167,0,2.54324,11.1357,13.679,50.0084,-3.01226,
25/05/2025 00:08:00,543.887,188.623,0,325.367,0.639167,0,1.80398,14.7625,16.5665,49.9998,-3.01226,
25/05/2025 00:09:00,543.872,188.613,0,325.367,0.639167,0,2.68979,12.1055,14.7953,50.0141,-3.01226,
25/05/2025 00:10:00,553.022,191.774,0,325.128,0.65,0,2.5741,13.4114,15.9855,49.9808,-2.99829,
25/05/2025 00:11:00,534.623,185.436,0,325.128,0.628333,0,3.07744,13.4021,16.4796,49.989,-3.01226,
25/05/2025 00:12:00,543.854,188.636,0,325.128,0.65,0,6.22914,19.186,25.4151,50.0169,-3.00532,
25/05/2025 00:13:00,516.195,179.019,0,324.649,0.595833,0,4.99724,16.7445,21.7417,49.9862,-3.00532,
25/05/2025 00:14:00,543.891,188.615,0,324.889,0.65,0,8.38197,20.5853,28.9672,49.989,-3.00532,
25/05/2025 00:15:00,553.123,191.831,0,324.889,0.639167,0,6.24595,16.8034,23.0494,50.0369,-2.99829,
25/05/2025 00:16:00,553.12,191.783,0,325.128,0.65,0,3.66387,12.9389,16.6027,50.0141,-2.99829,
25/05/2025 00:17:00,534.686,185.448,0,325.128,0.628333,0,1.76451,10.1757,11.9402,49.989,-3.00532,
25/05/2025 00:18:00,534.686,185.407,0,325.367,0.628333,0,4.01646,17.8253,21.8417,49.989,-3.01226,
25/05/2025 00:19:00,543.904,188.633,0,325.128,0.639167,0,8.60032,25.286,33.8863,49.9754,-3.0192,
25/05/2025 00:20:00,543.904,188.586,0,324.889,0.639167,0,12.8961,29.1926,42.0887,49.989,-3.0192,
25/05/2025 00:21:00,543.901,188.616,0,324.41,0.639167,0,9.75865,30.8637,40.6224,49.9727,-3.0331,
25/05/2025 00:22:00,543.902,188.613,0,324.889,0.639167,0,14.7047,30.1469,44.8516,49.9971,-3.0192,
25/05/2025 00:23:00,543.891,188.603,0,324.889,0.639167,0,27.2488,33.4563,60.7052,49.9971,-3.0192,
25/05/2025 00:24:00,553.101,191.791,0,325.128,0.65,0,22.1324,30.0898,52.2222,50.0027,-3.02615,
25/05/2025 00:25:00,543.854,188.592,0,325.128,0.639167,0,9.33014,27.3428,36.6729,50.0084,-3.0192,
25/05/2025 00:26:00,543.847,188.568,0,325.367,0.639167,0,3.39538,23.9313,27.3267,50.0141,-3.0192,
25/05/2025 00:27:00,543.877,188.56,0,325.367,0.639167,0,1.42941,14.4987,15.9281,50.0312,-3.01226,
25/05/2025 00:28:00,553.075,191.779,0,324.889,0.65,0,5.7436,17.0777,22.8214,49.9862,-3.01226,
25/05/2025 00:29:00,553.093,191.776,0,324.41,0.65,0,4.88571,17.3932,22.2789,50.0027,-3.01226,
25/05/2025 00:30:00,553.031,191.771,0,324.649,0.65,0,11.0446,22.9174,33.9619,49.9727,-3.0192,
25/05/2025 00:31:00,553.037,191.762,0,325.128,0.65,0,8.42193,17.8444,26.2664,49.9591,-3.01226,
25/05/2025 00:32:00,553.034,191.776,0,325.128,0.65,0,8.4711,21.279,29.7501,49.9672,-3.01226,
25/05/2025 00:33:00,553.001,191.758,0,325.128,0.65,0,4.1014,23.7005,27.8018,49.9754,-3.01226,
25/05/2025 00:34:00,552.979,191.757,0,325.128,0.65,0,4.5199,21.6651,26.1849,49.9944,-3.01226,
25/05/2025 00:35:00,552.967,191.766,0,325.367,0.65,0,9.98574,24.5673,34.5531,50.0055,-3.01226,
25/05/2025 00:36:00,552.946,191.731,0,324.889,0.65,0,11.8512,29.129,40.9801,49.9998,-3.01226,
25/05/2025 00:37:00,525.289,182.152,0,324.649,0.6175,0,15.5898,28.1587,43.7485,50.0226,-3.01226,
25/05/2025 00:38:00,552.94,191.757,0,324.41,0.65,0,14.1064,22.6199,36.7264,50.0454,-3.00532,
25/05/2025 00:39:00,552.992,191.751,0,324.889,0.65,0,11.6714,22.2032,33.8746,50.0055,-3.01226,
25/05/2025 00:40:00,553.006,191.761,0,325.367,0.65,0,9.94593,29.1754,39.1214,49.9998,-3.00532,
25/05/2025 00:41:00,553.008,191.755,0,325.367,0.65,0,7.08347,22.7314,29.8149,49.9835,-3.00532,
25/05/2025 00:42:00,552.985,191.747,0,325.607,0.65,0,6.75901,24.1222,30.8812,49.9998,-3.01226,
25/05/2025 00:43:00,552.941,191.734,0,325.128,0.65,0,11.102,30.0864,41.1884,49.9781,-3.0192,
25/05/2025 00:44:00,552.939,191.73,0,324.649,0.65,0,11.0722,32.6652,43.7374,50.0141,-3.0192,
25/05/2025 00:45:00,552.935,191.731,0,324.41,0.65,0,10.221,27.3211,37.542,49.9998,-3.01226,
25/05/2025 00:46:00,552.958,191.745,0,324.889,0.65,0,7.21598,24.1444,31.3604,50.0169,-3.01226,
25/05/2025 00:47:00,552.941,191.727,0,324.889,0.65,0,2.11808,15.2168,17.3349,49.9944,-3.01226,
25/05/2025 00:48:00,552.93,191.723,0,325.607,0.65,0,0.803462,7.81901,8.62245,49.9808,-3.01226,
25/05/2025 00:49:00,552.93,191.732,0,325.367,0.65,0,1.86037,11.2458,13.1061,49.9917,-3.00532,
25/05/2025 00:50:00,552.932,191.687,0,325.607,0.65,0,1.82742,14.3475,16.1749,49.9781,-3.0192,
25/05/2025 00:51:00,543.719,188.531,0,325.128,0.639167,0,-0.0236355,11.1331,11.1095,49.989,-3.0192,
25/05/2025 00:52:00,552.927,191.697,0,324.649,0.65,0,3.26777,17.7706,21.0384,49.9808,-3.01226,
25/05/2025 00:53:00,552.93,191.707,0,324.649,0.65,0,3.13685,15.1542,18.2911,49.9998,-3.0192,
25/05/2025 00:54:00,552.93,191.685,0,324.889,0.65,0,8.20993,18.5525,26.7624,49.9808,-3.0192,
25/05/2025 00:55:00,552.93,191.724,0,324.889,0.65,0,3.02139,18.3434,21.3648,50.0084,-3.02615,
25/05/2025 00:56:00,552.93,191.7,0,325.367,0.65,0,3.73112,16.7345,20.4656,49.989,-3.0192,
25/05/2025 00:57:00,552.927,191.684,0,325.128,0.65,0,3.63487,22.3057,25.9406,49.9944,-3.02615,
25/05/2025 00:58:00,552.924,191.692,0,325.367,0.65,0,4.97652,18.4882,23.4647,49.9727,-3.02615,
25/05/2025 00:59:00,534.494,185.299,0,325.367,0.628333,0,3.18239,17.9345,21.1169,50.0055,-3.02615,
25/05/2025 01:00:00,552.936,191.686,0,325.128,0.65,0,0.796507,16.5554,17.3519,49.9699,-3.02615,
25/05/2025 01:01:00,552.927,191.715,0,324.41,0.65,0,0.318814,14.7893,15.1081,49.9727,-3.02615,
25/05/2025 01:02:00,525.286,182.122,0,324.649,0.6175,0,-0.810663,11.9121,11.1015,50.0084,-3.0331,
25/05/2025 01:03:00,534.502,185.327,0,324.889,0.628333,0,-0.120902,12.8978,12.7769,50.0169,-3.04005,
25/05/2025 01:04:00,534.499,185.305,0,325.128,0.628333,0,3.55879,20.6047,24.1634,50.0198,-3.02615,
25/05/2025 01:05:00,516.068,178.877,0,325.128,0.606667,0,2.94847,19.2825,22.231,50.0055,-3.02615,
25/05/2025 01:06:00,525.281,182.09,0,325.367,0.6175,0,3.05157,19.1112,22.1628,49.9781,-3.02615,
25/05/2025 01:07:00,534.496,185.257,0,325.367,0.628333,0,2.36455,15.9702,18.3348,49.989,-3.0192,
25/05/2025 01:08:00,525.283,182.064,0,324.889,0.6175,0,1.26282,17.7099,18.9727,50.0226,-3.00532,
25/05/2025 01:09:00,534.499,185.253,0,324.41,0.628333,0,2.35894,15.2253,17.5843,49.9998,-2.99829,
25/05/2025 01:10:00,516.068,178.869,0,324.649,0.606667,0,1.75927,18.4017,20.161,49.9944,-2.99829,
25/05/2025 01:11:00,543.714,188.467,0,325.128,0.639167,0,0.0963266,14.0119,14.1083,49.9971,-3.00532,
25/05/2025 01:12:00,525.273,182.08,0,325.128,0.6175,0,4.45088,18.9107,23.3615,49.9862,-2.99097,
25/05/2025 01:13:00,543.712,188.498,0,325.128,0.639167,0,1.60477,12.4231,14.0279,50.0169,-2.99829,
25/05/2025 01:14:00,534.496,185.267,0,325.128,0.628333,0,2.37913,10.5784,12.9575,50.0312,-3.00532,
25/05/2025 01:15:00,552.921,191.646,0,325.367,0.65,0,2.31108,14.5396,16.8507,49.9917,-2.99829,
25/05/2025 01:16:00,525.281,182.055,0,324.649,0.6175,0,5.4178,10.9562,16.374,49.9971,-2.99829,
25/05/2025 01:17:00,543.714,188.449,0,324.41,0.639167,0,6.18466,9.82739,16.0121,49.9998,-3.00532,
25/05/2025 01:18:00,552.921,191.638,0,324.649,0.65,0,2.48121,11.5664,14.0476,49.9564,-3.01226,
25/05/2025 01:19:00,552.925,191.644,0,325.128,0.65,0,2.69871,11.6446,14.3433,50.0027,-3.00532,
25/05/2025 01:20:00,525.27,182.067,0,325.367,0.6175,0,4.36097,14.8778,19.2388,49.9998,-3.01226,
25/05/2025 01:21:00,534.499,185.241,0,325.367,0.628333,0,-1.24917,6.22436,4.97519,50.0454,-3.01226,
25/05/2025 01:22:00,543.71,188.468,0,325.367,0.639167,0,2.60774,11.0683,13.676,49.9781,-3.0192,
25/05/2025 01:23:00,543.712,188.468,0,325.367,0.639167,0,0.701694,16.7128,17.4145,49.9428,-3.01226,
25/05/2025 01:24:00,525.283,182.056,0,325.128,0.6175,0,0.66847,13.2326,13.9011,49.989,-3.00532,
25/05/2025 01:25:00,552.927,191.653,0,324.41,0.65,0,1.32984,9.87247,11.2023,50.0312,-3.00532,
25/05/2025 01:26:00,543.712,188.451,0,324.649,0.639167,0,3.47075,17.8002,21.271,49.989,-3.00532,
25/05/2025 01:27:00,534.489,185.261,0,325.128,0.628333,0,3.53081,20.8138,24.3446,50.0027,-3.01226,
25/05/2025 01:28:00,552.9,191.632,0,325.367,0.65,0,6.38821,23.6439,30.0321,49.9808,-3.00532,
25/05/2025 01:29:00,552.919,191.638,0,325.128,0.65,0,6.74246,21.7746,28.5171,49.9998,-3.00532,
25/05/2025 01:30:00,525.278,182.049,0,325.367,0.6175,0,3.51253,19.8307,23.3433,49.9862,-3.00532,
25/05/2025 01:31:00,543.705,188.44,0,325.367,0.639167,0,4.76034,20.4706,25.231,50.0169,-3.00532,
25/05/2025 01:32:00,525.276,182.026,0,324.889,0.6175,0,4.71702,17.5431,22.2601,49.9998,-3.00532,
25/05/2025 01:33:00,543.702,188.431,0,324.41,0.639167,0,3.1145,14.2018,17.3163,50.0055,-3.01226,
25/05/2025 01:34:00,506.852,175.649,0,324.649,0.595833,0,3.65734,12.1895,15.8469,50.0198,-3.00532,
25/05/2025 01:35:00,552.926,191.633,0,324.889,0.65,0,4.45096,14.7274,19.1784,49.9672,-3.00532,
25/05/2025 01:36:00,543.71,188.451,0,325.367,0.639167,0,5.27484,13.7626,19.0375,50.0112,-3.00532,
25/05/2025 01:37:00,534.479,185.235,0,325.128,0.628333,0,4.19739,16.3178,20.5152,49.9727,-3.00532,
25/05/2025 01:38:00,552.922,191.618,0,325.367,0.65,0,5.83079,14.3788,20.2096,49.9781,-3.00532,
25/05/2025 01:39:00,543.704,188.448,0,325.128,0.639167,0,4.47251,18.633,23.1055,49.9998,-3.00532,
25/05/2025 01:40:00,543.701,188.443,0,324.889,0.639167,0,4.66095,15.8534,20.5144,49.9808,-3.01226,
25/05/2025 01:41:00,534.489,185.244,0,324.41,0.628333,0,8.42001,16.5753,24.9953,50.0198,-3.0192,
25/05/2025 01:42:00,552.911,191.627,0,324.649,0.65,0,2.08388,17.8899,19.9737,49.9998,-3.0192,
25/05/2025 01:43:00,552.836,191.621,0,324.889,0.65,0,6.81558,18.5127,25.3283,50.0027,-3.0192,
25/05/2025 01:44:00,552.852,191.605,0,325.367,0.65,0,2.41099,16.8724,19.2834,49.9536,-3.01226,
25/05/2025 01:45:00,543.659,188.404,0,325.367,0.639167,0,1.88076,10.1718,12.0525,50.0055,-3.0192,
25/05/2025 01:46:00,552.835,191.616,0,325.128,0.65,0,1.5813,7.15783,8.73912,49.9862,-3.01226,
25/05/2025 01:47:00,543.633,188.402,0,325.128,0.639167,0,0.407239,7.2802,7.68743,49.9944,-3.01226,
25/05/2025 01:48:00,552.795,191.594,0,324.649,0.65,0,1.53789,10.2347,11.7726,49.9971,-3.00532,
25/05/2025 01:49:00,552.822,191.6,0,324.649,0.65,0,2.92205,8.31264,11.2347,50.0169,-3.00532,
25/05/2025 01:50:00,534.333,185.217,0,324.649,0.628333,0,0.418481,6.8957,7.31418,49.9998,-3.00532,
25/05/2025 01:51:00,552.785,191.606,0,325.128,0.65,0,1.71756,6.21836,7.93591,49.9781,-3.00532,
25/05/2025 01:52:00,552.798,191.599,0,325.367,0.65,0,6.42172,9.97156,16.3933,50.0055,-2.99829,
25/05/2025 01:53:00,552.823,191.607,0,324.649,0.65,0,-0.930514,5.52007,4.58956,50.0055,-3.01226,
25/05/2025 01:54:00,552.821,191.611,0,325.128,0.65,0,6.4614,8.4168,14.8782,50.0112,-3.01226,
25/05/2025 01:55:00,552.784,191.593,0,325.128,0.65,0,-0.770471,5.34004,4.56956,50.034,-3.00532,
25/05/2025 01:56:00,552.766,191.582,0,324.649,0.65,0,3.90342,10.4384,14.3419,50.0283,-3.0192,
25/05/2025 01:57:00,534.323,185.177,0,324.41,0.639167,0,1.40863,9.18081,10.5894,49.9944,-3.0192,
25/05/2025 01:58:00,552.776,191.593,0,324.649,0.65,0,4.66888,9.62574,14.2946,49.989,-3.0192,
25/05/2025 01:59:00,543.568,188.417,0,324.889,0.639167,0,2.18411,9.74635,11.9305,49.9862,-3.0192,
25/05/2025 02:00:00,543.559,188.378,0,325.367,0.639167,0,2.10912,9.7622,11.8713,49.9618,-3.01226,
25/05/2025 02:01:00,534.321,185.224,0,325.367,0.628333,0,1.74993,11.2022,12.9521,50.0226,-3.0192,
25/05/2025 02:02:00,552.747,191.569,0,325.367,0.65,0,3.07868,8.61308,11.6918,49.9835,-3.0192,
25/05/2025 02:03:00,534.32,185.219,0,325.128,0.628333,0,1.9603,10.545,12.5053,50.0055,-3.0192,
25/05/2025 02:04:00,534.316,185.217,0,324.889,0.628333,0,4.0225,12.4869,16.5094,49.9971,-3.01226,
25/05/2025 02:05:00,543.53,188.374,0,324.17,0.639167,0,3.5181,7.71048,11.2286,49.9917,-3.0192,
25/05/2025 02:06:00,552.76,191.581,0,324.649,0.65,0,2.88457,7.7356,10.6202,49.9971,-3.0192,
25/05/2025 02:07:00,552.752,191.571,0,324.889,0.65,0,2.91383,8.98891,11.9027,49.989,-3.0192,
25/05/2025 02:08:00,552.75,191.578,0,325.607,0.65,0,2.89875,6.86696,9.7657,50.0255,-3.0192,
25/05/2025 02:09:00,552.747,191.581,0,325.128,0.65,0,1.69744,8.97511,10.6725,49.9917,-3.02615,
25/05/2025 02:10:00,552.75,191.573,0,325.128,0.65,0,0.510427,10.5375,11.048,49.9808,-3.02615,
25/05/2025 02:11:00,552.77,191.593,0,325.128,0.65,0,2.94537,16.2484,19.1938,49.9998,-3.0331,
25/05/2025 02:12:00,552.765,191.583,0,324.649,0.65,0,3.60949,18.8559,22.4654,49.989,-3.02615,
25/05/2025 02:13:00,552.755,191.583,0,324.649,0.65,0,3.62012,21.2427,24.8628,49.9808,-3.0192,
25/05/2025 02:14:00,552.737,191.558,0,324.649,0.65,0,5.61537,20.1652,25.7806,49.9862,-3.0192,
25/05/2025 02:15:00,552.737,191.576,0,325.128,0.65,0,1.42968,11.2766,12.7063,49.9971,-3.0192,
25/05/2025 02:16:00,552.737,191.549,0,325.367,0.65,0,4.12716,11.1608,15.288,49.9808,-3.02615,
25/05/2025 02:17:00,552.745,191.56,0,325.128,0.65,0,-0.0787542,6.04844,5.96969,50.0027,-3.0192,
25/05/2025 02:18:00,552.739,191.554,0,325.367,0.65,0,1.28961,11.8752,13.1648,49.9781,-3.0192,
25/05/2025 02:19:00,552.746,191.578,0,325.128,0.65,0,7.36905,15.8144,23.1834,50.0283,-3.00532,
25/05/2025 02:20:00,552.804,191.567,0,324.889,0.65,0,3.16063,9.75678,12.9174,50.0112,-3.00532,
25/05/2025 02:21:00,552.76,191.557,0,324.41,0.65,0,0.106818,5.9404,6.04722,49.9835,-3.00532,
25/05/2025 02:22:00,552.737,191.55,0,324.649,0.65,0,1.58487,9.49279,11.0777,50.0112,-3.00532,
25/05/2025 02:23:00,543.53,188.36,0,324.889,0.639167,0,5.27813,14.4662,19.7444,50.0198,-3.00532,
25/05/2025 02:24:00,543.525,188.373,0,325.367,0.639167,0,3.06273,9.93099,12.9937,49.9564,-3.00532,
25/05/2025 02:25:00,552.737,191.552,0,325.128,0.65,0,0.927893,12.1488,13.0768,49.9998,-3.00532,
25/05/2025 02:26:00,552.74,191.546,0,325.367,0.65,0,4.671,20.3049,24.9758,49.9808,-3.01226,
25/05/2025 02:27:00,552.739,191.541,0,325.367,0.65,0,3.41337,15.1741,18.5875,50.0112,-3.01226,
25/05/2025 02:28:00,543.526,188.363,0,324.649,0.639167,0,2.5917,13.4308,16.0225,49.9808,-3.01226,
25/05/2025 02:29:00,552.737,191.548,0,324.649,0.65,0,0.843658,10.3763,11.2199,49.9998,-3.00532,
25/05/2025 02:30:00,534.312,185.145,0,324.41,0.628333,0,0.723362,8.83058,9.55394,49.9536,-3.01226,
25/05/2025 02:31:00,534.312,185.13,0,325.128,0.628333,0,3.7073,7.05081,10.7581,49.9835,-3.01226,
25/05/2025 02:32:00,552.737,191.528,0,325.128,0.65,0,0.270809,8.67781,8.9486,50.0112,-3.00532,
25/05/2025 02:33:00,543.525,188.326,0,325.128,0.639167,0,0.764305,7.81272,8.57702,50.0055,-3.00532,
25/05/2025 02:34:00,552.737,191.528,0,325.128,0.65,0,-0.784348,5.1539,4.36955,49.9917,-3.00532,
25/05/2025 02:35:00,552.737,191.514,0,325.128,0.65,0,0.016326,2.88661,2.90294,49.9944,-3.00532,
25/05/2025 02:36:00,543.522,188.322,0,324.889,0.639167,0,1.20591,4.18244,5.38835,49.9618,-3.01226,
25/05/2025 02:37:00,543.521,188.345,0,324.649,0.639167,0,5.30854,5.27816,10.5867,49.9727,-3.0192,
25/05/2025 02:38:00,543.525,188.326,0,324.889,0.639167,0,1.63194,6.29526,7.9272,49.9944,-3.0192,
25/05/2025 02:39:00,515.888,178.756,0,325.128,0.606667,0,2.81311,6.90404,9.71714,49.9781,-3.02615,
25/05/2025 02:40:00,552.737,191.505,0,325.367,0.65,0,3.97098,13.7022,17.6732,50.0426,-3.0331,
25/05/2025 02:41:00,534.312,185.132,0,324.889,0.628333,0,7.61097,18.013,25.624,49.9835,-3.0331,
25/05/2025 02:42:00,534.315,185.111,0,324.889,0.628333,0,4.51018,14.0853,18.5954,50.0169,-3.0192,
25/05/2025 02:43:00,543.54,188.323,0,325.367,0.639167,0,-0.0486525,7.01083,6.96218,50.0027,-3.0192,
25/05/2025 02:44:00,543.556,188.316,0,324.889,0.639167,0,1.3048,6.90635,8.21117,50.0027,-3.01226,
25/05/2025 02:45:00,543.532,188.304,0,324.17,0.639167,0,-0.368193,7.45166,7.08347,50.0198,-3.01226,
25/05/2025 02:46:00,515.898,178.736,0,324.889,0.606667,0,1.45822,4.57271,6.03093,50.0055,-3.0192,
25/05/2025 02:47:00,506.698,175.566,0,324.889,0.595833,0,1.59364,8.37899,9.97263,49.9727,-3.02615,
25/05/2025 02:48:00,506.677,175.594,0,325.607,0.595833,0,-0.506343,5.05088,4.54454,50.0141,-3.02615,
25/05/2025 02:49:00,525.106,181.929,0,325.367,0.6175,0,-1.43502,2.01171,0.576688,49.9971,-3.0192,
25/05/2025 02:50:00,552.749,191.522,0,325.607,0.65,0,1.32867,4.00551,5.33418,49.9971,-3.01226,
25/05/2025 02:51:00,552.739,191.518,0,325.128,0.65,0,1.13691,2.32805,3.46497,50.0312,-3.00532,
25/05/2025 02:52:00,543.526,188.319,0,324.649,0.639167,0,1.74763,6.76979,8.51743,49.9727,-3.00532,
25/05/2025 02:53:00,552.737,191.509,0,324.649,0.65,0,-0.252407,4.38341,4.13101,49.9917,-3.00532,
25/05/2025 02:54:00,552.737,191.506,0,324.649,0.65,0,2.29006,5.14195,7.43201,50.0141,-3.00532,
25/05/2025 02:55:00,552.737,191.521,0,325.128,0.65,0,1.38742,4.36475,5.75217,50.0369,-3.00532,
25/05/2025 02:56:00,552.737,191.515,0,325.367,0.65,0,0.891377,4.29266,5.18404,50.0141,-3.00532,
25/05/2025 02:57:00,552.737,191.508,0,325.128,0.65,0,2.11217,5.00322,7.11539,50.0283,-2.99829,
25/05/2025 02:58:00,552.737,191.515,0,325.367,0.65,0,3.22454,6.65288,9.87743,49.9917,-2.99097,
25/05/2025 02:59:00,552.737,191.485,0,325.367,0.65,0,1.27585,6.89121,8.16705,50.0198,-2.99097,
25/05/2025 03:00:00,552.737,191.491,0,324.889,0.65,0,2.03926,8.87138,10.9106,49.9699,-2.99829,
25/05/2025 03:01:00,552.734,191.495,0,324.41,0.65,0,3.03051,6.64971,9.6802,49.9754,-3.00532,
25/05/2025 03:02:00,534.312,185.081,0,324.649,0.628333,0,4.78742,5.23148,10.0189,50.0169,-2.99829,
25/05/2025 03:03:00,552.734,191.478,0,325.128,0.65,0,3.21309,5.41049,8.62358,50.0055,-3.00532,
25/05/2025 03:04:00,552.732,191.471,0,325.128,0.65,0,3.33252,7.44251,10.775,50.0055,-3.01226,
25/05/2025 03:05:00,552.735,191.473,0,325.128,0.65,0,4.88244,6.50598,11.3884,50.0198,-3.01226,
25/05/2025 03:06:00,552.737,191.481,0,325.367,0.65,0,2.40152,5.51399,7.91551,49.9727,-3.01226,
25/05/2025 03:07:00,552.737,191.48,0,325.128,0.65,0,5.7824,12.9809,18.7634,49.9998,-3.0192,
25/05/2025 03:08:00,552.728,191.472,0,324.889,0.65,0,1.93679,7.32162,9.25841,49.9971,-3.0192,
25/05/2025 03:09:00,552.736,191.477,0,324.41,0.65,0,1.62773,6.72185,8.3496,49.9672,-3.01226,
25/05/2025 03:10:00,543.525,188.277,0,324.649,0.639167,0,2.20829,8.36669,10.575,49.9971,-3.0192,
25/05/2025 03:11:00,543.525,188.283,0,324.889,0.639167,0,3.06509,6.06909,9.13417,50.0084,-3.01226,
25/05/2025 03:12:00,534.308,185.088,0,325.128,0.628333,0,3.65331,4.8943,8.54761,50.0511,-3.01226,
25/05/2025 03:13:00,552.737,191.49,0,325.128,0.65,0,4.78872,9.91228,14.701,49.9645,-3.01226,
25/05/2025 03:14:00,534.312,185.081,0,325.367,0.628333,0,2.2297,7.40378,9.63348,50.034,-3.01226,
25/05/2025 03:15:00,552.737,191.475,0,325.607,0.65,0,0.935594,9.98805,10.9237,49.9754,-3.01226,
25/05/2025 03:16:00,534.312,185.096,0,324.649,0.628333,0,2.92599,13.0006,15.9266,49.9917,-3.01226,
25/05/2025 03:17:00,552.737,191.473,0,324.17,0.65,0,5.66869,6.98537,12.6541,50.034,-3.00532,
25/05/2025 03:18:00,552.737,191.472,0,324.649,0.65,0,3.8409,6.69608,10.537,49.9482,-2.99829,
25/05/2025 03:19:00,552.734,191.468,0,325.128,0.65,0,1.71074,6.00111,7.71186,50.0055,-2.99829,
25/05/2025 03:20:00,552.733,191.465,0,325.367,0.65,0,3.50873,10.6922,14.2009,50.0055,-2.99829,
25/05/2025 03:21:00,552.724,191.464,0,325.128,0.65,0,4.34203,6.92504,11.2671,50.0055,-3.00532,
25/05/2025 03:22:00,552.709,191.457,0,325.367,0.65,0,2.68533,10.6592,13.3446,49.9944,-3.00532,
25/05/2025 03:23:00,552.692,191.451,0,325.128,0.65,0,1.18553,8.19013,9.37566,49.9998,-3.00532,
25/05/2025 03:24:00,552.628,191.437,0,324.649,0.65,0,2.98154,3.05127,6.0328,49.9808,-3.00532,
25/05/2025 03:25:00,552.659,191.441,0,324.649,0.65,0,2.57224,3.63401,6.20623,49.9944,-3.00532,
25/05/2025 03:26:00,552.653,191.446,0,324.649,0.65,0,0.967764,2.80413,3.7719,50.0055,-3.01226,
25/05/2025 03:27:00,552.644,191.445,0,324.889,0.65,0,2.03208,5.9257,7.95777,49.9917,-3.01226,
25/05/2025 03:28:00,552.696,191.452,0,325.607,0.65,0,0.148882,6.71346,6.86234,50.0084,-3.00532,
25/05/2025 03:29:00,552.709,191.448,0,325.128,0.65,0,1.30863,9.26239,10.571,49.9754,-3.01226,
25/05/2025 03:30:00,552.677,191.436,0,325.607,0.65,0,1.66898,12.8573,14.5263,49.9618,-3.01226,
25/05/2025 03:31:00,552.621,191.43,0,325.367,0.65,0,3.15298,7.31189,10.4649,49.9618,-3.00532,
25/05/2025 03:32:00,552.69,191.426,0,324.889,0.65,0,0.391241,7.72522,8.11646,49.9917,-3.01226,
25/05/2025 03:33:00,552.661,191.432,0,324.41,0.65,0,1.83134,7.79576,9.62709,49.9455,-3.0192,
25/05/2025 03:34:00,552.686,191.415,0,324.649,0.65,0,2.41872,6.96777,9.38649,50.0141,-3.01226,
25/05/2025 03:35:00,552.684,191.425,0,325.128,0.65,0,2.44239,8.99669,11.4391,49.9781,-3.01226,
25/05/2025 03:36:00,552.643,191.43,0,325.367,0.65,0,2.31403,6.03636,8.35039,49.9944,-3.01226,
25/05/2025 03:37:00,552.646,191.413,0,325.128,0.65,0,1.33741,8.94454,10.2819,50.0141,-3.02615,
25/05/2025 03:38:00,552.595,191.421,0,325.607,0.65,0,3.60709,11.676,15.2831,49.9862,-3.0192,
25/05/2025 03:39:00,552.612,191.415,0,325.128,0.65,0,1.18142,8.70475,9.88616,49.9618,-3.02615,
25/05/2025 03:40:00,552.569,191.406,0,325.128,0.65,0,2.45261,13.168,15.6206,49.9944,-3.0192,
25/05/2025 03:41:00,552.549,191.398,0,324.649,0.65,0,0.555548,8.07746,8.63301,50.0055,-3.01226,
25/05/2025 03:42:00,552.548,191.387,0,324.41,0.65,0,0.938729,9.20786,10.1466,50.0255,-3.01226,
25/05/2025 03:43:00,552.541,191.378,0,324.889,0.65,0,1.3637,3.68765,5.05135,50.0198,-3.01226,
25/05/2025 03:44:00,552.552,191.391,0,325.367,0.65,0,2.1917,12.4901,14.6819,49.9727,-3.0192,
25/05/2025 03:45:00,552.547,191.392,0,325.367,0.65,0,4.20776,10.192,14.3998,50.0027,-3.01226,
25/05/2025 03:46:00,552.554,191.394,0,325.367,0.65,0,8.25962,7.12439,15.384,49.9482,-3.01226,
25/05/2025 03:47:00,552.586,191.399,0,325.367,0.65,0,7.02429,11.4905,18.5148,50.034,-3.00532,
25/05/2025 03:48:00,552.673,191.415,0,324.889,0.65,0,4.44086,10.1525,14.5934,50.0027,-2.99829,
25/05/2025 03:49:00,552.7,191.406,0,324.41,0.65,0,1.45721,5.47281,6.93002,49.9564,-2.99829,
25/05/2025 03:50:00,552.666,191.41,0,324.649,0.65,0,1.47292,6.32418,7.79709,49.9754,-2.99097,
25/05/2025 03:51:00,552.631,191.413,0,324.889,0.65,0,1.93105,8.50151,10.4326,50.0198,-2.99097,
25/05/2025 03:52:00,552.623,191.416,0,325.367,0.65,0,2.64766,4.97369,7.62135,49.9645,-2.99829,
25/05/2025 03:53:00,552.67,191.41,0,324.889,0.65,0,3.92424,6.4863,10.4105,49.9808,-2.99829,
25/05/2025 03:54:00,552.603,191.407,0,325.367,0.65,0,4.33859,9.42868,13.7673,49.9862,-3.00532,
25/05/2025 03:55:00,552.623,191.42,0,325.128,0.65,0,3.07748,6.47549,9.55298,49.9971,-3.00532,
25/05/2025 03:56:00,552.623,191.411,0,324.889,0.65,0,5.99093,12.8213,18.8122,49.9699,-3.01226,
25/05/2025 03:57:00,552.592,191.4,0,324.41,0.65,0,7.70758,6.22856,13.9361,50.0226,-3.00532,
25/05/2025 03:58:00,552.62,191.393,0,324.649,0.65,0,6.60715,8.82359,15.4307,50.0055,-3.01226,
25/05/2025 03:59:00,552.657,191.4,0,324.649,0.65,0,2.27689,8.66379,10.9407,49.9808,-3.01226,
25/05/2025 04:00:00,552.669,191.394,0,325.367,0.65,0,8.67557,8.94634,17.6219,49.9944,-3.0192,
25/05/2025 04:01:00,552.577,191.393,0,325.128,0.65,0,3.06444,6.49596,9.5604,50.0169,-3.01226,
25/05/2025 04:02:00,552.551,191.382,0,325.128,0.65,0,6.34787,10.0577,16.4055,49.9944,-3.01226,
25/05/2025 04:03:00,552.551,191.372,0,325.128,0.65,0,7.89117,7.92019,15.8114,50.0027,-3.00532,
25/05/2025 04:04:00,552.558,191.385,0,324.889,0.65,0,3.91558,8.06927,11.9848,50.0312,-3.00532,
25/05/2025 04:05:00,552.548,191.39,0,324.41,0.65,0,1.78874,6.48319,8.27193,49.9971,-3.00532,
25/05/2025 04:06:00,552.55,191.392,0,324.889,0.65,0,0.98266,7.95296,8.93562,50.0112,-3.01226,
25/05/2025 04:07:00,552.544,191.376,0,325.367,0.65,0,2.09608,7.20952,9.30559,49.9727,-3.0192,
25/05/2025 04:08:00,552.544,191.365,0,325.128,0.65,0,2.74566,8.85291,11.5986,49.9944,-3.0192,
25/05/2025 04:09:00,552.544,191.349,0,325.128,0.65,0,0.856885,8.81242,9.66929,50.0255,-3.01226,
25/05/2025 04:10:00,552.544,191.349,0,325.128,0.65,0,-1.78202,1.75906,-0.0229557,50.0027,-3.01226,
25/05/2025 04:11:00,552.544,191.341,0,325.128,0.65,0,2.65126,3.04958,5.70085,50.0112,-3.01226,
25/05/2025 04:12:00,552.541,191.358,0,324.889,0.65,0,3.7293,5.10451,8.83381,50.0397,-3.0192,
25/05/2025 04:13:00,552.543,191.355,0,324.41,0.65,0,6.48505,4.82555,11.3106,49.9645,-3.01226,
25/05/2025 04:14:00,552.543,191.352,0,324.649,0.65,0,2.22362,4.26915,6.49277,50.0255,-3.01226,
25/05/2025 04:15:00,552.543,191.351,0,324.889,0.65,0,2.36668,3.19761,5.5643,49.9509,-3.01226,
25/05/2025 04:16:00,552.543,191.346,0,325.367,0.65,0,1.34014,5.95739,7.29753,50.0027,-3.01226,
25/05/2025 04:17:00,552.543,191.336,0,325.128,0.65,0,0.581871,5.02744,5.60931,50.0198,-3.01226,
25/05/2025 04:18:00,552.543,191.346,0,325.367,0.65,0,2.18121,4.86465,7.04586,49.9808,-3.02615,
25/05/2025 04:19:00,552.543,191.35,0,325.367,0.65,0,0.572839,6.19079,6.76363,49.9971,-3.01226,
25/05/2025 04:20:00,552.543,191.332,0,324.889,0.65,0,5.01437,8.62139,13.6358,49.9917,-3.0192,
25/05/2025 04:21:00,552.543,191.345,0,324.41,0.65,0,6.65289,17.0014,23.6543,50.0283,-3.0192,
25/05/2025 04:22:00,552.543,191.345,0,324.649,0.65,0,3.46043,15.8773,19.3377,50.034,-3.0192,
25/05/2025 04:23:00,552.543,191.336,0,325.128,0.65,0,2.79214,8.61045,11.4026,50.0055,-3.0192,
25/05/2025 04:24:00,552.543,191.326,0,325.128,0.65,0,2.25824,10.4789,12.7372,49.9835,-3.01226,
25/05/2025 04:25:00,552.54,191.331,0,325.367,0.65,0,1.11247,6.85588,7.96836,50.0112,-3.01226,
25/05/2025 04:26:00,552.543,191.329,0,325.367,0.65,0,3.31181,12.0374,15.3492,49.989,-3.00532,
25/05/2025 04:27:00,552.543,191.335,0,325.367,0.65,0,8.71042,15.4968,24.2072,49.9808,-3.01226,
25/05/2025 04:28:00,552.543,191.343,0,324.649,0.65,0,10.9691,9.75917,20.7283,49.9917,-3.0192,
25/05/2025 04:29:00,552.547,191.346,0,324.41,0.65,0,5.63206,14.2869,19.9189,49.9998,-3.0192,
25/05/2025 04:30:00,552.544,191.332,0,324.649,0.65,0,3.81575,9.12494,12.9407,49.9998,-3.02615,
25/05/2025 04:31:00,552.553,191.344,0,325.128,0.65,0,0.499319,3.76855,4.26787,49.9672,-3.0192,
25/05/2025 04:32:00,552.544,191.353,0,325.367,0.65,0,5.13616,3.46312,8.59929,50.0198,-3.0192,
25/05/2025 04:33:00,552.544,191.334,0,325.128,0.65,0,2.50248,10.5761,13.0786,50.0112,-3.01226,
25/05/2025 04:34:00,552.544,191.321,0,325.128,0.65,0,-0.528753,2.17361,1.64485,50.0255,-3.00532,
25/05/2025 04:35:00,552.544,191.321,0,325.128,0.65,0,4.62719,7.61745,12.2446,49.9862,-3.01226,
25/05/2025 04:36:00,552.54,191.316,0,324.889,0.65,0,4.78866,8.66136,13.45,50.0084,-3.00532,
25/05/2025 04:37:00,552.534,191.318,0,324.649,0.65,0,9.51412,11.7164,21.2306,50.0141,-2.99829,
25/05/2025 04:38:00,552.53,191.302,0,324.649,0.65,0,8.88301,13.5405,22.4235,50.0055,-3.00532,
25/05/2025 04:39:00,543.331,188.147,0,324.889,0.639167,0,7.7003,11.5385,19.2388,50.0084,-3.00532,
25/05/2025 04:40:00,552.54,191.315,0,325.367,0.65,0,7.74497,13.1845,20.9295,50.0568,-3.00532,
25/05/2025 04:41:00,552.54,191.309,0,325.128,0.65,0,0.38455,4.99657,5.3811,50.0198,-3.00532,
25/05/2025 04:42:00,552.539,191.308,0,326.086,0.65,0,0.779608,4.02833,4.80793,50.034,-2.99829,
25/05/2025 04:43:00,552.541,191.312,0,325.367,0.65,0,0.760546,5.23155,5.9921,49.9699,-2.99829,
25/05/2025 04:44:00,552.54,191.304,0,324.889,0.65,0,0.419648,7.20259,7.62223,49.9564,-2.99829,
25/05/2025 04:45:00,552.537,191.301,0,324.41,0.65,0,2.57618,6.62824,9.20439,49.9835,-3.01226,
25/05/2025 04:46:00,552.537,191.304,0,324.649,0.65,0,0.9519,5.28902,6.24092,50.0027,-3.0192,
25/05/2025 04:47:00,552.537,191.318,0,325.128,0.65,0,3.62387,3.5097,7.13357,49.9835,-3.0192,
25/05/2025 04:48:00,552.541,191.303,0,325.128,0.65,0,1.53226,8.21343,9.74568,49.9591,-3.0192,
25/05/2025 04:49:00,543.323,188.072,0,325.128,0.639167,0,0.443379,4.12623,4.56961,49.9862,-3.01226,
25/05/2025 04:50:00,543.323,188.1,0,325.367,0.639167,0,-1.03456,3.4233,2.38874,49.9971,-3.0192,
25/05/2025 04:51:00,488.064,168.978,0,325.607,0.574167,0,3.07372,8.51918,11.5929,49.9944,-3.0192,
25/05/2025 04:52:00,543.281,188.064,0,324.889,0.639167,0,2.98033,5.38109,8.36141,49.9618,-3.01226,
25/05/2025 04:53:00,524.84,181.728,0,324.41,0.6175,0,2.07821,7.3079,9.38612,49.9971,-3.01226,
25/05/2025 04:54:00,543.307,188.115,0,324.889,0.639167,0,1.53901,4.50228,6.04129,49.9998,-3.01226,
25/05/2025 04:55:00,534.052,184.92,0,325.367,0.628333,0,2.01632,7.20576,9.22208,49.989,-2.99829,
25/05/2025 04:56:00,487.998,168.958,0,325.367,0.574167,0,0.296754,5.27156,5.56831,49.9672,-3.00532,
25/05/2025 04:57:00,506.432,175.337,0,325.128,0.595833,0,1.22835,2.49128,3.71964,49.9862,-3.01226,
25/05/2025 04:58:00,552.496,191.287,0,325.367,0.65,0,0.136882,3.23998,3.37686,50.0027,-3.00532,
25/05/2025 04:59:00,543.309,188.094,0,324.17,0.639167,0,0.718623,7.92127,8.6399,50.0169,-3.01226,
25/05/2025 05:00:00,552.505,191.281,0,324.649,0.65,0,1.30921,5.96418,7.2734,49.9781,-3.01226,
25/05/2025 05:01:00,543.334,188.114,0,324.41,0.639167,0,1.45242,8.85381,10.3062,49.9754,-3.0192,
25/05/2025 05:02:00,543.335,188.11,0,324.889,0.639167,0,-0.0521807,6.53068,6.4785,50.0141,-3.01226,
25/05/2025 05:03:00,552.541,191.302,0,325.367,0.65,0,1.09927,7.02091,8.12019,49.9428,-3.0192,
25/05/2025 05:04:00,543.317,188.108,0,325.128,0.639167,0,-0.11071,7.60758,7.49687,50.0027,-3.0192,
25/05/2025 05:05:00,552.53,191.293,0,325.367,0.65,0,-0.10044,9.86648,9.76604,50.0084,-3.0192,
25/05/2025 05:06:00,552.535,191.277,0,325.607,0.65,0,2.89128,10.8582,13.7495,50.0169,-3.0192,
25/05/2025 05:07:00,543.301,188.1,0,325.367,0.639167,0,6.08818,11.2758,17.3639,50.0084,-3.0192,
25/05/2025 05:08:00,552.53,191.291,0,324.889,0.65,0,2.53052,13.3484,15.8789,50.0141,-3.0192,
25/05/2025 05:09:00,543.32,188.071,0,324.889,0.639167,0,2.2457,8.41124,10.6569,50.0312,-3.01226,
25/05/2025 05:10:00,534.111,184.908,0,324.649,0.628333,0,3.04642,11.0047,14.0511,50.0226,-3.00532,
25/05/2025 05:11:00,552.544,191.281,0,324.889,0.65,0,0.648246,12.3778,13.0261,50.0112,-3.00532,
25/05/2025 05:12:00,552.509,191.274,0,325.367,0.65,0,0.474027,12.5255,12.9995,49.9727,-3.00532,
25/05/2025 05:13:00,543.313,188.106,0,325.367,0.639167,0,0.59363,12.903,13.4966,50.0084,-3.00532,
25/05/2025 05:14:00,552.532,191.301,0,325.367,0.65,0,1.81349,9.9136,11.7271,50.0198,-3.00532,
25/05/2025 05:15:00,552.511,191.281,0,325.128,0.65,0,1.8079,13.3035,15.1114,49.9944,-3.01226,
25/05/2025 05:16:00,552.513,191.29,0,324.889,0.65,0,0.105286,13.697,13.8022,50.0055,-3.01226,
25/05/2025 05:17:00,552.456,191.268,0,324.889,0.65,0,1.99414,13.1348,15.129,50.0283,-3.01226,
25/05/2025 05:18:00,552.417,191.284,0,324.889,0.65,0,0.72306,9.09623,9.8193,50.0255,-3.00532,
25/05/2025 05:19:00,552.411,191.274,0,325.128,0.65,0,-0.412966,7.18461,6.77165,50.0084,-3.00532,
25/05/2025 05:20:00,552.414,191.261,0,325.367,0.65,0,2.60812,11.4443,14.0524,49.9727,-2.99829,
25/05/2025 05:21:00,552.378,191.262,0,325.128,0.65,0,3.4616,14.0502,17.5118,50.0112,-3.00532,
25/05/2025 05:22:00,543.164,188.09,0,325.367,0.639167,0,2.3778,16.921,19.2988,49.989,-3.00532,
25/05/2025 05:23:00,552.442,191.279,0,325.367,0.65,0,3.28019,15.5092,18.7894,50.0027,-2.99829,
25/05/2025 05:24:00,543.269,188.055,0,324.889,0.639167,0,5.69073,22.3373,28.0281,50.0226,-3.00532,
25/05/2025 05:25:00,552.46,191.277,0,324.649,0.65,0,5.71607,17.5847,23.3008,49.9917,-2.99097,
25/05/2025 05:26:00,552.489,191.268,0,324.649,0.65,0,2.14544,13.0499,15.1953,50.0084,-2.99829,
25/05/2025 05:27:00,534.063,184.894,0,325.128,0.628333,0,-0.923593,8.61503,7.69143,50.0112,-3.00532,
25/05/2025 05:28:00,552.504,191.274,0,325.128,0.65,0,0.956691,10.6287,11.5854,49.9645,-3.01226,
25/05/2025 05:29:00,543.285,188.09,0,325.128,0.639167,0,3.25804,18.8428,22.1008,49.9835,-3.0192,
25/05/2025 05:30:00,543.283,188.08,0,325.367,0.639167,0,1.80606,17.6725,19.4786,49.9564,-3.01226,
25/05/2025 05:31:00,552.476,191.262,0,325.128,0.65,0,0.0868382,14.0041,14.0909,50.0454,-3.00532,
25/05/2025 05:32:00,552.449,191.251,0,324.889,0.65,0,0.955936,11.3252,12.2811,50.0255,-3.00532,
25/05/2025 05:33:00,552.375,191.243,0,324.41,0.65,0,0.501985,9.46234,9.96432,49.9944,-3.01226,
25/05/2025 05:34:00,543.15,188.027,0,324.889,0.639167,0,-0.618991,11.7952,11.1762,49.9564,-3.0192,
25/05/2025 05:35:00,552.357,191.236,0,325.128,0.65,0,-0.91564,10.5423,9.6267,50.0084,-3.01226,
25/05/2025 05:36:00,552.36,191.228,0,325.367,0.65,0,-1.04355,9.7585,8.71495,50.0112,-3.01226,
25/05/2025 05:37:00,552.357,191.228,0,325.128,0.65,0,1.3741,8.56746,9.94158,49.9591,-3.01226,
25/05/2025 05:38:00,552.365,191.229,0,325.367,0.65,0,2.06144,15.8695,17.931,49.9971,-3.01226,
25/05/2025 05:39:00,552.384,191.235,0,325.367,0.65,0,2.89572,15.4882,18.3839,50.0055,-3.0192,
25/05/2025 05:40:00,552.358,191.245,0,324.889,0.65,0,3.82297,10.7708,14.5938,49.9917,-3.00532,
25/05/2025 05:41:00,552.401,191.233,0,324.41,0.65,0,2.2662,9.38532,11.6515,49.9727,-3.01226,
25/05/2025 05:42:00,552.377,191.235,0,324.649,0.65,0,3.53505,10.3669,13.9019,50.0027,-3.00532,
25/05/2025 05:43:00,552.372,191.244,0,325.128,0.65,0,2.96969,10.1205,13.0902,49.94,-2.99829,
25/05/2025 05:44:00,552.398,191.251,0,325.367,0.65,0,-0.503137,8.98689,8.48375,49.9944,-3.00532,
25/05/2025 05:45:00,543.189,188.043,0,325.367,0.639167,0,-0.315184,9.22247,8.90728,49.9971,-3.01226,
25/05/2025 05:46:00,534.029,184.822,0,325.367,0.628333,0,-1.23196,7.9963,6.76434,49.9835,-3.00532,
25/05/2025 05:47:00,524.753,181.67,0,325.128,0.6175,0,0.525007,10.2041,10.7291,50.0055,-3.01226,
25/05/2025 05:48:00,524.751,181.656,0,324.889,0.6175,0,1.94535,8.49568,10.441,50.0084,-3.01226,
25/05/2025 05:49:00,552.378,191.208,0,324.41,0.65,0,-1.18046,7.09855,5.9181,50.0027,-3.01226,
25/05/2025 05:50:00,543.154,188.048,0,324.41,0.639167,0,-0.550659,6.79536,6.2447,50.0226,-3.01226,
25/05/2025 05:51:00,543.146,188.01,0,325.367,0.639167,0,1.36717,9.59538,10.9625,49.989,-3.00532,
25/05/2025 05:52:00,543.144,188.031,0,325.128,0.639167,0,0.17138,8.46613,8.63752,49.989,-3.00532,
25/05/2025 05:53:00,552.347,191.22,0,324.889,0.65,0,1.14554,14.4558,15.6013,49.989,-3.00532,
25/05/2025 05:54:00,533.938,184.859,0,325.367,0.628333,0,0.806417,9.98846,10.7949,50.0112,-3.00532,
25/05/2025 05:55:00,533.938,184.82,0,325.367,0.628333,0,0.116204,9.19839,9.31457,49.9699,-3.00532,
25/05/2025 05:56:00,552.348,191.203,0,324.889,0.65,0,0.134618,8.30586,8.44048,49.9998,-3.00532,
25/05/2025 05:57:00,533.936,184.804,0,324.41,0.628333,0,0.6718,6.81368,7.48548,49.9618,-3.00532,
25/05/2025 05:58:00,552.35,191.196,0,324.649,0.65,0,-0.696423,4.87426,4.17784,49.9998,-3.00532,
25/05/2025 05:59:00,552.35,191.199,0,324.889,0.65,0,-0.268866,4.70083,4.43196,49.9862,-3.01226,
25/05/2025 06:00:00,552.347,191.211,0,325.367,0.65,0,2.79357,10.0805,12.8741,50.0027,-3.01226,
25/05/2025 06:01:00,543.141,188.03,0,325.128,0.639167,0,1.68663,7.82831,9.51494,50.0369,-3.00532,
25/05/2025 06:02:00,552.35,191.202,0,325.128,0.65,0,-0.738359,3.32451,2.58615,49.9944,-3.00532,
25/05/2025 06:03:00,552.347,191.202,0,325.367,0.65,0,-0.605061,6.1788,5.57374,50.0055,-3.01226,
25/05/2025 06:04:00,552.35,191.199,0,325.128,0.65,0,0.0870525,4.96467,5.05172,50.0283,-3.01226,
25/05/2025 06:05:00,552.35,191.194,0,324.41,0.65,0,-0.396739,6.28155,5.88481,49.9808,-3.01226,
25/05/2025 06:06:00,552.344,191.189,0,324.41,0.65,0,0.398313,5.49517,5.89348,49.9482,-3.0192,
25/05/2025 06:07:00,552.33,191.185,0,324.889,0.65,0,0.265018,5.86653,6.13155,49.9536,-3.0192,
25/05/2025 06:08:00,552.327,191.174,0,325.128,0.65,0,2.82929,10.1526,12.9819,50.0397,-3.0192,
25/05/2025 06:09:00,552.312,191.179,0,325.128,0.65,0,0.769689,7.08568,7.85536,50.0027,-3.0192,
25/05/2025 06:10:00,552.334,191.173,0,325.607,0.65,0,-0.150741,6.76578,6.61504,50.0084,-3.0192,
25/05/2025 06:11:00,552.345,191.179,0,325.367,0.65,0,0.951011,12.3553,13.3063,50.0055,-3.0192,
25/05/2025 06:12:00,552.346,191.186,0,324.889,0.65,0,4.28257,14.1951,18.4776,50.0055,-3.01226,
25/05/2025 06:13:00,552.343,191.171,0,324.649,0.65,0,1.02335,8.69146,9.71482,49.9862,-3.0192,
25/05/2025 06:14:00,552.338,191.158,0,324.649,0.65,0,-1.67652,1.81692,0.140392,49.9754,-3.01226,
25/05/2025 06:15:00,552.337,191.167,0,324.889,0.65,0,-0.321495,5.39477,5.07327,49.9862,-3.01226,
25/05/2025 06:16:00,533.854,184.771,0,325.367,0.628333,0,-1.16847,4.56602,3.39756,49.9835,-3.00532,
25/05/2025 06:17:00,524.715,181.565,0,325.128,0.6175,0,-1.81107,2.13941,0.328344,49.9754,-3.0192,
25/05/2025 06:18:00,543.099,187.943,0,325.607,0.639167,0,-1.81411,1.25431,-0.559805,50.0027,-3.0192,
25/05/2025 06:19:00,552.279,191.14,0,325.367,0.65,0,-1.24107,3.69719,2.45613,49.9835,-3.02615,
25/05/2025 06:20:00,533.854,184.76,0,324.649,0.639167,0,-1.65267,2.43936,0.786686,50.0084,-3.01226,
25/05/2025 06:21:00,543.115,187.942,0,324.41,0.628333,0,-0.679071,3.30267,2.6236,50.0055,-3.02615,
25/05/2025 06:22:00,552.302,191.146,0,324.649,0.65,0,-0.469776,7.21209,6.74231,50.0084,-3.02615,
25/05/2025 06:23:00,552.291,191.147,0,325.128,0.65,0,1.81302,13.0296,14.8426,50.0027,-3.0192,
25/05/2025 06:24:00,552.312,191.123,0,325.128,0.65,0,1.1759,6.68368,7.85958,49.9835,-3.0192,
25/05/2025 06:25:00,552.337,191.14,0,324.889,0.65,0,0.859033,10.7303,11.5893,50.0112,-3.0192,
25/05/2025 06:26:00,552.328,191.138,0,325.367,0.65,0,-0.345202,9.489,9.14379,50.0112,-3.02615,
25/05/2025 06:27:00,552.339,191.136,0,325.367,0.65,0,3.2038,5.30554,8.50934,49.9754,-3.0192,
25/05/2025 06:28:00,552.328,191.13,0,324.649,0.65,0,1.11775,9.47263,10.5904,49.989,-3.0192,
25/05/2025 06:29:00,552.311,191.145,0,324.649,0.65,0,0.604968,4.83928,5.44425,50.0055,-3.0192,
25/05/2025 06:30:00,552.34,191.136,0,324.889,0.65,0,2.97729,8.51005,11.4873,49.9971,-3.00532,
25/05/2025 06:31:00,552.346,191.147,0,325.128,0.65,0,1.36519,8.62842,9.99362,49.9835,-3.0192,
25/05/2025 06:32:00,552.35,191.142,0,325.367,0.65,0,2.43055,7.84057,10.2711,50.0112,-3.0192,
25/05/2025 06:33:00,552.347,191.141,0,325.128,0.65,0,-0.528569,2.03367,1.5051,49.9917,-3.0192,
25/05/2025 06:34:00,552.341,191.131,0,325.367,0.65,0,-1.2668,2.30063,1.03384,49.9944,-3.0192,
25/05/2025 06:35:00,552.325,191.128,0,325.128,0.65,0,0.00661767,2.97367,2.98028,50.0055,-3.01226,
25/05/2025 06:36:00,552.321,191.134,0,324.649,0.65,0,1.13636,5.06124,6.19759,49.9808,-3.01226,
25/05/2025 06:37:00,552.239,191.121,0,324.17,0.65,0,0.795831,3.66423,4.46006,50.0169,-3.01226,
25/05/2025 06:38:00,552.183,191.105,0,324.889,0.65,0,0.214337,4.8215,5.03584,50.0283,-2.99829,
25/05/2025 06:39:00,552.172,191.105,0,325.128,0.65,0,0.745319,4.67731,5.42263,49.9835,-3.00532,
25/05/2025 06:40:00,552.158,191.103,0,325.367,0.65,0,3.63674,8.53653,12.1733,50.0084,-3.00532,
25/05/2025 06:41:00,487.758,168.808,0,324.889,0.574167,0,-0.515481,3.78429,3.26881,49.9564,-3.01226,
25/05/2025 06:42:00,432.594,149.697,0,325.128,0.509167,0,-0.429687,1.89856,1.46887,50.0483,-2.99829,
25/05/2025 06:43:00,552.293,191.122,0,325.128,0.65,0,0.2585,3.24932,3.50782,50.0283,-2.99829,
25/05/2025 06:44:00,552.315,191.128,0,324.889,0.65,0,-0.39199,6.13165,5.73966,49.9862,-3.00532,
25/05/2025 06:45:00,543.11,187.968,0,324.41,0.639167,0,-1.56259,1.27203,-0.290555,49.9808,-3.00532,
25/05/2025 06:46:00,524.729,181.581,0,324.649,0.6175,0,-1.55671,3.00031,1.4436,50.0397,-2.99829,
25/05/2025 06:47:00,524.73,181.609,0,325.128,0.6175,0,1.41402,10.2768,11.6909,50.0055,-2.99097,
25/05/2025 06:48:00,543.141,187.944,0,325.607,0.639167,0,1.8253,7.50034,9.32563,49.9618,-2.99097,
25/05/2025 06:49:00,533.938,184.753,0,325.128,0.628333,0,2.58804,11.8695,14.4575,49.9944,-2.99829,
25/05/2025 06:50:00,552.35,191.129,0,325.367,0.65,0,3.53892,8.33331,11.8722,50.0055,-2.99829,
25/05/2025 06:51:00,552.347,191.134,0,325.128,0.65,0,2.20672,7.69458,9.9013,49.989,-2.99829,
25/05/2025 06:52:00,552.35,191.137,0,324.889,0.65,0,0.358411,4.37343,4.73184,50.0112,-2.99097,
25/05/2025 06:53:00,552.35,191.135,0,324.649,0.65,0,0.668079,6.11085,6.77893,50.0397,-2.98366,
25/05/2025 06:54:00,552.35,191.141,0,324.649,0.65,0,1.90772,3.43861,5.34634,49.9672,-2.98366,
25/05/2025 06:55:00,524.732,181.584,0,325.367,0.6175,0,5.58728,10.351,15.9382,50.0283,-2.99097,
25/05/2025 06:56:00,533.938,184.757,0,325.367,0.628333,0,5.67531,14.4266,20.1019,50.0112,-2.99097,
25/05/2025 06:57:00,552.35,191.134,0,325.128,0.65,0,5.43194,12.0252,17.4572,50.0483,-2.99097,
25/05/2025 06:58:00,543.14,187.946,0,325.128,0.639167,0,3.13255,8.24705,11.3796,49.9917,-2.99097,
25/05/2025 06:59:00,552.35,191.135,0,325.128,0.65,0,1.93304,6.24654,8.17959,50.0084,-2.99097,
25/05/2025 07:00:00,533.938,184.76,0,324.889,0.628333,0,0.941054,5.61042,6.55149,50.0055,-2.99829,
25/05/2025 07:01:00,543.144,187.945,0,324.41,0.639167,0,-0.517782,2.58078,2.06299,50.0055,-2.99097,
25/05/2025 07:02:00,543.144,187.948,0,324.41,0.639167,0,4.20102,10.8973,15.0983,49.9727,-2.99097,
25/05/2025 07:03:00,524.732,181.63,0,324.889,0.6175,0,4.38814,10.4255,14.8137,50.0084,-2.99829,
25/05/2025 07:04:00,524.732,181.623,0,325.367,0.6175,0,1.07924,7.92175,9.001,49.989,-3.00532,
25/05/2025 07:05:00,533.941,184.772,0,325.367,0.628333,0,-0.316155,6.56614,6.24998,49.9536,-3.01226,
25/05/2025 07:06:00,552.351,191.168,0,325.367,0.65,0,-0.867346,3.23828,2.37093,50.0141,-3.01226,
25/05/2025 07:07:00,524.738,181.607,0,325.128,0.6175,0,-1.104,4.32573,3.22173,50.0169,-3.01226,
25/05/2025 07:08:00,543.147,187.958,0,324.649,0.639167,0,0.0160099,7.69658,7.71258,50.0198,-3.01226,
25/05/2025 07:09:00,543.149,187.961,0,324.41,0.639167,0,-1.01663,4.9982,3.98157,50.0055,-3.0192,
25/05/2025 07:10:00,543.15,187.962,0,324.889,0.639167,0,-0.0750885,6.01815,5.94307,49.989,-3.01226,
25/05/2025 07:11:00,552.357,191.148,0,324.889,0.65,0,-0.636747,3.20071,2.56396,49.9781,-3.0192,
25/05/2025 07:12:00,552.35,191.163,0,325.367,0.65,0,0.414629,5.64916,6.06379,50.0369,-3.0192,
25/05/2025 07:13:00,552.366,191.166,0,325.128,0.65,0,2.40488,7.33674,9.74162,50.0112,-3.0192,
25/05/2025 07:14:00,534.008,184.805,0,325.607,0.628333,0,2.80653,7.47098,10.2775,50.0027,-3.0192,
25/05/2025 07:15:00,543.2,187.966,0,325.128,0.639167,0,1.86628,8.63307,10.4993,50.0027,-3.0192,
25/05/2025 07:16:00,543.206,187.964,0,324.649,0.639167,0,2.35359,4.08469,6.4383,50.0169,-3.0192,
25/05/2025 07:17:00,543.211,188.003,0,324.41,0.639167,0,0.900381,6.02341,6.92378,50.0027,-3.01226,
25/05/2025 07:18:00,552.461,191.179,0,324.649,0.65,0,2.15703,12.4946,14.6517,49.9998,-3.0192,
25/05/2025 07:19:00,552.516,191.185,0,324.889,0.65,0,0.924291,10.8535,11.7778,49.9591,-3.0192,
25/05/2025 07:20:00,543.328,187.994,0,325.367,0.639167,0,3.60879,9.08962,12.6984,50.0226,-3.01226,
25/05/2025 07:21:00,543.325,187.987,0,325.367,0.639167,0,4.36642,10.2039,14.5703,49.9944,-3.00532,
25/05/2025 07:22:00,552.486,191.168,0,325.367,0.65,0,5.85655,15.1073,20.9639,50.0055,-3.00532,
25/05/2025 07:23:00,552.456,191.166,0,325.607,0.65,0,4.70698,9.79604,14.503,50.0312,-2.99829,
25/05/2025 07:24:00,543.238,187.971,0,325.128,0.639167,0,1.44485,6.94268,8.38753,50.0055,-2.99829,
25/05/2025 07:25:00,552.373,191.166,0,324.17,0.65,0,0.978887,6.23245,7.21133,49.9998,-3.00532,
25/05/2025 07:26:00,552.365,191.171,0,324.649,0.65,0,2.84698,8.33349,11.1805,50.0141,-3.01226,
25/05/2025 07:27:00,552.384,191.145,0,325.367,0.65,0,4.68246,6.36421,11.0467,49.9781,-3.00532,
25/05/2025 07:28:00,543.206,187.968,0,325.367,0.639167,0,2.70947,8.79717,11.5066,49.9591,-3.01226,
25/05/2025 07:29:00,543.25,187.976,0,325.128,0.639167,0,0.475694,5.34028,5.81598,50.0198,-3.01226,
25/05/2025 07:30:00,543.295,188.007,0,325.367,0.639167,0,-0.0932906,6.18475,6.09146,50.0198,-3.01226,
25/05/2025 07:31:00,552.49,191.178,0,325.128,0.65,0,0.364795,5.07907,5.44387,50.0055,-3.01226,
25/05/2025 07:32:00,552.533,191.179,0,324.889,0.65,0,2.20826,6.98381,9.19207,50.0255,-3.00532,
25/05/2025 07:33:00,543.325,187.983,0,324.649,0.639167,0,3.31421,10.8992,14.2134,50.0198,-3.01226,
25/05/2025 07:34:00,543.335,188.031,0,324.649,0.639167,0,2.68345,9.85102,12.5345,50.0312,-3.00532,
25/05/2025 07:35:00,552.544,191.187,0,324.889,0.65,0,1.44533,8.0051,9.45041,50.0255,-3.00532,
25/05/2025 07:36:00,552.544,191.188,0,325.367,0.65,0,0.357463,2.93376,3.29123,50.0027,-2.99829,
25/05/2025 07:37:00,552.537,191.194,0,325.128,0.65,0,0.710911,4.78402,5.49493,50.0198,-2.99829,
25/05/2025 07:38:00,552.534,191.181,0,325.367,0.65,0,1.28246,8.71214,9.99461,50.0027,-2.99829,
25/05/2025 07:39:00,543.325,187.992,0,325.367,0.639167,0,-0.719269,3.96003,3.24077,49.9754,-3.00532,
25/05/2025 07:40:00,543.335,187.986,0,324.649,0.639167,0,-1.48856,1.64347,0.154917,49.9971,-3.01226,
25/05/2025 07:41:00,524.917,181.639,0,324.649,0.6175,0,-1.75398,1.4026,-0.351383,49.9727,-3.0192,
25/05/2025 07:42:00,534.126,184.795,0,324.649,0.628333,0,-1.47521,2.69686,1.22164,50.0169,-3.01226,
25/05/2025 07:43:00,543.335,188.022,0,325.128,0.639167,0,-1.38204,5.07217,3.69013,49.9971,-3.0192,
25/05/2025 07:44:00,534.123,184.787,0,325.128,0.628333,0,-0.691956,2.48956,1.7976,49.989,-3.02615,
25/05/2025 07:45:00,534.123,184.825,0,324.889,0.628333,0,-1.48534,2.27434,0.788994,50.0255,-3.0192,
25/05/2025 07:46:00,543.335,188.024,0,325.128,0.639167,0,-1.33785,2.22854,0.890683,49.9998,-3.02615,
25/05/2025 07:47:00,534.126,184.857,0,325.128,0.628333,0,-0.533873,4.87055,4.33668,49.9917,-3.0192,
25/05/2025 07:48:00,515.709,178.463,0,325.367,0.606667,0,1.71125,5.84785,7.5591,50.0112,-3.02615,
25/05/2025 07:49:00,543.339,187.983,0,325.367,0.639167,0,1.29173,3.58205,4.87378,50.0454,-3.0192,
25/05/2025 07:50:00,543.378,188.004,0,324.649,0.639167,0,-0.137266,6.94854,6.81128,49.9971,-3.01226,
25/05/2025 07:51:00,534.126,184.844,0,325.128,0.628333,0,2.59578,12.9805,15.5763,49.9319,-3.01226,
25/05/2025 07:52:00,524.939,181.612,0,324.17,0.628333,0,4.78885,14.5995,19.3883,50.0084,-3.00532,
25/05/2025 07:53:00,543.388,187.997,0,325.128,0.628333,0,0.133716,5.55504,5.68876,49.9971,-2.99829,
25/05/2025 07:54:00,552.56,191.185,0,325.128,0.65,0,1.17994,4.67593,5.85587,50.0027,-2.99829,
25/05/2025 07:55:00,552.546,191.181,0,325.367,0.65,0,4.65263,7.97992,12.6325,49.9618,-2.99829,
25/05/2025 07:56:00,534.126,184.799,0,324.889,0.628333,0,1.85367,6.68989,8.54355,50.0055,-2.99829,
25/05/2025 07:57:00,552.544,191.182,0,324.41,0.65,0,3.13919,6.89728,10.0365,50.0112,-2.99097,
25/05/2025 07:58:00,552.547,191.191,0,324.889,0.65,0,2.33821,9.86405,12.2023,49.9971,-2.99829,
25/05/2025 07:59:00,552.549,191.194,0,324.41,0.65,0,3.47741,5.78259,9.25998,49.9971,-3.00532,
25/05/2025 08:00:00,552.545,191.18,0,324.41,0.65,0,-0.81216,1.12706,0.314896,50.0112,-3.00532,
25/05/2025 08:01:00,552.547,191.183,0,325.128,0.65,0,-1.31416,1.00332,-0.310836,50.0055,-3.00532,
25/05/2025 08:02:00,552.603,191.186,0,325.607,0.65,0,-1.76472,-0.00335318,-1.76808,49.9835,-3.00532,
25/05/2025 08:03:00,552.647,191.193,0,325.367,0.65,0,-1.85765,-0.0463488,-1.904,49.9835,-3.00532,
25/05/2025 08:04:00,552.586,191.194,0,325.128,0.65,0,-1.8287,-0.13771,-1.96641,49.9645,-3.0192,
25/05/2025 08:05:00,552.624,191.199,0,325.367,0.65,0,-1.88328,-0.0194262,-1.9027,50.0141,-3.02615,
25/05/2025 08:06:00,552.559,191.189,0,324.889,0.65,0,-1.7562,-0.227486,-1.98369,49.9428,-3.0192,
25/05/2025 08:07:00,552.545,191.178,0,324.649,0.65,0,-0.839925,-0.774836,-1.61476,49.9727,-3.0192,
25/05/2025 08:08:00,552.578,191.185,0,324.41,0.65,0,-0.109761,3.99067,3.88089,49.9699,-3.02615,
25/05/2025 08:09:00,543.448,187.992,0,325.128,0.639167,0,-0.186617,3.24082,3.0542,50.0312,-3.0192,
25/05/2025 08:10:00,543.5,188.013,0,325.128,0.639167,0,2.60707,2.64093,5.248,49.9727,-3.0192,
25/05/2025 08:11:00,552.701,191.209,0,325.367,0.65,0,3.38775,10.8372,14.225,50.0312,-3.0192,
25/05/2025 08:12:00,552.726,191.212,0,325.367,0.65,0,4.64119,11.586,16.2272,49.9998,-3.0192,
25/05/2025 08:13:00,552.727,191.214,0,325.607,0.65,0,3.66195,8.27796,11.9399,50.0027,-3.00532,
25/05/2025 08:14:00,552.727,191.208,0,324.649,0.65,0,4.25289,9.8806,14.1335,49.9835,-2.99829,
25/05/2025 08:15:00,552.728,191.225,0,324.41,0.65,0,4.19736,11.2784,15.4758,50.0055,-2.99097,
25/05/2025 08:16:00,543.488,188,0,324.41,0.639167,0,5.49785,10.8173,16.3152,49.9917,-2.99829,
25/05/2025 08:17:00,552.66,191.196,0,325.128,0.65,0,4.97699,9.58187,14.5589,49.9998,-2.99097,
25/05/2025 08:18:00,552.56,191.187,0,325.128,0.65,0,5.69649,10.1737,15.8702,50.0055,-2.99097,
25/05/2025 08:19:00,552.579,191.186,0,325.128,0.65,0,2.9467,10.2847,13.2314,49.9917,-2.99097,
25/05/2025 08:20:00,552.577,191.177,0,325.367,0.65,0,1.98061,6.62041,8.60103,50.0112,-2.99829,
25/05/2025 08:21:00,552.605,191.193,0,324.889,0.65,0,2.56003,8.74394,11.304,50.0283,-2.99097,
25/05/2025 08:22:00,552.679,191.194,0,325.128,0.65,0,1.4542,6.45439,7.90859,49.989,-2.99829,
25/05/2025 08:23:00,543.486,188.014,0,324.41,0.639167,0,1.5035,5.90575,7.40925,50.0141,-2.99097,
25/05/2025 08:24:00,552.734,191.22,0,324.41,0.65,0,6.2971,8.91397,15.2111,49.9971,-2.99097,
25/05/2025 08:25:00,552.737,191.22,0,324.889,0.65,0,4.90347,9.83132,14.7348,50.0112,-2.99097,
25/05/2025 08:26:00,552.73,191.221,0,325.128,0.65,0,4.91678,12.4888,17.4056,49.9835,-2.99097,
25/05/2025 08:27:00,552.73,191.212,0,325.367,0.65,0,5.72939,9.32687,15.0563,50.0027,-2.99829,
25/05/2025 08:28:00,552.716,191.215,0,325.367,0.65,0,6.70564,10.8925,17.5982,50.0055,-2.99097,
25/05/2025 08:29:00,552.715,191.215,0,325.367,0.65,0,6.05195,9.21368,15.2656,50.0369,-2.99097,
25/05/2025 08:30:00,552.729,191.214,0,324.649,0.65,0,4.4289,8.05983,12.4887,49.9645,-2.99097,
25/05/2025 08:31:00,552.733,191.215,0,324.649,0.65,0,-0.225648,4.51778,4.29213,50.0055,-2.99829,
25/05/2025 08:32:00,552.737,191.215,0,324.41,0.65,0,1.2048,8.40241,9.60721,49.9727,-2.99829,
25/05/2025 08:33:00,552.737,191.223,0,324.889,0.65,0,4.97314,8.25894,13.2321,49.9998,-2.99097,
25/05/2025 08:34:00,552.737,191.234,0,325.128,0.65,0,5.1149,14.0669,19.1817,50.0198,-2.99097,
25/05/2025 08:35:00,552.737,191.24,0,325.607,0.65,0,7.93961,12.0986,20.0382,49.9754,-2.99097,
25/05/2025 08:36:00,552.746,191.247,0,325.128,0.65,0,5.41732,11.883,17.3003,49.9998,-2.99829,
25/05/2025 08:37:00,552.766,191.26,0,325.607,0.65,0,4.65669,12.0128,16.6695,50.0084,-2.99097,
25/05/2025 08:38:00,552.787,191.251,0,324.889,0.65,0,6.18273,9.66261,15.8453,49.9781,-2.99829,
25/05/2025 08:39:00,552.767,191.269,0,324.41,0.65,0,6.35626,10.1848,16.5411,50.0055,-2.99097,
25/05/2025 08:40:00,552.774,191.273,0,324.649,0.65,0,2.48717,8.69959,11.1867,50.0141,-2.99829,
25/05/2025 08:41:00,552.746,191.275,0,325.128,0.65,0,4.26218,8.58548,12.8477,50.0055,-2.99097,
25/05/2025 08:42:00,552.764,191.275,0,325.128,0.65,0,3.25416,8.96311,12.2173,50.034,-2.99097,
25/05/2025 08:43:00,552.791,191.273,0,325.607,0.65,0,7.06111,9.67237,16.7335,50.0084,-2.98366,
25/05/2025 08:44:00,506.761,175.322,0,325.367,0.595833,0,1.89799,11.0867,12.9847,49.9699,-3.00532,
25/05/2025 08:45:00,552.819,191.253,0,325.607,0.65,0,2.44404,13.5297,15.9738,49.9998,-2.99829,
25/05/2025 08:46:00,552.778,191.249,0,324.889,0.65,0,2.04833,17.2918,19.3401,49.9862,-3.01226,
25/05/2025 08:47:00,543.578,188.089,0,324.649,0.639167,0,4.11421,13.8144,17.9286,50.0141,-3.00532,
25/05/2025 08:48:00,543.618,188.088,0,324.41,0.639167,0,4.66381,10.7958,15.4596,50.0198,-3.00532,
25/05/2025 08:49:00,552.847,191.266,0,324.889,0.65,0,6.79602,13.7544,20.5504,50.0169,-3.01226,
25/05/2025 08:50:00,552.902,191.27,0,325.128,0.65,0,6.17471,12.7921,18.9668,50.034,-3.00532,
25/05/2025 08:51:00,552.895,191.278,0,325.128,0.65,0,6.72454,17.8064,24.5309,50.0283,-3.00532,
25/05/2025 08:52:00,543.672,188.062,0,325.607,0.639167,0,8.18873,16.6405,24.8292,49.9998,-2.99829,
25/05/2025 08:53:00,552.904,191.262,0,325.367,0.65,0,7.15503,15.6187,22.7737,50.0169,-3.00532,
25/05/2025 08:54:00,552.896,191.273,0,324.889,0.65,0,4.51893,11.879,16.3979,50.0426,-3.00532,
25/05/2025 08:55:00,552.896,191.271,0,324.41,0.65,0,4.52138,12.535,17.0564,49.9998,-3.00532,
25/05/2025 08:56:00,552.894,191.268,0,324.41,0.65,0,2.61469,8.23474,10.8494,49.9971,-2.99829,
25/05/2025 08:57:00,552.91,191.27,0,325.128,0.65,0,4.8241,9.50808,14.3322,50.0027,-3.00532,
25/05/2025 08:58:00,552.888,191.279,0,325.367,0.65,0,6.81091,10.1219,16.9328,50.0198,-2.99829,
25/05/2025 08:59:00,552.847,191.264,0,325.128,0.65,0,8.11203,11.9653,20.0773,50.0226,-3.00532,
25/05/2025 09:00:00,552.841,191.26,0,325.128,0.65,0,4.71902,14.311,19.03,49.9808,-2.99097,
25/05/2025 09:01:00,552.767,191.257,0,325.367,0.65,0,8.78366,9.24018,18.0239,50.0568,-2.99097,
25/05/2025 09:02:00,552.774,191.253,0,325.128,0.65,0,5.01234,12.0917,17.104,49.9727,-2.99097,
25/05/2025 09:03:00,543.597,188.081,0,324.649,0.639167,0,5.03368,11.4121,16.4457,50.0055,-2.99829,
25/05/2025 09:04:00,552.835,191.273,0,324.41,0.65,0,6.03278,10.7172,16.75,50.0426,-2.99097,
25/05/2025 09:05:00,552.845,191.273,0,324.889,0.65,0,6.27741,12.6403,18.9177,49.9971,-2.99097,
25/05/2025 09:06:00,552.833,191.271,0,325.367,0.65,0,4.26475,6.60998,10.8747,49.9835,-3.00532,
25/05/2025 09:07:00,552.843,191.272,0,325.128,0.65,0,6.53099,8.99206,15.523,50.0198,-3.00532,
25/05/2025 09:08:00,552.871,191.274,0,325.607,0.65,0,4.86836,8.78315,13.6515,49.9944,-3.00532,
25/05/2025 09:09:00,552.885,191.283,0,325.128,0.65,0,2.38655,7.66576,10.0523,50.0255,-2.99829,
25/05/2025 09:10:00,552.904,191.287,0,324.889,0.65,0,4.76188,10.7812,15.5431,50.0283,-3.00532,
25/05/2025 09:11:00,552.924,191.287,0,324.41,0.65,0,3.70556,9.99339,13.6989,49.9835,-2.99829,
25/05/2025 09:12:00,552.928,191.297,0,324.41,0.65,0,7.01839,11.2303,18.2487,50.0198,-3.00532,
25/05/2025 09:13:00,543.708,188.09,0,324.649,0.639167,0,5.58252,11.7855,17.368,50.0226,-3.00532,
25/05/2025 09:14:00,552.93,191.296,0,325.367,0.65,0,1.8411,5.69092,7.53202,49.989,-2.99829,
25/05/2025 09:15:00,543.714,188.076,0,325.367,0.639167,0,0.805061,6.60625,7.4113,49.9862,-3.01226,
25/05/2025 09:16:00,552.93,191.309,0,325.367,0.65,0,0.948417,5.92416,6.87259,50.0027,-3.01226,
25/05/2025 09:17:00,552.93,191.291,0,325.128,0.65,0,1.00813,5.80488,6.81301,49.9971,-3.01226,
25/05/2025 09:18:00,543.714,188.102,0,324.889,0.639167,0,1.52643,6.84128,8.36771,50.0055,-3.0192,
25/05/2025 09:19:00,552.93,191.293,0,324.889,0.65,0,1.97022,6.32748,8.2977,50.034,-3.01226,
25/05/2025 09:20:00,552.93,191.294,0,324.41,0.65,0,2.4272,8.59103,11.0182,49.9862,-3.0192,
25/05/2025 09:21:00,552.93,191.297,0,324.889,0.65,0,2.01092,8.58489,10.5958,49.9645,-3.01226,
25/05/2025 09:22:00,552.93,191.298,0,325.128,0.65,0,2.86673,9.87544,12.7422,49.9862,-3.0192,
25/05/2025 09:23:00,552.927,191.284,0,325.128,0.65,0,1.99688,4.90631,6.90318,50.0027,-3.01226,
25/05/2025 09:24:00,552.928,191.29,0,325.607,0.65,0,5.46985,8.93936,14.4092,50.0055,-3.00532,
25/05/2025 09:25:00,552.886,191.279,0,325.367,0.65,0,1.28227,4.06499,5.34726,49.9645,-3.01226,
25/05/2025 09:26:00,552.894,191.278,0,325.128,0.65,0,4.10877,8.02097,12.1297,50.0027,-3.01226,
25/05/2025 09:27:00,552.916,191.267,0,324.649,0.65,0,4.35274,7.61279,11.9655,49.9944,-3.01226,
25/05/2025 09:28:00,552.93,191.28,0,324.41,0.65,0,5.45005,11.9312,17.3812,49.9971,-3.02615,
25/05/2025 09:29:00,552.93,191.294,0,325.128,0.65,0,5.69371,12.455,18.1487,50.0226,-3.0192,
25/05/2025 09:30:00,552.93,191.291,0,325.367,0.65,0,2.10794,6.27682,8.38478,50.0141,-3.01226,
25/05/2025 09:31:00,552.93,191.3,0,325.128,0.65,0,2.44437,1.76742,4.21179,50.0198,-3.01226,
25/05/2025 09:32:00,552.93,191.293,0,325.367,0.65,0,1.64718,7.45901,9.10619,49.9971,-3.01226,
25/05/2025 09:33:00,552.93,191.277,0,325.367,0.65,0,1.18224,4.00412,5.18636,50.0255,-2.99829,
25/05/2025 09:34:00,552.948,191.287,0,324.889,0.65,0,-0.699684,5.17428,4.4746,49.9944,-3.00532,
25/05/2025 09:35:00,552.962,191.28,0,324.889,0.65,0,-0.465851,5.97501,5.50916,49.9944,-3.00532,
25/05/2025 09:36:00,552.94,191.308,0,324.649,0.65,0,-0.0391377,4.84083,4.80169,50.0141,-3.00532,
25/05/2025 09:37:00,552.935,191.285,0,324.889,0.65,0,4.89805,7.39406,12.2921,49.9781,-3.00532,
25/05/2025 09:38:00,552.947,191.3,0,324.889,0.65,0,10.1594,17.1029,27.2623,49.9835,-3.00532,
25/05/2025 09:39:00,552.939,191.292,0,325.367,0.65,0,1.89598,9.77666,11.6726,50.0169,-3.00532,
25/05/2025 09:40:00,552.933,191.281,0,325.367,0.65,0,1.82367,9.21915,11.0428,49.9917,-3.00532,
25/05/2025 09:41:00,552.932,191.274,0,325.367,0.65,0,2.92565,10.0216,12.9472,49.9428,-3.00532,
25/05/2025 09:42:00,552.932,191.272,0,324.889,0.65,0,3.09897,11.6693,14.7683,50.0055,-3.01226,
25/05/2025 09:43:00,552.93,191.273,0,324.41,0.65,0,1.98536,8.80769,10.7931,49.9835,-3.01226,
25/05/2025 09:44:00,552.93,191.268,0,324.41,0.65,0,0.496517,6.82425,7.32076,50.0226,-3.00532,
25/05/2025 09:45:00,552.93,191.281,0,324.649,0.65,0,2.0201,8.09466,10.1148,50.0112,-3.00532,
25/05/2025 09:46:00,552.93,191.27,0,325.367,0.65,0,2.39355,5.21983,7.61338,49.9998,-3.00532,
25/05/2025 09:47:00,552.93,191.275,0,325.128,0.65,0,1.46618,4.46711,5.9333,50.0255,-2.99829,
25/05/2025 09:48:00,552.927,191.275,0,325.367,0.65,0,0.601818,4.76222,5.36403,50.0255,-2.99829,
25/05/2025 09:49:00,552.907,191.255,0,325.367,0.65,0,4.10704,9.06585,13.1729,49.9835,-2.99829,
25/05/2025 09:50:00,552.876,191.254,0,324.889,0.65,0,7.80827,16.3125,24.1207,50.0226,-2.99829,
25/05/2025 09:51:00,552.892,191.244,0,324.649,0.65,0,6.67291,14.6909,21.3637,49.9699,-2.99829,
25/05/2025 09:52:00,552.871,191.233,0,324.41,0.65,0,10.946,20.3861,31.3322,49.9509,-3.00532,
25/05/2025 09:53:00,552.865,191.251,0,324.889,0.65,0,13.1775,21.0231,34.2006,49.989,-2.99829,
25/05/2025 09:54:00,552.925,191.254,0,325.128,0.65,0,18.4386,24.1635,42.6021,50.0141,-3.00532,
25/05/2025 09:55:00,552.93,191.262,0,325.367,0.65,0,13.1968,17.6541,30.8509,49.9781,-3.00532,
25/05/2025 09:56:00,552.93,191.275,0,325.367,0.65,0,6.75896,13.2764,20.0353,50.0255,-3.00532,
25/05/2025 09:57:00,552.93,191.29,0,324.889,0.65,0,4.13497,10.9662,15.1012,49.9944,-2.99829,
25/05/2025 09:58:00,552.927,191.278,0,324.889,0.65,0,5.07159,11.4639,16.5355,50.0084,-2.99829,
25/05/2025 09:59:00,552.927,191.28,0,324.649,0.65,0,2.5385,9.72583,12.2643,49.989,-2.99829,
25/05/2025 10:00:00,552.925,191.268,0,324.41,0.65,0,1.78653,10.0738,11.8603,50.0255,-2.99829,
25/05/2025 10:01:00,552.901,191.26,0,325.128,0.65,0,6.66096,9.33109,15.992,49.9645,-2.99097,
25/05/2025 10:02:00,552.925,191.263,0,325.367,0.65,0,10.0804,19.0358,29.1161,50.0141,-2.99097,
25/05/2025 10:03:00,552.905,191.26,0,325.367,0.65,0,10.262,18.5901,28.8522,49.9944,-2.99097,
25/05/2025 10:04:00,552.879,191.269,0,325.128,0.65,0,10.3391,17.1702,27.5093,49.9835,-2.99829,
25/05/2025 10:05:00,552.908,191.262,0,325.128,0.65,0,9.41141,10.0167,19.4281,50.0454,-2.99097,
25/05/2025 10:06:00,552.922,191.261,0,325.128,0.65,0,11.8414,13.3922,25.2336,49.9917,-2.99097,
25/05/2025 10:07:00,552.919,191.245,0,324.649,0.65,0,14.5455,16.1714,30.7169,50.0055,-2.99097,
25/05/2025 10:08:00,552.859,191.25,0,324.41,0.65,0,14.6355,11.0866,25.7221,49.9754,-2.99829,
25/05/2025 10:09:00,552.851,191.249,0,324.889,0.65,0,12.3584,17.2361,29.5945,49.9944,-2.99097,
25/05/2025 10:10:00,552.828,191.247,0,325.128,0.65,0,10.4354,16.7147,27.1501,49.9944,-2.99829,
25/05/2025 10:11:00,552.793,191.249,0,325.367,0.65,0,14.3253,25.1284,39.4536,50.0255,-2.99097,
25/05/2025 10:12:00,552.87,191.264,0,325.367,0.65,0,23.2842,24.5875,47.8717,50.0198,-2.98366,
25/05/2025 10:13:00,552.908,191.285,0,325.128,0.65,0,25.3399,25.7334,51.0733,50.0312,-2.98366,
25/05/2025 10:14:00,552.929,191.29,0,324.889,0.65,0,22.9017,25.2499,48.1515,50.0283,-2.97636,
25/05/2025 10:15:00,552.93,191.3,0,324.649,0.65,0,21.5633,24.1589,45.7222,50.0027,-2.99097,
25/05/2025 10:16:00,552.93,191.294,0,324.41,0.65,0,17.7481,20.5467,38.2948,49.9781,-2.99097,
25/05/2025 10:17:00,552.93,191.298,0,324.889,0.65,0,14.9684,30.8329,45.8013,50.0654,-2.99097,
25/05/2025 10:18:00,552.93,191.291,0,325.128,0.65,0,16.3292,14.2827,30.6119,50.0055,-2.99097,
25/05/2025 10:19:00,552.93,191.302,0,325.367,0.65,0,3.7482,11.6129,15.361,49.9808,-2.98366,
25/05/2025 10:20:00,552.93,191.3,0,325.367,0.65,0,5.93326,15.3054,21.2386,49.9917,-2.99097,
25/05/2025 10:21:00,552.927,191.312,0,325.607,0.65,0,8.92873,18.0389,26.9677,49.9971,-2.99829,
25/05/2025 10:22:00,552.93,191.298,0,325.128,0.65,0,0.890406,3.12127,4.01168,49.9917,-2.99097,
25/05/2025 10:23:00,552.93,191.311,0,324.41,0.65,0,-1.13638,1.98062,0.844242,50.0084,-2.99097,
25/05/2025 10:24:00,552.93,191.312,0,324.41,0.65,0,-1.03573,1.86648,0.830748,49.9944,-2.99097,
25/05/2025 10:25:00,552.93,191.308,0,325.128,0.65,0,2.2105,8.82888,11.0394,50.0312,-2.99097,
25/05/2025 10:26:00,552.93,191.319,0,325.128,0.65,0,1.90426,9.78667,11.6909,49.9917,-2.99829,
25/05/2025 10:27:00,552.93,191.321,0,325.128,0.65,0,9.32967,5.61569,14.9454,49.9971,-2.99829,
25/05/2025 10:28:00,552.932,191.33,0,325.367,0.65,0,12.6146,15.0068,27.6214,50.0454,-2.99097,
25/05/2025 10:29:00,552.953,191.331,0,325.367,0.65,0,12.18,13.1129,25.2929,50.0055,-2.99829,
25/05/2025 10:30:00,552.963,191.336,0,324.649,0.65,0,4.65921,7.62642,12.2856,49.9781,-2.99829,
25/05/2025 10:31:00,552.965,191.333,0,324.41,0.65,0,5.58481,7.67271,13.2575,49.9971,-2.99097,
25/05/2025 10:32:00,552.937,191.336,0,324.41,0.65,0,9.25967,11.5125,20.7722,49.9998,-2.98366,
25/05/2025 10:33:00,552.956,191.336,0,325.128,0.65,0,6.80955,8.9676,15.7771,50.0169,-2.98366,
25/05/2025 10:34:00,553.041,191.35,0,325.128,0.65,0,6.26818,7.15088,13.4191,50.0255,-2.98366,
25/05/2025 10:35:00,553.018,191.348,0,325.367,0.65,0,1.83119,6.19046,8.02164,49.9591,-2.99097,
25/05/2025 10:36:00,553.064,191.354,0,325.367,0.65,0,1.2974,6.53628,7.83368,50.0312,-2.98366,
25/05/2025 10:37:00,553.06,191.362,0,325.367,0.65,0,5.10015,8.04002,13.1402,50.0027,-2.97636,
25/05/2025 10:38:00,553.095,191.377,0,324.889,0.65,0,17.3108,14.8476,32.1585,50.0084,-2.98366,
25/05/2025 10:39:00,553.123,191.378,0,324.41,0.65,0,12.3128,10.5255,22.8383,49.989,-2.97636,
25/05/2025 10:40:00,553.123,191.378,0,324.41,0.65,0,11.2326,18.7021,29.9346,49.9971,-2.99097,
25/05/2025 10:41:00,553.114,191.379,0,325.128,0.65,0,5.62483,8.05016,13.675,49.9835,-2.97636,
25/05/2025 10:42:00,553.11,191.378,0,325.128,0.65,0,5.79116,10.4016,16.1928,50.0226,-2.98366,
25/05/2025 10:43:00,553.11,191.393,0,325.128,0.65,0,5.28379,8.72105,14.0049,50.0255,-2.97636,
25/05/2025 10:44:00,553.122,191.411,0,325.128,0.65,0,4.72638,6.36942,11.0958,49.9727,-2.98366,
25/05/2025 10:45:00,553.123,191.401,0,325.367,0.65,0,1.69548,5.65866,7.35414,49.9835,-2.98366,
25/05/2025 10:46:00,553.123,191.395,0,325.128,0.65,0,0.806973,5.48107,6.28804,49.9754,-2.98366,
25/05/2025 10:47:00,553.123,191.419,0,324.649,0.65,0,6.95966,13.2682,20.2279,50.0511,-2.98366,
25/05/2025 10:48:00,553.135,191.426,0,324.889,0.65,0,14.2535,9.53309,23.7866,50.0283,-2.97636,
25/05/2025 10:49:00,553.131,191.426,0,325.128,0.65,0,3.03846,4.49268,7.53114,50.0027,-2.96905,
25/05/2025 10:50:00,553.124,191.415,0,325.367,0.65,0,5.65312,6.7094,12.3625,50.0255,-2.97636,
25/05/2025 10:51:00,553.181,191.444,0,325.607,0.65,0,9.97414,15.2308,25.2049,49.9998,-2.97636,
25/05/2025 10:52:00,544.012,188.27,0,325.367,0.639167,0,7.55452,15.2468,22.8013,50.0084,-2.97636,
25/05/2025 10:53:00,553.286,191.472,0,325.367,0.65,0,10.1501,12.1893,22.3395,50.0198,-2.97636,
25/05/2025 10:54:00,553.29,191.481,0,324.889,0.65,0,7.86435,9.99389,17.8582,50.0027,-2.98366,
25/05/2025 10:55:00,544.083,188.294,0,324.649,0.639167,0,-0.00601005,3.60728,3.60127,50.0312,-2.96905,
25/05/2025 10:56:00,544.089,188.294,0,324.41,0.639167,0,0.799959,4.70988,5.50984,49.989,-2.97636,
25/05/2025 10:57:00,553.29,191.494,0,324.889,0.65,0,5.33448,8.68586,14.0203,50.0027,-2.97636,
25/05/2025 10:58:00,553.201,191.493,0,325.128,0.65,0,-0.689475,2.04411,1.35464,50.034,-2.96905,
25/05/2025 10:59:00,553.126,191.478,0,325.367,0.65,0,-0.681312,2.34556,1.66425,49.9917,-2.97636,
25/05/2025 11:00:00,553.153,191.482,0,325.128,0.65,0,-1.30423,0.846552,-0.45768,50.0027,-2.96175,
25/05/2025 11:01:00,553.126,191.459,0,325.367,0.65,0,0.757339,5.60968,6.36703,50.0112,-2.96905,
25/05/2025 11:02:00,553.125,191.463,0,325.128,0.65,0,4.52752,7.30169,11.8292,50.0312,-2.96905,
25/05/2025 11:03:00,553.128,191.479,0,324.649,0.65,0,-0.791176,2.46171,1.67054,49.9645,-2.97636,
25/05/2025 11:04:00,553.13,191.476,0,324.649,0.65,0,2.40055,3.88385,6.28441,50.0255,-2.97636,
25/05/2025 11:05:00,553.125,191.477,0,324.889,0.65,0,4.84142,8.65069,13.4921,50.0055,-2.96905,
25/05/2025 11:06:00,553.146,191.497,0,325.367,0.65,0,7.76763,7.99244,15.7601,50.0169,-2.96905,
25/05/2025 11:07:00,553.192,191.493,0,325.367,0.65,0,9.32187,12.3191,21.641,50.0084,-2.96905,
25/05/2025 11:08:00,553.183,191.504,0,325.367,0.65,0,3.30565,7.20811,10.5137,50.0283,-2.96905,
25/05/2025 11:09:00,543.913,188.304,0,325.128,0.639167,0,-0.518069,2.09036,1.57229,49.9862,-2.96905,
25/05/2025 11:10:00,543.904,188.298,0,324.889,0.639167,0,-0.583092,1.03105,0.447951,49.9754,-2.96175,
25/05/2025 11:11:00,553.166,191.524,0,324.41,0.65,0,7.83324,7.35368,15.1869,50.0397,-2.96175,
25/05/2025 11:12:00,553.236,191.528,0,324.649,0.65,0,7.77779,6.48573,14.2635,49.9944,-2.96175,
25/05/2025 11:13:00,553.196,191.522,0,325.128,0.65,0,16.5979,13.8996,30.4976,50.0198,-2.96905,
25/05/2025 11:14:00,543.945,188.333,0,325.128,0.639167,0,12.4829,16.258,28.7409,49.989,-2.96175,
25/05/2025 11:15:00,543.947,188.359,0,325.367,0.639167,0,8.16787,10.1899,18.3577,50.0141,-2.96905,
25/05/2025 11:16:00,553.158,191.545,0,325.128,0.65,0,9.05726,10.0033,19.0606,50.0084,-2.96175,
25/05/2025 11:17:00,543.945,188.339,0,325.128,0.639167,0,10.113,7.14149,17.2545,50.0141,-2.95445,
25/05/2025 11:18:00,553.182,191.539,0,324.889,0.65,0,7.85055,11.3761,19.2267,50.0226,-2.96175,
25/05/2025 11:19:00,543.935,188.359,0,324.649,0.639167,0,4.50207,7.16487,11.6669,50.0141,-2.96175,
25/05/2025 11:20:00,553.187,191.536,0,324.649,0.65,0,0.584354,3.27766,3.86201,50.0027,-2.95445,
25/05/2025 11:21:00,553.201,191.55,0,324.889,0.65,0,0.840791,3.22328,4.06407,50.0426,-2.96175,
25/05/2025 11:22:00,553.185,191.545,0,325.367,0.65,0,-0.535806,1.306,0.770195,50.0084,-2.95445,
25/05/2025 11:23:00,553.212,191.558,0,325.367,0.65,0,0.905526,0.523292,1.42882,50.0027,-2.96175,
25/05/2025 11:24:00,553.184,191.555,0,325.607,0.65,0,4.80558,5.93876,10.7443,49.989,-2.95445,
25/05/2025 11:25:00,553.173,191.576,0,325.128,0.65,0,13.4133,12.8029,26.2162,49.9998,-2.96905,
25/05/2025 11:26:00,553.234,191.583,0,325.128,0.65,0,12.4337,21.6744,34.1082,49.9944,-2.96905,
25/05/2025 11:27:00,553.187,191.585,0,324.889,0.65,0,13.7371,26.1017,39.8387,50.0141,-2.96175,
25/05/2025 11:28:00,553.197,191.586,0,324.889,0.65,0,22.2421,16.8453,39.0874,49.9944,-2.96175,
25/05/2025 11:29:00,553.252,191.607,0,325.128,0.65,0,18.8164,11.733,30.5494,50.0483,-2.96175,
25/05/2025 11:30:00,553.286,191.606,0,325.367,0.65,0,12.126,16.9007,29.0267,50.0055,-2.96175,
25/05/2025 11:31:00,553.292,191.619,0,324.889,0.65,0,16.554,15.9915,32.5455,50.0027,-2.96175,
25/05/2025 11:32:00,553.289,191.622,0,325.607,0.65,0,18.2743,13.6534,31.9278,50.0198,-2.95445,
25/05/2025 11:33:00,553.315,191.623,0,325.128,0.65,0,9.12065,12.2244,21.345,49.989,-2.95445,
25/05/2025 11:34:00,553.31,191.629,0,325.128,0.65,0,15.788,1.72447,17.5124,49.9944,-2.94716,
25/05/2025 11:35:00,553.304,191.621,0,324.649,0.65,0,15.4137,25.3666,40.7802,50.0055,-2.95445,
25/05/2025 11:36:00,553.31,191.636,0,324.41,0.65,0,10.6033,10.6667,21.2699,50.0169,-2.95445,
25/05/2025 11:37:00,553.313,191.637,0,324.889,0.65,0,9.8867,5.2029,15.0896,49.9917,-2.95445,
25/05/2025 11:38:00,553.316,191.652,0,325.128,0.65,0,12.0047,11.9137,23.9184,49.9998,-2.94716,
25/05/2025 11:39:00,553.316,191.658,0,325.128,0.65,0,6.86375,9.76079,16.6245,50.0283,-2.95445,
25/05/2025 11:40:00,553.316,191.651,0,325.367,0.65,0,2.05748,1.51799,3.57548,49.9917,-2.95445,
25/05/2025 11:41:00,553.313,191.669,0,325.607,0.65,0,5.06643,5.09736,10.1638,50.0426,-2.94716,
25/05/2025 11:42:00,534.873,185.284,0,324.889,0.628333,0,10.3413,5.47525,15.8165,50.0027,-2.95445,
25/05/2025 11:43:00,553.317,191.687,0,324.649,0.65,0,1.52228,4.29111,5.81339,50.0226,-2.94716,
25/05/2025 11:44:00,553.317,191.688,0,324.41,0.65,0,1.73692,1.91683,3.65375,50.0198,-2.94716,
25/05/2025 11:45:00,553.317,191.691,0,325.128,0.65,0,8.22163,11.6028,19.8244,50.0112,-2.93986,
25/05/2025 11:46:00,553.351,191.703,0,325.367,0.65,0,9.88985,11.1797,21.0695,50.034,-2.93986,
25/05/2025 11:47:00,553.385,191.71,0,325.128,0.65,0,11.0756,13.4311,24.5068,50.0255,-2.93986,
25/05/2025 11:48:00,553.384,191.728,0,325.607,0.65,0,7.52376,11.4252,18.9489,49.9808,-2.93986,
25/05/2025 11:49:00,553.429,191.734,0,325.367,0.65,0,14.1264,12.4841,26.6105,49.989,-2.93986,
25/05/2025 11:50:00,553.418,191.743,0,325.128,0.65,0,19.4297,8.69916,28.1289,50.0141,-2.93257,
25/05/2025 11:51:00,553.413,191.738,0,324.889,0.65,0,20.065,24.0726,44.1377,50.0255,-2.93257,
25/05/2025 11:52:00,553.411,191.741,0,324.649,0.65,0,12.2144,14.7815,26.9959,50.0141,-2.93257,
25/05/2025 11:53:00,553.427,191.748,0,324.889,0.65,0,15.7889,10.4128,26.2017,50.0112,-2.93986,
25/05/2025 11:54:00,553.385,191.765,0,325.128,0.65,0,15.6181,21.3989,37.017,50.0283,-2.93257,
25/05/2025 11:55:00,553.431,191.774,0,325.128,0.65,0,19.6032,11.0589,30.6621,50.0454,-2.93257,
25/05/2025 11:56:00,553.454,191.783,0,325.128,0.65,0,10.7754,14.4162,25.1916,49.9835,-2.93986,
25/05/2025 11:57:00,553.477,191.786,0,325.367,0.65,0,17.4731,13.9143,31.3874,50.0226,-2.93986,
25/05/2025 11:58:00,553.5,191.796,0,325.128,0.65,0,15.2189,15.6998,30.9187,49.9835,-2.93986,
25/05/2025 11:59:00,553.51,191.823,0,324.649,0.65,0,12.624,15.25,27.874,50.0312,-2.94716,
25/05/2025 12:00:00,553.51,191.822,0,324.41,0.65,0,17.5949,13.2913,30.8862,49.9754,-2.94716,
25/05/2025 12:01:00,553.51,191.811,0,324.889,0.65,0,10.6815,18.0763,28.7578,50.0226,-2.94716,
25/05/2025 12:02:00,553.51,191.841,0,325.367,0.65,0,17.1236,12.5844,29.708,50.0198,-2.93986,
25/05/2025 12:03:00,553.51,191.843,0,325.367,0.65,0,16.0879,12.9162,29.0042,49.9808,-2.94716,
25/05/2025 12:04:00,553.507,191.85,0,325.607,0.65,0,11.3192,9.91804,21.2373,50.0027,-2.93986,
25/05/2025 12:05:00,553.502,191.859,0,325.128,0.65,0,12.8075,8.51483,21.3223,50.034,-2.93986,
25/05/2025 12:06:00,553.507,191.848,0,324.889,0.65,0,11.4602,13.0948,24.555,50.0084,-2.93986,
25/05/2025 12:07:00,553.509,191.858,0,324.649,0.65,0,9.74318,11.8027,21.5458,50.034,-2.93257,
25/05/2025 12:08:00,553.507,191.868,0,324.41,0.65,0,10.8366,12.8185,23.6551,50.0055,-2.93986,
25/05/2025 12:09:00,553.51,191.878,0,324.889,0.65,0,6.66254,4.20058,10.8631,50.0169,-2.93257,
25/05/2025 12:10:00,553.507,191.869,0,325.128,0.65,0,2.59194,5.59771,8.18965,50.0141,-2.93257,
25/05/2025 12:11:00,553.508,191.867,0,325.367,0.65,0,-0.853544,1.53159,0.678047,50.0198,-2.93986,
25/05/2025 12:12:00,553.494,191.883,0,325.367,0.65,0,3.74099,3.12573,6.86671,50.0426,-2.94716,
25/05/2025 12:13:00,553.509,191.886,0,325.367,0.65,0,6.42368,10.2397,16.6634,50.0397,-2.94716,
25/05/2025 12:14:00,553.507,191.895,0,324.649,0.65,0,6.59779,7.56714,14.1649,50.0055,-2.94716,
25/05/2025 12:15:00,553.507,191.89,0,324.649,0.65,0,7.58751,1.67488,9.26239,50.0112,-2.93986,
25/05/2025 12:16:00,553.507,191.902,0,324.41,0.65,0,10.277,4.03873,14.3158,49.9699,-2.94716,
25/05/2025 12:17:00,553.487,191.897,0,325.128,0.65,0,12.4369,4.87998,17.3169,50.034,-2.94716,
25/05/2025 12:18:00,553.497,191.886,0,324.889,0.65,0,10.0122,8.15555,18.1677,49.9781,-2.93986,
25/05/2025 12:19:00,544.259,188.656,0,325.128,0.639167,0,6.35519,3.38737,9.74256,50.034,-2.94716,
25/05/2025 12:20:00,553.483,191.909,0,325.367,0.65,0,1.34982,3.1826,4.53242,50.0027,-2.94716,
25/05/2025 12:21:00,553.483,191.912,0,325.367,0.65,0,3.03167,3.05858,6.09026,49.9971,-2.94716,
25/05/2025 12:22:00,553.45,191.902,0,325.128,0.65,0,8.58916,16.4613,25.0505,49.9998,-2.94716,
25/05/2025 12:23:00,553.472,191.906,0,324.649,0.65,0,7.08999,9.02231,16.1123,50.0169,-2.94716,
25/05/2025 12:24:00,553.442,191.908,0,324.41,0.65,0,3.24114,3.66913,6.91026,49.9944,-2.94716,
25/05/2025 12:25:00,553.444,191.9,0,324.889,0.65,0,4.29299,7.16703,11.46,49.9862,-2.93986,
25/05/2025 12:26:00,553.46,191.92,0,325.128,0.65,0,0.992002,-0.256233,0.73577,50.0141,-2.93257,
25/05/2025 12:27:00,553.496,191.936,0,325.128,0.65,0,1.17167,1.8969,3.06858,50.0169,-2.93986,
25/05/2025 12:28:00,553.498,191.928,0,325.128,0.65,0,4.49754,5.47391,9.97146,49.989,-2.94716,
25/05/2025 12:29:00,553.498,191.944,0,325.128,0.65,0,4.93371,6.20456,11.1383,50.0084,-2.94716,
25/05/2025 12:30:00,553.507,191.961,0,324.889,0.65,0,3.09,7.91565,11.0057,49.9971,-2.94716,
25/05/2025 12:31:00,553.507,191.971,0,324.41,0.65,0,3.20934,5.18109,8.39043,49.9944,-2.93986,
25/05/2025 12:32:00,553.491,191.954,0,324.41,0.65,0,0.384684,4.16334,4.54803,50.0141,-2.94716,
25/05/2025 12:33:00,553.48,191.952,0,325.128,0.65,0,2.41936,3.59395,6.01331,50.0084,-2.93986,
25/05/2025 12:34:00,553.415,191.944,0,325.367,0.65,0,2.89935,-1.1993,1.70005,49.989,-2.94716,
25/05/2025 12:35:00,553.43,191.943,0,325.367,0.65,0,3.59355,6.81669,10.4102,50.0112,-2.95445,
25/05/2025 12:36:00,553.49,191.981,0,325.367,0.65,0,4.59493,7.38255,11.9775,50.0084,-2.95445,
25/05/2025 12:37:00,553.49,191.963,0,325.367,0.65,0,7.52547,7.4012,14.9267,50.0169,-2.95445,
25/05/2025 12:38:00,553.48,191.972,0,324.889,0.65,0,6.28122,3.48668,9.7679,50.0198,-2.96175,
25/05/2025 12:39:00,553.427,191.964,0,324.41,0.65,0,8.17459,6.52681,14.7014,50.0369,-2.95445,
25/05/2025 12:40:00,553.433,191.973,0,324.17,0.65,0,7.58699,6.71881,14.3058,50.0084,-2.95445,
25/05/2025 12:41:00,553.438,191.973,0,325.128,0.65,0,7.71994,13.9906,21.7106,49.9998,-2.94716,
25/05/2025 12:42:00,553.457,191.985,0,325.367,0.65,0,1.3044,2.38265,3.68706,50.0198,-2.95445,
25/05/2025 12:43:00,553.452,192,0,325.128,0.65,0,7.32309,13.4324,20.7555,50.0084,-2.95445,
25/05/2025 12:44:00,553.443,191.995,0,325.367,0.65,0,12.5802,6.76756,19.3478,50.0198,-2.94716,
25/05/2025 12:45:00,553.434,191.985,0,325.128,0.65,0,12.5577,9.40083,21.9586,50.0226,-2.94716,
25/05/2025 12:46:00,553.421,192.006,0,324.649,0.65,0,26.012,16.8958,42.9078,49.9998,-2.94716,
25/05/2025 12:47:00,553.489,192.011,0,324.649,0.65,0,12.4324,14.1107,26.543,50.0169,-2.95445,
25/05/2025 12:48:00,553.509,192.02,0,324.41,0.65,0,23.3559,24.9421,48.298,50.0454,-2.95445,
25/05/2025 12:49:00,553.487,192.003,0,324.889,0.65,0,11.3293,15.8613,27.1907,49.9998,-2.94716,
25/05/2025 12:50:00,553.464,192.007,0,325.607,0.65,0,7.86079,9.47848,17.3393,49.989,-2.94716,
25/05/2025 12:51:00,553.427,192.01,0,325.367,0.65,0,3.62852,2.75978,6.38829,50.0084,-2.93986,
25/05/2025 12:52:00,553.402,192.007,0,325.367,0.65,0,8.94633,7.37174,16.3181,50.0141,-2.93257,
25/05/2025 12:53:00,553.382,192.002,0,325.367,0.65,0,9.29628,11.5155,20.8118,49.989,-2.93257,
25/05/2025 12:54:00,553.45,192.012,0,325.128,0.65,0,9.36707,11.5127,20.8798,50.0426,-2.94716,
25/05/2025 12:55:00,553.333,192.014,0,324.649,0.65,0,10.4342,8.78087,19.215,50.0084,-2.94716,
25/05/2025 12:56:00,553.373,192.019,0,324.41,0.65,0,6.75803,11.8316,18.5896,50.0255,-2.93986,
25/05/2025 12:57:00,553.391,192.013,0,325.128,0.65,0,6.73443,6.71092,13.4453,50.0226,-2.93986,
25/05/2025 12:58:00,553.344,192.029,0,325.128,0.65,0,8.71525,15.1739,23.8892,50.0255,-2.93986,
25/05/2025 12:59:00,553.375,192.026,0,325.367,0.65,0,10.0582,14.6182,24.6764,50.0226,-2.93986,
25/05/2025 13:00:00,553.445,192.025,0,325.367,0.65,0,13.9583,21.1296,35.0879,50.0283,-2.93986,
25/05/2025 13:01:00,553.397,192.055,0,325.367,0.65,0,5.72993,5.13283,10.8628,49.9944,-2.94716,
25/05/2025 13:02:00,553.34,192.031,0,324.889,0.65,0,3.24849,2.53963,5.78811,50.0283,-2.93986,
25/05/2025 13:03:00,553.322,191.985,0,324.41,0.65,0,8.75268,7.9935,16.7462,50.0169,-2.94716,
25/05/2025 13:04:00,553.317,192,0,324.41,0.65,0,4.44101,4.39001,8.83101,50.0283,-2.94716,
25/05/2025 13:05:00,553.305,192.049,0,324.889,0.65,0,1.50925,3.10934,4.61858,50.0169,-2.96175,
25/05/2025 13:06:00,553.287,192.009,0,325.128,0.65,0,0.784658,1.44144,2.22609,49.9917,-2.96905,
25/05/2025 13:07:00,553.27,192.003,0,325.128,0.65,0,9.26751,3.37077,12.6383,50.0226,-2.96175,
25/05/2025 13:08:00,553.308,192.03,0,325.607,0.65,0,2.67897,7.94825,10.6272,50.0682,-2.96905,
25/05/2025 13:09:00,544.073,188.812,0,325.607,0.639167,0,3.76642,4.53206,8.29848,49.9971,-2.97636,
25/05/2025 13:10:00,553.275,192.017,0,324.889,0.65,0,3.7462,7.76214,11.5083,50.0226,-2.96905,
25/05/2025 13:11:00,553.23,191.999,0,324.649,0.65,0,6.80683,8.18237,14.9892,50.0141,-2.96905,
25/05/2025 13:12:00,553.294,192.037,0,324.41,0.65,0,0.216699,5.06881,5.28551,50.0141,-2.96175,
25/05/2025 13:13:00,553.271,192.03,0,324.889,0.65,0,3.66247,7.44072,11.1032,49.9862,-2.96175,
25/05/2025 13:14:00,553.24,192.02,0,325.607,0.65,0,3.70464,5.57776,9.28242,49.9781,-2.96175,
25/05/2025 13:15:00,553.22,192.02,0,325.128,0.65,0,5.21105,10.8973,16.1084,49.9862,-2.95445,
25/05/2025 13:16:00,553.211,192.051,0,325.367,0.65,0,1.45857,3.11457,4.57314,50.0055,-2.95445,
25/05/2025 13:17:00,553.26,192.016,0,325.128,0.65,0,0.62046,4.63881,5.25926,50.0255,-2.94716,
25/05/2025 13:18:00,553.257,192.05,0,324.889,0.65,0,1.1452,2.86325,4.00845,49.9971,-2.94716,
25/05/2025 13:19:00,553.306,192.046,0,324.649,0.65,0,-0.0399912,0.459399,0.419408,49.9645,-2.94716,
25/05/2025 13:20:00,553.296,192.059,0,324.41,0.65,0,1.55775,1.10214,2.6599,50.0568,-2.93986,
25/05/2025 13:21:00,553.256,192.034,0,324.889,0.65,0,1.57391,3.46188,5.0358,50.0283,-2.94716,
25/05/2025 13:22:00,553.18,192.022,0,325.128,0.65,0,4.29063,2.07109,6.36173,50.034,-2.93986,
25/05/2025 13:23:00,553.173,192.012,0,325.367,0.65,0,5.71429,2.15158,7.86586,50.0283,-2.93257,
25/05/2025 13:24:00,553.182,192.021,0,325.607,0.65,0,5.50903,3.14377,8.6528,50.0112,-2.94716,
25/05/2025 13:25:00,553.124,192.05,0,325.128,0.65,0,6.07628,6.55881,12.6351,50.0397,-2.93986,
25/05/2025 13:26:00,553.124,192.038,0,324.889,0.65,0,8.94357,9.06082,18.0044,49.9699,-2.95445,
25/05/2025 13:27:00,553.124,192.032,0,324.649,0.65,0,6.34519,7.78605,14.1313,50.034,-2.95445,
25/05/2025 13:28:00,553.124,192.045,0,324.17,0.65,0,7.02873,5.52361,12.5523,50.0027,-2.95445,
25/05/2025 13:29:00,553.124,192.051,0,325.128,0.65,0,5.37377,11.6978,17.0715,50.0426,-2.95445,
25/05/2025 13:30:00,553.13,192.062,0,325.128,0.65,0,2.40841,2.71904,5.12744,50.0027,-2.95445,
25/05/2025 13:31:00,553.127,192.067,0,325.367,0.65,0,4.74226,1.15372,5.89598,49.9835,-2.96175,
25/05/2025 13:32:00,553.127,192.064,0,325.367,0.65,0,5.55927,9.73715,15.2964,49.9998,-2.96175,
25/05/2025 13:33:00,553.13,192.074,0,325.367,0.65,0,2.70499,1.55305,4.25804,50.0169,-2.96905,
25/05/2025 13:34:00,553.121,192.067,0,325.128,0.65,0,4.768,7.96385,12.7318,49.9781,-2.96175,
25/05/2025 13:35:00,553.126,192.068,0,324.889,0.65,0,2.61377,1.44451,4.05828,50.0283,-2.96905,
25/05/2025 13:36:00,553.135,192.085,0,324.41,0.65,0,2.84174,1.26005,4.10179,49.9835,-2.96175,
25/05/2025 13:37:00,553.126,192.081,0,324.889,0.65,0,0.887032,6.26454,7.15159,50.0027,-2.96905,
25/05/2025 13:38:00,553.127,192.091,0,324.889,0.65,0,1.44324,5.25363,6.69687,49.9944,-2.96175,
25/05/2025 13:39:00,553.127,192.095,0,325.367,0.65,0,-0.026262,3.62624,3.59997,49.9781,-2.96175,
25/05/2025 13:40:00,553.124,192.093,0,325.367,0.65,0,4.34325,9.33098,13.6742,50.0226,-2.95445,
25/05/2025 13:41:00,553.124,192.076,0,325.367,0.65,0,7.04395,11.1898,18.2337,50.0226,-2.96175,
25/05/2025 13:42:00,553.129,192.096,0,324.889,0.65,0,4.10546,6.04189,10.1474,50.0283,-2.95445,
25/05/2025 13:43:00,553.13,192.077,0,324.649,0.65,0,-0.0315436,0.850777,0.819234,50.0397,-2.94716,
25/05/2025 13:44:00,553.125,192.098,0,324.41,0.65,0,0.278168,-0.882587,-0.604419,50.0226,-2.93986,
25/05/2025 13:45:00,553.109,192.087,0,324.889,0.65,0,0.154531,3.61868,3.77322,50.0226,-2.93986,
25/05/2025 13:46:00,553.122,192.09,0,325.128,0.65,0,0.473703,4.73322,5.20691,50.0198,-2.93257,
25/05/2025 13:47:00,553.123,192.108,0,325.128,0.65,0,-1.16602,2.54453,1.37851,50.034,-2.92528,
25/05/2025 13:48:00,553.123,192.125,0,325.367,0.65,0,4.33743,3.85337,8.19081,50.0169,-2.93257,
25/05/2025 13:49:00,553.123,192.133,0,325.367,0.65,0,5.70762,6.10186,11.8095,50.0312,-2.93257,
25/05/2025 13:50:00,553.129,192.161,0,325.128,0.65,0,5.7737,10.6937,16.4674,50.034,-2.93257,
25/05/2025 13:51:00,553.127,192.154,0,324.41,0.65,0,1.15257,4.27075,5.42331,49.989,-2.93257,
25/05/2025 13:52:00,553.126,192.149,0,324.41,0.65,0,4.48451,3.65497,8.13948,49.9971,-2.93257,
25/05/2025 13:53:00,553.125,192.166,0,325.128,0.65,0,3.82628,4.78244,8.60872,50.0198,-2.93986,
25/05/2025 13:54:00,553.124,192.166,0,325.367,0.65,0,6.40018,8.25398,14.6541,50.0055,-2.93986,
25/05/2025 13:55:00,553.124,192.163,0,325.367,0.65,0,4.23868,5.17962,9.41829,50.0255,-2.94716,
25/05/2025 13:56:00,553.117,192.163,0,325.367,0.65,0,6.32883,10.4295,16.7583,50.0027,-2.94716,
25/05/2025 13:57:00,553.123,192.176,0,325.367,0.65,0,5.89539,5.31694,11.2123,49.9835,-2.94716,
25/05/2025 13:58:00,553.075,192.16,0,324.889,0.65,0,6.43491,0.440951,6.87586,50.0141,-2.94716,
25/05/2025 13:59:00,553.017,192.144,0,324.41,0.65,0,1.63588,4.29152,5.92741,50.0226,-2.93986,
25/05/2025 14:00:00,553.026,192.14,0,324.41,0.65,0,-0.597541,1.92489,1.32735,50.0426,-2.94716,
25/05/2025 14:01:00,552.982,192.133,0,324.889,0.65,0,-1.15466,1.48501,0.330345,50.0426,-2.93257,
25/05/2025 14:02:00,552.939,192.127,0,325.367,0.65,0,-0.173811,0.589014,0.415204,50.0483,-2.92528,
25/05/2025 14:03:00,552.941,192.128,0,325.367,0.65,0,1.1201,2.88026,4.00036,50.0141,-2.93257,
25/05/2025 14:04:00,552.942,192.146,0,325.367,0.65,0,5.36535,5.51485,10.8802,50.034,-2.93257,
25/05/2025 14:05:00,552.959,192.157,0,325.128,0.65,0,0.921857,2.29122,3.21307,50.0084,-2.93257,
25/05/2025 14:06:00,552.946,192.165,0,324.889,0.65,0,-0.0763834,4.47606,4.39968,50.0312,-2.94716,
25/05/2025 14:07:00,552.961,192.175,0,324.649,0.65,0,0.26568,2.58447,2.85016,50.0255,-2.95445,
25/05/2025 14:08:00,552.947,192.167,0,324.41,0.65,0,0.436651,0.311412,0.748063,50.0084,-2.96175,
25/05/2025 14:09:00,552.954,192.163,0,324.889,0.65,0,-0.629019,3.58876,2.95974,50.0169,-2.96175,
25/05/2025 14:10:00,552.985,192.178,0,325.128,0.65,0,-0.615813,2.16919,1.55338,50.0397,-2.96175,
25/05/2025 14:11:00,552.954,192.179,0,325.367,0.65,0,0.245857,-0.894344,-0.648487,50.0226,-2.95445,
25/05/2025 14:12:00,552.933,192.156,0,325.128,0.65,0,0.151774,2.20205,2.35383,50.0027,-2.95445,
25/05/2025 14:13:00,552.93,192.159,0,325.128,0.65,0,2.109,8.59355,10.7025,49.9862,-2.95445,
25/05/2025 14:14:00,552.93,192.173,0,324.889,0.65,0,0.976909,3.51593,4.49284,50.0027,-2.95445,
25/05/2025 14:15:00,552.93,192.182,0,324.889,0.65,0,-0.446197,2.83221,2.38601,50.0169,-2.95445,
25/05/2025 14:16:00,552.928,192.164,0,324.41,0.65,0,-0.141969,-0.170147,-0.312116,50.0027,-2.95445,
25/05/2025 14:17:00,552.926,192.164,0,325.128,0.65,0,-0.907623,3.58629,2.67867,50.0169,-2.95445,
25/05/2025 14:18:00,552.927,192.169,0,325.128,0.65,0,1.84885,5.76802,7.61688,49.9944,-2.94716,
25/05/2025 14:19:00,552.917,192.163,0,325.128,0.65,0,2.4752,4.58414,7.05932,50.0141,-2.95445,
25/05/2025 14:20:00,552.913,192.179,0,325.607,0.65,0,2.01671,7.84224,9.85896,49.9971,-2.96175,
25/05/2025 14:21:00,552.925,192.175,0,325.128,0.65,0,-0.632804,3.08034,2.44754,50.0283,-2.96905,
25/05/2025 14:22:00,543.701,188.999,0,324.649,0.639167,0,-1.36922,0.0567645,-1.31245,50.0112,-2.97636,
25/05/2025 14:23:00,552.921,192.191,0,324.649,0.65,0,-0.397399,1.73445,1.33705,49.9917,-2.97636,
25/05/2025 14:24:00,552.92,192.188,0,324.41,0.65,0,0.436771,-0.661146,-0.224372,50.0112,-2.97636,
25/05/2025 14:25:00,552.93,192.203,0,324.889,0.65,0,-1.41343,2.28171,0.868285,50.0055,-2.97636,
25/05/2025 14:26:00,552.927,192.193,0,325.367,0.65,0,-0.494931,1.42194,0.927013,50.0055,-2.97636,
25/05/2025 14:27:00,552.918,192.199,0,325.128,0.65,0,0.151366,0.324716,0.476082,50.034,-2.97636,
25/05/2025 14:28:00,552.92,192.201,0,325.367,0.65,0,0.0139814,1.66972,1.68371,50.034,-2.96175,
25/05/2025 14:29:00,552.923,192.211,0,325.367,0.65,0,0.41282,3.55412,3.96694,49.9998,-2.96905,
25/05/2025 14:30:00,552.93,192.223,0,324.889,0.65,0,-0.534879,0.381143,-0.153736,50.0426,-2.97636,
25/05/2025 14:31:00,552.927,192.217,0,324.649,0.65,0,-0.44425,2.76768,2.32343,50.0027,-2.98366,
25/05/2025 14:32:00,552.923,192.208,0,324.41,0.65,0,-1.13379,1.79267,0.658872,50.0255,-2.97636,
25/05/2025 14:33:00,552.914,192.19,0,324.889,0.65,0,2.93354,1.91313,4.84667,50.0055,-2.97636,
25/05/2025 14:34:00,552.912,192.21,0,325.367,0.65,0,0.716534,0.635126,1.35166,50.0055,-2.96905,
25/05/2025 14:35:00,552.922,192.221,0,325.367,0.65,0,-0.546561,0.863136,0.316574,50.0568,-2.96905,
25/05/2025 14:36:00,552.927,192.218,0,325.128,0.65,0,-0.791211,3.29868,2.50747,49.9944,-2.95445,
25/05/2025 14:37:00,552.933,192.223,0,325.128,0.65,0,0.204291,-0.273562,-0.0692696,50.0084,-2.95445,
25/05/2025 14:38:00,552.936,192.229,0,324.649,0.65,0,0.292394,0.260024,0.552417,49.9998,-2.95445,
25/05/2025 14:39:00,552.943,192.232,0,324.649,0.65,0,0.0255195,1.14248,1.168,50.0027,-2.96905,
25/05/2025 14:40:00,552.933,192.246,0,324.649,0.65,0,-0.2521,4.84315,4.59105,50.0055,-2.96905,
25/05/2025 14:41:00,552.949,192.252,0,324.889,0.65,0,0.497352,3.71089,4.20824,50.0226,-2.96905,
25/05/2025 14:42:00,552.946,192.246,0,325.128,0.65,0,-0.329822,0.396536,0.0667155,50.0198,-2.96905,
25/05/2025 14:43:00,552.936,192.232,0,325.128,0.65,0,0.567231,4.3995,4.96673,50.0084,-2.96175,
25/05/2025 14:44:00,552.93,192.246,0,325.367,0.65,0,1.85488,1.14509,2.99997,49.9754,-2.95445,
25/05/2025 14:45:00,552.93,192.229,0,325.128,0.65,0,-0.866202,1.87272,1.00651,49.989,-2.96175,
25/05/2025 14:46:00,552.885,192.208,0,325.128,0.65,0,-0.752253,0.797156,0.0449058,50.0084,-2.95445,
25/05/2025 14:47:00,552.86,192.213,0,324.649,0.65,0,2.74441,4.90619,7.65059,50.0141,-2.94716,
25/05/2025 14:48:00,552.878,192.213,0,324.41,0.65,0,0.338427,1.64676,1.9852,50.0141,-2.93986,
25/05/2025 14:49:00,552.878,192.206,0,325.128,0.65,0,0.345314,4.29907,4.64439,50.0084,-2.93257,
25/05/2025 14:50:00,552.875,192.221,0,325.367,0.65,0,1.4667,3.20803,4.67472,50.0568,-2.918,
25/05/2025 14:51:00,552.857,192.212,0,324.889,0.65,0,2.01622,1.89455,3.91076,49.9998,-2.918,
25/05/2025 14:52:00,552.908,192.238,0,325.367,0.65,0,-1.49367,1.55889,0.06522,49.9672,-2.92528,
25/05/2025 14:53:00,552.908,192.242,0,325.128,0.65,0,0.763186,2.60465,3.36784,50.0141,-2.92528,
25/05/2025 14:54:00,552.913,192.236,0,324.889,0.65,0,-1.03006,0.0514538,-0.978605,50.0198,-2.92528,
25/05/2025 14:55:00,552.894,192.247,0,324.649,0.65,0,1.25024,-1.27485,-0.0246078,50.0198,-2.92528,
25/05/2025 14:56:00,552.864,192.226,0,324.17,0.65,0,-0.168461,-0.010683,-0.179144,50.0226,-2.93986,
25/05/2025 14:57:00,552.805,192.237,0,324.889,0.65,0,2.85984,3.37296,6.2328,49.9971,-2.94716,
25/05/2025 14:58:00,552.823,192.239,0,325.128,0.65,0,2.59831,3.97376,6.57209,49.989,-2.94716,
25/05/2025 14:59:00,552.839,192.248,0,325.607,0.65,0,2.47078,0.201756,2.67253,49.9645,-2.95445,
25/05/2025 15:00:00,552.874,192.255,0,325.128,0.65,0,0.543604,2.95616,3.49976,50.034,-2.95445,
25/05/2025 15:01:00,552.852,192.258,0,325.128,0.65,0,2.22511,0.173321,2.39843,50.0369,-2.94716,
25/05/2025 15:02:00,552.834,192.259,0,324.889,0.65,0,-0.405969,3.64077,3.23481,49.9917,-2.94716,
25/05/2025 15:03:00,552.836,192.261,0,324.41,0.65,0,0.0549695,3.83009,3.88506,50.0112,-2.93986,
25/05/2025 15:04:00,552.838,192.26,0,324.649,0.65,0,2.93563,4.4123,7.34793,50.0141,-2.94716,
25/05/2025 15:05:00,552.871,192.254,0,325.128,0.65,0,-0.731799,0.258748,-0.473052,50.0283,-2.93257,
25/05/2025 15:06:00,552.85,192.276,0,325.367,0.65,0,-0.840428,0.553549,-0.28688,50.0084,-2.93257,
25/05/2025 15:07:00,552.856,192.286,0,325.367,0.65,0,3.96953,8.58325,12.5528,50.0226,-2.93986,
25/05/2025 15:08:00,552.823,192.276,0,325.128,0.65,0,2.88805,8.97356,11.8616,49.9917,-2.94716,
25/05/2025 15:09:00,552.82,192.275,0,325.367,0.65,0,2.8969,3.17262,6.06954,50.0255,-2.96175,
25/05/2025 15:10:00,552.739,192.26,0,324.649,0.65,0,2.10743,2.34067,4.4481,49.9971,-2.96175,
25/05/2025 15:11:00,552.744,192.253,0,324.649,0.65,0,-0.697163,0.843473,0.146309,50.0055,-2.96905,
25/05/2025 15:12:00,552.74,192.247,0,324.889,0.65,0,-1.10992,0.729413,-0.380508,50.0198,-2.96175,
25/05/2025 15:13:00,552.737,192.256,0,325.128,0.65,0,1.99581,2.07381,4.06962,50.0055,-2.96905,
25/05/2025 15:14:00,552.737,192.245,0,325.367,0.65,0,-1.23806,2.54823,1.31017,50.0169,-2.96175,
25/05/2025 15:15:00,552.734,192.258,0,325.367,0.65,0,0.605609,1.42786,2.03346,49.9944,-2.96175,
25/05/2025 15:16:00,552.733,192.26,0,325.607,0.65,0,-1.48289,0.755282,-0.727612,50.0169,-2.96175,
25/05/2025 15:17:00,552.729,192.242,0,325.367,0.65,0,-0.0445294,-1.24904,-1.29356,50.0055,-2.96175,
25/05/2025 15:18:00,552.731,192.248,0,324.649,0.65,0,0.767216,1.57393,2.34115,49.9917,-2.96175,
25/05/2025 15:19:00,552.73,192.252,0,324.41,0.65,0,4.70813,8.00113,12.7093,50.0255,-2.96175,
25/05/2025 15:20:00,552.728,192.272,0,324.889,0.65,0,3.10348,11.8183,14.9218,50.0084,-2.95445,
25/05/2025 15:21:00,552.737,192.276,0,324.889,0.65,0,2.71493,4.34984,7.06477,50.0283,-2.96175,
25/05/2025 15:22:00,552.737,192.289,0,325.128,0.65,0,3.40371,6.13769,9.5414,50.0084,-2.96175,
25/05/2025 15:23:00,552.737,192.273,0,325.367,0.65,0,4.7819,9.06662,13.8485,50.0084,-2.96905,
25/05/2025 15:24:00,552.734,192.271,0,325.128,0.65,0,-0.0144115,4.12754,4.11313,49.9509,-3.02615,
25/05/2025 15:25:00,552.734,192.255,0,325.128,0.65,0,2.22612,4.29949,6.52562,49.9564,-3.08182,
25/05/2025 15:26:00,552.733,192.241,0,324.41,0.65,0,6.9515,5.37013,12.3216,49.989,-3.1237,
25/05/2025 15:27:00,552.734,192.247,0,324.649,0.65,0,7.14808,5.78141,12.9295,49.9944,-3.14467,
25/05/2025 15:28:00,552.737,192.24,0,324.649,0.65,0,5.02341,9.70081,14.7242,49.9917,-3.14467,
25/05/2025 15:29:00,552.734,192.242,0,325.367,0.65,0,5.38139,7.67893,13.0603,49.9618,-3.13068,
25/05/2025 15:30:00,552.727,192.24,0,325.128,0.65,0,6.95431,7.4939,14.4482,49.9564,-3.13068,
25/05/2025 15:31:00,552.724,192.226,0,325.128,0.65,0,2.28659,6.57729,8.86388,49.9509,-3.16567,
25/05/2025 15:32:00,552.723,192.202,0,325.128,0.65,0,-0.494893,4.44337,3.94848,49.9754,-3.17969,
25/05/2025 15:33:00,552.73,192.198,0,325.128,0.65,0,0.786402,6.60996,7.39637,49.9998,-3.17969,
25/05/2025 15:34:00,552.727,192.175,0,324.889,0.65,0,10.3368,9.30012,19.6369,49.9808,-3.16567,
25/05/2025 15:35:00,552.714,192.172,0,324.17,0.65,0,5.86549,5.92157,11.7871,49.9971,-3.13768,
25/05/2025 15:36:00,552.632,192.174,0,324.41,0.65,0,8.41524,2.30339,10.7186,49.9591,-3.13068,
25/05/2025 15:37:00,552.559,192.153,0,325.128,0.65,0,7.60988,8.77072,16.3806,49.9455,-3.15167,
25/05/2025 15:38:00,552.583,192.121,0,325.128,0.65,0,0.629912,3.24657,3.87649,49.9591,-3.15867,
25/05/2025 15:39:00,552.612,192.112,0,325.367,0.65,0,4.87376,6.29375,11.1675,49.9754,-3.15167,
25/05/2025 15:40:00,552.678,192.129,0,325.128,0.65,0,0.209614,2.02747,2.23708,49.9564,-3.14467,
25/05/2025 15:41:00,552.661,192.124,0,325.367,0.65,0,1.51468,-0.503085,1.0116,50.0027,-3.1237,
25/05/2025 15:42:00,552.678,192.13,0,324.889,0.65,0,3.78526,5.34852,9.13379,50.0055,-3.0888,
25/05/2025 15:43:00,552.715,192.131,0,324.41,0.65,0,4.49816,1.23555,5.73371,49.9917,-3.06789,
25/05/2025 15:44:00,552.728,192.123,0,324.649,0.65,0,4.44553,7.2236,11.6691,49.9754,-3.07485,
25/05/2025 15:45:00,552.732,192.123,0,325.128,0.65,0,6.34878,2.97537,9.32415,49.989,-3.10275,
25/05/2025 15:46:00,552.734,192.121,0,325.128,0.65,0,4.62697,3.02427,7.65124,50.0141,-3.09577,
25/05/2025 15:47:00,552.74,192.114,0,325.128,0.65,0,7.57485,6.42245,13.9973,49.9781,-3.08182,
25/05/2025 15:48:00,552.758,192.106,0,325.128,0.65,0,3.25049,7.40489,10.6554,50.0027,-3.06093,
25/05/2025 15:49:00,552.74,192.12,0,324.889,0.65,0,1.15963,5.79228,6.9519,49.989,-3.04701,
25/05/2025 15:50:00,552.738,192.124,0,324.649,0.65,0,2.17355,5.67017,7.84372,49.9564,-3.02615,
25/05/2025 15:51:00,552.749,192.129,0,324.41,0.65,0,-1.27532,1.49282,0.217503,49.9264,-3.04005,
25/05/2025 15:52:00,552.743,192.11,0,324.649,0.65,0,1.03866,3.43188,4.47054,49.9428,-3.06789,
25/05/2025 15:53:00,552.739,192.109,0,325.128,0.65,0,0.720406,-1.59948,-0.87907,49.9699,-3.08182,
25/05/2025 15:54:00,552.739,192.103,0,325.367,0.65,0,2.6904,0.668536,3.35893,49.9862,-3.08182,
25/05/2025 15:55:00,552.759,192.093,0,325.367,0.65,0,4.02697,3.42198,7.44895,50.0169,-3.06789,
25/05/2025 15:56:00,552.742,192.093,0,325.367,0.65,0,3.5379,5.16862,8.70652,49.9808,-3.05396,
25/05/2025 15:57:00,552.76,192.101,0,325.607,0.65,0,4.63637,12.7194,17.3558,49.9699,-3.04005,
25/05/2025 15:58:00,552.746,192.095,0,324.889,0.65,0,2.01298,5.94175,7.95472,50.0112,-3.01226,
25/05/2025 15:59:00,552.738,192.097,0,324.41,0.65,0,2.81377,1.62979,4.44356,50.0169,-3.01226,
25/05/2025 16:00:00,552.731,192.095,0,324.649,0.65,0,-0.104114,3.11507,3.01096,49.9564,-3.0331,
25/05/2025 16:01:00,552.731,192.082,0,325.128,0.65,0,-0.972296,3.25894,2.28664,49.9754,-3.05396,
25/05/2025 16:02:00,552.732,192.066,0,325.367,0.65,0,3.59746,4.45097,8.04843,49.9835,-3.07485,
25/05/2025 16:03:00,552.724,192.061,0,325.128,0.65,0,1.85112,7.69917,9.55031,49.9808,-3.07485,
25/05/2025 16:04:00,552.687,192.035,0,325.367,0.65,0,7.3399,6.98272,14.3226,50.0055,-3.06093,
25/05/2025 16:05:00,552.617,192.023,0,325.128,0.65,0,4.80587,9.32464,14.1305,49.9645,-3.04701,
25/05/2025 16:06:00,552.604,192.021,0,324.649,0.65,0,2.99855,0.668732,3.66727,49.9944,-3.0192,
25/05/2025 16:07:00,552.613,192.021,0,324.41,0.65,0,4.07911,2.4988,6.5779,50.0055,-3.00532,
25/05/2025 16:08:00,552.652,192.027,0,324.649,0.65,0,4.55759,6.8617,11.4193,50.0055,-2.98366,
25/05/2025 16:09:00,552.657,192.029,0,325.128,0.65,0,3.55997,4.73454,8.29452,50.0084,-2.95445,
25/05/2025 16:10:00,552.7,192.042,0,325.128,0.65,0,4.78948,5.68821,10.4777,50.0141,-2.96175,
25/05/2025 16:11:00,552.707,192.05,0,325.128,0.65,0,0.666776,6.14846,6.81524,49.9835,-2.98366,
25/05/2025 16:12:00,552.724,192.034,0,325.128,0.65,0,3.89365,4.25739,8.15103,49.9645,-3.0192,
25/05/2025 16:13:00,552.723,192.029,0,325.128,0.65,0,6.84439,8.18343,15.0278,49.9781,-3.02615,
25/05/2025 16:14:00,552.724,192.032,0,324.649,0.65,0,5.3437,6.67932,12.023,49.9808,-3.04005,
25/05/2025 16:15:00,552.629,192.014,0,324.41,0.65,0,1.90975,6.33877,8.24852,50.0141,-3.0192,
25/05/2025 16:16:00,552.646,192.003,0,324.649,0.65,0,5.50233,11.2351,16.7374,50.0055,-2.99829,
25/05/2025 16:17:00,552.703,192.012,0,325.367,0.65,0,4.1579,-0.452977,3.70492,49.9835,-2.98366,
25/05/2025 16:18:00,552.695,192.022,0,325.367,0.65,0,1.57145,4.69647,6.26791,49.9971,-2.96905,
25/05/2025 16:19:00,552.729,192.034,0,324.889,0.65,0,2.74027,5.0173,7.75758,49.9998,-2.96175,
25/05/2025 16:20:00,552.73,192.034,0,325.367,0.65,0,3.38041,5.66789,9.04831,49.989,-2.94716,
25/05/2025 16:21:00,552.724,192.045,0,325.128,0.65,0,1.37589,1.75604,3.13193,50.0283,-2.93986,
25/05/2025 16:22:00,552.737,192.041,0,324.889,0.65,0,1.65296,0.875944,2.5289,50.0511,-2.93257,
25/05/2025 16:23:00,552.737,192.056,0,324.649,0.65,0,-0.0301018,1.33308,1.30297,50.0112,-2.92528,
25/05/2025 16:24:00,552.737,192.063,0,324.649,0.65,0,1.75227,0.143246,1.89552,50.0112,-2.92528,
25/05/2025 16:25:00,552.737,192.069,0,325.128,0.65,0,1.3099,2.69837,4.00827,49.989,-2.93257,
25/05/2025 16:26:00,552.737,192.071,0,325.367,0.65,0,3.96536,2.84318,6.80853,50.0226,-2.93986,
25/05/2025 16:27:00,552.737,192.063,0,325.367,0.65,0,1.94694,1.14482,3.09176,50.0198,-2.94716,
25/05/2025 16:28:00,552.734,192.078,0,325.128,0.65,0,4.9188,8.13327,13.0521,49.989,-2.94716,
25/05/2025 16:29:00,552.737,192.069,0,325.128,0.65,0,3.66833,10.8437,14.512,49.9917,-2.93986,
25/05/2025 16:30:00,552.734,192.076,0,324.649,0.65,0,-0.548093,1.19784,0.649751,50.0283,-2.94716,
25/05/2025 16:31:00,552.733,192.075,0,324.649,0.65,0,0.231027,3.39457,3.6256,49.9727,-2.94716,
25/05/2025 16:32:00,552.73,192.065,0,324.649,0.65,0,3.63704,4.36076,7.9978,49.9672,-2.95445,
25/05/2025 16:33:00,552.737,192.078,0,325.128,0.65,0,1.09978,6.48801,7.58779,50.034,-2.95445,
25/05/2025 16:34:00,552.737,192.075,0,325.607,0.65,0,0.685936,2.76743,3.45336,50.0141,-2.95445,
25/05/2025 16:35:00,552.743,192.08,0,325.367,0.65,0,-0.566042,2.70968,2.14364,50.0454,-2.94716,
25/05/2025 16:36:00,552.737,192.076,0,325.367,0.65,0,-1.12085,1.20685,0.08601,50.0312,-2.93986,
25/05/2025 16:37:00,552.739,192.087,0,325.128,0.65,0,4.53136,9.72378,14.2552,50.0454,-2.93986,
25/05/2025 16:38:00,552.744,192.089,0,324.649,0.65,0,2.28756,0.301857,2.58942,50.0055,-2.93986,
25/05/2025 16:39:00,552.743,192.089,0,324.17,0.65,0,0.63863,1.24096,1.87959,50.0226,-2.92528,
25/05/2025 16:40:00,552.737,192.09,0,324.649,0.65,0,-1.13168,1.34208,0.210406,50.0027,-2.92528,
25/05/2025 16:41:00,552.737,192.087,0,325.367,0.65,0,3.98728,6.28824,10.2755,50.0312,-2.92528,
25/05/2025 16:42:00,552.749,192.111,0,325.367,0.65,0,-0.949024,2.79764,1.84862,50.0255,-2.918,
25/05/2025 16:43:00,552.746,192.122,0,325.128,0.65,0,0.0753082,0.966471,1.04178,50.0055,-2.92528,
25/05/2025 16:44:00,552.744,192.133,0,325.128,0.65,0,-0.681852,1.76179,1.07993,50.0511,-2.92528,
25/05/2025 16:45:00,552.756,192.128,0,325.128,0.65,0,0.0363441,-0.0903897,-0.0540421,50.0084,-2.92528,
25/05/2025 16:46:00,552.774,192.128,0,324.889,0.65,0,1.91581,4.58653,6.50234,49.9971,-2.92528,
25/05/2025 16:47:00,552.824,192.128,0,324.41,0.65,0,0.797531,2.18573,2.98326,50.0255,-2.92528,
25/05/2025 16:48:00,552.907,192.152,0,324.649,0.65,0,1.45173,-0.186423,1.26531,50.0027,-2.93986,
25/05/2025 16:49:00,552.913,192.158,0,325.367,0.65,0,3.63828,6.55934,10.1976,50.0198,-2.94716,
25/05/2025 16:50:00,552.904,192.16,0,325.367,0.65,0,7.71455,8.3492,16.0638,50.0055,-2.94716,
25/05/2025 16:51:00,552.886,192.174,0,325.128,0.65,0,7.54217,10.0587,17.6009,50.0084,-2.96175,
25/05/2025 16:52:00,552.886,192.177,0,325.367,0.65,0,7.62606,5.22515,12.8512,49.9862,-2.96175,
25/05/2025 16:53:00,552.849,192.164,0,325.128,0.65,0,5.4538,11.0729,16.5267,49.9917,-2.96175,
25/05/2025 16:54:00,552.854,192.167,0,324.649,0.65,0,4.37452,11.8248,16.1994,50.0055,-2.96175,
25/05/2025 16:55:00,552.849,192.16,0,324.41,0.65,0,1.56268,6.33959,7.90227,50.0027,-2.96905,
25/05/2025 16:56:00,552.843,192.173,0,324.41,0.65,0,0.562479,1.0802,1.64267,49.9835,-2.97636,
25/05/2025 16:57:00,552.826,192.177,0,325.367,0.65,0,2.34818,2.45241,4.80059,50.0226,-2.97636,
25/05/2025 16:58:00,552.83,192.165,0,325.367,0.65,0,-0.319735,3.05935,2.73961,50.0112,-2.98366,
25/05/2025 16:59:00,552.898,192.187,0,325.607,0.65,0,-0.0926898,2.25774,2.16505,49.9998,-2.98366,
25/05/2025 17:00:00,552.877,192.186,0,324.889,0.65,0,2.11499,4.99469,7.10969,50.0226,-2.97636,
25/05/2025 17:01:00,552.9,192.204,0,324.889,0.65,0,1.8847,6.26078,8.14548,50.0055,-2.97636,
25/05/2025 17:02:00,552.926,192.192,0,324.889,0.65,0,3.41384,4.04089,7.45473,50.0141,-2.99097,
25/05/2025 17:03:00,552.926,192.206,0,324.41,0.65,0,2.10809,8.76548,10.8736,50.0055,-2.99097,
25/05/2025 17:04:00,552.927,192.212,0,324.649,0.65,0,3.84056,10.5881,14.4286,50.0112,-2.99829,
25/05/2025 17:05:00,552.93,192.222,0,325.128,0.65,0,2.43826,1.67625,4.11452,50.0169,-2.99097,
25/05/2025 17:06:00,552.93,192.214,0,325.367,0.65,0,1.07798,6.27755,7.35553,49.9971,-2.99097,
25/05/2025 17:07:00,552.933,192.212,0,325.128,0.65,0,-0.317996,1.79278,1.47479,49.9672,-2.99829,
25/05/2025 17:08:00,552.927,192.232,0,325.128,0.65,0,-0.351133,0.751281,0.400148,50.0369,-2.99829,
25/05/2025 17:09:00,552.924,192.209,0,325.128,0.65,0,-0.409193,2.8878,2.4786,49.9835,-3.01226,
25/05/2025 17:10:00,552.93,192.224,0,325.128,0.65,0,-0.192492,4.85533,4.66284,50.0027,-3.0192,
25/05/2025 17:11:00,552.93,192.214,0,324.41,0.65,0,0.945648,6.71976,7.6654,49.9835,-3.01226,
25/05/2025 17:12:00,552.941,192.234,0,324.649,0.65,0,4.13091,-0.853659,3.27725,50.0198,-3.01226,
25/05/2025 17:13:00,552.966,192.244,0,325.367,0.65,0,0.573376,4.48535,5.05873,49.9727,-3.00532,
25/05/2025 17:14:00,552.962,192.244,0,325.128,0.65,0,0.139861,3.15274,3.2926,49.9944,-3.0192,
25/05/2025 17:15:00,552.994,192.252,0,325.128,0.65,0,0.679193,1.70689,2.38608,49.9862,-3.01226,
25/05/2025 17:16:00,553.044,192.247,0,325.367,0.65,0,-0.720041,1.108,0.387958,49.9808,-3.0192,
25/05/2025 17:17:00,553.054,192.249,0,325.367,0.65,0,0.650792,3.07436,3.72516,49.9862,-3.0192,
25/05/2025 17:18:00,553.037,192.243,0,324.649,0.65,0,-0.906148,3.44475,2.5386,49.9754,-3.01226,
25/05/2025 17:19:00,553.069,192.26,0,324.649,0.65,0,-0.671033,2.71996,2.04892,49.9917,-3.01226,
25/05/2025 17:20:00,553.027,192.257,0,324.889,0.65,0,-0.693626,1.75318,1.05955,49.9917,-3.01226,
25/05/2025 17:21:00,553.001,192.255,0,325.128,0.65,0,0.683793,3.31463,3.99843,49.989,-3.0192,
25/05/2025 17:22:00,553.035,192.24,0,325.367,0.65,0,7.62744,4.51171,12.1392,50.0084,-3.01226,
25/05/2025 17:23:00,553.06,192.249,0,325.367,0.65,0,3.04641,7.44297,10.4894,49.9862,-3.01226,
25/05/2025 17:24:00,553.044,192.257,0,325.128,0.65,0,6.7532,9.44073,16.1939,49.9808,-3.00532,
25/05/2025 17:25:00,553.086,192.279,0,325.128,0.65,0,8.86631,2.72376,11.5901,50.0055,-2.99829,
25/05/2025 17:26:00,553.112,192.264,0,324.889,0.65,0,1.85664,3.87236,5.72899,49.9917,-2.99829,
25/05/2025 17:27:00,553.107,192.282,0,324.17,0.65,0,2.86272,1.47886,4.34158,50.0169,-2.99829,
25/05/2025 17:28:00,553.09,192.283,0,324.649,0.65,0,-0.104294,4.42106,4.31676,49.9536,-2.99097,
25/05/2025 17:29:00,553.066,192.276,0,325.128,0.65,0,0.192163,3.07898,3.27115,50.0084,-2.99097,
25/05/2025 17:30:00,552.964,192.257,0,325.607,0.65,0,2.48258,5.41445,7.89702,50.0055,-2.99829,
25/05/2025 17:31:00,552.985,192.25,0,325.128,0.65,0,-0.986519,1.0478,0.0612791,49.9645,-3.00532,
25/05/2025 17:32:00,553.077,192.274,0,325.367,0.65,0,2.11309,6.74343,8.85649,50.0084,-3.01226,
25/05/2025 17:33:00,553.097,192.274,0,325.128,0.65,0,4.72617,9.38146,14.1076,49.9835,-3.01226,
25/05/2025 17:34:00,553.011,192.266,0,324.649,0.65,0,5.72885,14.1198,19.8487,50.0027,-3.01226,
25/05/2025 17:35:00,552.991,192.272,0,324.41,0.65,0,6.60961,7.95508,14.5647,49.9998,-3.00532,
25/05/2025 17:36:00,552.955,192.259,0,324.649,0.65,0,6.89756,8.66617,15.5637,49.9998,-3.01226,
25/05/2025 17:37:00,552.938,192.244,0,324.41,0.65,0,13.6989,18.4191,32.118,50.0084,-3.01226,
25/05/2025 17:38:00,552.943,192.236,0,325.128,0.65,0,10.5542,18.9073,29.4615,49.9944,-3.01226,
25/05/2025 17:39:00,552.93,192.238,0,325.367,0.65,0,5.4499,12.5501,18,49.9808,-3.00532,
25/05/2025 17:40:00,552.93,192.232,0,325.367,0.65,0,5.6887,8.40592,14.0946,49.9917,-2.99829,
25/05/2025 17:41:00,552.93,192.232,0,325.128,0.65,0,6.13507,15.1997,21.3348,50.0198,-2.99097,
25/05/2025 17:42:00,552.962,192.248,0,324.889,0.65,0,1.88206,7.7158,9.59787,49.9917,-2.99097,
25/05/2025 17:43:00,552.946,192.271,0,324.41,0.65,0,5.29983,12.4376,17.7375,50.0084,-2.99097,
25/05/2025 17:44:00,552.947,192.27,0,324.649,0.65,0,2.73858,6.06799,8.80655,49.989,-2.99097,
25/05/2025 17:45:00,552.988,192.261,0,325.367,0.65,0,2.39462,2.8369,5.23152,49.9808,-2.99097,
25/05/2025 17:46:00,552.984,192.241,0,325.128,0.65,0,0.938168,5.83931,6.77748,49.9944,-2.99829,
25/05/2025 17:47:00,552.937,192.257,0,325.367,0.65,0,0.0496668,4.39336,4.44303,49.989,-2.99097,
25/05/2025 17:48:00,552.968,192.261,0,325.128,0.65,0,-0.716939,4.25611,3.53917,50.0169,-2.98366,
25/05/2025 17:49:00,553.013,192.286,0,325.128,0.65,0,-1.44054,4.9188,3.47826,50.0283,-2.97636,
25/05/2025 17:50:00,553.005,192.28,0,324.889,0.65,0,-1.30336,1.21487,-0.0884883,49.9672,-2.99097,
25/05/2025 17:51:00,553.027,192.28,0,324.41,0.65,0,1.38544,3.94575,5.33118,50.0255,-2.98366,
25/05/2025 17:52:00,552.984,192.256,0,324.649,0.65,0,2.56657,1.78224,4.34881,50.034,-2.98366,
25/05/2025 17:53:00,552.942,192.261,0,325.367,0.65,0,1.6542,2.14944,3.80364,49.9808,-2.99829,
25/05/2025 17:54:00,552.936,192.248,0,325.367,0.65,0,-1.89198,0.632955,-1.25903,50.0141,-2.99829,
25/05/2025 17:55:00,552.933,192.258,0,325.128,0.65,0,3.9281,2.33329,6.26138,50.0226,-2.99829,
25/05/2025 17:56:00,552.956,192.254,0,325.367,0.65,0,2.61191,6.8114,9.42331,49.9971,-2.99829,
25/05/2025 17:57:00,552.943,192.241,0,325.128,0.65,0,0.563582,1.91874,2.48232,49.9971,-2.99829,
25/05/2025 17:58:00,552.977,192.252,0,324.649,0.65,0,-0.720824,2.80852,2.08769,50.0283,-2.98366,
25/05/2025 17:59:00,552.982,192.259,0,324.41,0.65,0,-1.01379,0.492105,-0.521684,49.9727,-2.99097,
25/05/2025 18:00:00,552.961,192.248,0,324.41,0.65,0,-1.94661,0.722363,-1.22425,49.989,-2.99829,
25/05/2025 18:01:00,552.94,192.244,0,324.41,0.65,0,-1.44918,0.647969,-0.801207,49.9971,-3.01226,
25/05/2025 18:02:00,552.986,192.249,0,324.649,0.65,0,-1.58787,1.77938,0.191506,50.0198,-3.01226,
25/05/2025 18:03:00,553.02,192.263,0,325.367,0.65,0,-1.06536,0.264017,-0.801342,50.0141,-3.0192,
25/05/2025 18:04:00,553.08,192.264,0,325.607,0.65,0,-0.45727,2.88384,2.42657,49.989,-3.0192,
25/05/2025 18:05:00,553.022,192.245,0,325.128,0.65,0,-1.47536,1.47205,-0.00331068,49.9727,-3.01226,
25/05/2025 18:06:00,553.021,192.252,0,325.367,0.65,0,-1.7941,0.770849,-1.02324,49.9835,-3.0192,
25/05/2025 18:07:00,553.096,192.257,0,325.128,0.65,0,-1.72145,1.56426,-0.157197,49.9917,-3.02615,
25/05/2025 18:08:00,553.094,192.273,0,324.649,0.65,0,-1.80902,0.565678,-1.24334,49.989,-3.0192,
25/05/2025 18:09:00,553.117,192.289,0,324.41,0.65,0,-1.77225,2.82517,1.05293,49.9482,-3.02615,
25/05/2025 18:10:00,553.168,192.314,0,324.41,0.65,0,0.588148,1.95364,2.54179,50.0397,-3.02615,
25/05/2025 18:11:00,553.233,192.313,0,325.367,0.65,0,-0.480577,1.84889,1.36831,49.9727,-3.04005,
25/05/2025 18:12:00,553.274,192.32,0,325.367,0.65,0,-0.109679,5.29194,5.18226,50.0112,-3.0331,
25/05/2025 18:13:00,553.276,192.317,0,325.128,0.65,0,1.07457,2.08037,3.15494,50.0084,-3.0331,
25/05/2025 18:14:00,553.225,192.311,0,325.607,0.65,0,1.48401,4.6434,6.12741,50.0055,-3.0331,
25/05/2025 18:15:00,553.256,192.315,0,325.128,0.65,0,1.92741,3.08774,5.01516,50.0027,-3.02615,
25/05/2025 18:16:00,553.277,192.323,0,324.889,0.65,0,-0.413739,1.27732,0.863577,49.9917,-3.01226,
25/05/2025 18:17:00,553.274,192.324,0,324.41,0.65,0,-0.477673,2.07367,1.596,50.0169,-3.0192,
25/05/2025 18:18:00,553.289,192.316,0,324.649,0.65,0,-0.625353,0.522646,-0.102709,49.989,-3.0192,
25/05/2025 18:19:00,553.288,192.335,0,325.128,0.65,0,-0.599793,0.398106,-0.20169,50.0169,-3.02615,
25/05/2025 18:20:00,553.227,192.312,0,325.367,0.65,0,-0.191837,2.12164,1.92981,50.0027,-3.0331,
25/05/2025 18:21:00,543.98,189.086,0,325.128,0.639167,0,0.984646,7.89336,8.87801,50.0084,-3.04005,
25/05/2025 18:22:00,553.203,192.309,0,325.128,0.65,0,3.70342,5.10837,8.81177,49.9564,-3.04005,
25/05/2025 18:23:00,553.176,192.306,0,325.128,0.65,0,4.75849,8.41074,13.1692,49.9699,-3.04701,
25/05/2025 18:24:00,553.188,192.294,0,324.649,0.65,0,-0.117197,3.80655,3.68935,49.9727,-3.05396,
25/05/2025 18:25:00,553.261,192.303,0,324.649,0.65,0,0.788291,3.43685,4.22513,50.0141,-3.04701,
25/05/2025 18:26:00,553.276,192.3,0,324.41,0.65,0,0.954972,3.19477,4.14974,49.9727,-3.05396,
25/05/2025 18:27:00,553.21,192.298,0,325.128,0.65,0,-0.366592,5.10253,4.73593,49.9754,-3.05396,
25/05/2025 18:28:00,553.241,192.302,0,325.367,0.65,0,-0.377374,4.64199,4.26462,49.9917,-3.06093,
25/05/2025 18:29:00,553.276,192.308,0,325.128,0.65,0,0.94929,4.40838,5.35768,50.0027,-3.06789,
25/05/2025 18:30:00,553.306,192.325,0,325.367,0.65,0,2.88861,8.24369,11.1323,49.9672,-3.06789,
25/05/2025 18:31:00,553.316,192.328,0,325.367,0.65,0,1.77369,4.19294,5.96664,49.989,-3.06093,
25/05/2025 18:32:00,553.31,192.322,0,324.649,0.65,0,-0.219171,1.25612,1.03695,49.9862,-3.06093,
25/05/2025 18:33:00,553.313,192.32,0,324.41,0.65,0,-1.23147,1.8929,0.661428,49.9835,-3.05396,
25/05/2025 18:34:00,553.313,192.314,0,324.41,0.65,0,-0.605209,0.853715,0.248508,50.0141,-3.05396,
25/05/2025 18:35:00,553.316,192.326,0,325.367,0.65,0,1.78398,3.96174,5.74573,49.9754,-3.05396,
25/05/2025 18:36:00,553.32,192.316,0,325.367,0.65,0,0.146233,2.83568,2.98191,49.9971,-3.04701,
25/05/2025 18:37:00,553.302,192.319,0,325.128,0.65,0,-0.121859,2.86248,2.74062,50.0312,-3.0331,
25/05/2025 18:38:00,553.309,192.314,0,325.607,0.65,0,-1.40021,3.29594,1.89573,49.989,-3.02615,
25/05/2025 18:39:00,553.316,192.315,0,325.128,0.65,0,-1.33556,2.41017,1.07461,49.9862,-3.02615,
25/05/2025 18:40:00,553.313,192.311,0,324.649,0.65,0,-1.3453,2.54143,1.19613,49.9727,-3.0192,
25/05/2025 18:41:00,553.323,192.312,0,324.17,0.65,0,-0.742885,2.67841,1.93553,50.0027,-3.0192,
25/05/2025 18:42:00,553.323,192.308,0,324.649,0.65,0,0.193817,5.16446,5.35827,49.9727,-3.02615,
25/05/2025 18:43:00,553.317,192.294,0,325.128,0.65,0,1.29409,2.18025,3.47435,50.0027,-3.02615,
25/05/2025 18:44:00,553.302,192.282,0,325.607,0.65,0,-1.45128,2.47795,1.02667,49.9998,-3.02615,
25/05/2025 18:45:00,553.301,192.271,0,325.128,0.65,0,0.941201,0.953318,1.89452,49.9971,-3.02615,
25/05/2025 18:46:00,553.281,192.266,0,325.128,0.65,0,-1.07822,1.29119,0.212964,50.0169,-3.02615,
25/05/2025 18:47:00,553.315,192.278,0,325.367,0.65,0,1.60951,6.82934,8.43884,50.0141,-3.0192,
25/05/2025 18:48:00,553.314,192.276,0,324.649,0.65,0,0.830525,4.97444,5.80497,49.989,-3.01226,
25/05/2025 18:49:00,553.312,192.28,0,324.41,0.65,0,1.79186,3.22636,5.0182,50.0198,-3.01226,
25/05/2025 18:50:00,553.312,192.273,0,324.649,0.65,0,3.11527,2.93759,6.05285,49.9971,-3.01226,
25/05/2025 18:51:00,553.306,192.264,0,325.128,0.65,0,1.67655,5.67093,7.34748,49.9727,-3.00532,
25/05/2025 18:52:00,553.314,192.287,0,325.607,0.65,0,3.59554,2.36134,5.95688,49.9672,-3.01226,
25/05/2025 18:53:00,553.316,192.282,0,325.128,0.65,0,3.17073,5.84561,9.01635,50.0027,-2.99829,
25/05/2025 18:54:00,553.321,192.292,0,325.367,0.65,0,0.0674365,1.00675,1.07419,50.0027,-2.99097,
25/05/2025 18:55:00,553.332,192.287,0,325.367,0.65,0,-0.10331,3.80932,3.70601,49.9835,-2.99829,
25/05/2025 18:56:00,553.365,192.29,0,324.41,0.65,0,0.109195,2.97019,3.07939,49.9835,-2.99097,
25/05/2025 18:57:00,553.367,192.309,0,324.41,0.65,0,4.09122,4.97687,9.0681,49.9998,-2.99829,
25/05/2025 18:58:00,553.372,192.3,0,324.649,0.65,0,3.83354,6.53653,10.3701,50.0055,-2.99097,
25/05/2025 18:59:00,553.366,192.305,0,325.367,0.65,0,5.29648,1.45679,6.75329,49.989,-2.99097,
25/05/2025 19:00:00,553.383,192.299,0,325.128,0.65,0,8.86117,8.38813,17.2493,49.9835,-2.99829,
25/05/2025 19:01:00,553.432,192.299,0,325.128,0.65,0,4.77006,4.61945,9.38953,49.9645,-2.99829,
25/05/2025 19:02:00,553.414,192.301,0,325.367,0.65,0,3.77882,7.43169,11.2105,50.0141,-2.99097,
25/05/2025 19:03:00,553.392,192.297,0,325.128,0.65,0,0.51587,5.16608,5.68195,50.0112,-2.99097,
25/05/2025 19:04:00,553.399,192.298,0,324.889,0.65,0,1.41105,4.00684,5.41788,50.0055,-2.99097,
25/05/2025 19:05:00,553.37,192.292,0,324.41,0.65,0,-0.61778,1.44394,0.826155,50.0198,-2.98366,
25/05/2025 19:06:00,553.424,192.308,0,324.649,0.65,0,0.199831,3.74703,3.94685,50.0084,-2.96905,
25/05/2025 19:07:00,553.479,192.319,0,325.367,0.65,0,-1.0781,3.93732,2.85922,49.9672,-2.96175,
25/05/2025 19:08:00,553.502,192.333,0,325.846,0.65,0,1.23899,9.76204,11.001,49.9754,-2.97636,
25/05/2025 19:09:00,553.51,192.35,0,325.128,0.65,0,3.83508,5.01483,8.84992,50.0169,-2.97636,
25/05/2025 19:10:00,553.51,192.335,0,325.128,0.65,0,6.23835,11.523,17.7614,50.0255,-2.97636,
25/05/2025 19:11:00,553.51,192.343,0,324.889,0.65,0,11.1176,25.447,36.5646,49.9781,-2.96905,
25/05/2025 19:12:00,553.51,192.36,0,324.889,0.65,0,22.6792,27.1085,49.7878,50.0226,-2.98366,
25/05/2025 19:13:00,553.507,192.355,0,324.41,0.65,0,11.8893,15.1451,27.0344,50.0141,-2.97636,
25/05/2025 19:14:00,553.503,192.34,0,324.649,0.65,0,12.8254,14.6331,27.4585,50.0283,-2.97636,
25/05/2025 19:15:00,553.51,192.372,0,325.607,0.65,0,18.9457,25.8649,44.8106,50.0084,-2.98366,
25/05/2025 19:16:00,553.51,192.353,0,325.367,0.65,0,11.7859,11.4946,23.2805,49.9862,-2.97636,
25/05/2025 19:17:00,553.51,192.352,0,325.128,0.65,0,13.0008,11.0975,24.0984,49.9944,-2.98366,
25/05/2025 19:18:00,553.51,192.358,0,324.889,0.65,0,6.47556,12.7156,19.1911,49.9998,-2.98366,
25/05/2025 19:19:00,553.517,192.364,0,325.128,0.65,0,6.14152,13.3607,19.5022,50.0369,-2.98366,
25/05/2025 19:20:00,553.532,192.38,0,324.41,0.65,0,3.59855,7.5173,11.1158,50.0226,-2.98366,
25/05/2025 19:21:00,553.538,192.398,0,324.41,0.65,0,6.65988,6.26143,12.9213,49.9699,-2.99097,
25/05/2025 19:22:00,553.602,192.4,0,324.41,0.65,0,3.74588,7.60863,11.3545,49.9699,-2.99829,
25/05/2025 19:23:00,553.569,192.4,0,325.128,0.65,0,5.09762,7.00278,12.1004,50.0027,-3.01226,
25/05/2025 19:24:00,553.556,192.396,0,325.367,0.65,0,6.38635,8.69448,15.0808,49.989,-3.0192,
25/05/2025 19:25:00,553.549,192.385,0,325.367,0.65,0,3.12959,6.89469,10.0243,49.9808,-3.0192,
25/05/2025 19:26:00,553.54,192.389,0,325.367,0.65,0,1.55628,3.03997,4.59625,50.0084,-3.0192,
25/05/2025 19:27:00,553.534,192.39,0,325.367,0.65,0,4.13232,9.12189,13.2542,50.0055,-3.0192,
25/05/2025 19:28:00,553.511,192.401,0,324.649,0.65,0,12.1234,12.7645,24.8879,49.989,-3.01226,
25/05/2025 19:29:00,553.515,192.391,0,324.41,0.65,0,11.5685,19.5114,31.0798,49.9944,-3.0192,
25/05/2025 19:30:00,553.531,192.376,0,324.649,0.65,0,9.49335,15.9191,25.4124,49.9455,-3.0192,
25/05/2025 19:31:00,553.566,192.395,0,325.128,0.65,0,11.7434,13.2232,24.9666,49.9944,-3.00532,
25/05/2025 19:32:00,553.67,192.42,0,325.367,0.65,0,12.3589,14.479,26.8379,50.0255,-3.00532,
25/05/2025 19:33:00,553.685,192.417,0,325.128,0.65,0,17.5894,27.9448,45.5343,50.0169,-2.99097,
25/05/2025 19:34:00,553.672,192.415,0,325.128,0.65,0,33.1879,30.3158,63.5037,49.9971,-2.99829,
25/05/2025 19:35:00,553.616,192.414,0,325.128,0.65,0,23.5634,23.642,47.2054,50.034,-2.99829,
25/05/2025 19:36:00,553.591,192.405,0,324.649,0.65,0,11.9052,18.2259,30.1312,49.9672,-3.00532,
25/05/2025 19:37:00,553.641,192.408,0,324.41,0.65,0,9.16627,11.2129,20.3791,49.9699,-3.00532,
25/05/2025 19:38:00,553.675,192.429,0,324.649,0.65,0,10.7298,11.9,22.6298,49.9781,-3.01226,
25/05/2025 19:39:00,553.699,192.449,0,325.128,0.65,0,5.38817,12.5102,17.8984,49.9944,-3.0192,
25/05/2025 19:40:00,553.693,192.426,0,325.367,0.65,0,10.3252,28.7364,39.0615,50.0283,-3.01226,
25/05/2025 19:41:00,553.65,192.411,0,325.128,0.65,0,12.0131,21.4283,33.4414,50.0084,-3.01226,
25/05/2025 19:42:00,553.589,192.407,0,325.367,0.65,0,9.52019,19.0196,28.5398,49.9862,-3.01226,
25/05/2025 19:43:00,553.602,192.405,0,325.128,0.65,0,9.10688,18.7352,27.842,49.9917,-3.00532,
25/05/2025 19:44:00,553.634,192.419,0,324.41,0.65,0,8.20923,24.524,32.7333,49.9808,-3.01226,
25/05/2025 19:45:00,553.685,192.432,0,324.41,0.65,0,12.0876,16.3955,28.4831,50.0226,-2.99829,
25/05/2025 19:46:00,553.699,192.451,0,324.41,0.65,0,14.84,20.3011,35.1412,49.9808,-3.01226,
25/05/2025 19:47:00,553.703,192.442,0,325.128,0.65,0,12.5652,9.82791,22.3931,49.9754,-3.00532,
25/05/2025 19:48:00,553.7,192.441,0,325.367,0.65,0,12.9719,18.7234,31.6952,50.0084,-3.00532,
25/05/2025 19:49:00,553.703,192.437,0,325.607,0.65,0,7.6505,10.6833,18.3338,49.9998,-3.00532,
25/05/2025 19:50:00,553.687,192.424,0,325.367,0.65,0,3.22918,17.5848,20.814,49.9699,-3.00532,
25/05/2025 19:51:00,553.641,192.418,0,325.128,0.65,0,3.45414,12.1601,15.6142,50.0397,-2.99829,
25/05/2025 19:52:00,553.552,192.41,0,324.889,0.65,0,3.77625,7.70849,11.4847,50.0112,-2.99829,
25/05/2025 19:53:00,553.59,192.419,0,324.41,0.65,0,8.031,9.10246,17.1334,50.0027,-2.99829,
25/05/2025 19:54:00,553.675,192.427,0,325.128,0.65,0,7.07206,12.6706,19.7427,49.9944,-3.00532,
25/05/2025 19:55:00,553.688,192.45,0,325.128,0.65,0,10.0928,22.834,32.9268,49.9835,-3.00532,
25/05/2025 19:56:00,553.707,192.458,0,325.367,0.65,0,14.557,17.1066,31.6636,49.9835,-3.0192,
25/05/2025 19:57:00,553.72,192.479,0,325.367,0.65,0,10.8684,20.5169,31.3853,50.0226,-3.00532,
25/05/2025 19:58:00,553.708,192.466,0,325.128,0.65,0,11.1195,20.3985,31.518,50.0112,-3.00532,
25/05/2025 19:59:00,553.701,192.452,0,324.889,0.65,0,4.45104,8.41878,12.8698,50.0169,-3.00532,
25/05/2025 20:00:00,553.697,192.436,0,324.889,0.65,0,-0.757279,5.24515,4.48787,50.0198,-3.00532,
25/05/2025 20:01:00,553.686,192.438,0,324.41,0.65,0,-1.79173,3.86231,2.07058,50.0055,-3.00532,
25/05/2025 20:02:00,553.674,192.433,0,324.889,0.65,0,0.26534,2.1511,2.41643,50.034,-3.00532,
25/05/2025 20:03:00,553.7,192.438,0,325.367,0.65,0,8.1639,9.92264,18.0866,50.0055,-3.00532,
25/05/2025 20:04:00,553.703,192.449,0,325.367,0.65,0,13.6635,6.40759,20.0711,50.0084,-3.00532,
25/05/2025 20:05:00,553.703,192.448,0,325.128,0.65,0,16.2691,17.6364,33.9054,50.0112,-3.01226,
25/05/2025 20:06:00,553.703,192.445,0,325.128,0.65,0,16.1583,17.0756,33.2339,49.9862,-3.01226,
25/05/2025 20:07:00,553.697,192.447,0,325.128,0.65,0,19.9353,26.5205,46.4557,49.989,-3.01226,
25/05/2025 20:08:00,553.703,192.441,0,324.889,0.65,0,11.9604,13.733,25.6934,50.0055,-3.01226,
25/05/2025 20:09:00,553.691,192.443,0,324.649,0.65,0,10.5156,11.7521,22.2677,50.0084,-3.01226,
25/05/2025 20:10:00,553.668,192.438,0,324.41,0.65,0,13.8923,11.8067,25.6989,50.0169,-3.01226,
25/05/2025 20:11:00,553.652,192.446,0,325.367,0.65,0,10.9669,15.4997,26.4666,50.0084,-3.01226,
25/05/2025 20:12:00,553.701,192.449,0,325.128,0.65,0,14.533,12.7067,27.2397,49.9672,-3.01226,
25/05/2025 20:13:00,553.703,192.463,0,325.128,0.65,0,8.40365,9.14099,17.5447,49.9862,-3.00532,
25/05/2025 20:14:00,553.718,192.474,0,325.367,0.65,0,11.1592,16.7771,27.9363,50.0255,-3.00532,
25/05/2025 20:15:00,553.802,192.493,0,325.128,0.65,0,5.82825,7.454,13.2822,50.0169,-3.00532,
25/05/2025 20:16:00,553.864,192.487,0,324.649,0.65,0,3.91897,10.0504,13.9694,49.9971,-2.99829,
25/05/2025 20:17:00,553.895,192.529,0,324.41,0.65,0,9.95442,5.93799,15.8924,50.0055,-3.00532,
25/05/2025 20:18:00,553.891,192.535,0,324.649,0.65,0,3.8033,9.76611,13.5694,49.9835,-3.00532,
25/05/2025 20:19:00,553.896,192.527,0,325.128,0.65,0,0.273345,5.68547,5.95881,49.9862,-3.00532,
25/05/2025 20:20:00,553.896,192.533,0,325.367,0.65,0,-1.70218,4.86364,3.16145,50.0312,-3.00532,
25/05/2025 20:21:00,553.896,192.514,0,325.367,0.65,0,-1.78881,5.06072,3.27191,49.989,-2.99829,
25/05/2025 20:22:00,553.891,192.519,0,325.367,0.65,0,-1.47793,5.48082,4.00288,49.9944,-3.00532,
25/05/2025 20:23:00,553.886,192.516,0,325.128,0.65,0,7.22117,8.89635,16.1175,49.9971,-2.99829,
25/05/2025 20:24:00,553.896,192.54,0,324.649,0.65,0,13.7824,20.497,34.2794,49.9808,-3.00532,
25/05/2025 20:25:00,553.917,192.542,0,324.41,0.65,0,11.1196,12.4758,23.5955,49.9699,-3.01226,
25/05/2025 20:26:00,553.917,192.547,0,324.649,0.65,0,18.6147,18.2068,36.8215,49.989,-3.01226,
25/05/2025 20:27:00,553.898,192.522,0,325.128,0.65,0,18.735,22.9126,41.6477,50.0112,-3.00532,
25/05/2025 20:28:00,553.897,192.534,0,325.367,0.65,0,13.4878,17.448,30.9359,49.9781,-3.01226,
25/05/2025 20:29:00,553.891,192.502,0,325.128,0.65,0,11.5709,16.9599,28.5308,49.9727,-3.00532,
25/05/2025 20:30:00,553.83,192.502,0,325.367,0.65,0,7.74411,10.8313,18.5754,50.0426,-2.99829,
25/05/2025 20:31:00,553.755,192.472,0,325.128,0.65,0,4.35335,4.41696,8.77032,50.0055,-2.99829,
25/05/2025 20:32:00,553.707,192.467,0,324.649,0.65,0,-1.81554,1.9687,0.153159,49.9835,-3.00532,
25/05/2025 20:33:00,553.703,192.456,0,324.649,0.65,0,-1.11646,2.31102,1.19456,49.9727,-3.01226,
25/05/2025 20:34:00,553.754,192.479,0,324.41,0.65,0,7.21182,14.663,21.8748,49.9618,-3.01226,
25/05/2025 20:35:00,553.881,192.508,0,325.367,0.65,0,8.18637,10.9842,19.1705,49.9727,-3.0192,
25/05/2025 20:36:00,553.892,192.498,0,325.367,0.65,0,9.16376,16.5801,25.7438,50.0084,-3.01226,
25/05/2025 20:37:00,553.836,192.493,0,325.128,0.65,0,4.77385,9.88008,14.6539,49.9862,-3.0192,
25/05/2025 20:38:00,553.819,192.481,0,325.367,0.65,0,2.89087,5.47458,8.36544,49.9971,-3.02615,
25/05/2025 20:39:00,553.807,192.475,0,325.128,0.65,0,8.01819,11.2545,19.2727,50.0027,-3.0331,
25/05/2025 20:40:00,553.749,192.471,0,324.649,0.65,0,2.71135,6.53692,9.24827,49.9835,-3.0331,
25/05/2025 20:41:00,553.79,192.483,0,324.649,0.65,0,-1.17458,2.01189,0.837317,50.0084,-3.02615,
25/05/2025 20:42:00,553.83,192.491,0,324.889,0.65,0,-1.83631,1.66712,-0.169183,50.0312,-3.02615,
25/05/2025 20:43:00,553.761,192.473,0,325.128,0.65,0,-1.90859,1.9043,-0.00429586,49.9482,-3.02615,
25/05/2025 20:44:00,553.706,192.466,0,325.367,0.65,0,-1.80467,2.35325,0.548582,49.9781,-3.02615,
25/05/2025 20:45:00,553.703,192.457,0,325.367,0.65,0,6.74376,16.4743,23.2181,49.9944,-3.0192,
25/05/2025 20:46:00,553.703,192.446,0,325.128,0.65,0,18.5275,26.8365,45.3641,49.9917,-3.0192,
25/05/2025 20:47:00,553.703,192.441,0,325.128,0.65,0,13.0687,5.10748,18.1762,50.0226,-3.0192,
25/05/2025 20:48:00,553.7,192.443,0,324.889,0.65,0,9.34726,15.2891,24.6364,49.9835,-3.01226,
25/05/2025 20:49:00,553.703,192.44,0,324.17,0.65,0,2.48257,9.80097,12.2836,49.9808,-3.0192,
25/05/2025 20:50:00,553.703,192.43,0,324.649,0.65,0,7.40158,14.1793,21.5809,50.0084,-3.0192,
25/05/2025 20:51:00,553.7,192.451,0,325.128,0.65,0,9.72983,13.8762,23.6061,49.9781,-3.01226,
25/05/2025 20:52:00,553.702,192.448,0,325.367,0.65,0,8.864,9.44007,18.3041,50.0169,-3.0192,
25/05/2025 20:53:00,553.703,192.436,0,325.607,0.65,0,11.7365,11.1926,22.929,50.0055,-3.0192,
25/05/2025 20:54:00,553.694,192.431,0,325.128,0.65,0,8.8448,13.8342,22.679,49.9944,-3.0192,
25/05/2025 20:55:00,553.682,192.424,0,325.128,0.65,0,10.6095,14.0866,24.6961,49.9998,-3.01226,
25/05/2025 20:56:00,553.688,192.438,0,324.649,0.65,0,13.33,12.359,25.6891,49.9754,-3.02615,
25/05/2025 20:57:00,553.699,192.427,0,324.41,0.65,0,2.61792,6.9169,9.53483,49.989,-3.0192,
25/05/2025 20:58:00,553.703,192.44,0,324.41,0.65,0,6.88066,14.3118,21.1925,49.9944,-3.02615,
25/05/2025 20:59:00,553.703,192.442,0,325.367,0.65,0,17.4741,15.1461,32.6202,50.0027,-3.00532,
25/05/2025 21:00:00,553.703,192.435,0,325.367,0.65,0,17.5754,21.4601,39.0355,49.9971,-3.01226,
25/05/2025 21:01:00,553.7,192.432,0,325.128,0.65,0,9.95457,10.8044,20.759,50.0283,-3.0192,
25/05/2025 21:02:00,553.703,192.431,0,325.128,0.65,0,-0.825924,3.76867,2.94275,50.0055,-3.00532,
25/05/2025 21:03:00,553.703,192.419,0,325.128,0.65,0,-1.83532,2.01523,0.179909,50.0312,-2.99829,
25/05/2025 21:04:00,553.703,192.408,0,324.649,0.65,0,-1.85455,2.1305,0.275953,49.9808,-3.00532,
25/05/2025 21:05:00,553.703,192.417,0,324.41,0.65,0,-1.79222,1.81142,0.0192004,49.9971,-2.99829,
25/05/2025 21:06:00,553.703,192.415,0,324.649,0.65,0,-1.76223,1.58609,-0.176135,49.9998,-2.99829,
25/05/2025 21:07:00,553.703,192.407,0,325.128,0.65,0,-1.76172,2.25654,0.494814,49.9699,-2.99829,
25/05/2025 21:08:00,553.685,192.39,0,325.607,0.65,0,2.58079,4.79125,7.37204,49.9835,-3.00532,
25/05/2025 21:09:00,553.675,192.398,0,324.889,0.65,0,5.02553,7.17425,12.1997,50.0226,-2.99097,
25/05/2025 21:10:00,553.654,192.389,0,325.367,0.65,0,4.12941,4.67735,8.80677,49.989,-3.00532,
25/05/2025 21:11:00,553.67,192.389,0,325.128,0.65,0,9.6526,5.17123,14.8238,50.0084,-2.99829,
25/05/2025 21:12:00,553.634,192.398,0,324.889,0.65,0,4.99412,8.62805,13.6222,49.9645,-2.99829,
25/05/2025 21:13:00,553.692,192.408,0,324.649,0.65,0,6.69999,10.7022,17.4022,50.0226,-3.00532,
25/05/2025 21:14:00,553.703,192.411,0,324.649,0.65,0,1.75547,6.28857,8.04403,50.0369,-2.99829,
25/05/2025 21:15:00,553.703,192.424,0,324.889,0.65,0,8.00166,8.36517,16.3668,49.9727,-3.00532,
25/05/2025 21:16:00,553.7,192.413,0,325.367,0.65,0,10.6822,14.108,24.7902,49.9971,-3.01226,
25/05/2025 21:17:00,553.703,192.415,0,325.367,0.65,0,2.44971,6.55562,9.00534,49.9509,-3.01226,
25/05/2025 21:18:00,553.703,192.422,0,325.367,0.65,0,4.6959,9.13556,13.8315,49.9808,-3.01226,
25/05/2025 21:19:00,553.7,192.417,0,324.889,0.65,0,10.6434,14.0141,24.6575,50.0226,-3.00532,
25/05/2025 21:20:00,553.703,192.41,0,324.889,0.65,0,22.2814,16.0605,38.3418,49.9835,-3.0192,
25/05/2025 21:21:00,553.703,192.415,0,324.41,0.65,0,15.7929,15.3554,31.1483,50.0112,-3.00532,
25/05/2025 21:22:00,553.703,192.42,0,324.649,0.65,0,5.52064,5.08387,10.6045,50.0112,-3.01226,
25/05/2025 21:23:00,553.703,192.424,0,325.128,0.65,0,3.22506,5.69943,8.9245,50.0084,-3.00532,
25/05/2025 21:24:00,553.709,192.435,0,325.367,0.65,0,4.11538,4.93049,9.04587,50.0112,-3.01226,
25/05/2025 21:25:00,553.718,192.426,0,325.128,0.65,0,9.10663,12.5794,21.6861,49.9917,-3.00532,
25/05/2025 21:26:00,553.744,192.444,0,325.128,0.65,0,7.47001,13.0659,20.5359,50.0084,-2.99829,
25/05/2025 21:27:00,553.763,192.449,0,325.367,0.65,0,6.61879,14.7795,21.3983,49.9944,-3.00532,
25/05/2025 21:28:00,553.752,192.433,0,324.649,0.65,0,8.55071,1.61413,10.1648,49.9998,-2.99829,
25/05/2025 21:29:00,553.785,192.444,0,324.41,0.65,0,2.89182,6.49634,9.38818,49.9808,-2.99829,
25/05/2025 21:30:00,553.826,192.446,0,324.41,0.65,0,1.02777,5.4828,6.51058,49.9618,-2.99829,
25/05/2025 21:31:00,553.838,192.454,0,324.889,0.65,0,-1.79792,2.95086,1.15294,49.9699,-2.98366,
25/05/2025 21:32:00,553.82,192.439,0,325.367,0.65,0,-1.81811,3.35176,1.53365,50.0597,-2.98366,
25/05/2025 21:33:00,553.779,192.442,0,325.367,0.65,0,3.10582,0.547049,3.65288,49.9944,-2.98366,
25/05/2025 21:34:00,553.757,192.438,0,325.367,0.65,0,7.39111,10.0033,17.3944,50.0084,-2.99097,
25/05/2025 21:35:00,553.795,192.451,0,324.889,0.65,0,8.39144,12.3703,20.7618,49.9591,-2.99829,
25/05/2025 21:36:00,553.77,192.431,0,324.649,0.65,0,20.8169,12.0152,32.8321,49.9808,-2.99829,
25/05/2025 21:37:00,553.77,192.44,0,324.649,0.65,0,5.51439,16.4854,21.9998,50.0283,-2.99829,
25/05/2025 21:38:00,553.773,192.434,0,324.649,0.65,0,5.53353,13.1585,18.692,49.9998,-3.00532,
25/05/2025 21:39:00,553.744,192.429,0,325.128,0.65,0,7.74971,8.38944,16.1392,49.9971,-3.00532,
25/05/2025 21:40:00,553.804,192.452,0,325.367,0.65,0,12.8617,19.8177,32.6795,50.0226,-3.00532,
25/05/2025 21:41:00,553.831,192.452,0,325.367,0.65,0,25.3601,17.4604,42.8204,50.0141,-3.01226,
25/05/2025 21:42:00,553.864,192.445,0,325.367,0.65,0,17.1445,10.4723,27.6168,49.9754,-3.02615,
25/05/2025 21:43:00,553.796,192.442,0,325.128,0.65,0,14.6322,24.6682,39.3004,50.0055,-3.0192,
25/05/2025 21:44:00,553.725,192.43,0,324.649,0.65,0,12.0927,6.2933,18.3861,50.0141,-3.01226,
25/05/2025 21:45:00,553.703,192.422,0,324.17,0.65,0,17.2059,12.0869,29.2928,49.989,-3.0192,
25/05/2025 21:46:00,553.703,192.411,0,324.649,0.65,0,4.41388,9.28078,13.6947,50.0055,-3.0192,
25/05/2025 21:47:00,553.684,192.4,0,325.367,0.65,0,1.89676,3.42824,5.325,49.9971,-3.01226,
25/05/2025 21:48:00,553.668,192.388,0,325.367,0.65,0,1.83361,6.91183,8.74544,50.0312,-3.00532,
25/05/2025 21:49:00,553.658,192.375,0,325.128,0.65,0,0.289646,4.34733,4.63698,50.0055,-2.99829,
25/05/2025 21:50:00,553.699,192.4,0,325.367,0.65,0,4.88203,4.3461,9.22813,50.0112,-2.99829,
25/05/2025 21:51:00,553.7,192.396,0,325.367,0.65,0,7.54896,5.12683,12.6758,50.0084,-2.99829,
25/05/2025 21:52:00,553.744,192.421,0,324.649,0.65,0,20.7042,16.0299,36.7341,49.9699,-2.99829,
25/05/2025 21:53:00,553.792,192.432,0,324.41,0.65,0,19.2753,25.6971,44.9725,50.0255,-2.99829,
25/05/2025 21:54:00,553.822,192.426,0,324.649,0.65,0,10.5241,15.0489,25.573,50.0141,-2.99097,
25/05/2025 21:55:00,553.777,192.427,0,325.128,0.65,0,13.4131,10.7086,24.1217,50.0112,-2.99097,
25/05/2025 21:56:00,553.725,192.409,0,325.367,0.65,0,15.3537,10.0441,25.3978,50.0055,-2.99829,
25/05/2025 21:57:00,553.702,192.392,0,325.367,0.65,0,7.76962,7.80961,15.5792,50.0198,-3.00532,
25/05/2025 21:58:00,553.701,192.393,0,325.367,0.65,0,-1.37704,2.8294,1.45236,50.0141,-2.99829,
25/05/2025 21:59:00,553.706,192.406,0,325.128,0.65,0,-1.8039,1.86658,0.06268,49.989,-3.00532,
25/05/2025 22:00:00,553.772,192.414,0,324.649,0.65,0,0.524256,0.905478,1.42974,49.9944,-3.00532,
25/05/2025 22:01:00,553.849,192.437,0,324.17,0.65,0,6.52875,10.0871,16.6158,50.0255,-3.00532,
25/05/2025 22:02:00,553.855,192.441,0,324.649,0.65,0,8.77043,9.16786,17.9383,50.0568,-2.99097,
25/05/2025 22:03:00,553.865,192.436,0,325.128,0.65,0,9.06102,6.96071,16.0217,50.0027,-3.00532,
25/05/2025 22:04:00,553.883,192.439,0,325.128,0.65,0,5.13631,7.02772,12.164,49.9509,-2.99829,
25/05/2025 22:05:00,553.824,192.428,0,325.367,0.65,0,2.736,6.40772,9.14372,49.9862,-2.99097,
25/05/2025 22:06:00,553.801,192.421,0,325.367,0.65,0,2.30599,3.56512,5.87113,49.9971,-2.99829,
25/05/2025 22:07:00,553.777,192.414,0,325.128,0.65,0,0.966087,1.36231,2.3284,50.0198,-3.00532,
25/05/2025 22:08:00,553.753,192.416,0,324.649,0.65,0,0.643124,5.7501,6.39322,49.9917,-3.00532,
25/05/2025 22:09:00,553.867,192.439,0,324.41,0.65,0,6.43396,14.5663,21.0002,49.9862,-2.99829,
25/05/2025 22:10:00,553.834,192.415,0,324.649,0.65,0,0.0515946,2.75363,2.80522,50.0283,-2.99097,
25/05/2025 22:11:00,553.787,192.416,0,324.889,0.65,0,2.66956,4.09998,6.76953,49.9835,-2.99829,
25/05/2025 22:12:00,553.838,192.426,0,325.367,0.65,0,5.59946,3.16141,8.76087,49.9998,-2.99829,
25/05/2025 22:13:00,553.82,192.424,0,325.128,0.65,0,5.83433,8.00323,13.8376,49.989,-3.00532,
25/05/2025 22:14:00,553.841,192.442,0,325.367,0.65,0,4.51071,4.21587,8.72658,49.9998,-3.01226,
25/05/2025 22:15:00,553.703,192.388,0,325.367,0.65,0,1.30605,6.70454,8.0106,50.0141,-2.99829,
25/05/2025 22:16:00,553.72,192.387,0,324.889,0.65,0,-0.945323,0.931923,-0.0134019,49.9781,-3.01226,
25/05/2025 22:17:00,553.647,192.351,0,324.649,0.65,0,0.44355,4.23822,4.68177,50.0027,-3.01226,
25/05/2025 22:18:00,553.697,192.382,0,324.649,0.65,0,1.32207,2.83,4.15207,49.9835,-3.01226,
25/05/2025 22:19:00,553.661,192.351,0,324.889,0.65,0,3.2762,3.93173,7.20792,50.0055,-3.00532,
25/05/2025 22:20:00,553.718,192.381,0,325.607,0.65,0,2.46308,7.73349,10.1966,49.9781,-3.00532,
25/05/2025 22:21:00,553.608,192.313,0,325.367,0.65,0,-1.45413,0.192704,-1.26143,49.989,-3.00532,
25/05/2025 22:22:00,553.527,192.309,0,325.367,0.65,0,0.420708,7.04376,7.46446,49.9727,-3.01226,
25/05/2025 22:23:00,553.856,192.394,0,325.367,0.65,0,0.548814,5.37699,5.9258,50.0169,-3.01226,
25/05/2025 22:24:00,553.723,192.35,0,324.649,0.65,0,-1.40771,-0.27411,-1.68182,49.9944,-3.0192,
25/05/2025 22:25:00,553.655,192.304,0,324.41,0.65,0,-1.71691,1.08525,-0.631662,49.989,-3.0331,
25/05/2025 22:26:00,553.594,192.286,0,324.649,0.65,0,-0.701746,2.61909,1.91734,50.0055,-3.0331,
25/05/2025 22:27:00,553.599,192.283,0,325.367,0.65,0,-1.42508,0.586908,-0.838177,49.9998,-3.02615,
25/05/2025 22:28:00,553.682,192.317,0,325.128,0.65,0,-0.886084,0.901908,0.0158241,49.9998,-3.0331,
25/05/2025 22:29:00,553.653,192.3,0,325.128,0.65,0,-1.26023,0.81037,-0.449859,49.9971,-3.02615,
25/05/2025 22:30:00,553.679,192.271,0,325.128,0.65,0,-0.190047,0.835136,0.645091,49.9917,-3.0331,
25/05/2025 22:31:00,553.621,192.277,0,325.128,0.65,0,-1.19868,3.27181,2.07314,49.9917,-3.0331,
25/05/2025 22:32:00,553.507,192.244,0,324.889,0.65,0,-0.433659,1.12591,0.692255,50.0112,-3.0331,
25/05/2025 22:33:00,553.5,192.233,0,324.41,0.65,0,1.76665,3.22794,4.9946,50.0255,-3.0331,
25/05/2025 22:34:00,553.561,192.26,0,324.649,0.65,0,0.363687,2.12522,2.48891,50.0169,-3.02615,
25/05/2025 22:35:00,553.662,192.304,0,325.128,0.65,0,1.57278,4.40635,5.97913,49.9455,-3.04005,
25/05/2025 22:36:00,553.676,192.276,0,325.607,0.65,0,-0.245304,2.9739,2.7286,49.9808,-3.04005,
25/05/2025 22:37:00,553.578,192.248,0,325.128,0.65,0,-1.59187,0.132112,-1.45976,49.9672,-3.0331,
25/05/2025 22:38:00,553.502,192.212,0,325.367,0.65,0,-0.574223,1.08784,0.513621,50.0027,-3.04005,
25/05/2025 22:39:00,553.504,192.199,0,324.889,0.65,0,-0.254577,3.77575,3.52118,50.0027,-3.04005,
25/05/2025 22:40:00,553.525,192.216,0,324.649,0.65,0,-0.361449,1.97923,1.61778,49.9645,-3.04005,
25/05/2025 22:41:00,553.588,192.239,0,324.41,0.65,0,0.635026,3.03373,3.66875,49.9917,-3.04005,
25/05/2025 22:42:00,553.601,192.241,0,324.649,0.65,0,0.549267,4.34316,4.89242,50.0055,-3.04005,
25/05/2025 22:43:00,553.811,192.33,0,325.128,0.65,0,0.994401,5.64183,6.63624,50.0226,-3.0331,
25/05/2025 22:44:00,553.932,192.347,0,325.367,0.65,0,-0.159475,5.76319,5.60371,50.0055,-3.0331,
25/05/2025 22:45:00,553.703,192.235,0,325.367,0.65,0,-1.4032,0.678024,-0.725176,49.9754,-3.0331,
25/05/2025 22:46:00,553.672,192.234,0,325.367,0.65,0,-1.53129,0.717756,-0.813529,49.9917,-3.0331,
25/05/2025 22:47:00,553.624,192.223,0,325.128,0.65,0,-1.67009,1.16282,-0.507267,49.9808,-3.0331,
25/05/2025 22:48:00,553.655,192.208,0,324.889,0.65,0,-1.10398,1.86468,0.760693,50.0084,-3.02615,
25/05/2025 22:49:00,553.673,192.213,0,324.17,0.65,0,-0.166193,-0.0408587,-0.207052,50.0027,-3.0331,
25/05/2025 22:50:00,553.593,192.193,0,324.649,0.65,0,-1.15509,3.06603,1.91094,50.0084,-3.0331,
25/05/2025 22:51:00,553.522,192.171,0,325.367,0.65,0,-0.598558,3.38978,2.79122,49.9917,-3.0192,
25/05/2025 22:52:00,553.391,192.109,0,325.607,0.65,0,-0.510893,1.83407,1.32318,49.9917,-3.0331,
25/05/2025 22:53:00,553.324,192.092,0,325.128,0.65,0,-0.341294,2.04397,1.70267,50.0198,-3.02615,
25/05/2025 22:54:00,553.41,192.107,0,325.367,0.65,0,-0.318691,3.10229,2.7836,50.0141,-3.02615,
25/05/2025 22:55:00,553.406,192.112,0,325.607,0.65,0,-1.33533,0.634782,-0.700552,49.9754,-3.02615,
25/05/2025 22:56:00,553.446,192.108,0,324.649,0.65,0,-0.714634,0.61342,-0.101212,49.9944,-3.0192,
25/05/2025 22:57:00,553.348,192.083,0,324.17,0.65,0,0.532529,4.27186,4.80439,49.9754,-3.0192,
25/05/2025 22:58:00,553.401,192.093,0,324.41,0.65,0,-0.100378,6.92877,6.82838,49.9998,-3.02615,
25/05/2025 22:59:00,553.398,192.085,0,325.128,0.65,0,-0.471141,3.93902,3.46788,49.9808,-3.02615,
25/05/2025 23:00:00,553.41,192.09,0,325.128,0.65,0,-0.120168,1.61898,1.49881,50.0055,-3.0192,
25/05/2025 23:01:00,553.319,192.055,0,324.889,0.65,0,0.516515,3.67401,4.19051,49.9944,-3.0192,
25/05/2025 23:02:00,553.262,192.025,0,325.367,0.65,0,-0.397308,-0.586397,-0.983708,49.9971,-3.0192,
25/05/2025 23:03:00,553.314,192.048,0,325.367,0.65,0,-1.5699,1.33255,-0.237339,49.9944,-3.0192,
25/05/2025 23:04:00,553.376,192.07,0,324.649,0.65,0,0.874436,4.58099,5.45543,49.9835,-3.02615,
25/05/2025 23:05:00,553.414,192.06,0,324.649,0.65,0,0.887157,5.00371,5.89088,49.9917,-3.01226,
25/05/2025 23:06:00,553.35,192.059,0,324.649,0.65,0,1.04215,7.77199,8.81416,49.9917,-3.01226,
25/05/2025 23:07:00,553.266,192.02,0,325.128,0.65,0,-1.21438,1.15195,-0.0624352,49.9944,-3.01226,
25/05/2025 23:08:00,553.274,192.047,0,325.607,0.65,0,-1.19038,3.73029,2.5399,49.9971,-3.01226,
25/05/2025 23:09:00,553.332,192.061,0,325.367,0.65,0,0.298973,2.98162,3.28059,50.0055,-3.00532,
25/05/2025 23:10:00,553.299,192.024,0,325.367,0.65,0,-0.214311,1.18705,0.972736,50.0226,-3.01226,
25/05/2025 23:11:00,553.224,191.994,0,325.128,0.65,0,-1.9613,-0.173116,-2.13441,49.9917,-3.02615,
25/05/2025 23:12:00,553.172,191.981,0,324.649,0.65,0,-1.2437,3.60645,2.36275,49.9944,-3.0331,
25/05/2025 23:13:00,553.149,192.011,0,324.41,0.65,0,0.541843,4.06007,4.60191,49.9536,-3.0331,
25/05/2025 23:14:00,553.265,192.014,0,324.889,0.65,0,1.06558,2.6127,3.67829,50.0226,-3.0331,
25/05/2025 23:15:00,553.306,192.046,0,325.128,0.65,0,1.69571,4.26839,5.9641,49.9754,-3.04005,
25/05/2025 23:16:00,553.343,192.029,0,325.367,0.65,0,-0.816938,3.16076,2.34383,49.9835,-3.0331,
25/05/2025 23:17:00,553.284,192.008,0,325.128,0.65,0,-0.979971,0.845537,-0.134435,49.9944,-3.0331,
25/05/2025 23:18:00,553.252,192.02,0,325.367,0.65,0,0.409183,5.55561,5.96479,49.9944,-3.0331,
25/05/2025 23:19:00,553.278,192.002,0,325.128,0.65,0,-0.423521,4.9856,4.56208,49.9917,-3.0331,
25/05/2025 23:20:00,553.244,192.003,0,324.649,0.65,0,-1.39927,1.7842,0.384926,49.9754,-3.04005,
25/05/2025 23:21:00,553.357,192.01,0,324.41,0.65,0,-1.55677,2.61408,1.05731,50.0055,-3.04005,
25/05/2025 23:22:00,553.314,192.002,0,324.649,0.65,0,-1.24767,1.2622,0.014535,49.9808,-3.04701,
25/05/2025 23:23:00,553.299,192.003,0,325.128,0.65,0,-0.94411,2.37243,1.42832,49.9754,-3.04701,
25/05/2025 23:24:00,553.209,191.971,0,325.607,0.65,0,-0.128147,1.66276,1.53462,49.9781,-3.04701,
25/05/2025 23:25:00,553.274,192.005,0,325.128,0.65,0,1.43567,4.19067,5.62633,50.0226,-3.04701,
25/05/2025 23:26:00,553.335,192.009,0,325.128,0.65,0,0.895144,3.61496,4.51011,49.989,-3.04701,
25/05/2025 23:27:00,553.444,192.011,0,324.889,0.65,0,-1.75476,0.74375,-1.01101,49.9808,-3.04701,
25/05/2025 23:28:00,553.297,191.988,0,324.889,0.65,0,-1.44593,0.044484,-1.40145,49.9998,-3.05396,
25/05/2025 23:29:00,553.285,191.976,0,324.41,0.65,0,-1.23972,2.6032,1.36348,49.989,-3.05396,
25/05/2025 23:30:00,553.316,191.956,0,324.649,0.65,0,-1.15922,0.915876,-0.243338,50.0255,-3.04701,
25/05/2025 23:31:00,553.301,191.988,0,325.128,0.65,0,0.496525,5.34936,5.84588,50.0027,-3.04005,
25/05/2025 23:32:00,553.246,191.927,0,325.367,0.65,0,0.412666,5.93821,6.35088,50.0055,-3.0331,
25/05/2025 23:33:00,553.176,191.906,0,325.128,0.65,0,0.23597,5.1476,5.38357,49.9998,-3.02615,
25/05/2025 23:34:00,553.32,191.954,0,325.367,0.65,0,0.551113,5.16862,5.71973,49.9944,-3.0192,
25/05/2025 23:35:00,553.33,191.966,0,325.128,0.65,0,4.51676,10.1255,14.6423,50.0084,-3.02615,
25/05/2025 23:36:00,553.314,191.955,0,324.889,0.65,0,4.34494,5.35167,9.69661,49.989,-3.0192,
25/05/2025 23:37:00,553.327,191.958,0,324.649,0.65,0,4.80341,11.5672,16.3706,49.9727,-3.0192,
25/05/2025 23:38:00,553.325,191.953,0,324.649,0.65,0,1.91256,5.67261,7.58518,50.0141,-3.0192,
25/05/2025 23:39:00,553.285,191.944,0,325.367,0.65,0,0.136822,3.71612,3.85295,49.9917,-3.0192,
25/05/2025 23:40:00,553.178,191.889,0,325.367,0.65,0,0.138118,2.13539,2.2735,50.0169,-3.00532,
25/05/2025 23:41:00,553.126,191.876,0,325.367,0.65,0,0.408764,5.39312,5.80189,49.9944,-3.00532,
25/05/2025 23:42:00,553.105,191.868,0,325.367,0.65,0,0.614195,5.58079,6.19498,50.0027,-3.00532,
25/05/2025 23:43:00,553.123,191.876,0,325.367,0.65,0,3.40511,10.3534,13.7585,49.9998,-3.01226,
25/05/2025 23:44:00,553.268,191.912,0,324.649,0.65,0,4.69085,3.5573,8.24815,49.9754,-3.01226,
25/05/2025 23:45:00,553.19,191.901,0,324.41,0.65,0,0.916362,4.29659,5.21296,50.0397,-3.01226,
25/05/2025 23:46:00,553.178,191.906,0,324.889,0.65,0,-0.0336456,1.24418,1.21053,49.9482,-3.01226,
25/05/2025 23:47:00,553.278,191.91,0,325.367,0.65,0,-0.168513,2.35599,2.18748,50.0084,-3.00532,
25/05/2025 23:48:00,553.315,191.927,0,325.128,0.65,0,0.878708,4.79669,5.6754,50.0055,-2.99829,
25/05/2025 23:49:00,553.239,191.919,0,325.367,0.65,0,1.59509,4.05029,5.64539,50.0169,-2.99097,
25/05/2025 23:50:00,553.169,191.892,0,325.367,0.65,0,-0.732278,0.968364,0.236085,50.0084,-2.99829,
25/05/2025 23:51:00,553.124,191.879,0,325.128,0.65,0,-1.94184,-0.195584,-2.13742,50.0055,-2.99829,
25/05/2025 23:52:00,553.103,191.859,0,324.889,0.65,0,-1.97199,-0.215724,-2.18772,49.9645,-3.00532,
25/05/2025 23:53:00,553.099,191.829,0,324.17,0.65,0,-1.96757,-0.359059,-2.32664,49.9944,-3.00532,
25/05/2025 23:54:00,553.192,191.894,0,324.41,0.65,0,1.83528,3.04723,4.8825,50.0112,-3.00532,
25/05/2025 23:55:00,553.191,191.898,0,325.367,0.65,0,0.567664,2.58783,3.15549,49.9808,-3.00532,
25/05/2025 23:56:00,553.196,191.892,0,325.367,0.65,0,3.97742,6.63462,10.612,50.0027,-2.99829,
25/05/2025 23:57:00,553.121,191.88,0,325.367,0.65,0,4.65706,4.30473,8.9618,49.989,-2.99829,
25/05/2025 23:58:00,553.135,191.875,0,325.367,0.65,0,2.99543,10.6325,13.6279,49.9998,-3.00532,
25/05/2025 23:59:00,553.222,191.888,0,324.889,0.65,0,1.67812,6.9759,8.65402,49.9944,-3.00532,
26/05/2025 00:00:00,553.306,191.907,0,324.889,0.65,0,5.93253,5.01341,10.9459,49.9998,-3.00532,
26/05/2025 00:01:00,553.272,191.893,0,324.17,0.65,0,0.0049346,2.31558,2.32051,50.0198,-3.00532,
26/05/2025 00:02:00,553.164,191.888,0,324.649,0.65,0,-0.880166,1.32421,0.444042,49.9862,-2.99829,
26/05/2025 00:03:00,553.155,191.879,0,325.128,0.65,0,-1.48052,0.523053,-0.957465,50.0084,-2.99097,
26/05/2025 00:04:00,553.144,191.871,0,325.128,0.65,0,4.68982,5.65861,10.3484,49.9971,-2.98366,
26/05/2025 00:05:00,553.127,191.87,0,324.889,0.65,0,3.05306,7.66593,10.719,50.0454,-2.99097,
26/05/2025 00:06:00,553.124,191.879,0,325.367,0.65,0,2.38937,5.12162,7.51099,49.9944,-2.98366,
26/05/2025 00:07:00,553.149,191.889,0,325.128,0.65,0,-1.55433,0.174736,-1.37959,49.9754,-2.98366,
26/05/2025 00:08:00,553.293,191.911,0,324.889,0.65,0,3.86987,-1.95714,1.91274,49.9944,-2.97636,
26/05/2025 00:09:00,553.26,191.896,0,324.41,0.65,0,0.583349,2.22357,2.80693,50.0397,-2.97636,
26/05/2025 00:10:00,553.133,191.889,0,324.649,0.65,0,-0.366962,1.3763,1.00934,50.0226,-2.97636,
26/05/2025 00:11:00,553.124,191.871,0,325.367,0.65,0,2.93971,6.06099,9.00069,50.0055,-2.96905,
26/05/2025 00:12:00,553.123,191.869,0,325.367,0.65,0,2.7423,6.92504,9.66734,49.9971,-2.96175,
26/05/2025 00:13:00,553.128,191.873,0,325.367,0.65,0,6.21498,5.73703,11.952,50.0141,-2.96905,
26/05/2025 00:14:00,553.13,191.893,0,325.367,0.65,0,4.61513,15.2848,19.8999,50.0169,-2.96175,
26/05/2025 00:15:00,553.134,191.873,0,325.128,0.65,0,3.29042,6.6539,9.94432,50.0027,-2.96905,
26/05/2025 00:16:00,553.144,191.878,0,324.649,0.65,0,0.385569,4.15296,4.53853,49.989,-2.96905,
26/05/2025 00:17:00,553.124,191.865,0,324.649,0.65,0,-0.752251,0.450915,-0.301336,49.94,-2.98366,
26/05/2025 00:18:00,553.177,191.876,0,324.889,0.65,0,-1.90892,-0.19294,-2.10186,50.0027,-2.98366,
26/05/2025 00:19:00,553.152,191.878,0,325.367,0.65,0,-1.88641,0.859921,-1.02649,49.9862,-2.99097,
26/05/2025 00:20:00,553.119,191.86,0,325.367,0.65,0,-1.76557,-0.288739,-2.05431,50.0141,-2.99829,
26/05/2025 00:21:00,553.099,191.809,0,325.128,0.65,0,-1.83205,0.359933,-1.47211,49.9618,-2.99829,
26/05/2025 00:22:00,553.125,191.861,0,325.367,0.65,0,3.56701,4.4055,7.97251,50.0198,-2.99097,
26/05/2025 00:23:00,553.124,191.859,0,325.367,0.65,0,-0.314907,2.83259,2.51769,49.989,-2.99829,
26/05/2025 00:24:00,553.112,191.831,0,324.649,0.65,0,3.73832,3.44985,7.18817,50.0312,-2.99829,
26/05/2025 00:25:00,553.08,191.854,0,324.649,0.65,0,1.66526,1.51895,3.1842,50.0112,-2.99829,
26/05/2025 00:26:00,553.118,191.836,0,324.889,0.65,0,4.47207,23.3936,27.8657,49.9754,-3.00532,
26/05/2025 00:27:00,553.119,191.861,0,325.367,0.65,0,7.29063,14.7789,22.0695,49.9971,-3.00532,
26/05/2025 00:28:00,553.123,191.874,0,325.367,0.65,0,4.62253,4.49261,9.11513,50.0226,-2.99829,
26/05/2025 00:29:00,553.123,191.88,0,325.367,0.65,0,-1.71081,0.7059,-1.00491,50.0141,-2.99829,
26/05/2025 00:30:00,553.104,191.859,0,325.367,0.65,0,-1.89721,-0.310614,-2.20782,49.9754,-3.00532,
26/05/2025 00:31:00,553.11,191.84,0,325.367,0.65,0,-0.149444,0.196223,0.0467802,49.989,-3.01226,
26/05/2025 00:32:00,553.123,191.844,0,324.649,0.65,0,-1.69899,0.14147,-1.55752,50.0226,-3.00532,
26/05/2025 00:33:00,553.123,191.826,0,324.649,0.65,0,-1.90309,0.0773033,-1.82579,49.9781,-3.01226,
26/05/2025 00:34:00,553.114,191.866,0,324.649,0.65,0,-0.981143,-0.832251,-1.81339,50.0027,-3.01226,
26/05/2025 00:35:00,553.123,191.83,0,325.367,0.65,0,3.0469,5.83921,8.8861,49.9781,-3.01226,
26/05/2025 00:36:00,553.123,191.868,0,325.607,0.65,0,4.44386,8.64011,13.084,49.989,-3.0192,
26/05/2025 00:37:00,553.123,191.876,0,325.367,0.65,0,3.65193,8.94921,12.6011,49.9754,-3.0192,
26/05/2025 00:38:00,553.184,191.885,0,325.367,0.65,0,4.33906,5.61654,9.95561,49.989,-3.00532,
26/05/2025 00:39:00,553.13,191.836,0,324.889,0.65,0,4.09368,7.26368,11.3574,50.0055,-3.00532,
26/05/2025 00:40:00,553.127,191.867,0,324.649,0.65,0,0.774763,4.1176,4.89237,49.9727,-3.01226,
26/05/2025 00:41:00,553.113,191.866,0,324.41,0.65,0,1.74335,6.7963,8.53966,50.0027,-2.99829,
26/05/2025 00:42:00,553.103,191.849,0,324.649,0.65,0,5.71989,9.53004,15.2499,50.0141,-2.99829,
26/05/2025 00:43:00,553.123,191.844,0,325.367,0.65,0,3.85926,9.70571,13.565,49.9699,-2.99829,
26/05/2025 00:44:00,553.123,191.851,0,325.367,0.65,0,8.93178,1.48386,10.4157,49.9917,-2.99829,
26/05/2025 00:45:00,553.12,191.83,0,325.128,0.65,0,1.31653,0.367717,1.68425,49.9835,-2.99829,
26/05/2025 00:46:00,553.127,191.821,0,325.367,0.65,0,-1.34869,0.487601,-0.861088,49.9944,-3.00532,
26/05/2025 00:47:00,553.124,191.819,0,325.367,0.65,0,-1.29543,-0.465694,-1.76112,49.9998,-3.00532,
26/05/2025 00:48:00,553.124,191.806,0,324.889,0.65,0,3.9452,0.726924,4.67212,49.9781,-3.00532,
26/05/2025 00:49:00,553.124,191.845,0,324.649,0.65,0,4.51186,5.91106,10.4229,49.9998,-3.00532,
26/05/2025 00:50:00,553.224,191.879,0,324.649,0.65,0,4.22063,7.43611,11.6567,50.0027,-3.00532,
26/05/2025 00:51:00,553.278,191.887,0,325.128,0.65,0,11.1478,18.8421,29.99,49.9998,-3.00532,
26/05/2025 00:52:00,553.293,191.88,0,325.607,0.65,0,5.93115,10.3919,16.3231,50.0141,-2.99829,
26/05/2025 00:53:00,553.314,191.886,0,325.128,0.65,0,2.62376,7.77357,10.3973,49.9971,-2.99097,
26/05/2025 00:54:00,553.303,191.885,0,325.367,0.65,0,-0.173404,2.70354,2.53013,49.9699,-2.99097,
26/05/2025 00:55:00,553.314,191.88,0,325.367,0.65,0,0.968195,6.95909,7.92728,50.0397,-2.99829,
26/05/2025 00:56:00,553.3,191.895,0,324.649,0.65,0,0.864817,-0.531869,0.332947,49.9944,-2.99097,
26/05/2025 00:57:00,553.218,191.875,0,324.41,0.65,0,-1.00599,1.30872,0.302728,50.0084,-2.98366,
26/05/2025 00:58:00,553.345,191.922,0,324.649,0.65,0,-0.330891,2.53732,2.20643,49.9862,-2.99829,
26/05/2025 00:59:00,553.254,191.911,0,325.128,0.65,0,3.32157,6.20063,9.52221,49.9754,-2.99829,
26/05/2025 01:00:00,543.904,188.652,0,325.128,0.639167,0,5.78852,11.1339,16.9224,49.9998,-2.99829,
26/05/2025 01:01:00,553.202,191.893,0,325.128,0.65,0,6.41943,3.50636,9.9258,49.9373,-2.99097,
26/05/2025 01:02:00,553.293,191.936,0,325.367,0.65,0,5.67542,7.30339,12.9788,50.0255,-2.99097,
26/05/2025 01:03:00,544.131,188.729,0,325.128,0.639167,0,1.49444,5.22954,6.72398,50.0027,-2.99097,
26/05/2025 01:04:00,553.249,191.903,0,324.889,0.65,0,0.355262,5.96891,6.32417,49.9754,-2.99097,
26/05/2025 01:05:00,553.425,191.959,0,324.41,0.65,0,1.33207,0.365971,1.69804,49.9862,-2.99097,
26/05/2025 01:06:00,553.321,191.946,0,324.889,0.65,0,3.02472,4.7194,7.74411,50.0255,-2.99829,
26/05/2025 01:07:00,553.286,191.896,0,325.367,0.65,0,0.827605,7.16042,7.98801,50.0426,-2.99097,
26/05/2025 01:08:00,553.29,191.929,0,325.128,0.65,0,0.667457,2.98334,3.6508,50.0397,-2.98366,
26/05/2025 01:09:00,553.291,191.96,0,325.367,0.65,0,4.14045,5.71606,9.85651,49.9835,-2.99097,
26/05/2025 01:10:00,553.174,191.894,0,325.367,0.65,0,3.07413,6.88636,9.96049,50.0112,-2.99097,
26/05/2025 01:11:00,553.285,191.901,0,325.367,0.65,0,-0.221832,1.34191,1.12008,49.9835,-2.99097,
26/05/2025 01:12:00,553.31,191.902,0,324.889,0.65,0,-1.97971,-0.416115,-2.39583,49.9917,-3.01226,
26/05/2025 01:13:00,553.259,191.887,0,324.17,0.65,0,-0.674428,0.897876,0.223449,49.9754,-3.01226,
26/05/2025 01:14:00,553.325,191.933,0,324.649,0.65,0,-1.62667,1.33046,-0.296209,49.9944,-3.0192,
26/05/2025 01:15:00,553.59,191.994,0,325.128,0.65,0,2.95855,8.36049,11.319,49.9699,-3.01226,
26/05/2025 01:16:00,553.529,191.985,0,325.607,0.65,0,0.602078,4.28147,4.88355,49.9808,-3.01226,
26/05/2025 01:17:00,553.384,191.944,0,325.367,0.65,0,-0.727597,1.62752,0.899924,50.0169,-3.01226,
26/05/2025 01:18:00,553.429,191.961,0,325.128,0.65,0,2.92741,4.92178,7.84918,50.0084,-3.00532,
26/05/2025 01:19:00,553.451,191.971,0,325.367,0.65,0,3.0712,4.82175,7.89294,50.0198,-3.00532,
26/05/2025 01:20:00,553.415,191.985,0,324.889,0.65,0,3.12813,8.78956,11.9177,50.0169,-3.01226,
26/05/2025 01:21:00,553.416,191.952,0,324.41,0.65,0,0.42404,5.81222,6.23625,49.9808,-3.00532,
26/05/2025 01:22:00,553.513,192.005,0,324.649,0.65,0,-0.759932,2.4176,1.65768,50.0055,-3.0192,
26/05/2025 01:23:00,553.573,192.033,0,325.128,0.65,0,3.58823,5.57234,9.16059,50.0084,-3.0192,
26/05/2025 01:24:00,553.519,192.006,0,325.367,0.65,0,-0.472668,3.10733,2.63466,49.9591,-3.0192,
26/05/2025 01:25:00,553.458,191.985,0,325.128,0.65,0,0.403948,0.167636,0.571583,49.989,-3.0192,
26/05/2025 01:26:00,544.272,188.817,0,325.367,0.639167,0,0.584802,3.30178,3.88658,49.9917,-3.0192,
26/05/2025 01:27:00,553.456,191.943,0,325.367,0.65,0,-0.222877,4.45752,4.23464,50.0055,-3.01226,
26/05/2025 01:28:00,553.42,191.98,0,324.649,0.65,0,2.74562,5.45728,8.2029,50.0084,-3.0192,
26/05/2025 01:29:00,553.514,192.007,0,324.649,0.65,0,2.83665,5.06947,7.90612,50.0198,-3.0192,
26/05/2025 01:30:00,553.554,192.038,0,324.649,0.65,0,0.994215,6.48932,7.48354,49.9727,-3.0192,
26/05/2025 01:31:00,553.65,192.027,0,325.367,0.65,0,0.392396,5.31483,5.70723,50.0112,-3.01226,
26/05/2025 01:32:00,553.672,192.029,0,325.367,0.65,0,0.0384573,2.03204,2.0705,50.0141,-3.01226,
26/05/2025 01:33:00,553.537,192.007,0,325.128,0.65,0,-0.61273,5.13993,4.5272,49.9835,-3.00532,
26/05/2025 01:34:00,553.524,192.008,0,325.367,0.65,0,1.61646,4.67015,6.28661,50.0027,-3.00532,
26/05/2025 01:35:00,553.623,192.049,0,325.367,0.65,0,0.326094,4.4213,4.74739,49.989,-3.0192,
26/05/2025 01:36:00,553.703,192.075,0,324.889,0.65,0,-0.264752,1.13243,0.867678,50.0198,-3.0192,
26/05/2025 01:37:00,553.598,192.047,0,324.41,0.65,0,0.0957762,2.49168,2.58746,49.9998,-3.01226,
26/05/2025 01:38:00,553.586,192.033,0,324.649,0.65,0,-0.891268,1.85464,0.963369,49.9754,-3.01226,
26/05/2025 01:39:00,553.707,192.058,0,325.128,0.65,0,1.35164,5.59706,6.9487,49.9618,-3.0192,
26/05/2025 01:40:00,553.609,192.027,0,325.128,0.65,0,2.22086,8.92649,11.1474,49.9781,-3.01226,
26/05/2025 01:41:00,553.516,192.007,0,325.128,0.65,0,0.193667,3.25175,3.44541,49.989,-3.0192,
26/05/2025 01:42:00,553.492,191.988,0,325.128,0.65,0,0.692081,8.48286,9.17492,50.0198,-3.01226,
26/05/2025 01:43:00,553.495,191.973,0,325.367,0.65,0,-0.0948208,4.99709,4.90228,49.989,-3.01226,
26/05/2025 01:44:00,553.474,191.988,0,324.649,0.65,0,1.70867,3.98675,5.69542,50.0027,-3.01226,
26/05/2025 01:45:00,553.369,191.92,0,324.41,0.65,0,-1.75833,-0.319029,-2.07736,49.9727,-3.01226,
26/05/2025 01:46:00,553.474,191.947,0,324.41,0.65,0,0.918401,6.20951,7.12789,50.0055,-3.01226,
26/05/2025 01:47:00,553.51,191.965,0,325.367,0.65,0,1.22383,3.48733,4.71116,49.9835,-3.01226,
26/05/2025 01:48:00,553.519,192,0,325.367,0.65,0,2.68617,4.21655,6.90271,49.9754,-3.00532,
26/05/2025 01:49:00,553.523,192.011,0,325.128,0.65,0,0.886402,5.17524,6.06164,49.9808,-3.00532,
26/05/2025 01:50:00,553.496,191.953,0,325.367,0.65,0,0.11818,3.85403,3.9722,50.0283,-3.01226,
26/05/2025 01:51:00,553.435,191.938,0,325.367,0.65,0,-0.152655,4.91035,4.75769,49.9536,-3.0192,
26/05/2025 01:52:00,553.427,191.923,0,324.889,0.65,0,-1.91331,-0.245237,-2.15854,50.0141,-3.01226,
26/05/2025 01:53:00,553.44,191.933,0,324.41,0.65,0,-1.86993,-0.455211,-2.32514,49.9781,-3.02615,
26/05/2025 01:54:00,553.396,191.94,0,324.649,0.65,0,-0.353519,2.6442,2.29068,50.0027,-3.0192,
26/05/2025 01:55:00,553.341,191.897,0,325.128,0.65,0,0.801547,1.62316,2.42471,49.9754,-3.0192,
26/05/2025 01:56:00,553.315,191.893,0,325.607,0.65,0,-1.7841,-0.234412,-2.01851,50.0112,-3.0192,
26/05/2025 01:57:00,553.31,191.875,0,325.128,0.65,0,-1.97096,-0.316112,-2.28708,50.0027,-3.01226,
26/05/2025 01:58:00,553.314,191.88,0,325.367,0.65,0,-1.90902,-0.42593,-2.33495,50.0454,-3.01226,
26/05/2025 01:59:00,553.297,191.895,0,325.367,0.65,0,-0.882595,1.4717,0.589102,49.9835,-3.01226,
26/05/2025 02:00:00,553.221,191.869,0,324.649,0.65,0,0.286869,1.86084,2.14771,50.0027,-3.00532,
26/05/2025 02:01:00,553.313,191.873,0,324.41,0.65,0,-0.375813,0.261245,-0.114569,50.0027,-2.99829,
26/05/2025 02:02:00,553.313,191.886,0,324.41,0.65,0,-0.613581,-0.434322,-1.0479,49.9971,-2.99829,
26/05/2025 02:03:00,553.263,191.874,0,324.889,0.65,0,-1.25717,5.36404,4.10687,49.9917,-3.01226,
26/05/2025 02:04:00,553.283,191.873,0,325.367,0.65,0,0.579196,2.99504,3.57424,50.0169,-3.00532,
26/05/2025 02:05:00,553.305,191.866,0,325.128,0.65,0,1.89436,6.96357,8.85792,50.0255,-3.00532,
26/05/2025 02:06:00,553.285,191.867,0,325.367,0.65,0,0.623598,4.95044,5.57404,49.9862,-2.99829,
26/05/2025 02:07:00,553.2,191.871,0,325.367,0.65,0,-0.55408,2.61901,2.06494,50.0426,-2.99097,
26/05/2025 02:08:00,553.105,191.83,0,324.649,0.65,0,0.0153587,4.13445,4.14981,49.9618,-2.99829,
26/05/2025 02:09:00,553.179,191.851,0,324.649,0.65,0,1.39745,7.39635,8.79381,50.034,-2.99829,
26/05/2025 02:10:00,553.313,191.899,0,324.41,0.65,0,2.98984,3.39419,6.38403,50.0198,-2.99829,
26/05/2025 02:11:00,553.316,191.886,0,325.128,0.65,0,3.25187,2.88845,6.14031,49.9835,-2.99829,
26/05/2025 02:12:00,553.311,191.884,0,325.367,0.65,0,4.58652,5.01621,9.60273,49.9564,-2.99829,
26/05/2025 02:13:00,553.312,191.882,0,325.128,0.65,0,4.45228,7.22367,11.6759,50.0084,-2.99829,
26/05/2025 02:14:00,553.316,191.904,0,325.367,0.65,0,4.32971,9.13609,13.4658,49.9808,-2.99829,
26/05/2025 02:15:00,553.316,191.915,0,324.889,0.65,0,4.37581,6.52989,10.9057,49.9971,-3.00532,
26/05/2025 02:16:00,553.316,191.913,0,324.649,0.65,0,6.57372,12.9208,19.4945,49.989,-3.00532,
26/05/2025 02:17:00,553.316,191.929,0,324.41,0.65,0,9.44669,19.9598,29.4065,49.9917,-3.0192,
26/05/2025 02:18:00,553.29,191.883,0,324.649,0.65,0,8.54065,17.8905,26.4312,49.9808,-3.0192,
26/05/2025 02:19:00,553.218,191.854,0,325.367,0.65,0,1.88999,2.75839,4.64838,49.989,-3.0192,
26/05/2025 02:20:00,553.307,191.869,0,325.367,0.65,0,2.96174,8.74177,11.7035,50.0084,-3.02615,
26/05/2025 02:21:00,553.315,191.882,0,325.367,0.65,0,7.36044,13.1976,20.558,50.0055,-3.0192,
26/05/2025 02:22:00,553.29,191.866,0,325.128,0.65,0,7.66013,19.2375,26.8976,50.0141,-3.0192,
26/05/2025 02:23:00,553.252,191.872,0,325.607,0.65,0,9.33419,11.7124,21.0466,49.9998,-3.0192,
26/05/2025 02:24:00,553.203,191.874,0,324.649,0.65,0,2.85504,7.12596,9.98099,49.989,-3.0192,
26/05/2025 02:25:00,553.245,191.87,0,324.41,0.65,0,5.38271,4.69301,10.0757,50.0027,-3.01226,
26/05/2025 02:26:00,553.249,191.848,0,324.649,0.65,0,4.71378,10.7666,15.4804,49.9591,-3.01226,
26/05/2025 02:27:00,553.164,191.845,0,325.128,0.65,0,3.59404,6.19036,9.7844,50.0084,-3.01226,
26/05/2025 02:28:00,553.129,191.843,0,325.367,0.65,0,0.777945,3.97319,4.75113,49.9618,-3.0192,
26/05/2025 02:29:00,553.124,191.807,0,325.367,0.65,0,4.75734,4.56961,9.32697,50.0084,-3.0192,
26/05/2025 02:30:00,553.124,191.85,0,325.128,0.65,0,0.18051,4.09189,4.2724,49.9781,-3.02615,
26/05/2025 02:31:00,553.124,191.876,0,325.128,0.65,0,4.58869,6.10188,10.6906,49.9808,-3.0192,
26/05/2025 02:32:00,553.124,191.843,0,324.889,0.65,0,3.43023,4.69235,8.1226,49.9672,-3.0192,
26/05/2025 02:33:00,553.103,191.784,0,324.41,0.65,0,4.82113,7.93315,12.7543,49.989,-3.0192,
26/05/2025 02:34:00,553.118,191.792,0,324.41,0.65,0,5.57282,7.84525,13.418,50.0255,-3.00532,
26/05/2025 02:35:00,553.105,191.813,0,324.889,0.65,0,2.36965,8.25141,10.621,49.9835,-2.99829,
26/05/2025 02:36:00,553.123,191.86,0,325.367,0.65,0,4.9663,5.06212,10.0284,50.0084,-2.99829,
26/05/2025 02:37:00,553.124,191.843,0,325.367,0.65,0,6.01037,14.4115,20.4219,50.0198,-2.99097,
26/05/2025 02:38:00,553.121,191.798,0,325.367,0.65,0,4.12794,8.90055,13.0285,50.0226,-2.99097,
26/05/2025 02:39:00,553.123,191.832,0,325.128,0.65,0,3.67452,9.73919,13.4137,49.9862,-3.00532,
26/05/2025 02:40:00,553.128,191.875,0,324.649,0.65,0,5.2875,9.37187,14.6593,50.0027,-3.00532,
26/05/2025 02:41:00,553.127,191.849,0,324.41,0.65,0,1.03576,6.67224,7.70799,49.9835,-3.00532,
26/05/2025 02:42:00,553.132,191.826,0,324.649,0.65,0,4.1755,9.07853,13.254,49.9862,-3.01226,
26/05/2025 02:43:00,553.192,191.826,0,325.128,0.65,0,-0.240563,4.19829,3.95772,49.989,-3.0192,
26/05/2025 02:44:00,553.168,191.801,0,325.367,0.65,0,-1.5479,1.26173,-0.286174,49.989,-3.0192,
26/05/2025 02:45:00,553.172,191.873,0,325.128,0.65,0,-0.204093,2.38711,2.18302,50.0283,-3.00532,
26/05/2025 02:46:00,553.164,191.863,0,325.128,0.65,0,0.574313,4.03265,4.60697,49.989,-3.00532,
26/05/2025 02:47:00,553.216,191.843,0,325.607,0.65,0,0.629361,2.29253,2.92189,49.9971,-3.00532,
26/05/2025 02:48:00,553.315,191.828,0,324.649,0.65,0,1.11747,1.52475,2.64223,49.9591,-3.01226,
26/05/2025 02:49:00,553.316,191.873,0,324.649,0.65,0,-0.44482,3.16066,2.71584,49.9917,-3.01226,
26/05/2025 02:50:00,553.313,191.93,0,324.649,0.65,0,1.08817,3.28918,4.37735,50.0369,-3.01226,
26/05/2025 02:51:00,553.319,191.869,0,325.128,0.65,0,2.24996,1.8266,4.07656,49.9944,-3.0192,
26/05/2025 02:52:00,553.32,191.917,0,325.128,0.65,0,4.84392,7.85033,12.6943,49.9971,-3.02615,
26/05/2025 02:53:00,553.32,191.871,0,325.128,0.65,0,7.44792,19.7436,27.1915,50.0198,-3.01226,
26/05/2025 02:54:00,553.32,191.917,0,325.367,0.65,0,9.78267,7.06145,16.8441,50.0055,-3.0192,
26/05/2025 02:55:00,553.317,191.913,0,325.128,0.65,0,8.80825,9.73774,18.546,49.9917,-3.01226,
26/05/2025 02:56:00,553.311,191.869,0,324.649,0.65,0,10.9016,8.1866,19.0882,49.9727,-3.00532,
26/05/2025 02:57:00,553.316,191.89,0,324.17,0.65,0,9.67058,10.7678,20.4384,50.0084,-2.99097,
26/05/2025 02:58:00,553.321,191.896,0,324.649,0.65,0,8.08445,8.61728,16.7018,50.0283,-2.99097,
26/05/2025 02:59:00,553.347,191.925,0,325.128,0.65,0,1.30103,3.76213,5.06316,50.0055,-2.99097,
26/05/2025 03:00:00,553.455,191.919,0,325.846,0.65,0,5.06905,12.7856,17.8546,50.0084,-2.98366,
26/05/2025 03:01:00,553.468,191.921,0,325.128,0.65,0,4.58861,13.4711,18.0597,50.0169,-2.99097,
26/05/2025 03:02:00,553.356,191.906,0,325.367,0.65,0,0.261143,4.18667,4.44781,49.9917,-2.98366,
26/05/2025 03:03:00,553.308,191.86,0,325.367,0.65,0,-1.14664,-0.042417,-1.18906,50.0055,-2.98366,
26/05/2025 03:04:00,553.173,191.847,0,324.649,0.65,0,-1.64487,0.386947,-1.25792,49.9862,-2.97636,
26/05/2025 03:05:00,553.123,191.829,0,324.41,0.65,0,-0.661626,1.70229,1.04067,49.9917,-2.99829,
26/05/2025 03:06:00,553.138,191.808,0,324.649,0.65,0,-0.219038,0.0598398,-0.159199,50.0255,-3.00532,
26/05/2025 03:07:00,553.212,191.843,0,325.367,0.65,0,-0.605446,0.0498249,-0.555623,49.9917,-3.01226,
26/05/2025 03:08:00,553.247,191.856,0,325.128,0.65,0,-1.14336,0.967368,-0.175997,50.0027,-3.00532,
26/05/2025 03:09:00,553.287,191.857,0,325.128,0.65,0,0.655472,3.54459,4.20006,50.0112,-3.00532,
26/05/2025 03:10:00,553.267,191.855,0,325.367,0.65,0,-1.0069,1.49212,0.485221,49.9944,-2.99829,
26/05/2025 03:11:00,553.199,191.84,0,325.128,0.65,0,9.40725,1.59304,11.0003,49.9971,-3.00532,
26/05/2025 03:12:00,553.143,191.843,0,324.649,0.65,0,4.28509,6.78122,11.0663,49.9699,-3.00532,
26/05/2025 03:13:00,553.205,191.856,0,324.41,0.65,0,1.72301,2.75624,4.47925,49.9944,-3.00532,
26/05/2025 03:14:00,553.272,191.843,0,324.649,0.65,0,0.267981,1.42418,1.69216,50.0141,-3.00532,
26/05/2025 03:15:00,553.309,191.857,0,325.128,0.65,0,0.770731,0.465231,1.23596,49.9536,-3.00532,
26/05/2025 03:16:00,553.316,191.884,0,325.607,0.65,0,4.13205,0.78364,4.91569,49.989,-3.00532,
26/05/2025 03:17:00,553.316,191.872,0,325.128,0.65,0,2.52975,3.21818,5.74795,49.9971,-3.00532,
26/05/2025 03:18:00,553.316,191.887,0,325.367,0.65,0,3.05954,5.32892,8.38847,49.9754,-2.99829,
26/05/2025 03:19:00,553.316,191.906,0,325.367,0.65,0,7.31884,13.966,21.2849,49.9917,-2.99829,
26/05/2025 03:20:00,553.323,191.913,0,324.889,0.65,0,16.1846,13.6598,29.8443,50.0112,-2.99829,
26/05/2025 03:21:00,553.33,191.927,0,324.41,0.65,0,8.96781,11.7079,20.6757,50.054,-2.98366,
26/05/2025 03:22:00,553.475,191.951,0,324.889,0.65,0,9.19671,9.89532,19.0921,50.0283,-2.99097,
26/05/2025 03:23:00,553.51,191.988,0,324.889,0.65,0,6.30081,8.9423,15.2431,50.034,-2.99097,
26/05/2025 03:24:00,553.521,191.992,0,325.128,0.65,0,2.20192,7.21071,9.41264,50.0141,-2.98366,
26/05/2025 03:25:00,553.512,191.988,0,325.128,0.65,0,3.47049,6.79719,10.2677,49.9754,-2.99829,
26/05/2025 03:26:00,553.496,191.956,0,325.128,0.65,0,3.7023,10.4295,14.1318,50.0027,-2.98366,
26/05/2025 03:27:00,553.474,191.979,0,324.889,0.65,0,1.91116,6.70102,8.61217,50.0055,-2.97636,
26/05/2025 03:28:00,553.465,191.97,0,324.889,0.65,0,3.53638,6.93693,10.4733,49.989,-2.97636,
26/05/2025 03:29:00,553.478,191.974,0,325.367,0.65,0,4.76664,6.11468,10.8813,49.9944,-2.97636,
26/05/2025 03:30:00,553.501,192.012,0,324.889,0.65,0,6.05183,11.5816,17.6334,50.0169,-2.98366,
26/05/2025 03:31:00,553.512,192.015,0,324.649,0.65,0,5.28979,9.27628,14.5661,49.9862,-2.98366,
26/05/2025 03:32:00,553.51,191.989,0,325.367,0.65,0,1.93751,5.11699,7.05449,50.0027,-2.98366,
26/05/2025 03:33:00,553.509,191.995,0,325.128,0.65,0,5.05927,7.75651,12.8158,49.9998,-2.99097,
26/05/2025 03:34:00,553.507,191.987,0,325.367,0.65,0,4.77061,6.40839,11.179,50.0084,-2.99097,
26/05/2025 03:35:00,553.516,191.997,0,325.128,0.65,0,3.58627,8.16164,11.7479,50.0198,-2.99829,
26/05/2025 03:36:00,553.513,191.986,0,325.607,0.65,0,3.27003,8.84593,12.116,50.0084,-2.99829,
26/05/2025 03:37:00,553.513,192.002,0,325.367,0.65,0,4.21085,8.17792,12.3888,50.0226,-2.99829,
26/05/2025 03:38:00,553.517,191.995,0,325.128,0.65,0,2.85762,12.0582,14.9159,49.9482,-3.00532,
26/05/2025 03:39:00,553.507,191.992,0,324.649,0.65,0,4.45387,8.40894,12.8628,50.0198,-3.00532,
26/05/2025 03:40:00,553.587,192.007,0,324.649,0.65,0,3.80006,6.34968,10.1497,50.0084,-3.01226,
26/05/2025 03:41:00,553.589,192.014,0,324.889,0.65,0,5.17381,9.97355,15.1473,49.9645,-3.01226,
26/05/2025 03:42:00,553.512,191.999,0,325.367,0.65,0,4.61635,7.52652,12.1429,50.0283,-3.01226,
26/05/2025 03:43:00,553.51,191.978,0,325.367,0.65,0,5.50259,15.7342,21.2368,49.9917,-3.0192,
26/05/2025 03:44:00,553.51,191.99,0,325.367,0.65,0,2.30752,4.84153,7.14905,49.9509,-3.02615,
26/05/2025 03:45:00,553.51,191.975,0,324.889,0.65,0,0.822665,7.0895,7.91218,49.9971,-3.0192,
26/05/2025 03:46:00,553.528,191.998,0,324.889,0.65,0,0.526606,5.94554,6.47215,49.9944,-3.02615,
26/05/2025 03:47:00,553.527,191.98,0,324.41,0.65,0,2.62064,6.30499,8.92561,50.0169,-3.02615,
26/05/2025 03:48:00,553.478,191.942,0,324.41,0.65,0,0.0678923,4.54553,4.61342,49.9917,-3.02615,
26/05/2025 03:49:00,553.498,191.962,0,325.367,0.65,0,-1.56334,1.57182,0.00848836,50.0141,-3.0192,
26/05/2025 03:50:00,553.485,191.936,0,325.367,0.65,0,-0.9735,-0.576765,-1.55027,49.9944,-3.02615,
26/05/2025 03:51:00,553.508,191.967,0,325.367,0.65,0,-0.639019,0.72128,0.0822584,50.0255,-3.02615,
26/05/2025 03:52:00,553.51,191.959,0,325.367,0.65,0,0.651605,1.33533,1.98693,50.0055,-3.02615,
26/05/2025 03:53:00,553.51,191.965,0,325.128,0.65,0,1.86346,1.46062,3.32408,49.9917,-3.0192,
26/05/2025 03:54:00,553.509,191.968,0,325.128,0.65,0,3.88051,1.08366,4.96417,49.9944,-3.01226,
26/05/2025 03:55:00,553.456,191.936,0,324.41,0.65,0,5.74113,7.42212,13.1632,49.9754,-3.01226,
26/05/2025 03:56:00,553.497,191.938,0,324.649,0.65,0,4.66674,6.90646,11.5732,50.0112,-3.00532,
26/05/2025 03:57:00,553.507,191.961,0,324.889,0.65,0,4.26252,1.85679,6.11931,49.9971,-3.00532,
26/05/2025 03:58:00,553.495,191.942,0,325.367,0.65,0,4.96387,4.00075,8.96463,50.0084,-2.99829,
26/05/2025 03:59:00,553.505,191.928,0,325.128,0.65,0,-0.476818,1.39214,0.915325,49.9998,-3.00532,
26/05/2025 04:00:00,553.499,191.954,0,325.367,0.65,0,-1.82778,-0.0675348,-1.89531,49.9971,-3.00532,
26/05/2025 04:01:00,553.509,191.935,0,325.128,0.65,0,1.7514,2.82181,4.57321,50.0084,-2.99829,
26/05/2025 04:02:00,553.51,191.938,0,324.889,0.65,0,4.21732,4.8244,9.04173,49.9917,-2.99829,
26/05/2025 04:03:00,553.504,191.931,0,324.649,0.65,0,4.6763,7.02156,11.6978,49.9862,-3.00532,
26/05/2025 04:04:00,553.506,191.931,0,324.649,0.65,0,2.88194,11.2971,14.1791,49.9971,-3.01226,
26/05/2025 04:05:00,553.499,191.942,0,324.889,0.65,0,7.88497,10.1822,18.0672,49.9971,-3.00532,
26/05/2025 04:06:00,553.481,191.938,0,325.367,0.65,0,3.5927,4.33923,7.93193,49.9998,-3.00532,
26/05/2025 04:07:00,553.483,191.944,0,325.128,0.65,0,5.59996,7.8588,13.4588,49.9971,-2.99097,
26/05/2025 04:08:00,553.509,191.953,0,325.367,0.65,0,4.19357,6.70178,10.8954,49.9917,-2.99097,
26/05/2025 04:09:00,553.52,191.969,0,325.367,0.65,0,0.917072,3.75394,4.67101,50.0198,-2.98366,
26/05/2025 04:10:00,553.539,191.979,0,324.889,0.65,0,6.72038,8.16861,14.889,50.0397,-2.99097,
26/05/2025 04:11:00,553.62,191.986,0,324.889,0.65,0,2.39335,5.40404,7.79741,50.0198,-2.99829,
26/05/2025 04:12:00,553.515,191.979,0,324.41,0.65,0,-1.08085,1.9701,0.889254,50.0141,-2.98366,
26/05/2025 04:13:00,553.51,191.959,0,325.128,0.65,0,0.162251,-1.57081,-1.40856,50.0255,-2.99829,
26/05/2025 04:14:00,553.507,191.972,0,325.367,0.65,0,-0.362764,2.19334,1.83058,49.9835,-3.00532,
26/05/2025 04:15:00,553.533,191.979,0,325.128,0.65,0,5.52884,4.30134,9.8302,49.9835,-3.00532,
26/05/2025 04:16:00,553.517,191.968,0,325.367,0.65,0,0.931393,5.06437,5.99578,49.9998,-3.00532,
26/05/2025 04:17:00,553.528,191.978,0,325.128,0.65,0,4.98183,7.29153,12.2734,49.9998,-3.01226,
26/05/2025 04:18:00,553.51,191.955,0,324.889,0.65,0,4.15752,5.17261,9.33012,50.0027,-3.01226,
26/05/2025 04:19:00,553.51,191.954,0,324.649,0.65,0,2.58077,1.54261,4.12337,50.0055,-3.01226,
26/05/2025 04:20:00,553.513,191.97,0,324.649,0.65,0,4.69571,7.80891,12.5046,50.0141,-3.0192,
26/05/2025 04:21:00,553.512,191.958,0,324.889,0.65,0,6.32141,10.5572,16.8786,50.0027,-3.00532,
26/05/2025 04:22:00,553.523,191.97,0,325.367,0.65,0,5.89636,7.80604,13.7024,49.9699,-3.00532,
26/05/2025 04:23:00,553.595,191.984,0,325.128,0.65,0,9.32306,9.88208,19.2051,49.9591,-2.99829,
26/05/2025 04:24:00,553.591,191.99,0,325.607,0.65,0,8.52207,11.0749,19.597,50.0283,-2.99097,
26/05/2025 04:25:00,553.654,192.005,0,325.128,0.65,0,6.24373,12.3213,18.565,49.9781,-2.99829,
26/05/2025 04:26:00,544.473,188.809,0,324.889,0.639167,0,4.06852,7.69035,11.7589,50.0027,-2.99829,
26/05/2025 04:27:00,553.698,192.029,0,324.41,0.65,0,5.85154,9.52891,15.3805,50.0511,-2.99829,
26/05/2025 04:28:00,544.464,188.796,0,324.889,0.639167,0,5.69307,10.501,16.1941,49.9591,-2.99829,
26/05/2025 04:29:00,553.691,192.005,0,324.889,0.65,0,7.21409,6.01394,13.228,49.9808,-3.00532,
26/05/2025 04:30:00,553.703,191.995,0,325.367,0.65,0,7.90712,8.65526,16.5624,49.9971,-2.99829,
26/05/2025 04:31:00,553.692,192.026,0,325.367,0.65,0,4.99429,13.507,18.5013,50.0112,-3.00532,
26/05/2025 04:32:00,544.432,188.795,0,325.607,0.639167,0,4.36409,8.98689,13.351,50.0141,-3.00532,
26/05/2025 04:33:00,553.692,192,0,325.367,0.65,0,4.16156,5.91272,10.0743,49.9455,-3.00532,
26/05/2025 04:34:00,553.701,192.006,0,324.889,0.65,0,0.796102,3.36857,4.16467,50.0397,-3.01226,
26/05/2025 04:35:00,553.7,192.029,0,324.41,0.65,0,5.10601,8.42585,13.5318,49.9645,-3.0192,
26/05/2025 04:36:00,544.475,188.827,0,324.41,0.639167,0,5.26056,7.72001,12.9806,49.9998,-3.0192,
26/05/2025 04:37:00,544.475,188.839,0,324.649,0.639167,0,4.85263,9.43367,14.2863,49.9862,-3.0192,
26/05/2025 04:38:00,553.703,192.022,0,325.367,0.65,0,5.77475,5.39278,11.1675,50.0198,-3.01226,
26/05/2025 04:39:00,553.706,192.037,0,325.367,0.65,0,4.8612,8.89916,13.7604,49.989,-3.01226,
26/05/2025 04:40:00,553.713,192.045,0,325.607,0.65,0,3.96281,10.1283,14.0912,50.0169,-3.00532,
26/05/2025 04:41:00,553.703,192.032,0,325.128,0.65,0,2.81577,7.77009,10.5859,49.9781,-3.00532,
26/05/2025 04:42:00,553.703,192.027,0,324.889,0.65,0,3.34562,5.07694,8.42256,49.989,-2.99829,
26/05/2025 04:43:00,553.703,192.022,0,324.649,0.65,0,4.41032,10.1604,14.5708,49.9808,-3.00532,
26/05/2025 04:44:00,553.731,192.046,0,324.649,0.65,0,4.8781,7.55215,12.4302,50.0141,-2.99097,
26/05/2025 04:45:00,553.747,192.091,0,324.889,0.65,0,6.57167,9.92679,16.4985,49.9917,-2.99097,
26/05/2025 04:46:00,553.749,192.06,0,325.367,0.65,0,5.55771,10.981,16.5387,49.9998,-2.99097,
26/05/2025 04:47:00,553.819,192.046,0,325.367,0.65,0,5.62035,10.0907,15.711,50.0226,-2.99097,
26/05/2025 04:48:00,553.876,192.088,0,325.607,0.65,0,8.3489,9.74689,18.0958,50.0055,-2.99097,
26/05/2025 04:49:00,553.895,192.111,0,325.367,0.65,0,12.7787,23.2891,36.0677,50.0084,-2.99097,
26/05/2025 04:50:00,553.896,192.101,0,324.889,0.65,0,12.3302,13.5202,25.8503,49.9781,-2.99829,
26/05/2025 04:51:00,553.896,192.101,0,324.41,0.65,0,11.3936,11.6073,23.001,50.0027,-2.99097,
26/05/2025 04:52:00,553.896,192.1,0,324.649,0.65,0,10.0178,16.3816,26.3994,49.989,-2.99829,
26/05/2025 04:53:00,553.896,192.071,0,324.889,0.65,0,8.1551,6.61758,14.7727,49.9862,-3.00532,
26/05/2025 04:54:00,553.896,192.078,0,325.367,0.65,0,6.24846,6.61901,12.8675,49.9971,-3.01226,
26/05/2025 04:55:00,553.896,192.101,0,325.607,0.65,0,3.4122,6.9814,10.3936,49.9835,-3.01226,
26/05/2025 04:56:00,553.896,192.114,0,325.367,0.65,0,1.42909,4.05895,5.48804,49.9917,-3.02615,
26/05/2025 04:57:00,553.896,192.136,0,325.128,0.65,0,3.18697,9.15113,12.3381,50.0255,-3.0192,
26/05/2025 04:58:00,553.893,192.141,0,324.889,0.65,0,6.9974,10.1057,17.1031,49.9754,-3.01226,
26/05/2025 04:59:00,553.896,192.145,0,324.649,0.65,0,9.1625,6.71994,15.8825,50.0055,-3.0192,
26/05/2025 05:00:00,553.896,192.129,0,324.649,0.65,0,6.69796,9.60446,16.3024,49.9862,-3.01226,
26/05/2025 05:01:00,553.896,192.085,0,324.889,0.65,0,5.85559,7.03489,12.8905,50.0312,-3.0192,
26/05/2025 05:02:00,553.896,192.141,0,325.367,0.65,0,9.31049,7.8699,17.1804,49.9862,-3.0192,
26/05/2025 05:03:00,553.893,192.132,0,325.367,0.65,0,4.02954,5.84897,9.8785,50.0169,-3.01226,
26/05/2025 05:04:00,553.896,192.077,0,325.367,0.65,0,2.05632,1.90349,3.95981,50.0027,-3.01226,
26/05/2025 05:05:00,553.896,192.121,0,325.128,0.65,0,3.12278,7.63882,10.7616,50.0169,-3.01226,
26/05/2025 05:06:00,553.896,192.131,0,324.889,0.65,0,6.7033,8.43459,15.1379,50.0198,-3.01226,
26/05/2025 05:07:00,553.896,192.099,0,324.41,0.65,0,7.53135,9.08289,16.6142,49.9645,-3.0192,
26/05/2025 05:08:00,553.896,192.125,0,324.649,0.65,0,8.29795,8.02917,16.3271,50.0198,-3.00532,
26/05/2025 05:09:00,553.896,192.113,0,324.889,0.65,0,9.30041,9.06493,18.3654,49.9618,-3.00532,
26/05/2025 05:10:00,553.899,192.147,0,325.128,0.65,0,5.23584,4.93756,10.1734,49.9944,-3.01226,
26/05/2025 05:11:00,553.9,192.141,0,325.367,0.65,0,4.61922,7.16002,11.7792,49.9727,-3.00532,
26/05/2025 05:12:00,553.906,192.137,0,325.607,0.65,0,3.79838,6.28851,10.0869,49.9971,-3.00532,
26/05/2025 05:13:00,553.897,192.136,0,325.128,0.65,0,6.75313,3.44704,10.2002,49.9862,-3.00532,
26/05/2025 05:14:00,553.897,192.134,0,324.889,0.65,0,9.20704,7.52059,16.7276,49.989,-3.01226,
26/05/2025 05:15:00,553.891,192.117,0,324.649,0.65,0,4.66256,0.033635,4.69619,49.9781,-3.01226,
26/05/2025 05:16:00,553.892,192.104,0,324.41,0.65,0,8.51296,4.27551,12.7885,50.0169,-3.01226,
26/05/2025 05:17:00,553.889,192.118,0,324.649,0.65,0,3.94709,7.42694,11.374,49.9835,-3.01226,
26/05/2025 05:18:00,553.878,192.111,0,325.367,0.65,0,3.60695,4.83694,8.44387,49.9835,-3.00532,
26/05/2025 05:19:00,553.881,192.084,0,325.128,0.65,0,10.7211,0.455128,11.1762,50.0198,-3.01226,
26/05/2025 05:20:00,553.892,192.111,0,325.367,0.65,0,11.3935,11.7192,23.1127,50.0141,-3.00532,
26/05/2025 05:21:00,553.886,192.112,0,325.367,0.65,0,5.66172,4.99194,10.6537,49.9862,-3.0192,
26/05/2025 05:22:00,553.881,192.098,0,324.889,0.65,0,6.01746,7.02589,13.0434,49.9509,-3.0192,
26/05/2025 05:23:00,553.886,192.113,0,324.41,0.65,0,4.97287,4.54614,9.51901,49.9835,-3.02615,
26/05/2025 05:24:00,553.873,192.1,0,324.41,0.65,0,4.93684,13.5546,18.4914,49.9808,-3.0331,
26/05/2025 05:25:00,553.746,192.08,0,324.889,0.65,0,1.67518,6.46671,8.14188,50.0141,-3.0331,
26/05/2025 05:26:00,553.709,192.077,0,325.367,0.65,0,6.26089,5.73873,11.9996,49.9808,-3.0331,
26/05/2025 05:27:00,553.741,192.092,0,325.128,0.65,0,2.46452,4.7969,7.26141,49.9672,-3.0331,
26/05/2025 05:28:00,553.738,192.073,0,325.607,0.65,0,1.13756,-0.10681,1.03075,50.0169,-3.02615,
26/05/2025 05:29:00,553.715,192.069,0,325.128,0.65,0,0.754379,0.0708592,0.825238,49.9971,-3.02615,
26/05/2025 05:30:00,553.72,192.072,0,324.889,0.65,0,7.63405,11.3929,19.0269,50.0198,-3.02615,
26/05/2025 05:31:00,553.734,192.085,0,324.41,0.65,0,2.02931,-0.122873,1.90644,50.0198,-3.01226,
26/05/2025 05:32:00,553.723,192.067,0,324.41,0.65,0,6.68841,5.80967,12.4981,49.9835,-3.0192,
26/05/2025 05:33:00,553.704,192.062,0,324.889,0.65,0,6.19358,8.31984,14.5134,50.0169,-3.01226,
26/05/2025 05:34:00,553.703,192.058,0,325.367,0.65,0,3.53011,3.81116,7.34127,49.9373,-3.0192,
26/05/2025 05:35:00,553.703,192.041,0,325.128,0.65,0,5.25018,4.46767,9.71786,49.9998,-3.02615,
26/05/2025 05:36:00,553.7,192.047,0,325.846,0.65,0,8.79061,12.2162,21.0068,49.9998,-3.0192,
26/05/2025 05:37:00,553.694,192.048,0,325.367,0.65,0,2.60295,5.4196,8.02256,50.0141,-3.02615,
26/05/2025 05:38:00,553.689,192.046,0,324.649,0.65,0,7.49624,16.7939,24.2901,50.0312,-3.0192,
26/05/2025 05:39:00,553.666,192.03,0,324.649,0.65,0,7.93659,18.4305,26.3671,49.9862,-3.0192,
26/05/2025 05:40:00,553.631,192.017,0,324.41,0.65,0,8.10255,9.41103,17.5136,50.0283,-3.01226,
26/05/2025 05:41:00,553.588,192.005,0,324.889,0.65,0,5.60881,8.17808,13.7869,50.0226,-3.00532,
26/05/2025 05:42:00,553.516,192.018,0,325.367,0.65,0,2.64746,1.42776,4.07523,49.9998,-3.00532,
26/05/2025 05:43:00,553.533,192.005,0,325.367,0.65,0,2.32123,3.43851,5.75974,49.9917,-3.01226,
26/05/2025 05:44:00,553.542,191.997,0,325.607,0.65,0,3.65999,7.35924,11.0192,49.9971,-3.01226,
26/05/2025 05:45:00,553.532,192.019,0,325.607,0.65,0,9.05675,10.0632,19.1199,49.9835,-3.01226,
26/05/2025 05:46:00,553.551,192.011,0,324.889,0.65,0,6.75515,7.52819,14.2833,49.9727,-3.0192,
26/05/2025 05:47:00,553.536,192.019,0,324.41,0.65,0,11.2021,12.1051,23.3072,50.0255,-3.0192,
26/05/2025 05:48:00,553.54,192.011,0,324.41,0.65,0,9.32433,15.1246,24.449,49.9672,-3.0192,
26/05/2025 05:49:00,553.554,192.009,0,324.889,0.65,0,8.49176,9.59649,18.0882,49.9917,-3.01226,
26/05/2025 05:50:00,553.617,192.015,0,325.367,0.65,0,5.40123,15.1207,20.5219,50.0112,-2.99829,
26/05/2025 05:51:00,553.556,192.02,0,325.128,0.65,0,3.75722,9.30738,13.0646,49.9917,-3.00532,
26/05/2025 05:52:00,553.555,192.016,0,325.367,0.65,0,8.94393,10.7758,19.7197,50.0198,-2.99829,
26/05/2025 05:53:00,553.511,192.003,0,325.128,0.65,0,6.79705,8.88107,15.6781,50.0255,-3.01226,
26/05/2025 05:54:00,553.51,192.008,0,324.889,0.65,0,3.63679,4.8491,8.48589,49.9482,-3.0192,
26/05/2025 05:55:00,553.51,192.008,0,324.41,0.65,0,4.51256,2.3959,6.90846,50.0055,-3.01226,
26/05/2025 05:56:00,553.513,192.007,0,324.41,0.65,0,4.2333,5.1696,9.40289,50.0141,-3.00532,
26/05/2025 05:57:00,544.323,188.831,0,324.889,0.639167,0,3.8711,9.80561,13.6767,50.0055,-2.99829,
26/05/2025 05:58:00,553.526,192.018,0,325.607,0.65,0,5.09296,7.47315,12.5661,50.0255,-3.01226,
26/05/2025 05:59:00,553.514,192.014,0,325.128,0.65,0,5.99571,3.63376,9.62947,50.0112,-3.01226,
26/05/2025 06:00:00,553.522,192.012,0,325.607,0.65,0,6.2993,17.3069,23.6062,49.9917,-3.01226,
26/05/2025 06:01:00,553.529,192.018,0,325.367,0.65,0,3.39558,6.15635,9.55194,49.9781,-3.0192,
26/05/2025 06:02:00,553.511,192.023,0,324.889,0.65,0,4.82126,11.226,16.0473,49.9971,-3.0192,
26/05/2025 06:03:00,553.51,192.015,0,324.649,0.65,0,7.95094,12.4692,20.4202,49.9727,-3.0192,
26/05/2025 06:04:00,553.509,192.011,0,324.41,0.65,0,11.9365,6.93655,18.8731,49.989,-3.0192,
26/05/2025 06:05:00,553.508,192.007,0,324.889,0.65,0,5.45436,11.7359,17.1903,50.0084,-3.0192,
26/05/2025 06:06:00,553.51,192.002,0,325.367,0.65,0,10.0032,13.3408,23.3439,50.0084,-3.0192,
26/05/2025 06:07:00,553.508,192.005,0,325.367,0.65,0,11.3751,5.66419,17.0392,49.9645,-3.0192,
26/05/2025 06:08:00,553.503,192.004,0,325.367,0.65,0,7.17123,9.53759,16.7088,49.9971,-3.02615,
26/05/2025 06:09:00,553.5,192,0,325.367,0.65,0,7.22618,17.7585,24.9847,50.0283,-3.00532,
26/05/2025 06:10:00,553.509,192.005,0,325.128,0.65,0,12.0072,9.9524,21.9597,49.9944,-3.0192,
26/05/2025 06:11:00,553.507,192.005,0,324.41,0.65,0,8.43236,12.1585,20.5909,49.9971,-3.0192,
26/05/2025 06:12:00,553.503,191.995,0,324.649,0.65,0,8.06904,11.5917,19.6607,50.0169,-3.0192,
26/05/2025 06:13:00,553.51,192.008,0,324.889,0.65,0,8.71026,7.21519,15.9255,49.9998,-3.00532,
26/05/2025 06:14:00,553.51,192.001,0,325.367,0.65,0,15.1896,4.52441,19.714,50.0027,-3.00532,
26/05/2025 06:15:00,553.507,192.009,0,324.889,0.65,0,16.1127,18.0641,34.1769,50.0112,-3.00532,
26/05/2025 06:16:00,553.51,192.01,0,325.367,0.65,0,18.6184,20.3646,38.983,49.9944,-3.01226,
26/05/2025 06:17:00,553.51,192.013,0,325.128,0.65,0,10.7661,8.01443,18.7806,49.9727,-3.0192,
26/05/2025 06:18:00,553.51,192.014,0,324.889,0.65,0,14.1281,11.8591,25.9873,50.0027,-3.01226,
26/05/2025 06:19:00,553.51,192.018,0,324.649,0.65,0,8.23852,3.83474,12.0733,50.0027,-3.01226,
26/05/2025 06:20:00,553.51,192.011,0,324.649,0.65,0,6.26922,4.21407,10.4833,49.9862,-3.01226,
26/05/2025 06:21:00,553.51,192.012,0,324.889,0.65,0,8.4277,2.37473,10.8024,49.9917,-3.01226,
26/05/2025 06:22:00,553.504,192.022,0,325.128,0.65,0,16.9603,6.67501,23.6353,50.0426,-3.00532,
26/05/2025 06:23:00,553.51,191.995,0,325.367,0.65,0,13.6327,13.2579,26.8906,49.9917,-3.00532,
26/05/2025 06:24:00,553.51,192.008,0,325.607,0.65,0,11.5577,8.59016,20.1479,49.989,-3.00532,
26/05/2025 06:25:00,553.51,192.024,0,325.367,0.65,0,14.6216,6.04297,20.6646,50.0112,-3.00532,
26/05/2025 06:26:00,553.509,192.015,0,324.649,0.65,0,14.1119,13.5188,27.6308,50.0255,-3.00532,
26/05/2025 06:27:00,553.505,192.004,0,324.41,0.65,0,8.02618,12.282,20.3082,49.9455,-3.0192,
26/05/2025 06:28:00,553.498,192.009,0,324.41,0.65,0,18.544,12.8772,31.4211,49.9971,-3.01226,
26/05/2025 06:29:00,553.495,192.004,0,324.889,0.65,0,14.624,15.2786,29.9026,49.9998,-3.01226,
26/05/2025 06:30:00,553.489,191.997,0,325.607,0.65,0,10.0186,8.33947,18.358,49.9971,-3.00532,
26/05/2025 06:31:00,553.486,191.998,0,325.128,0.65,0,10.4611,16.4044,26.8654,50.0141,-2.99829,
26/05/2025 06:32:00,553.484,191.996,0,325.367,0.65,0,8.73141,7.39826,16.1297,50.0055,-3.00532,
26/05/2025 06:33:00,553.48,191.996,0,325.367,0.65,0,7.02407,8.08719,15.1112,49.9808,-3.00532,
26/05/2025 06:34:00,553.421,191.985,0,325.367,0.65,0,18.1042,14.324,32.4282,49.9917,-3.01226,
26/05/2025 06:35:00,553.384,191.978,0,324.649,0.65,0,11.8838,19.0004,30.8842,49.9727,-3.01226,
26/05/2025 06:36:00,553.375,191.987,0,324.41,0.65,0,11.4838,7.36478,18.8486,49.9998,-3.00532,
26/05/2025 06:37:00,553.362,191.959,0,325.128,0.65,0,5.10123,5.47044,10.5717,49.9944,-3.01226,
26/05/2025 06:38:00,553.352,191.977,0,325.128,0.65,0,11.1667,5.97408,17.1408,50.0055,-3.00532,
26/05/2025 06:39:00,553.373,191.975,0,325.128,0.65,0,7.32174,4.70238,12.0241,49.9618,-3.01226,
26/05/2025 06:40:00,553.378,191.972,0,325.367,0.65,0,6.27863,8.39461,14.6733,49.9536,-3.00532,
26/05/2025 06:41:00,553.413,191.974,0,325.367,0.65,0,8.6061,17.3765,25.9826,49.9645,-3.00532,
26/05/2025 06:42:00,553.447,191.971,0,324.889,0.65,0,7.7789,6.47476,14.2537,50.0055,-3.00532,
26/05/2025 06:43:00,553.406,191.979,0,324.649,0.65,0,10.1822,5.76957,15.9517,50.0198,-2.99829,
26/05/2025 06:44:00,553.418,191.974,0,324.649,0.65,0,11.265,22.603,33.8679,50.0141,-3.01226,
26/05/2025 06:45:00,553.416,191.984,0,324.889,0.65,0,21.441,8.49106,29.932,50.0141,-3.01226,
26/05/2025 06:46:00,553.4,191.984,0,325.367,0.65,0,27.7156,25.59,53.3056,50.0198,-3.00532,
26/05/2025 06:47:00,553.451,191.987,0,325.128,0.65,0,15.433,13.0481,28.4811,50.0255,-3.00532,
26/05/2025 06:48:00,553.427,191.98,0,325.367,0.65,0,12.9638,19.6243,32.588,49.9917,-3.01226,
26/05/2025 06:49:00,553.45,191.982,0,325.128,0.65,0,22.6531,0.802012,23.4551,49.9971,-3.01226,
26/05/2025 06:50:00,553.395,191.966,0,324.889,0.65,0,8.75568,22.3426,31.0983,50.0112,-3.01226,
26/05/2025 06:51:00,553.44,191.981,0,324.41,0.65,0,15.1985,9.69109,24.8896,50.0198,-3.01226,
26/05/2025 06:52:00,553.404,191.981,0,324.41,0.65,0,11.9925,10.8011,22.7937,49.9808,-3.01226,
26/05/2025 06:53:00,553.329,191.955,0,324.889,0.65,0,7.8675,12.0516,19.919,50.0169,-3.00532,
26/05/2025 06:54:00,553.344,191.973,0,325.128,0.65,0,-1.16187,0.196656,-0.965213,49.9944,-3.00532,
26/05/2025 06:55:00,553.318,191.948,0,325.367,0.65,0,8.72082,-1.64165,7.07921,49.9917,-3.00532,
26/05/2025 06:56:00,553.332,191.958,0,325.367,0.65,0,10.5558,10.1696,20.7254,50.0397,-3.00532,
26/05/2025 06:57:00,553.317,191.945,0,325.128,0.65,0,9.03006,4.82771,13.8578,49.9781,-3.01226,
26/05/2025 06:58:00,553.317,191.954,0,324.889,0.65,0,15.6066,17.5131,33.1197,49.9781,-3.0192,
26/05/2025 06:59:00,553.317,191.937,0,324.649,0.65,0,18.5901,12.4913,31.0814,50.0141,-3.01226,
26/05/2025 07:00:00,553.317,191.946,0,324.41,0.65,0,14.138,16.5233,30.6613,49.9862,-3.01226,
26/05/2025 07:01:00,553.316,191.939,0,325.128,0.65,0,17.9527,20.608,38.5607,49.9781,-3.00532,
26/05/2025 07:02:00,553.299,191.923,0,325.367,0.65,0,9.20907,5.65452,14.8636,49.9292,-2.99829,
26/05/2025 07:03:00,553.313,191.906,0,325.128,0.65,0,8.50961,11.8379,20.3475,50.0283,-2.99097,
26/05/2025 07:04:00,553.301,191.916,0,325.367,0.65,0,11.8298,9.95047,21.7803,50.0055,-2.99829,
26/05/2025 07:05:00,553.297,191.91,0,325.128,0.65,0,17.4866,11.0243,28.511,49.9808,-2.99829,
26/05/2025 07:06:00,553.268,191.906,0,324.889,0.65,0,13.8977,18.8847,32.7823,49.9944,-3.00532,
26/05/2025 07:07:00,553.23,191.883,0,324.41,0.65,0,10.059,13.5692,23.6283,49.9835,-2.99829,
26/05/2025 07:08:00,553.235,191.885,0,324.889,0.65,0,11.931,22.8511,34.7821,50.0027,-2.99829,
26/05/2025 07:09:00,553.279,191.904,0,324.889,0.65,0,5.82884,20.4289,26.2577,49.9645,-3.00532,
26/05/2025 07:10:00,553.289,191.903,0,325.367,0.65,0,12.6396,1.75573,14.3953,50.0027,-3.00532,
26/05/2025 07:11:00,553.283,191.889,0,325.128,0.65,0,13.8191,20.2964,34.1155,49.9781,-3.00532,
26/05/2025 07:12:00,553.25,191.894,0,325.607,0.65,0,11.9807,19.9798,31.9605,49.9835,-2.99829,
26/05/2025 07:13:00,543.993,188.65,0,325.128,0.639167,0,18.12,-1.43085,16.6891,50.0055,-2.99097,
26/05/2025 07:14:00,553.131,191.875,0,325.367,0.65,0,17.5193,18.7229,36.2421,49.9808,-3.00532,
26/05/2025 07:15:00,553.124,191.866,0,324.649,0.65,0,15.6167,11.7891,27.4058,49.9781,-3.00532,
26/05/2025 07:16:00,553.124,191.89,0,324.649,0.65,0,15.6155,16.8998,32.5153,49.9618,-2.99829,
26/05/2025 07:17:00,553.124,191.874,0,325.128,0.65,0,18.6451,15.159,33.8041,50.0226,-2.99829,
26/05/2025 07:18:00,553.124,191.866,0,325.367,0.65,0,18.3913,16.0705,34.4618,49.9971,-2.99829,
26/05/2025 07:19:00,553.124,191.86,0,325.128,0.65,0,16.1516,10.7503,26.9018,49.9971,-2.99829,
26/05/2025 07:20:00,553.124,191.847,0,325.367,0.65,0,18.6696,21.547,40.2166,50.0141,-2.99829,
26/05/2025 07:21:00,553.124,191.854,0,325.128,0.65,0,18.1763,7.83219,26.0085,49.9998,-2.99829,
26/05/2025 07:22:00,553.121,191.844,0,324.649,0.65,0,17.5333,14.473,32.0063,49.9998,-3.01226,
26/05/2025 07:23:00,553.121,191.861,0,324.41,0.65,0,12.8227,25.8101,38.6328,50.0055,-3.00532,
26/05/2025 07:24:00,553.115,191.849,0,324.41,0.65,0,12.404,15.4149,27.8189,50.0169,-3.01226,
26/05/2025 07:25:00,553.114,191.858,0,325.128,0.65,0,11.436,17.3809,28.8169,49.9645,-3.01226,
26/05/2025 07:26:00,543.9,188.623,0,325.367,0.639167,0,8.05361,15.5232,23.5768,49.9591,-3.01226,
26/05/2025 07:27:00,553.054,191.833,0,325.128,0.65,0,12.7901,5.69709,18.4871,49.9808,-3.0192,
26/05/2025 07:28:00,553.053,191.827,0,325.367,0.65,0,9.92508,12.5654,22.4905,50.0112,-3.02615,
26/05/2025 07:29:00,553.018,191.824,0,325.128,0.65,0,13.9836,12.2852,26.2688,50.0084,-3.0331,
26/05/2025 07:30:00,553.021,191.814,0,324.889,0.65,0,17.7278,9.317,27.0448,50.0112,-3.0331,
26/05/2025 07:31:00,552.964,191.813,0,324.41,0.65,0,14.0144,6.96966,20.984,50.054,-3.0192,
26/05/2025 07:32:00,552.933,191.81,0,324.649,0.65,0,11.6901,19.6129,31.303,50.0027,-3.0192,
26/05/2025 07:33:00,552.967,191.815,0,325.128,0.65,0,13.0848,13.8268,26.9116,49.989,-3.0192,
26/05/2025 07:34:00,552.934,191.813,0,325.128,0.65,0,14.3192,13.8229,28.1421,49.989,-3.01226,
26/05/2025 07:35:00,552.936,191.828,0,325.128,0.65,0,22.074,28.2053,50.2793,50.0141,-3.00532,
26/05/2025 07:36:00,552.943,191.807,0,325.367,0.65,0,15.4808,13.1183,28.5992,49.9998,-3.00532,
26/05/2025 07:37:00,552.954,191.807,0,325.367,0.65,0,12.7034,16.4608,29.1642,49.9808,-2.99829,
26/05/2025 07:38:00,552.952,191.813,0,325.128,0.65,0,17.8728,10.4104,28.2831,49.9998,-3.00532,
26/05/2025 07:39:00,552.937,191.813,0,324.41,0.65,0,13.9999,9.90288,23.9028,50.0027,-3.01226,
26/05/2025 07:40:00,552.968,191.822,0,324.41,0.65,0,9.27542,15.7498,25.0252,50.0255,-3.01226,
26/05/2025 07:41:00,552.926,191.795,0,324.889,0.65,0,8.63033,10.6209,19.2512,49.9998,-3.00532,
26/05/2025 07:42:00,552.915,191.787,0,325.367,0.65,0,12.9646,4.75066,17.7153,50.0255,-3.00532,
26/05/2025 07:43:00,552.877,191.787,0,325.367,0.65,0,13.8931,12.2338,26.1269,50.0084,-3.01226,
26/05/2025 07:44:00,552.914,191.795,0,325.607,0.65,0,10.6236,7.66305,18.2867,49.9835,-3.0192,
26/05/2025 07:45:00,552.93,191.803,0,325.128,0.65,0,8.49063,4.59547,13.0861,49.9808,-3.0192,
26/05/2025 07:46:00,552.936,191.801,0,324.889,0.65,0,9.66091,16.5541,26.215,50.0084,-3.02615,
26/05/2025 07:47:00,552.937,191.798,0,324.41,0.65,0,9.83629,4.8928,14.7291,49.9727,-3.02615,
26/05/2025 07:48:00,552.93,191.791,0,324.41,0.65,0,8.40797,8.63156,17.0395,49.9727,-3.02615,
26/05/2025 07:49:00,552.9,191.781,0,324.889,0.65,0,12.1879,3.56952,15.7575,50.0055,-3.01226,
26/05/2025 07:50:00,552.783,191.755,0,325.128,0.65,0,12.4228,8.48655,20.9093,50.0454,-3.0192,
26/05/2025 07:51:00,552.76,191.76,0,325.128,0.65,0,17.9073,7.66041,25.5677,50.0198,-3.00532,
26/05/2025 07:52:00,552.755,191.744,0,325.367,0.65,0,14.0962,18.1824,32.2786,49.9971,-3.00532,
26/05/2025 07:53:00,552.743,191.734,0,325.128,0.65,0,13.2687,21.5782,34.8469,49.9971,-3.00532,
26/05/2025 07:54:00,552.744,191.738,0,324.889,0.65,0,11.4102,9.33059,20.7408,49.9781,-3.00532,
26/05/2025 07:55:00,552.737,191.724,0,324.41,0.65,0,9.42402,10.606,20.03,49.9618,-3.00532,
26/05/2025 07:56:00,552.745,191.736,0,324.41,0.65,0,9.13684,18.8043,27.9411,50.0226,-3.00532,
26/05/2025 07:57:00,552.805,191.757,0,324.889,0.65,0,10.6757,5.75308,16.4288,49.9862,-3.00532,
26/05/2025 07:58:00,552.838,191.758,0,325.128,0.65,0,15.617,17.9936,33.6106,50.0169,-2.99829,
26/05/2025 07:59:00,552.819,191.754,0,325.128,0.65,0,10.0935,8.48297,18.5764,49.9944,-2.99829,
26/05/2025 08:00:00,552.78,191.753,0,325.367,0.65,0,7.01609,8.19073,15.2068,49.9781,-2.99829,
26/05/2025 08:01:00,552.752,191.747,0,325.128,0.65,0,9.68287,14.8582,24.5411,49.9998,-2.99829,
26/05/2025 08:02:00,552.74,191.721,0,324.889,0.65,0,14.2875,2.91734,17.2048,50.0141,-2.99097,
26/05/2025 08:03:00,552.737,191.719,0,324.41,0.65,0,8.26833,8.85073,17.1191,49.9319,-2.99097,
26/05/2025 08:04:00,552.731,191.71,0,324.649,0.65,0,12.5224,6.10623,18.6286,50.0084,-2.98366,
26/05/2025 08:05:00,552.691,191.687,0,324.889,0.65,0,9.28547,10.7935,20.0789,49.9862,-2.98366,
26/05/2025 08:06:00,552.576,191.655,0,325.367,0.65,0,5.28036,10.4023,15.6826,50.0255,-2.99097,
26/05/2025 08:07:00,552.616,191.673,0,325.128,0.65,0,11.0517,1.50478,12.5564,50.0454,-2.99097,
26/05/2025 08:08:00,552.689,191.679,0,325.128,0.65,0,3.49721,11.2189,14.7161,50.0055,-2.99829,
26/05/2025 08:09:00,552.704,191.685,0,325.128,0.65,0,8.22863,6.79389,15.0225,49.9862,-2.99097,
26/05/2025 08:10:00,552.687,191.693,0,324.889,0.65,0,12.7217,11.9751,24.6968,50.0084,-3.00532,
26/05/2025 08:11:00,552.626,191.689,0,324.41,0.65,0,11.8496,15.7602,27.6097,49.9998,-3.00532,
26/05/2025 08:12:00,552.728,191.701,0,324.649,0.65,0,7.47904,5.576,13.055,50.0027,-3.00532,
26/05/2025 08:13:00,552.74,191.726,0,325.128,0.65,0,11.5693,9.41036,20.9797,50.0084,-3.00532,
26/05/2025 08:14:00,552.737,191.715,0,325.128,0.65,0,8.7188,15.0834,23.8022,49.9971,-3.00532,
26/05/2025 08:15:00,552.737,191.707,0,325.128,0.65,0,9.39393,6.66408,16.058,50.0027,-3.01226,
26/05/2025 08:16:00,552.727,191.683,0,325.367,0.65,0,9.66874,16.9474,26.6161,49.9998,-3.01226,
26/05/2025 08:17:00,552.629,191.66,0,325.128,0.65,0,10.6214,3.71609,14.3375,50.0055,-3.0192,
26/05/2025 08:18:00,552.589,191.657,0,324.889,0.65,0,12.7281,13.0049,25.733,50.0198,-3.01226,
26/05/2025 08:19:00,552.622,191.654,0,324.649,0.65,0,10.6854,9.66193,20.3473,50.0055,-2.99829,
26/05/2025 08:20:00,552.599,191.654,0,324.41,0.65,0,16.0148,5.81186,21.8267,50.0312,-2.99829,
26/05/2025 08:21:00,552.635,191.668,0,324.889,0.65,0,9.23891,14.3134,23.5523,49.9699,-3.00532,
26/05/2025 08:22:00,552.666,191.663,0,325.367,0.65,0,13.1228,14.0078,27.1306,50.0084,-3.00532,
26/05/2025 08:23:00,552.641,191.656,0,325.128,0.65,0,12.1216,7.20683,19.3284,49.9781,-3.00532,
26/05/2025 08:24:00,552.641,191.656,0,325.607,0.65,0,8.41001,15.6137,24.0237,50.0112,-3.01226,
26/05/2025 08:25:00,552.624,191.65,0,325.128,0.65,0,10.053,10.8688,20.9218,49.9727,-3.01226,
26/05/2025 08:26:00,552.666,191.664,0,324.889,0.65,0,19.6934,12.3932,32.0866,50.0112,-3.01226,
26/05/2025 08:27:00,552.619,191.648,0,324.41,0.65,0,12.2255,14.5387,26.7643,50.0027,-3.01226,
26/05/2025 08:28:00,552.552,191.635,0,324.41,0.65,0,21.2409,5.98762,27.2285,50.0312,-3.00532,
26/05/2025 08:29:00,552.544,191.642,0,325.128,0.65,0,20.4966,15.846,36.3426,50.0226,-3.00532,
26/05/2025 08:30:00,552.544,191.638,0,325.128,0.65,0,16.0371,18.8814,34.9185,49.9998,-3.01226,
26/05/2025 08:31:00,552.55,191.635,0,325.367,0.65,0,13.1052,18.9355,32.0407,50.0226,-3.00532,
26/05/2025 08:32:00,552.544,191.631,0,325.607,0.65,0,6.19942,9.76617,15.9656,49.9917,-3.00532,
26/05/2025 08:33:00,552.552,191.635,0,325.607,0.65,0,12.9439,3.96142,16.9053,50.0226,-3.00532,
26/05/2025 08:34:00,552.608,191.629,0,325.128,0.65,0,19.4391,11.0043,30.4435,50.0084,-3.00532,
26/05/2025 08:35:00,552.662,191.665,0,324.17,0.65,0,10.7221,5.06643,15.7886,49.9536,-3.00532,
26/05/2025 08:36:00,552.699,191.663,0,324.41,0.65,0,19.1691,1.24117,20.4103,49.9998,-3.01226,
26/05/2025 08:37:00,552.702,191.663,0,324.889,0.65,0,7.74924,7.35044,15.0997,49.9727,-3.0192,
26/05/2025 08:38:00,552.63,191.638,0,325.367,0.65,0,17.8971,13.9608,31.8579,49.9835,-3.02615,
26/05/2025 08:39:00,552.615,191.642,0,325.128,0.65,0,10.5372,11.5117,22.0489,49.9808,-3.0192,
26/05/2025 08:40:00,552.572,191.632,0,325.367,0.65,0,10.3684,20.8475,31.2158,50.0112,-3.0192,
26/05/2025 08:41:00,552.547,191.623,0,325.128,0.65,0,19.6255,3.19305,22.8186,49.9618,-3.02615,
26/05/2025 08:42:00,534.164,185.24,0,324.889,0.628333,0,15.686,14.241,29.927,49.9754,-3.0331,
26/05/2025 08:43:00,525.061,182.085,0,324.41,0.6175,0,10.3286,2.59301,12.9216,49.9944,-3.02615,
26/05/2025 08:44:00,552.708,191.65,0,324.649,0.65,0,8.68997,14.0174,22.7074,50.0198,-3.01226,
26/05/2025 08:45:00,497.418,172.466,0,324.889,0.585,0,14.0093,13.85,27.8593,49.9808,-3.01226,
26/05/2025 08:46:00,534.154,185.246,0,325.128,0.628333,0,12.1973,15.6107,27.808,49.9808,-3.00532,
26/05/2025 08:47:00,552.555,191.63,0,325.128,0.65,0,18.3366,6.02415,24.3607,49.9727,-2.99829,
26/05/2025 08:48:00,552.565,191.632,0,325.607,0.65,0,14.4116,12.3407,26.7523,49.9917,-2.99829,
26/05/2025 08:49:00,552.581,191.626,0,325.367,0.65,0,12.9309,6.36857,19.2994,49.9699,-2.99829,
26/05/2025 08:50:00,552.657,191.633,0,324.889,0.65,0,12.7669,3.81503,16.582,49.9998,-2.99097,
26/05/2025 08:51:00,534.291,185.266,0,324.41,0.628333,0,14.0859,13.6165,27.7024,50.0112,-2.99829,
26/05/2025 08:52:00,552.73,191.672,0,324.41,0.65,0,17.8063,14.2369,32.0433,49.9944,-2.99829,
26/05/2025 08:53:00,552.718,191.663,0,325.128,0.65,0,10.0469,7.3873,17.4342,49.9944,-2.99829,
26/05/2025 08:54:00,552.63,191.65,0,325.367,0.65,0,4.15959,11.2639,15.4235,49.9618,-2.99829,
26/05/2025 08:55:00,543.372,188.432,0,325.367,0.639167,0,4.02307,0.976472,4.99954,49.9835,-2.99829,
26/05/2025 08:56:00,543.388,188.439,0,325.367,0.639167,0,7.02014,12.1526,19.1727,49.9971,-3.00532,
26/05/2025 08:57:00,552.682,191.638,0,325.367,0.65,0,15.0654,3.64098,18.7064,50.0198,-2.99829,
26/05/2025 08:58:00,552.736,191.675,0,324.649,0.65,0,9.13756,11.1602,20.2978,50.0141,-2.99829,
26/05/2025 08:59:00,543.525,188.466,0,324.17,0.639167,0,14.2376,19.1636,33.4013,49.9998,-2.99829,
26/05/2025 09:00:00,552.73,191.67,0,324.41,0.65,0,20.9755,22.8242,43.7997,49.9944,-3.00532,
26/05/2025 09:01:00,552.727,191.658,0,324.889,0.65,0,15.7956,12.2202,28.0159,49.9998,-2.99829,
26/05/2025 09:02:00,552.71,191.658,0,325.367,0.65,0,3.41521,6.63908,10.0543,49.9781,-3.00532,
26/05/2025 09:03:00,552.687,191.655,0,324.889,0.65,0,7.05212,6.0495,13.1016,50.0084,-3.00532,
26/05/2025 09:04:00,552.568,191.647,0,325.607,0.65,0,10.7297,17.0296,27.7593,49.9754,-3.00532,
26/05/2025 09:05:00,552.552,191.628,0,325.128,0.65,0,25.0203,14.7711,39.7914,50.0055,-3.00532,
26/05/2025 09:06:00,552.552,191.627,0,325.128,0.65,0,29.2787,26.1582,55.4369,49.9917,-3.01226,
26/05/2025 09:07:00,552.577,191.641,0,324.41,0.65,0,16.1165,10.8695,26.986,49.9944,-3.01226,
26/05/2025 09:08:00,552.585,191.624,0,324.41,0.65,0,12.622,18.3402,30.9622,49.9971,-3.00532,
26/05/2025 09:09:00,552.583,191.636,0,325.128,0.65,0,15.9282,16.3897,32.3179,50.0255,-3.01226,
26/05/2025 09:10:00,552.549,191.623,0,325.367,0.65,0,17.4586,10.9856,28.4442,50.0141,-3.01226,
26/05/2025 09:11:00,552.544,191.617,0,325.367,0.65,0,20.4476,8.0626,28.5102,49.9781,-3.01226,
26/05/2025 09:12:00,552.547,191.612,0,325.367,0.65,0,9.4911,7.6198,17.1109,49.9944,-3.01226,
26/05/2025 09:13:00,552.547,191.613,0,325.128,0.65,0,19.1527,5.96191,25.1146,50.0454,-3.00532,
26/05/2025 09:14:00,552.544,191.613,0,325.128,0.65,0,12.5213,6.91553,19.4368,50.0255,-3.00532,
26/05/2025 09:15:00,552.618,191.645,0,324.41,0.65,0,8.80342,16.0863,24.8897,50.0141,-3.01226,
26/05/2025 09:16:00,552.626,191.644,0,324.649,0.65,0,14.7773,11.4508,26.2281,49.9835,-3.00532,
26/05/2025 09:17:00,552.545,191.63,0,325.367,0.65,0,18.806,6.74175,25.5478,50.0226,-3.00532,
26/05/2025 09:18:00,552.541,191.614,0,325.128,0.65,0,12.977,13.791,26.768,49.9699,-3.00532,
26/05/2025 09:19:00,552.512,191.591,0,325.128,0.65,0,6.55246,6.78282,13.3353,49.9564,-3.00532,
26/05/2025 09:20:00,552.529,191.608,0,325.367,0.65,0,18.1894,27.3468,45.5362,49.9727,-3.01226,
26/05/2025 09:21:00,552.571,191.639,0,325.128,0.65,0,22.9258,36.4267,59.3525,50.0198,-3.00532,
26/05/2025 09:22:00,552.614,191.656,0,324.649,0.65,0,40.883,24.8811,65.7642,49.9835,-2.99829,
26/05/2025 09:23:00,552.548,191.624,0,324.41,0.65,0,13.6334,22.0338,35.6672,50.0169,-2.99097,
26/05/2025 09:24:00,552.555,191.628,0,324.649,0.65,0,10.5471,8.18916,18.7363,50.0027,-2.99097,
26/05/2025 09:25:00,552.59,191.648,0,324.889,0.65,0,18.4588,13.7302,32.189,50.0198,-2.99097,
26/05/2025 09:26:00,552.578,191.639,0,325.128,0.65,0,19.7299,17.3808,37.1107,49.9971,-2.99829,
26/05/2025 09:27:00,552.543,191.62,0,325.128,0.65,0,20.5666,13.4498,34.0163,50.0283,-3.00532,
26/05/2025 09:28:00,552.526,191.61,0,325.367,0.65,0,17.1556,19.2025,36.3581,49.9645,-2.99829,
26/05/2025 09:29:00,552.492,191.583,0,325.367,0.65,0,18.5415,7.48365,26.0251,49.9862,-3.00532,
26/05/2025 09:30:00,552.482,191.596,0,324.649,0.65,0,15.9058,14.3013,30.2071,49.9944,-3.00532,
26/05/2025 09:31:00,552.538,191.612,0,324.41,0.65,0,24.9501,12.3864,37.3365,50.0055,-2.99829,
26/05/2025 09:32:00,552.543,191.62,0,324.41,0.65,0,14.6946,16.6235,31.3181,49.9944,-3.01226,
26/05/2025 09:33:00,552.543,191.628,0,324.889,0.65,0,12.2862,16.9434,29.2296,50.0112,-3.01226,
26/05/2025 09:34:00,552.546,191.628,0,325.367,0.65,0,7.92792,8.84391,16.7718,49.9781,-3.0192,
26/05/2025 09:35:00,552.547,191.644,0,325.128,0.65,0,7.21789,4.93815,12.1561,49.9944,-3.0192,
26/05/2025 09:36:00,552.563,191.647,0,325.846,0.65,0,9.42599,12.5228,21.9487,49.9862,-3.0192,
26/05/2025 09:37:00,552.589,191.643,0,325.128,0.65,0,6.80516,11.3366,18.1418,49.9917,-3.0192,
26/05/2025 09:38:00,552.547,191.629,0,324.889,0.65,0,9.94696,7.911,17.858,50.0226,-3.01226,
26/05/2025 09:39:00,552.547,191.635,0,324.649,0.65,0,7.26566,10.1004,17.366,49.9808,-3.01226,
26/05/2025 09:40:00,552.555,191.633,0,324.41,0.65,0,7.70633,7.93205,15.6384,50.0397,-3.00532,
26/05/2025 09:41:00,552.573,191.637,0,325.128,0.65,0,8.31917,11.741,20.0602,49.9944,-3.0192,
26/05/2025 09:42:00,552.555,191.64,0,325.128,0.65,0,12.033,8.30127,20.3343,50.0027,-3.0192,
26/05/2025 09:43:00,552.547,191.633,0,325.128,0.65,0,9.41585,13.9687,23.3845,49.9998,-3.0192,
26/05/2025 09:44:00,552.55,191.626,0,325.607,0.65,0,22.2161,16.6634,38.8795,49.9998,-3.00532,
26/05/2025 09:45:00,552.544,191.63,0,325.128,0.65,0,19.8249,18.242,38.0669,50.0483,-3.01226,
26/05/2025 09:46:00,552.547,191.618,0,324.889,0.65,0,18.9876,24.1893,43.1769,49.9672,-3.00532,
26/05/2025 09:47:00,552.533,191.594,0,324.649,0.65,0,16.4885,19.5109,35.9994,50.0055,-2.99829,
26/05/2025 09:48:00,552.52,191.583,0,324.41,0.65,0,8.74023,6.97909,15.7193,50.0169,-2.99097,
26/05/2025 09:49:00,552.525,191.585,0,324.889,0.65,0,9.76423,12.896,22.6602,49.9428,-2.99829,
26/05/2025 09:50:00,552.521,191.59,0,325.367,0.65,0,10.6996,16.8405,27.5401,50.0226,-2.99097,
26/05/2025 09:51:00,552.453,191.571,0,325.367,0.65,0,9.03739,14.316,23.3533,50.0027,-3.00532,
26/05/2025 09:52:00,552.396,191.568,0,325.367,0.65,0,11.653,14.5822,26.2352,50.0112,-2.99829,
26/05/2025 09:53:00,552.37,191.551,0,325.607,0.65,0,11.6877,17.2311,28.9188,50.0084,-2.99829,
26/05/2025 09:54:00,552.369,191.548,0,324.649,0.65,0,17.116,11.3101,28.4261,49.9998,-2.99829,
26/05/2025 09:55:00,552.351,191.55,0,324.41,0.65,0,7.67846,18.6243,26.3028,49.989,-2.99829,
26/05/2025 09:56:00,552.344,191.53,0,324.649,0.65,0,8.32817,12.0002,20.3284,50.0055,-2.99097,
26/05/2025 09:57:00,552.346,191.533,0,324.889,0.65,0,7.55585,15.2962,22.852,50.0055,-2.99829,
26/05/2025 09:58:00,552.35,191.565,0,325.367,0.65,0,9.13544,10.5335,19.669,49.9998,-2.99829,
26/05/2025 09:59:00,552.369,191.572,0,325.367,0.65,0,17.4089,18.2752,35.6841,49.989,-2.99829,
26/05/2025 10:00:00,552.354,191.563,0,325.607,0.65,0,12.3205,14.2924,26.6129,49.989,-2.99829,
26/05/2025 10:01:00,552.35,191.548,0,325.128,0.65,0,8.79233,11.9306,20.7229,50.0397,-2.99097,
26/05/2025 10:02:00,552.353,191.552,0,325.128,0.65,0,6.88713,14.6315,21.5187,50.0198,-2.98366,
26/05/2025 10:03:00,552.353,191.568,0,324.649,0.65,0,12.4505,3.78524,16.2357,50.0397,-2.98366,
26/05/2025 10:04:00,552.35,191.546,0,324.41,0.65,0,9.52053,7.45465,16.9752,49.9808,-2.99097,
26/05/2025 10:05:00,552.35,191.545,0,324.889,0.65,0,4.60722,8.80316,13.4104,49.9727,-2.99097,
26/05/2025 10:06:00,552.35,191.544,0,325.128,0.65,0,5.74957,8.39079,14.1404,50.0027,-2.99097,
26/05/2025 10:07:00,552.35,191.545,0,325.128,0.65,0,7.47143,6.9239,14.3954,50.0141,-2.99097,
26/05/2025 10:08:00,552.359,191.551,0,325.607,0.65,0,6.2282,7.85586,14.0841,49.9862,-2.99097,
26/05/2025 10:09:00,552.484,191.592,0,325.128,0.65,0,13.3468,16.0784,29.4252,49.9835,-2.99829,
26/05/2025 10:10:00,552.526,191.607,0,324.889,0.65,0,7.07053,6.14778,13.2183,49.9781,-2.99829,
26/05/2025 10:11:00,552.402,191.565,0,324.649,0.65,0,9.78092,6.57554,16.3565,50.0198,-2.99829,
26/05/2025 10:12:00,552.345,191.538,0,324.41,0.65,0,9.54694,6.61082,16.1578,49.9998,-2.99829,
26/05/2025 10:13:00,552.289,191.519,0,325.128,0.65,0,1.19293,6.72908,7.92201,50.0141,-2.99829,
26/05/2025 10:14:00,552.243,191.512,0,325.128,0.65,0,12.8791,14.4002,27.2793,49.9917,-2.99829,
26/05/2025 10:15:00,552.193,191.509,0,325.128,0.65,0,15.5538,10.0931,25.6469,49.9917,-2.99829,
26/05/2025 10:16:00,552.259,191.513,0,325.607,0.65,0,14.6921,18.2634,32.9554,50.0027,-2.99829,
26/05/2025 10:17:00,552.348,191.543,0,325.367,0.65,0,23.0886,23.574,46.6626,50.0454,-2.99829,
26/05/2025 10:18:00,552.35,191.566,0,324.649,0.65,0,17.9213,22.4366,40.3579,49.9944,-2.99829,
26/05/2025 10:19:00,552.35,191.558,0,324.41,0.65,0,16.3033,12.728,29.0313,49.9971,-2.98366,
26/05/2025 10:20:00,552.35,191.527,0,324.41,0.65,0,15.0249,10.4166,25.4415,49.9944,-2.98366,
26/05/2025 10:21:00,552.347,191.539,0,324.889,0.65,0,11.2326,9.45747,20.6901,50.034,-2.97636,
26/05/2025 10:22:00,552.341,191.547,0,325.367,0.65,0,17.0541,2.41505,19.4691,50.0055,-2.98366,
26/05/2025 10:23:00,552.344,191.547,0,324.889,0.65,0,12.9964,15.9596,28.9559,49.9808,-2.98366,
26/05/2025 10:24:00,552.35,191.549,0,325.367,0.65,0,13.3026,10.9276,24.2302,49.9917,-2.99097,
26/05/2025 10:25:00,552.35,191.573,0,325.367,0.65,0,9.24706,12.4068,21.6538,49.9971,-2.99097,
26/05/2025 10:26:00,552.35,191.557,0,324.889,0.65,0,20.9078,12.0434,32.9512,49.9781,-2.98366,
26/05/2025 10:27:00,552.35,191.56,0,324.41,0.65,0,20.1396,8.69252,28.8321,50.0027,-2.98366,
26/05/2025 10:28:00,552.355,191.581,0,324.649,0.65,0,13.0184,10.4616,23.48,50.0426,-2.97636,
26/05/2025 10:29:00,552.352,191.571,0,325.128,0.65,0,14.4238,19.9616,34.3854,50.0084,-2.98366,
26/05/2025 10:30:00,552.35,191.553,0,325.367,0.65,0,14.6015,15.6778,30.2793,49.9781,-2.99829,
26/05/2025 10:31:00,552.35,191.564,0,325.367,0.65,0,8.54049,7.41376,15.9543,50.0226,-2.99829,
26/05/2025 10:32:00,552.353,191.588,0,325.367,0.65,0,9.00479,6.51544,15.5202,49.9672,-3.00532,
26/05/2025 10:33:00,543.232,188.379,0,325.367,0.639167,0,14.2064,16.3059,30.5123,50.0027,-3.00532,
26/05/2025 10:34:00,543.194,188.372,0,324.889,0.639167,0,13.3828,11.7241,25.1069,49.9917,-3.00532,
26/05/2025 10:35:00,552.389,191.584,0,324.649,0.65,0,9.97891,10.8574,20.8363,50.0198,-3.00532,
26/05/2025 10:36:00,552.371,191.582,0,324.41,0.65,0,7.34822,5.7294,13.0776,49.9699,-3.00532,
26/05/2025 10:37:00,552.41,191.577,0,325.367,0.65,0,5.4877,15.5398,21.0275,49.9781,-3.01226,
26/05/2025 10:38:00,552.507,191.598,0,325.128,0.65,0,13.0246,17.8738,30.8985,50.0055,-3.01226,
26/05/2025 10:39:00,552.542,191.626,0,325.128,0.65,0,10.5734,12.4669,23.0403,49.9727,-3.00532,
26/05/2025 10:40:00,552.552,191.64,0,325.367,0.65,0,15.632,14.2354,29.8675,50.0169,-3.00532,
26/05/2025 10:41:00,552.576,191.659,0,325.367,0.65,0,15.8644,15.6924,31.5569,49.9727,-3.01226,
26/05/2025 10:42:00,552.588,191.675,0,324.649,0.65,0,10.6828,7.36675,18.0496,50.0112,-3.01226,
26/05/2025 10:43:00,552.559,191.664,0,324.41,0.65,0,10.1814,15.9167,26.0981,49.9672,-2.99829,
26/05/2025 10:44:00,552.547,191.652,0,324.649,0.65,0,7.23754,8.51831,15.7558,50.0283,-3.00532,
26/05/2025 10:45:00,552.557,191.653,0,325.128,0.65,0,8.84689,6.34073,15.1876,50.0169,-2.99829,
26/05/2025 10:46:00,552.572,191.654,0,325.367,0.65,0,8.4091,8.08976,16.4989,49.9699,-3.00532,
26/05/2025 10:47:00,552.552,191.637,0,325.128,0.65,0,13.246,4.69786,17.9439,50.0169,-3.00532,
26/05/2025 10:48:00,552.581,191.651,0,325.607,0.65,0,7.19383,20.1015,27.2953,49.989,-2.99829,
26/05/2025 10:49:00,552.593,191.647,0,325.128,0.65,0,15.9947,15.6747,31.6694,50.0027,-2.99829,
26/05/2025 10:50:00,552.602,191.642,0,325.128,0.65,0,1.14874,-0.822984,0.325761,49.9944,-2.99829,
26/05/2025 10:51:00,552.592,191.644,0,324.41,0.65,0,-1.70842,0.962309,-0.746113,49.9917,-3.00532,
26/05/2025 10:52:00,552.593,191.657,0,324.649,0.65,0,-1.861,-0.206448,-2.06745,49.9917,-3.00532,
26/05/2025 10:53:00,552.552,191.655,0,325.128,0.65,0,-1.84521,-0.0782293,-1.92344,50.0112,-3.00532,
26/05/2025 10:54:00,552.544,191.635,0,325.367,0.65,0,-1.59023,0.0906267,-1.4996,49.989,-3.0192,
26/05/2025 10:55:00,552.544,191.619,0,325.128,0.65,0,-0.375705,-0.615134,-0.990838,50.0226,-3.01226,
26/05/2025 10:56:00,552.544,191.626,0,325.607,0.65,0,-1.49844,-0.30248,-1.80092,50.0112,-3.0192,
26/05/2025 10:57:00,552.544,191.618,0,325.367,0.65,0,2.4457,6.10419,8.54989,49.9754,-3.01226,
26/05/2025 10:58:00,552.544,191.624,0,324.889,0.65,0,14.2229,16.5725,30.7954,49.9917,-3.0192,
26/05/2025 10:59:00,552.546,191.617,0,324.649,0.65,0,6.72371,8.1326,14.8563,50.0312,-3.01226,
26/05/2025 11:00:00,552.547,191.633,0,324.649,0.65,0,9.05568,6.9278,15.9835,50.0255,-3.01226,
26/05/2025 11:01:00,552.552,191.625,0,325.128,0.65,0,7.46602,3.66844,11.1345,49.9781,-3.02615,
26/05/2025 11:02:00,552.555,191.629,0,325.128,0.65,0,1.53437,3.01207,4.54646,50.0141,-3.0192,
26/05/2025 11:03:00,552.556,191.624,0,325.128,0.65,0,-0.00918589,0.552429,0.543248,49.9781,-3.01226,
26/05/2025 11:04:00,552.544,191.614,0,325.607,0.65,0,4.60255,8.01946,12.622,49.9944,-3.00532,
26/05/2025 11:05:00,552.544,191.602,0,325.367,0.65,0,5.57692,5.83554,11.4125,50.0027,-3.00532,
26/05/2025 11:06:00,552.54,191.605,0,324.889,0.65,0,0.856561,1.35506,2.21162,49.9944,-3.00532,
26/05/2025 11:07:00,552.557,191.627,0,324.41,0.65,0,4.47515,5.84063,10.3158,50.0141,-3.01226,
26/05/2025 11:08:00,552.601,191.647,0,324.649,0.65,0,5.91337,5.3606,11.274,49.9781,-3.00532,
26/05/2025 11:09:00,552.647,191.651,0,324.889,0.65,0,5.30121,11.0804,16.3817,49.9754,-3.00532,
26/05/2025 11:10:00,524.937,182.073,0,325.128,0.6175,0,7.54509,3.01808,10.5631,50.0055,-3.00532,
26/05/2025 11:11:00,497.291,172.502,0,324.889,0.585,0,5.39346,1.41918,6.81265,49.9835,-3.0192,
26/05/2025 11:12:00,524.934,182.033,0,325.128,0.628333,0,5.51578,7.12115,12.6369,49.9944,-3.0192,
26/05/2025 11:13:00,478.924,166.105,0,325.367,0.563333,0,1.86214,3.30982,5.17196,50.0084,-3.01226,
26/05/2025 11:14:00,497.354,172.441,0,324.649,0.574167,0,-0.608878,1.55007,0.941188,49.9754,-3.01226,
26/05/2025 11:15:00,506.576,175.67,0,324.649,0.595833,0,4.70431,4.64639,9.3507,49.9971,-3.00532,
26/05/2025 11:16:00,534.312,185.256,0,324.41,0.628333,0,3.0281,4.05787,7.08597,49.9808,-2.99829,
26/05/2025 11:17:00,497.463,172.476,0,324.889,0.585,0,6.81544,5.38916,12.2046,50.0084,-2.99829,
26/05/2025 11:18:00,534.287,185.255,0,325.128,0.628333,0,7.89125,9.58665,17.4779,50.0141,-3.00532,
26/05/2025 11:19:00,497.353,172.47,0,325.128,0.585,0,5.1956,8.16319,13.3588,49.9727,-3.01226,
26/05/2025 11:20:00,497.292,172.413,0,325.367,0.585,0,-0.251679,1.26912,1.01745,50.0169,-3.01226,
26/05/2025 11:21:00,543.335,188.427,0,325.128,0.639167,0,1.05288,3.26861,4.32149,50.0141,-3.01226,
26/05/2025 11:22:00,488.081,169.226,0,324.889,0.574167,0,-1.4909,0.679448,-0.811453,50.0027,-3.00532,
26/05/2025 11:23:00,524.912,181.982,0,324.17,0.6175,0,-1.09452,3.71948,2.62497,50.0055,-3.02615,
26/05/2025 11:24:00,515.689,178.814,0,324.41,0.606667,0,7.72179,6.57862,14.3004,49.9754,-3.0192,
26/05/2025 11:25:00,524.915,181.974,0,325.128,0.6175,0,2.35686,8.16073,10.5176,49.9862,-3.0192,
26/05/2025 11:26:00,506.485,175.591,0,325.128,0.606667,0,4.07431,7.63159,11.7059,50.0198,-3.0192,
26/05/2025 11:27:00,515.667,178.785,0,325.128,0.595833,0,0.422526,1.31019,1.73271,50.0084,-3.01226,
26/05/2025 11:28:00,515.661,178.776,0,325.607,0.606667,0,4.73041,5.85616,10.5866,49.9808,-3.00532,
26/05/2025 11:29:00,534.081,185.163,0,325.367,0.628333,0,7.42512,11.6103,19.0354,49.9727,-3.00532,
26/05/2025 11:30:00,478.871,166.011,0,324.889,0.563333,0,2.95718,7.51746,10.4746,49.9917,-3.00532,
26/05/2025 11:31:00,552.539,191.553,0,324.41,0.65,0,15.1902,10.2147,25.4049,49.9998,-3.01226,
26/05/2025 11:32:00,552.539,191.563,0,324.649,0.65,0,9.44386,10.6557,20.0996,50.0055,-3.00532,
26/05/2025 11:33:00,543.335,188.394,0,325.128,0.639167,0,16.4126,8.67607,25.0887,49.9944,-3.00532,
26/05/2025 11:34:00,552.544,191.566,0,325.367,0.65,0,12.8262,11.5203,24.3465,50.0055,-2.99097,
26/05/2025 11:35:00,534.126,185.159,0,325.128,0.628333,0,4.12991,7.42904,11.5589,49.989,-2.99097,
26/05/2025 11:36:00,543.33,188.356,0,325.367,0.639167,0,6.39432,2.08571,8.48002,49.9699,-2.99097,
26/05/2025 11:37:00,534.086,185.145,0,325.367,0.628333,0,5.61336,11.7112,17.3246,50.0255,-2.97636,
26/05/2025 11:38:00,552.52,191.54,0,324.889,0.65,0,-1.59083,-0.288444,-1.87927,50.0426,-2.98366,
26/05/2025 11:39:00,543.311,188.361,0,324.41,0.639167,0,4.21128,2.30288,6.51416,49.9835,-2.99097,
26/05/2025 11:40:00,552.54,191.585,0,324.649,0.65,0,4.44383,2.3498,6.79362,50.0226,-2.99829,
26/05/2025 11:41:00,543.334,188.381,0,324.889,0.639167,0,5.43662,6.38117,11.8178,49.9971,-2.99097,
26/05/2025 11:42:00,524.917,181.963,0,325.128,0.6175,0,5.08224,13.1374,18.2196,50.0055,-2.99829,
26/05/2025 11:43:00,543.297,188.381,0,324.889,0.639167,0,-0.053903,0.941914,0.888007,50.0027,-2.99829,
26/05/2025 11:44:00,543.209,188.321,0,325.367,0.639167,0,1.57316,2.32758,3.90074,49.9781,-2.99829,
26/05/2025 11:45:00,524.809,181.974,0,325.367,0.6175,0,2.41012,3.89609,6.3062,50.0112,-3.00532,
26/05/2025 11:46:00,552.389,191.542,0,325.128,0.65,0,2.52833,4.68804,7.21637,50.0084,-2.99829,
26/05/2025 11:47:00,543.148,188.328,0,324.649,0.639167,0,12.5427,12.7976,25.3403,50.0141,-2.99829,
26/05/2025 11:48:00,533.948,185.141,0,324.41,0.628333,0,6.28026,11.5794,17.8596,49.9754,-3.00532,
26/05/2025 11:49:00,552.355,191.532,0,325.128,0.65,0,5.61536,14.5561,20.1715,50.0027,-3.01226,
26/05/2025 11:50:00,552.35,191.512,0,325.128,0.65,0,3.0841,3.47625,6.56036,49.9699,-3.00532,
26/05/2025 11:51:00,552.332,191.494,0,325.128,0.65,0,0.505282,4.65403,5.1593,50.0255,-3.00532,
26/05/2025 11:52:00,552.299,191.489,0,325.607,0.65,0,4.52268,6.52815,11.0508,49.9944,-3.00532,
26/05/2025 11:53:00,552.336,191.501,0,325.367,0.65,0,3.84447,9.90402,13.7485,49.9971,-2.99829,
26/05/2025 11:54:00,552.35,191.524,0,324.889,0.65,0,7.2081,4.62796,11.836,50.0226,-2.99829,
26/05/2025 11:55:00,552.35,191.522,0,324.41,0.65,0,7.27736,5.75882,13.0362,49.9971,-2.99829,
26/05/2025 11:56:00,552.336,191.507,0,324.649,0.65,0,11.1091,6.98197,18.0911,50.0169,-2.99829,
26/05/2025 11:57:00,552.345,191.519,0,324.889,0.65,0,5.49705,7.8041,13.3011,50.0084,-2.98366,
26/05/2025 11:58:00,552.35,191.54,0,325.367,0.65,0,6.37401,8.90746,15.2815,50.0255,-2.98366,
26/05/2025 11:59:00,552.352,191.537,0,325.367,0.65,0,6.04389,3.32613,9.37002,49.9998,-2.98366,
26/05/2025 12:00:00,543.146,188.331,0,325.607,0.639167,0,6.88777,7.21606,14.1039,50.0112,-2.98366,
26/05/2025 12:01:00,552.309,191.495,0,325.367,0.65,0,-0.645558,0.612389,-0.0331692,49.9944,-2.98366,
26/05/2025 12:02:00,552.312,191.501,0,324.889,0.65,0,0.438966,2.01526,2.45422,49.9998,-2.98366,
26/05/2025 12:03:00,552.346,191.516,0,324.649,0.65,0,7.94359,11.3656,19.3092,50.0283,-2.98366,
26/05/2025 12:04:00,552.347,191.528,0,324.41,0.65,0,8.37794,17.7473,26.1252,50.0426,-2.99097,
26/05/2025 12:05:00,552.346,191.515,0,324.889,0.65,0,4.0149,6.88132,10.8962,50.0283,-2.99097,
26/05/2025 12:06:00,552.218,191.508,0,325.128,0.65,0,3.27026,6.22923,9.49951,50.0055,-2.99829,
26/05/2025 12:07:00,552.162,191.49,0,325.128,0.65,0,7.12771,3.84988,10.9776,50.0283,-2.99829,
26/05/2025 12:08:00,552.2,191.494,0,325.367,0.65,0,5.74974,4.50621,10.256,49.9618,-3.00532,
26/05/2025 12:09:00,552.263,191.505,0,325.128,0.65,0,8.46941,17.1018,25.5712,49.9862,-2.99829,
26/05/2025 12:10:00,552.27,191.498,0,324.889,0.65,0,9.35682,5.84026,15.1971,49.9862,-3.01226,
26/05/2025 12:11:00,552.196,191.479,0,324.41,0.65,0,2.53311,7.15681,9.68991,49.9727,-3.01226,
26/05/2025 12:12:00,552.153,191.46,0,324.649,0.65,0,4.76887,1.70144,6.47031,50.0027,-3.00532,
26/05/2025 12:13:00,552.129,191.449,0,324.889,0.65,0,4.71776,4.58694,9.3047,50.0255,-2.99829,
26/05/2025 12:14:00,552.061,191.421,0,325.128,0.65,0,3.49038,2.54224,6.03262,49.9808,-3.00532,
26/05/2025 12:15:00,551.977,191.424,0,325.128,0.65,0,0.238131,7.29318,7.53131,50.0426,-2.99829,
26/05/2025 12:16:00,551.972,191.42,0,325.607,0.65,0,2.8898,0.936023,3.82582,49.9862,-2.99829,
26/05/2025 12:17:00,551.978,191.42,0,325.128,0.65,0,9.4791,7.79601,17.2751,50.0055,-2.98366,
26/05/2025 12:18:00,552.105,191.446,0,324.889,0.65,0,4.59207,3.62474,8.21682,49.9944,-2.99097,
26/05/2025 12:19:00,552.151,191.457,0,324.649,0.65,0,8.39498,9.75995,18.155,49.9917,-2.99829,
26/05/2025 12:20:00,552.117,191.446,0,324.649,0.65,0,11.1477,7.4308,18.5785,49.9944,-2.99829,
26/05/2025 12:21:00,552.071,191.437,0,324.889,0.65,0,3.45631,11.3449,14.8012,50.0169,-3.00532,
26/05/2025 12:22:00,552.121,191.444,0,325.128,0.65,0,7.49738,5.27277,12.7701,50.0027,-2.99829,
26/05/2025 12:23:00,552.141,191.453,0,325.128,0.65,0,2.58545,11.2781,13.8635,49.9917,-3.00532,
26/05/2025 12:24:00,552.157,191.459,0,325.607,0.65,0,0.159323,1.90977,2.06909,49.9862,-2.99829,
26/05/2025 12:25:00,552.162,191.48,0,325.128,0.65,0,1.60381,5.06693,6.67073,50.0141,-2.99829,
26/05/2025 12:26:00,552.227,191.5,0,324.889,0.65,0,2.52503,7.13147,9.65649,49.9971,-3.00532,
26/05/2025 12:27:00,552.201,191.499,0,324.649,0.65,0,6.44138,2.88547,9.32685,49.9971,-3.00532,
26/05/2025 12:28:00,552.155,191.471,0,324.41,0.65,0,-1.74469,1.06336,-0.681332,50.0055,-3.01226,
26/05/2025 12:29:00,552.152,191.457,0,325.128,0.65,0,4.96515,8.86337,13.8285,49.9781,-3.0192,
26/05/2025 12:30:00,552.094,191.434,0,325.128,0.65,0,-0.894438,-0.845209,-1.73965,49.9944,-3.0192,
26/05/2025 12:31:00,552.128,191.441,0,325.367,0.65,0,1.47527,-0.626388,0.848887,50.0198,-3.01226,
26/05/2025 12:32:00,552.196,191.482,0,325.128,0.65,0,2.34446,6.0501,8.39457,49.9944,-3.0192,
26/05/2025 12:33:00,552.299,191.52,0,324.889,0.65,0,2.83347,5.59085,8.42432,49.9754,-3.0192,
26/05/2025 12:34:00,552.35,191.541,0,324.889,0.65,0,0.2897,1.14002,1.42973,50.0027,-3.0192,
26/05/2025 12:35:00,552.363,191.543,0,324.41,0.65,0,3.5281,0.538719,4.06682,49.9917,-3.01226,
26/05/2025 12:36:00,552.353,191.532,0,324.649,0.65,0,0.608532,2.94305,3.55159,49.9862,-3.01226,
26/05/2025 12:37:00,552.329,191.499,0,325.128,0.65,0,3.14203,0.42548,3.56752,49.9944,-3.0192,
26/05/2025 12:38:00,552.312,191.493,0,325.128,0.65,0,3.82097,7.36175,11.1827,49.9944,-3.01226,
26/05/2025 12:39:00,552.336,191.487,0,325.128,0.65,0,0.6425,1.50097,2.14347,50.0169,-3.00532,
26/05/2025 12:40:00,552.347,191.501,0,325.607,0.65,0,-0.0103392,2.98283,2.97249,50.0169,-3.00532,
26/05/2025 12:41:00,552.328,191.493,0,325.367,0.65,0,-0.0599407,0.832955,0.773016,49.9998,-3.00532,
26/05/2025 12:42:00,552.35,191.515,0,324.889,0.65,0,4.65333,13.4146,18.0679,49.9998,-3.00532,
26/05/2025 12:43:00,552.356,191.531,0,324.649,0.65,0,-0.974936,2.2995,1.32456,49.9754,-2.99829,
26/05/2025 12:44:00,552.369,191.52,0,324.41,0.65,0,1.92392,-0.664892,1.25903,50.0141,-3.01226,
26/05/2025 12:45:00,552.371,191.518,0,324.889,0.65,0,0.777811,5.45902,6.23683,49.9699,-3.01226,
26/05/2025 12:46:00,552.404,191.531,0,325.128,0.65,0,6.75592,5.85555,12.6115,49.989,-3.01226,
26/05/2025 12:47:00,552.493,191.546,0,325.128,0.65,0,0.875587,0.768794,1.64438,50.0112,-3.01226,
26/05/2025 12:48:00,552.511,191.54,0,325.367,0.65,0,3.12462,4.83249,7.9571,49.9944,-3.00532,
26/05/2025 12:49:00,552.486,191.545,0,325.128,0.65,0,3.9516,4.08164,8.03324,49.9944,-3.00532,
26/05/2025 12:50:00,552.516,191.542,0,324.889,0.65,0,9.9695,-3.25098,6.71851,49.9862,-3.01226,
26/05/2025 12:51:00,552.529,191.559,0,324.41,0.65,0,3.16791,5.67677,8.84469,49.9645,-3.01226,
26/05/2025 12:52:00,552.387,191.528,0,324.41,0.65,0,1.44699,0.704784,2.15178,49.9754,-3.0192,
26/05/2025 12:53:00,552.334,191.487,0,324.649,0.65,0,1.48495,0.129525,1.61447,49.9781,-3.02615,
26/05/2025 12:54:00,552.35,191.472,0,325.128,0.65,0,-0.101964,1.22751,1.12554,49.9781,-3.04005,
26/05/2025 12:55:00,552.316,191.45,0,325.128,0.65,0,0.290109,0.427209,0.717317,49.9754,-3.04005,
26/05/2025 12:56:00,552.283,191.454,0,325.128,0.65,0,-0.446702,1.11295,0.666244,49.9835,-3.06093,
26/05/2025 12:57:00,552.271,191.44,0,325.367,0.65,0,1.13454,1.05948,2.19402,49.9672,-3.06789,
26/05/2025 12:58:00,552.198,191.43,0,325.607,0.65,0,2.47256,2.63964,5.1122,49.9292,-3.07485,
26/05/2025 12:59:00,552.227,191.434,0,324.649,0.65,0,1.27688,1.44746,2.72434,49.9672,-3.06789,
26/05/2025 13:00:00,552.264,191.421,0,324.41,0.65,0,0.0460785,0.914071,0.960148,50.0198,-3.06093,
26/05/2025 13:01:00,552.162,191.389,0,325.128,0.65,0,1.09468,3.31022,4.4049,49.9645,-3.06093,
26/05/2025 13:02:00,552.157,191.387,0,324.17,0.65,0,0.539142,3.77814,4.31727,49.989,-3.05396,
26/05/2025 13:03:00,552.157,191.398,0,324.889,0.65,0,4.06637,11.1974,15.2637,50.0112,-3.06093,
26/05/2025 13:04:00,552.203,191.407,0,325.607,0.65,0,7.81662,7.08559,14.9022,50.0055,-3.05396,
26/05/2025 13:05:00,552.268,191.415,0,325.128,0.65,0,4.74996,6.49097,11.2409,50.0027,-3.04005,
26/05/2025 13:06:00,552.224,191.407,0,325.367,0.65,0,1.03542,5.05663,6.09205,50.0027,-3.04005,
26/05/2025 13:07:00,552.204,191.403,0,325.128,0.65,0,1.8743,7.71458,9.58888,49.9944,-3.0331,
26/05/2025 13:08:00,552.16,191.397,0,325.128,0.65,0,0.985713,1.7167,2.70242,49.9917,-3.02615,
26/05/2025 13:09:00,552.157,191.362,0,324.649,0.65,0,1.06748,3.30651,4.37399,49.989,-3.01226,
26/05/2025 13:10:00,552.14,191.342,0,324.17,0.65,0,1.99509,-0.0499179,1.94517,49.9781,-3.0192,
26/05/2025 13:11:00,552.063,191.329,0,325.128,0.65,0,2.5489,3.50677,6.05566,50.0084,-3.01226,
26/05/2025 13:12:00,552.006,191.315,0,325.128,0.65,0,2.903,5.05313,7.95613,50.0255,-3.0192,
26/05/2025 13:13:00,551.979,191.318,0,325.128,0.65,0,3.6221,4.37383,7.99593,49.989,-3.0192,
26/05/2025 13:14:00,552.055,191.337,0,325.367,0.65,0,-0.0809558,4.98,4.89904,50.0312,-3.0192,
26/05/2025 13:15:00,552.138,191.351,0,325.128,0.65,0,8.18869,15.2229,23.4116,50.0141,-3.0192,
26/05/2025 13:16:00,552.146,191.343,0,325.128,0.65,0,6.74473,11.4514,18.1962,50.0454,-3.01226,
26/05/2025 13:17:00,552.11,191.341,0,324.649,0.65,0,6.56691,7.14362,13.7105,50.0112,-3.00532,
26/05/2025 13:18:00,552.089,191.326,0,324.41,0.65,0,9.37661,5.57128,14.9479,50.0055,-3.00532,
26/05/2025 13:19:00,551.976,191.312,0,324.889,0.65,0,3.00464,3.44009,6.44474,49.9971,-2.99829,
26/05/2025 13:20:00,551.965,191.308,0,325.128,0.65,0,3.7529,4.0937,7.84659,50.0312,-2.99097,
26/05/2025 13:21:00,551.977,191.325,0,325.607,0.65,0,8.06893,7.12236,15.1913,50.0027,-2.98366,
26/05/2025 13:22:00,551.989,191.316,0,325.367,0.65,0,16.403,14.5634,30.9663,50.0055,-2.98366,
26/05/2025 13:23:00,552,191.318,0,325.367,0.65,0,13.133,10.2546,23.3876,49.9862,-2.97636,
26/05/2025 13:24:00,551.97,191.306,0,325.128,0.65,0,4.32711,2.31083,6.63794,49.9971,-2.97636,
26/05/2025 13:25:00,551.964,191.31,0,324.649,0.65,0,6.93615,7.43651,14.3726,50.0255,-2.98366,
26/05/2025 13:26:00,551.971,191.314,0,324.41,0.65,0,5.5926,3.20477,8.79737,49.9781,-2.99097,
26/05/2025 13:27:00,551.967,191.302,0,324.889,0.65,0,6.08984,4.57777,10.6676,49.9699,-2.99097,
26/05/2025 13:28:00,551.964,191.275,0,325.128,0.65,0,9.45694,16.1775,25.6344,50.0255,-2.99097,
26/05/2025 13:29:00,551.918,191.269,0,325.128,0.65,0,6.68043,4.68428,11.3647,50.0198,-2.98366,
26/05/2025 13:30:00,551.79,191.243,0,325.607,0.65,0,2.80779,3.73266,6.54046,50.034,-2.99097,
26/05/2025 13:31:00,551.779,191.247,0,325.128,0.65,0,6.69652,4.25711,10.9536,50.0198,-2.99097,
26/05/2025 13:32:00,551.804,191.236,0,324.889,0.65,0,5.97813,2.11142,8.08955,49.9944,-2.99829,
26/05/2025 13:33:00,551.858,191.266,0,324.649,0.65,0,9.25925,25.7468,35.0061,50.0397,-2.99829,
26/05/2025 13:34:00,551.925,191.28,0,324.17,0.65,0,12.352,19.9439,32.296,49.9781,-3.00532,
26/05/2025 13:35:00,551.963,191.295,0,325.128,0.65,0,9.46955,14.5332,24.0027,49.9998,-2.99829,
26/05/2025 13:36:00,551.931,191.281,0,325.128,0.65,0,15.1387,11.8989,27.0376,49.9862,-2.99829,
26/05/2025 13:37:00,551.802,191.241,0,325.367,0.65,0,12.2877,12.1316,24.4193,49.9672,-2.99097,
26/05/2025 13:38:00,551.771,191.242,0,325.367,0.65,0,19.2452,10.8898,30.135,50.0454,-2.98366,
26/05/2025 13:39:00,551.819,191.244,0,325.367,0.65,0,16.9381,21.3484,38.2864,50.0198,-2.97636,
26/05/2025 13:40:00,551.902,191.269,0,324.889,0.65,0,15.1289,22.1213,37.2502,50.0198,-2.99097,
26/05/2025 13:41:00,551.908,191.261,0,324.649,0.65,0,13.0362,6.93734,19.9735,50.0084,-2.98366,
26/05/2025 13:42:00,551.817,191.246,0,324.41,0.65,0,16.503,19.356,35.8591,50.0027,-2.98366,
26/05/2025 13:43:00,551.798,191.243,0,324.889,0.65,0,15.3503,12.4468,27.7971,50.0055,-2.98366,
26/05/2025 13:44:00,551.887,191.246,0,325.128,0.65,0,8.05887,8.30241,16.3613,50.0283,-2.98366,
26/05/2025 13:45:00,551.932,191.271,0,325.607,0.65,0,12.082,13.8227,25.9047,49.9835,-2.98366,
26/05/2025 13:46:00,551.93,191.26,0,325.367,0.65,0,16.4829,11.2354,27.7183,50.0027,-2.98366,
26/05/2025 13:47:00,551.881,191.254,0,325.367,0.65,0,17.6598,13.7487,31.4085,50.0169,-2.98366,
26/05/2025 13:48:00,551.786,191.236,0,324.889,0.65,0,16.7409,8.68621,25.427,50.0055,-2.98366,
26/05/2025 13:49:00,551.771,191.223,0,324.41,0.65,0,9.93678,6.04407,15.9809,49.9971,-2.97636,
26/05/2025 13:50:00,551.771,191.22,0,324.41,0.65,0,9.53968,9.22531,18.765,50.0169,-2.98366,
26/05/2025 13:51:00,551.771,191.234,0,324.889,0.65,0,10.4788,5.98282,16.4616,49.9835,-2.98366,
26/05/2025 13:52:00,551.773,191.246,0,325.128,0.65,0,8.56729,14.0364,22.6037,50.0198,-2.98366,
26/05/2025 13:53:00,551.777,191.259,0,325.367,0.65,0,11.7332,19.5013,31.2345,50.0055,-2.99097,
26/05/2025 13:54:00,551.802,191.262,0,325.607,0.65,0,19.1059,4.13563,23.2415,50.0084,-2.99829,
26/05/2025 13:55:00,551.789,191.28,0,325.128,0.65,0,12.5226,6.97445,19.497,49.9862,-2.99829,
26/05/2025 13:56:00,551.772,191.264,0,324.889,0.65,0,8.75066,6.19658,14.9473,49.9862,-2.99829,
26/05/2025 13:57:00,551.768,191.257,0,324.889,0.65,0,8.08329,3.66529,11.7486,50.0226,-3.01226,
26/05/2025 13:58:00,551.728,191.244,0,324.41,0.65,0,7.92494,10.8798,18.8048,49.989,-3.00532,
26/05/2025 13:59:00,551.679,191.245,0,324.889,0.65,0,9.05859,4.71655,13.7751,50.054,-3.00532,
26/05/2025 14:00:00,551.603,191.227,0,325.128,0.65,0,7.98474,7.43111,15.4159,49.9699,-3.00532,
26/05/2025 14:01:00,551.577,191.198,0,325.367,0.65,0,7.84252,3.48356,11.3261,50.0112,-2.99829,
26/05/2025 14:02:00,551.577,191.189,0,325.367,0.65,0,0.700968,-0.0109888,0.689984,49.9971,-2.99097,
26/05/2025 14:03:00,551.577,191.199,0,325.607,0.65,0,6.75879,7.95465,14.7134,50.0141,-2.97636,
26/05/2025 14:04:00,551.577,191.204,0,324.889,0.65,0,7.53181,5.57502,13.1068,50.054,-2.97636,
26/05/2025 14:05:00,551.573,191.192,0,324.649,0.65,0,6.45041,10.3077,16.7581,50.0027,-2.97636,
26/05/2025 14:06:00,551.554,191.192,0,324.41,0.65,0,7.33598,12.1493,19.4853,49.9862,-2.96905,
26/05/2025 14:07:00,551.556,191.201,0,324.649,0.65,0,16.962,4.75171,21.7137,49.9862,-2.96905,
26/05/2025 14:08:00,551.515,191.191,0,325.128,0.65,0,20.1029,29.1676,49.2705,50.0169,-2.96905,
26/05/2025 14:09:00,551.554,191.201,0,325.367,0.65,0,21.6431,20.1346,41.7777,49.9998,-2.96905,
26/05/2025 14:10:00,551.575,191.213,0,325.367,0.65,0,20.5928,23.4042,43.997,49.9781,-2.96905,
26/05/2025 14:11:00,551.629,191.257,0,325.367,0.65,0,22.2478,21.6329,43.8807,49.9645,-2.96905,
26/05/2025 14:12:00,551.751,191.26,0,324.889,0.65,0,10.9403,9.77976,20.7201,50.0141,-2.96905,
26/05/2025 14:13:00,551.776,191.297,0,324.889,0.65,0,7.60321,7.91191,15.5151,50.0198,-2.96905,
26/05/2025 14:14:00,551.783,191.31,0,324.17,0.65,0,6.51785,12.8299,19.3477,50.0312,-2.96905,
26/05/2025 14:15:00,551.781,191.309,0,324.889,0.65,0,9.81321,10.4386,20.2518,50.0369,-2.96175,
26/05/2025 14:16:00,551.797,191.313,0,325.128,0.65,0,12.9376,21.7791,34.7166,50.0027,-2.95445,
26/05/2025 14:17:00,551.925,191.337,0,325.128,0.65,0,14.3033,11.8983,26.2015,50.0255,-2.96175,
26/05/2025 14:18:00,551.886,191.328,0,325.367,0.65,0,10.0889,7.19188,17.2808,50.0255,-2.95445,
26/05/2025 14:19:00,551.782,191.314,0,325.367,0.65,0,5.7543,5.1816,10.9359,50.0283,-2.95445,
26/05/2025 14:20:00,551.7,191.294,0,324.889,0.65,0,7.33763,0.625877,7.96351,49.9944,-2.96175,
26/05/2025 14:21:00,551.611,191.269,0,324.649,0.65,0,13.7858,14.3152,28.1011,49.989,-2.97636,
26/05/2025 14:22:00,551.747,191.291,0,324.17,0.65,0,17.4972,6.61208,24.1093,50.0027,-2.96905,
26/05/2025 14:23:00,551.769,191.303,0,325.128,0.65,0,15.6071,7.95685,23.564,50.0112,-2.96905,
26/05/2025 14:24:00,551.77,191.301,0,325.128,0.65,0,7.42992,4.65871,12.0886,49.9944,-2.97636,
26/05/2025 14:25:00,551.768,191.306,0,325.367,0.65,0,19.7575,10.6046,30.3622,50.0283,-2.97636,
26/05/2025 14:26:00,551.668,191.281,0,325.607,0.65,0,12.9605,15.2307,28.1912,49.9862,-2.99829,
26/05/2025 14:27:00,551.746,191.289,0,325.367,0.65,0,7.06434,3.38498,10.4493,49.9808,-2.99829,
26/05/2025 14:28:00,551.696,191.287,0,324.889,0.65,0,4.86013,4.43169,9.29182,50.034,-2.99097,
26/05/2025 14:29:00,551.602,191.282,0,324.649,0.65,0,8.10848,3.36597,11.4744,50.0397,-2.99097,
26/05/2025 14:30:00,551.593,191.269,0,324.41,0.65,0,14.2068,6.86999,21.0768,49.9754,-2.99097,
26/05/2025 14:31:00,551.588,191.283,0,324.889,0.65,0,13.5766,14.7723,28.3489,50.0226,-2.99097,
26/05/2025 14:32:00,551.58,191.257,0,325.128,0.65,0,21.8478,13.2572,35.105,49.9645,-2.99097,
26/05/2025 14:33:00,551.577,191.254,0,325.367,0.65,0,25.3842,25.5903,50.9745,50.034,-2.98366,
26/05/2025 14:34:00,551.556,191.244,0,325.367,0.65,0,20.3343,15.2552,35.5896,50.034,-2.97636,
26/05/2025 14:35:00,551.491,191.234,0,325.128,0.65,0,12.7448,15.7029,28.4476,49.9944,-2.97636,
26/05/2025 14:36:00,551.387,191.211,0,324.889,0.65,0,5.39896,2.59412,7.99307,50.0283,-2.96905,
26/05/2025 14:37:00,551.386,191.204,0,324.649,0.65,0,5.21765,-0.965711,4.25195,49.9808,-2.97636,
26/05/2025 14:38:00,551.429,191.211,0,324.17,0.65,0,2.64684,7.80863,10.4555,50.0255,-2.96175,
26/05/2025 14:39:00,551.549,191.235,0,324.649,0.65,0,4.58892,6.4686,11.0575,49.9917,-2.96175,
26/05/2025 14:40:00,551.571,191.254,0,325.128,0.65,0,7.93871,16.1128,24.0515,49.9862,-2.96905,
26/05/2025 14:41:00,551.468,191.218,0,325.607,0.65,0,14.4381,7.78221,22.2203,49.9835,-2.96175,
26/05/2025 14:42:00,551.387,191.206,0,325.367,0.65,0,3.39706,4.78463,8.1817,50.0055,-2.97636,
26/05/2025 14:43:00,551.384,191.213,0,325.367,0.65,0,2.3446,4.01261,6.35721,49.9998,-2.96905,
26/05/2025 14:44:00,551.463,191.236,0,325.128,0.65,0,6.82618,9.46534,16.2915,50.0027,-2.96905,
26/05/2025 14:45:00,551.556,191.26,0,324.649,0.65,0,9.32932,8.85579,18.1851,50.0198,-2.97636,
26/05/2025 14:46:00,551.544,191.259,0,324.649,0.65,0,2.81399,6.10434,8.91833,49.9455,-2.97636,
26/05/2025 14:47:00,551.446,191.235,0,325.128,0.65,0,4.41896,7.6784,12.0974,50.0426,-2.96905,
26/05/2025 14:48:00,551.554,191.254,0,325.128,0.65,0,10.4328,0.786988,11.2197,50.0084,-2.96905,
26/05/2025 14:49:00,551.577,191.272,0,325.367,0.65,0,13.7284,9.07276,22.8012,50.0084,-2.97636,
26/05/2025 14:50:00,551.577,191.277,0,325.607,0.65,0,16.7867,10.7048,27.4916,50.0112,-2.97636,
26/05/2025 14:51:00,551.577,191.296,0,325.367,0.65,0,23.1672,18.4333,41.6005,49.9727,-2.98366,
26/05/2025 14:52:00,551.576,191.286,0,324.889,0.65,0,25.6002,19.6671,45.2673,49.9917,-2.99829,
26/05/2025 14:53:00,551.575,191.279,0,324.649,0.65,0,16.1658,13.5228,29.6885,49.9917,-2.99097,
26/05/2025 14:54:00,551.557,191.26,0,324.41,0.65,0,15.1527,13.6551,28.8078,49.9808,-2.98366,
26/05/2025 14:55:00,551.477,191.244,0,324.889,0.65,0,9.07517,0.844361,9.91953,50.034,-2.98366,
26/05/2025 14:56:00,551.386,191.22,0,325.367,0.65,0,15.0412,16.3395,31.3807,50.034,-2.98366,
26/05/2025 14:57:00,551.378,191.2,0,325.128,0.65,0,13.7211,17.2865,31.0076,49.9862,-2.98366,
26/05/2025 14:58:00,551.377,191.2,0,325.607,0.65,0,2.12379,3.082,5.20579,49.9781,-2.97636,
26/05/2025 14:59:00,551.386,191.232,0,325.367,0.65,0,-1.71195,-0.200479,-1.91243,50.0568,-2.96905,
26/05/2025 15:00:00,551.388,191.22,0,324.889,0.65,0,-1.77305,-0.052834,-1.82588,49.989,-2.96905,
26/05/2025 15:01:00,551.366,191.202,0,324.649,0.65,0,-1.69963,-0.221424,-1.92105,49.9998,-2.96175,
26/05/2025 15:02:00,551.248,191.178,0,325.128,0.65,0,-1.52754,-0.364245,-1.89178,49.9917,-2.96905,
26/05/2025 15:03:00,551.208,191.173,0,325.128,0.65,0,3.59512,8.71642,12.3116,50.0312,-2.96905,
26/05/2025 15:04:00,551.241,191.164,0,325.128,0.65,0,3.53461,6.1001,9.63472,50.0397,-2.96905,
26/05/2025 15:05:00,551.218,191.181,0,325.128,0.65,0,8.21641,5.33703,13.5535,49.9591,-2.96905,
26/05/2025 15:06:00,551.226,191.181,0,325.128,0.65,0,10.929,24.0184,34.9473,50.0055,-2.97636,
26/05/2025 15:07:00,551.279,191.187,0,324.889,0.65,0,28.0817,30.4343,58.516,49.9998,-2.97636,
26/05/2025 15:08:00,551.344,191.206,0,324.41,0.65,0,16.0644,23.855,39.9194,49.9727,-2.98366,
26/05/2025 15:09:00,551.216,191.172,0,324.649,0.65,0,3.9707,3.59229,7.563,50.0027,-2.98366,
26/05/2025 15:10:00,551.194,191.165,0,324.889,0.65,0,4.83937,1.66197,6.50134,49.9835,-2.99097,
26/05/2025 15:11:00,551.194,191.171,0,325.367,0.65,0,7.72721,7.82431,15.5515,49.9862,-2.99829,
26/05/2025 15:12:00,551.249,191.196,0,325.367,0.65,0,14.1762,5.78107,19.9573,49.9917,-3.00532,
26/05/2025 15:13:00,551.364,191.228,0,325.367,0.65,0,20.8145,22.3199,43.1344,49.9781,-3.00532,
26/05/2025 15:14:00,551.403,191.244,0,325.128,0.65,0,9.69057,13.0491,22.7397,50.0141,-3.00532,
26/05/2025 15:15:00,551.481,191.27,0,324.649,0.65,0,3.73501,2.6962,6.43122,49.9998,-3.00532,
26/05/2025 15:16:00,551.415,191.245,0,324.41,0.65,0,1.03036,2.33881,3.36917,49.9699,-2.99829,
26/05/2025 15:17:00,551.369,191.204,0,324.41,0.65,0,-0.896261,0.553636,-0.342626,50.0426,-2.99829,
26/05/2025 15:18:00,551.38,191.21,0,325.128,0.65,0,-1.71744,-0.205166,-1.9226,50.0255,-2.99097,
26/05/2025 15:19:00,551.39,191.237,0,325.367,0.65,0,0.146292,1.13582,1.28211,50.0141,-3.00532,
26/05/2025 15:20:00,551.395,191.243,0,325.128,0.65,0,-0.0337651,4.28079,4.24703,49.9727,-2.99829,
26/05/2025 15:21:00,551.381,191.235,0,325.607,0.65,0,-1.57992,-0.075897,-1.65581,50.0055,-3.01226,
26/05/2025 15:22:00,523.759,181.687,0,325.128,0.6175,0,-0.906365,0.829925,-0.0764375,49.9699,-3.02615,
26/05/2025 15:23:00,551.281,191.218,0,324.889,0.65,0,-1.51153,1.09675,-0.414776,49.9917,-3.02615,
26/05/2025 15:24:00,542.154,188.024,0,324.41,0.639167,0,-1.50229,1.74979,0.2475,49.9835,-3.04005,
26/05/2025 15:25:00,551.353,191.212,0,324.649,0.65,0,-1.03575,0.651433,-0.384315,49.9699,-3.06093,
26/05/2025 15:26:00,551.324,191.21,0,325.128,0.65,0,-1.05492,-0.00492907,-1.05985,50.0226,-3.07485,
26/05/2025 15:27:00,533.005,184.85,0,325.128,0.628333,0,-0.632732,0.712775,0.0800421,49.9699,-3.0888,
26/05/2025 15:28:00,551.388,191.239,0,325.367,0.65,0,0.831851,4.51402,5.34586,49.9727,-3.0888,
26/05/2025 15:29:00,523.815,181.668,0,325.128,0.6175,0,-1.0306,-0.378767,-1.40937,49.9808,-3.0888,
26/05/2025 15:30:00,542.194,188.011,0,325.367,0.639167,0,-0.689419,0.913057,0.223636,49.9808,-3.0888,
26/05/2025 15:31:00,542.19,188.005,0,324.649,0.639167,0,-1.18101,1.97607,0.795064,49.9917,-3.0888,
26/05/2025 15:32:00,533.004,184.825,0,324.41,0.628333,0,0.320082,1.6296,1.94968,49.9645,-3.0888,
26/05/2025 15:33:00,542.231,188.017,0,324.649,0.639167,0,4.34658,5.9959,10.3425,49.9917,-3.08182,
26/05/2025 15:34:00,551.453,191.235,0,325.128,0.65,0,1.97587,4.19582,6.17169,49.9971,-3.06789,
26/05/2025 15:35:00,542.254,188.046,0,325.128,0.639167,0,-0.53827,2.13242,1.59415,50.0084,-3.05396,
26/05/2025 15:36:00,542.266,188.014,0,325.128,0.639167,0,-1.84486,-0.360485,-2.20535,49.9835,-3.04005,
26/05/2025 15:37:00,551.522,191.234,0,325.367,0.65,0,4.27382,2.30293,6.57675,49.9971,-3.02615,
26/05/2025 15:38:00,551.568,191.262,0,325.367,0.65,0,2.92429,13.7901,16.7144,50.0426,-3.01226,
26/05/2025 15:39:00,551.534,191.245,0,324.889,0.65,0,5.73428,8.27916,14.0134,49.9917,-2.99829,
26/05/2025 15:40:00,551.54,191.25,0,324.41,0.65,0,6.3816,1.63809,8.01969,50.0027,-2.99097,
26/05/2025 15:41:00,533.171,184.884,0,324.649,0.628333,0,10.1388,15.3469,25.4857,50.0169,-2.98366,
26/05/2025 15:42:00,551.564,191.257,0,325.128,0.65,0,4.83693,10.5619,15.3988,50.0426,-2.97636,
26/05/2025 15:43:00,533.183,184.88,0,325.367,0.628333,0,-1.02793,0.482395,-0.545528,49.9862,-2.98366,
26/05/2025 15:44:00,551.526,191.238,0,324.889,0.65,0,-1.5249,0.631747,-0.893156,49.9998,-2.97636,
26/05/2025 15:45:00,542.264,188.045,0,325.367,0.639167,0,3.90318,4.45299,8.35618,49.9998,-2.99097,
26/05/2025 15:46:00,551.387,191.215,0,325.128,0.65,0,3.91885,9.28698,13.2058,50.0397,-2.97636,
26/05/2025 15:47:00,551.394,191.221,0,325.128,0.65,0,-0.543233,3.81123,3.26799,50.0027,-2.97636,
26/05/2025 15:48:00,551.391,191.207,0,324.649,0.65,0,3.50968,3.66116,7.17084,49.9645,-2.97636,
26/05/2025 15:49:00,551.375,191.201,0,324.649,0.65,0,0.249039,0.985104,1.23415,49.9971,-2.96905,
26/05/2025 15:50:00,551.369,191.184,0,324.889,0.65,0,4.26705,2.45816,6.72521,50.0112,-2.96905,
26/05/2025 15:51:00,551.326,191.164,0,325.367,0.65,0,0.872147,1.40199,2.27414,49.9509,-2.96905,
26/05/2025 15:52:00,551.373,191.198,0,324.889,0.65,0,4.79644,2.11816,6.9146,50.0169,-2.96905,
26/05/2025 15:53:00,551.424,191.223,0,325.367,0.65,0,5.2087,5.49834,10.707,50.0226,-2.96175,
26/05/2025 15:54:00,551.499,191.24,0,325.367,0.65,0,4.37375,5.72679,10.1005,50.0198,-2.97636,
26/05/2025 15:55:00,551.555,191.267,0,324.889,0.65,0,-0.408987,3.05451,2.64552,49.9971,-2.96905,
26/05/2025 15:56:00,551.572,191.275,0,324.41,0.65,0,7.01481,4.40929,11.4241,50.0084,-2.96175,
26/05/2025 15:57:00,551.569,191.264,0,325.128,0.65,0,3.15895,4.08281,7.24177,49.9917,-2.96905,
26/05/2025 15:58:00,551.58,191.268,0,324.889,0.65,0,3.02458,3.4986,6.52319,49.9564,-2.97636,
26/05/2025 15:59:00,551.55,191.259,0,325.367,0.65,0,1.94572,0.0931632,2.03889,49.9998,-2.96905,
26/05/2025 16:00:00,551.536,191.241,0,325.128,0.65,0,-1.66395,0.396539,-1.26741,50.0255,-2.97636,
26/05/2025 16:01:00,551.568,191.252,0,325.367,0.65,0,0.469082,-1.20729,-0.738211,50.0112,-2.98366,
26/05/2025 16:02:00,551.552,191.253,0,325.128,0.65,0,0.434734,1.31178,1.74651,49.9645,-2.99097,
26/05/2025 16:03:00,551.57,191.285,0,324.889,0.65,0,-1.289,0.876859,-0.412144,49.9564,-3.00532,
26/05/2025 16:04:00,551.556,191.261,0,324.17,0.65,0,-0.435278,0.309705,-0.125575,49.9862,-3.01226,
26/05/2025 16:05:00,551.48,191.229,0,324.649,0.65,0,-0.347292,-1.03923,-1.38653,49.9808,-3.02615,
26/05/2025 16:06:00,551.53,191.248,0,324.889,0.65,0,-0.488631,2.87327,2.38464,49.9808,-3.0331,
26/05/2025 16:07:00,542.384,188.04,0,325.367,0.639167,0,0.558355,0.979991,1.53834,50.0198,-3.0331,
26/05/2025 16:08:00,542.384,188.084,0,325.367,0.639167,0,0.9513,3.59624,4.54755,50.0426,-3.0331,
26/05/2025 16:09:00,542.36,188.062,0,325.128,0.639167,0,-1.5177,-0.204298,-1.722,49.9971,-3.04005,
26/05/2025 16:10:00,551.513,191.222,0,324.889,0.65,0,-1.45823,-0.0232195,-1.48144,49.9971,-3.0331,
26/05/2025 16:11:00,551.424,191.218,0,324.649,0.65,0,-0.770731,1.46867,0.69794,50.0084,-3.04005,
26/05/2025 16:12:00,551.389,191.211,0,324.41,0.65,0,1.16202,2.25836,3.42039,49.9645,-3.0331,
26/05/2025 16:13:00,551.402,191.212,0,324.41,0.65,0,1.9488,7.60409,9.55288,49.9998,-3.0331,
26/05/2025 16:14:00,551.446,191.21,0,324.889,0.65,0,2.6168,5.50207,8.11887,49.9699,-3.02615,
26/05/2025 16:15:00,551.527,191.233,0,325.367,0.65,0,1.33371,4.44577,5.77949,50.0169,-3.0192,
26/05/2025 16:16:00,551.573,191.275,0,325.128,0.65,0,0.456896,2.95784,3.41474,50.0426,-2.99829,
26/05/2025 16:17:00,551.579,191.275,0,325.367,0.65,0,6.17119,7.53328,13.7045,50.0112,-3.00532,
26/05/2025 16:18:00,551.578,191.281,0,325.128,0.65,0,4.31551,4.45659,8.7721,49.9835,-2.99097,
26/05/2025 16:19:00,551.577,191.286,0,324.649,0.65,0,6.6187,5.90454,12.5232,50.0141,-2.98366,
26/05/2025 16:20:00,551.577,191.281,0,324.41,0.65,0,3.07366,3.4942,6.56785,50.0226,-2.99829,
26/05/2025 16:21:00,551.577,191.272,0,324.649,0.65,0,2.79809,6.03631,8.83441,50.0255,-2.98366,
26/05/2025 16:22:00,551.577,191.252,0,325.128,0.65,0,-0.0122127,2.60424,2.59202,50.0027,-2.99097,
26/05/2025 16:23:00,551.577,191.268,0,325.367,0.65,0,1.65933,1.3127,2.97204,50.0369,-2.98366,
26/05/2025 16:24:00,551.577,191.259,0,325.128,0.65,0,2.49505,4.15647,6.65151,49.989,-2.97636,
26/05/2025 16:25:00,551.55,191.243,0,325.367,0.65,0,4.09982,2.47899,6.57882,49.9862,-2.98366,
26/05/2025 16:26:00,551.496,191.234,0,325.128,0.65,0,0.928468,1.92103,2.8495,50.0027,-2.97636,
26/05/2025 16:27:00,551.475,191.223,0,324.889,0.65,0,3.95677,4.18523,8.142,49.9781,-2.97636,
26/05/2025 16:28:00,551.505,191.236,0,324.41,0.65,0,7.10407,5.19658,12.3007,49.9944,-2.98366,
26/05/2025 16:29:00,551.525,191.252,0,324.649,0.65,0,11.6577,9.10671,20.7644,49.9509,-2.97636,
26/05/2025 16:30:00,551.452,191.237,0,324.889,0.65,0,15.0433,13.8939,28.9372,50.0141,-2.96905,
26/05/2025 16:31:00,551.561,191.272,0,325.128,0.65,0,8.03162,11.7293,19.7609,50.0226,-2.96905,
26/05/2025 16:32:00,551.577,191.299,0,325.128,0.65,0,4.10421,6.40561,10.5098,49.9944,-2.96905,
26/05/2025 16:33:00,551.577,191.304,0,325.367,0.65,0,5.23458,5.85308,11.0877,50.0169,-2.96905,
26/05/2025 16:34:00,551.576,191.293,0,325.607,0.65,0,7.36036,9.76086,17.1212,50.0283,-2.96175,
26/05/2025 16:35:00,551.57,191.276,0,324.649,0.65,0,4.221,9.24588,13.4669,49.9428,-2.96905,
26/05/2025 16:36:00,551.57,191.281,0,324.41,0.65,0,6.18255,9.56874,15.7513,50.0112,-2.96175,
26/05/2025 16:37:00,551.577,191.289,0,324.649,0.65,0,0.880091,3.6773,4.55739,50.0084,-2.97636,
26/05/2025 16:38:00,551.58,191.295,0,325.128,0.65,0,0.458648,1.2483,1.70695,50.0198,-2.97636,
26/05/2025 16:39:00,551.573,191.272,0,325.128,0.65,0,2.91404,3.69631,6.61036,50.0312,-2.98366,
26/05/2025 16:40:00,551.563,191.257,0,325.128,0.65,0,1.27582,1.05881,2.33463,50.0112,-2.98366,
26/05/2025 16:41:00,551.465,191.263,0,325.367,0.65,0,-0.45784,5.61064,5.15279,49.9944,-2.99097,
26/05/2025 16:42:00,551.518,191.252,0,325.367,0.65,0,5.31535,2.52762,7.84295,49.9781,-2.99829,
26/05/2025 16:43:00,551.557,191.271,0,325.128,0.65,0,0.730224,5.68257,6.4128,50.0027,-3.00532,
26/05/2025 16:44:00,551.543,191.282,0,324.649,0.65,0,2.87207,3.48374,6.3558,50.0055,-3.0192,
26/05/2025 16:45:00,551.544,191.256,0,324.889,0.65,0,0.135169,-0.827236,-0.692069,49.9971,-3.0192,
26/05/2025 16:46:00,551.535,191.265,0,325.128,0.65,0,-1.22968,2.08719,0.857513,49.989,-3.02615,
26/05/2025 16:47:00,551.564,191.286,0,325.367,0.65,0,-1.4083,0.42799,-0.980315,49.9917,-3.04005,
26/05/2025 16:48:00,551.553,191.269,0,325.367,0.65,0,-0.889698,-0.257202,-1.1469,49.9998,-3.0331,
26/05/2025 16:49:00,551.557,191.249,0,325.367,0.65,0,-0.922993,0.931307,0.00830997,49.989,-3.0331,
26/05/2025 16:50:00,551.525,191.238,0,325.128,0.65,0,-0.910698,0.292579,-0.618116,50.0055,-3.02615,
26/05/2025 16:51:00,551.53,191.253,0,324.649,0.65,0,1.70414,3.42452,5.12867,49.9754,-3.02615,
26/05/2025 16:52:00,551.57,191.266,0,324.41,0.65,0,4.7598,4.86626,9.62606,49.989,-3.02615,
26/05/2025 16:53:00,551.571,191.262,0,324.889,0.65,0,6.62851,9.71774,16.3462,49.989,-3.0192,
26/05/2025 16:54:00,551.57,191.262,0,325.367,0.65,0,6.30249,5.34788,11.6504,49.9862,-3.0192,
26/05/2025 16:55:00,551.574,191.264,0,325.367,0.65,0,10.6136,4.5591,15.1727,49.9944,-3.01226,
26/05/2025 16:56:00,551.577,191.264,0,325.367,0.65,0,12.6701,3.26551,15.9356,50.0055,-3.01226,
26/05/2025 16:57:00,551.574,191.278,0,325.607,0.65,0,22.3003,13.2692,35.5694,50.0255,-3.00532,
26/05/2025 16:58:00,551.574,191.286,0,325.128,0.65,0,34.1625,23.1182,57.2808,49.9862,-2.99829,
26/05/2025 16:59:00,551.592,191.301,0,324.889,0.65,0,27.3535,24.6137,51.9672,50.0369,-2.99097,
26/05/2025 17:00:00,551.624,191.328,0,324.41,0.65,0,21.0013,33.2669,54.2683,49.9917,-2.99097,
26/05/2025 17:01:00,551.639,191.319,0,324.889,0.65,0,16.7485,19.9872,36.7357,50.0055,-2.98366,
26/05/2025 17:02:00,551.591,191.311,0,325.128,0.65,0,9.81726,9.99271,19.81,50.0198,-2.98366,
26/05/2025 17:03:00,551.589,191.306,0,325.367,0.65,0,4.90704,9.48945,14.3965,50.0283,-2.99097,
26/05/2025 17:04:00,551.577,191.283,0,324.889,0.65,0,3.4395,3.42224,6.86173,49.9944,-2.99829,
26/05/2025 17:05:00,551.556,191.283,0,325.367,0.65,0,0.400919,2.40914,2.81006,49.9591,-2.99829,
26/05/2025 17:06:00,551.514,191.256,0,325.367,0.65,0,-1.57072,0.913108,-0.657615,49.9998,-3.01226,
26/05/2025 17:07:00,551.413,191.234,0,325.128,0.65,0,-0.919982,0.472598,-0.447381,49.9672,-3.0331,
26/05/2025 17:08:00,551.384,191.219,0,324.41,0.65,0,-0.97435,0.621476,-0.352872,50.0084,-3.04005,
26/05/2025 17:09:00,551.387,191.194,0,324.649,0.65,0,-0.772595,0.237388,-0.535207,50.0055,-3.04005,
26/05/2025 17:10:00,551.376,191.201,0,325.128,0.65,0,-0.486395,-0.126119,-0.612512,49.9998,-3.05396,
26/05/2025 17:11:00,551.373,191.178,0,325.367,0.65,0,-0.589075,1.25664,0.667562,49.989,-3.05396,
26/05/2025 17:12:00,551.338,191.16,0,325.128,0.65,0,-1.07277,-0.531299,-1.60407,50.0169,-3.06093,
26/05/2025 17:13:00,551.331,191.159,0,325.367,0.65,0,-1.82153,-0.59861,-2.42014,49.9591,-3.07485,
26/05/2025 17:14:00,551.222,191.14,0,325.367,0.65,0,-1.53649,0.473122,-1.06337,49.9917,-3.08182,
26/05/2025 17:15:00,551.217,191.127,0,325.128,0.65,0,0.08842,0.276338,0.364757,49.9971,-3.08182,
26/05/2025 17:16:00,551.23,191.117,0,324.17,0.65,0,0.161695,4.17138,4.33308,50.0112,-3.07485,
26/05/2025 17:17:00,551.203,191.12,0,324.889,0.65,0,-0.481857,3.45499,2.97313,50.0027,-3.06789,
26/05/2025 17:18:00,551.277,191.117,0,325.128,0.65,0,3.49922,4.76308,8.2623,49.9971,-3.05396,
26/05/2025 17:19:00,551.347,191.136,0,325.367,0.65,0,9.4019,7.40416,16.806,50.0055,-3.0331,
26/05/2025 17:20:00,551.344,191.132,0,325.128,0.65,0,7.82738,15.7436,23.571,50.0169,-3.02615,
26/05/2025 17:21:00,551.312,191.12,0,325.607,0.65,0,11.0124,11.6251,22.6376,50.0625,-3.01226,
26/05/2025 17:22:00,551.336,191.128,0,324.889,0.65,0,12.6135,10.8381,23.4517,49.9998,-3.00532,
26/05/2025 17:23:00,551.334,191.133,0,324.649,0.65,0,15.3775,20.8733,36.2507,49.989,-2.99829,
26/05/2025 17:24:00,551.25,191.129,0,324.41,0.65,0,16.7789,14.7255,31.5045,50.0084,-2.99097,
26/05/2025 17:25:00,551.193,191.12,0,324.649,0.65,0,10.4975,12.9372,23.4348,50.0511,-2.97636,
26/05/2025 17:26:00,551.191,191.102,0,325.128,0.65,0,6.23501,5.94737,12.1824,49.989,-2.97636,
26/05/2025 17:27:00,551.215,191.11,0,325.128,0.65,0,5.33135,16.8324,22.1638,49.9835,-2.97636,
26/05/2025 17:28:00,551.217,191.139,0,325.128,0.65,0,6.31982,9.0983,15.4181,49.9944,-2.97636,
26/05/2025 17:29:00,551.194,191.121,0,325.367,0.65,0,11.5388,8.68242,20.2212,49.9835,-2.97636,
26/05/2025 17:30:00,551.197,191.109,0,325.128,0.65,0,5.4326,6.76397,12.1966,49.9862,-2.97636,
26/05/2025 17:31:00,551.191,191.106,0,324.889,0.65,0,4.56447,2.43068,6.99515,50.0141,-2.97636,
26/05/2025 17:32:00,551.203,191.117,0,324.41,0.65,0,5.03536,2.18007,7.21543,49.9645,-2.97636,
26/05/2025 17:33:00,551.193,191.114,0,324.649,0.65,0,9.53717,6.17876,15.7159,49.9998,-2.97636,
26/05/2025 17:34:00,551.205,191.14,0,325.367,0.65,0,7.34721,12.67,20.0172,49.9944,-2.97636,
26/05/2025 17:35:00,551.191,191.118,0,325.367,0.65,0,6.59196,15.221,21.813,49.989,-2.99097,
26/05/2025 17:36:00,551.151,191.096,0,325.128,0.65,0,7.68056,12.8623,20.5429,49.9564,-2.99097,
26/05/2025 17:37:00,551.16,191.083,0,325.367,0.65,0,5.90815,2.47766,8.38581,50.0141,-2.99097,
26/05/2025 17:38:00,551.177,191.084,0,325.367,0.65,0,11.9201,13.9141,25.8341,49.9944,-2.99097,
26/05/2025 17:39:00,551.19,191.106,0,324.649,0.65,0,5.46811,8.9608,14.4289,49.9862,-2.99097,
26/05/2025 17:40:00,551.19,191.114,0,324.649,0.65,0,5.92243,1.90057,7.823,50.0027,-2.98366,
26/05/2025 17:41:00,551.187,191.1,0,324.649,0.65,0,6.94207,5.25335,12.1954,50.0055,-2.98366,
26/05/2025 17:42:00,551.154,191.081,0,324.889,0.65,0,13.7806,12.1984,25.979,49.9998,-2.98366,
26/05/2025 17:43:00,551.087,191.057,0,325.128,0.65,0,6.14564,8.74448,14.8901,50.0055,-2.97636,
26/05/2025 17:44:00,551.107,191.062,0,324.889,0.65,0,3.16737,8.51456,11.6819,50.0169,-2.97636,
26/05/2025 17:45:00,551.06,191.058,0,325.367,0.65,0,1.66884,7.2251,8.89394,49.9998,-2.98366,
26/05/2025 17:46:00,551.075,191.049,0,325.367,0.65,0,2.1675,2.14154,4.30904,50.0226,-2.99097,
26/05/2025 17:47:00,551.048,191.049,0,324.889,0.65,0,9.77073,2.54029,12.311,49.9699,-2.98366,
26/05/2025 17:48:00,551.005,191.044,0,324.41,0.65,0,5.73308,3.02644,8.75952,49.9971,-2.98366,
26/05/2025 17:49:00,551.043,191.046,0,324.649,0.65,0,4.7309,8.45803,13.1889,49.9971,-2.98366,
26/05/2025 17:50:00,551.029,191.049,0,325.128,0.65,0,7.43413,7.61688,15.051,49.9808,-2.99097,
26/05/2025 17:51:00,551.003,191.042,0,325.607,0.65,0,8.13607,12.2667,20.4027,49.9971,-2.99097,
26/05/2025 17:52:00,550.998,191.037,0,325.128,0.65,0,5.28688,11.7967,17.0836,49.9835,-2.99097,
26/05/2025 17:53:00,551.001,191.041,0,325.367,0.65,0,5.73977,10.9817,16.7215,50.0112,-2.99829,
26/05/2025 17:54:00,550.991,191.041,0,325.367,0.65,0,9.29467,10.6976,19.9923,49.9727,-2.99829,
26/05/2025 17:55:00,550.997,191.041,0,324.889,0.65,0,9.24888,10.9188,20.1677,49.9591,-2.99829,
26/05/2025 17:56:00,550.951,191.019,0,324.41,0.65,0,6.35221,8.09864,14.4509,49.9645,-3.01226,
26/05/2025 17:57:00,550.963,191.025,0,324.649,0.65,0,6.50159,8.45879,14.9604,49.9944,-3.02615,
26/05/2025 17:58:00,550.949,191.031,0,325.128,0.65,0,5.25853,10.4971,15.7556,50.0312,-3.0192,
26/05/2025 17:59:00,551.004,191.042,0,325.128,0.65,0,6.85262,5.58671,12.4393,49.9917,-3.0192,
26/05/2025 18:00:00,550.998,191.053,0,325.367,0.65,0,5.60142,14.4218,20.0233,50.0141,-3.0192,
26/05/2025 18:01:00,551.013,191.049,0,325.128,0.65,0,10.5613,8.57494,19.1362,50.0084,-3.02615,
26/05/2025 18:02:00,551.066,191.051,0,325.128,0.65,0,20.9928,20.5486,41.5414,50.0369,-3.0192,
26/05/2025 18:03:00,551.031,191.044,0,324.889,0.65,0,5.50739,14.3582,19.8656,50.0312,-3.0192,
26/05/2025 18:04:00,551.005,191.044,0,324.41,0.65,0,4.236,6.10103,10.337,49.9971,-3.01226,
26/05/2025 18:05:00,550.998,191.026,0,324.649,0.65,0,5.19164,8.68946,13.8811,49.9618,-3.0192,
26/05/2025 18:06:00,550.998,191.019,0,324.889,0.65,0,5.22449,10.6933,15.9178,49.9727,-3.02615,
26/05/2025 18:07:00,550.995,190.998,0,325.607,0.65,0,-0.365136,4.62809,4.26295,49.9455,-3.02615,
26/05/2025 18:08:00,550.988,190.999,0,325.128,0.65,0,1.07794,4.19458,5.27252,49.9998,-3.0331,
26/05/2025 18:09:00,550.963,190.988,0,325.367,0.65,0,0.253957,9.65681,9.91077,49.989,-3.02615,
26/05/2025 18:10:00,550.949,190.983,0,325.367,0.65,0,1.82214,3.33751,5.15965,50.0198,-3.02615,
26/05/2025 18:11:00,550.823,190.957,0,324.649,0.65,0,5.90832,5.41558,11.3239,50.0312,-3.01226,
26/05/2025 18:12:00,550.81,190.95,0,324.41,0.65,0,4.92083,4.6328,9.55364,49.9862,-3.01226,
26/05/2025 18:13:00,550.896,190.966,0,324.649,0.65,0,4.7923,3.30926,8.10155,49.9645,-3.01226,
26/05/2025 18:14:00,550.947,190.98,0,325.128,0.65,0,1.10829,3.31895,4.42724,50.0027,-3.01226,
26/05/2025 18:15:00,550.931,190.973,0,325.128,0.65,0,0.412139,2.78861,3.20075,49.9944,-3.01226,
26/05/2025 18:16:00,550.937,190.972,0,325.367,0.65,0,-0.327221,4.39772,4.0705,49.9971,-3.01226,
26/05/2025 18:17:00,550.96,190.999,0,325.607,0.65,0,-0.270742,0.950806,0.680065,49.9564,-3.01226,
26/05/2025 18:18:00,550.945,190.969,0,325.367,0.65,0,-0.323473,1.54985,1.22638,49.9754,-3.0192,
26/05/2025 18:19:00,550.932,190.951,0,324.649,0.65,0,-1.54258,0.573297,-0.969284,49.9998,-3.02615,
26/05/2025 18:20:00,550.952,190.966,0,324.41,0.65,0,-1.01833,0.370856,-0.64747,49.9699,-3.04005,
26/05/2025 18:21:00,550.897,190.954,0,324.649,0.65,0,-0.685445,-0.347559,-1.033,49.9455,-3.05396,
26/05/2025 18:22:00,550.851,190.937,0,325.128,0.65,0,-1.14973,0.223093,-0.926638,49.9998,-3.06789,
26/05/2025 18:23:00,550.98,190.978,0,325.607,0.65,0,-1.28885,0.435791,-0.853061,49.9618,-3.09577,
26/05/2025 18:24:00,551.003,190.958,0,324.889,0.65,0,1.76016,3.81278,5.57294,49.9917,-3.09577,
26/05/2025 18:25:00,551.002,190.96,0,325.128,0.65,0,-1.17797,2.94437,1.7664,49.9509,-3.1237,
26/05/2025 18:26:00,550.975,190.939,0,325.607,0.65,0,-1.45187,-0.195399,-1.64727,49.9428,-3.11671,
26/05/2025 18:27:00,550.927,190.926,0,324.41,0.65,0,-0.601054,-1.2294,-1.83045,49.989,-3.11671,
26/05/2025 18:28:00,550.985,190.94,0,324.649,0.65,0,-0.0325541,4.11068,4.07813,49.9835,-3.10275,
26/05/2025 18:29:00,551.025,190.951,0,324.889,0.65,0,-0.454851,0.414302,-0.0405522,50.0226,-3.0888,
26/05/2025 18:30:00,551.014,190.941,0,325.128,0.65,0,0.176852,-1.33559,-1.15874,50.0112,-3.08182,
26/05/2025 18:31:00,550.991,190.923,0,325.367,0.65,0,0.829353,1.45021,2.27957,49.9754,-3.07485,
26/05/2025 18:32:00,550.948,190.873,0,325.128,0.65,0,-1.44828,-0.600978,-2.04926,49.94,-3.07485,
26/05/2025 18:33:00,550.991,190.906,0,325.367,0.65,0,-1.65818,0.492023,-1.16616,49.9835,-3.07485,
26/05/2025 18:34:00,550.995,190.899,0,325.367,0.65,0,-1.3717,2.54238,1.17068,49.9754,-3.07485,
26/05/2025 18:35:00,550.997,190.893,0,324.889,0.65,0,-0.332017,0.824994,0.492977,50.0112,-3.06093,
26/05/2025 18:36:00,550.994,190.889,0,324.41,0.65,0,-0.598581,0.0685957,-0.529986,49.9944,-3.05396,
26/05/2025 18:37:00,550.978,190.879,0,324.649,0.65,0,-0.766025,3.76688,3.00085,50.0055,-3.0331,
26/05/2025 18:38:00,550.997,190.887,0,325.128,0.65,0,-0.257924,5.22246,4.96454,50.0198,-3.0192,
26/05/2025 18:39:00,550.997,190.906,0,325.367,0.65,0,-0.0793862,0.128825,0.0494407,49.9699,-3.0192,
26/05/2025 18:40:00,550.991,190.882,0,325.128,0.65,0,-0.88977,-0.31127,-1.20104,49.9727,-3.01226,
26/05/2025 18:41:00,550.904,190.856,0,325.367,0.65,0,-1.28083,0.584335,-0.696491,50.0055,-3.01226,
26/05/2025 18:42:00,550.896,190.841,0,325.367,0.65,0,-1.22254,-0.750102,-1.97265,49.9672,-3.02615,
26/05/2025 18:43:00,550.964,190.851,0,324.649,0.65,0,-1.80508,-0.151658,-1.95674,49.9346,-3.0331,
26/05/2025 18:44:00,550.999,190.874,0,324.41,0.65,0,-0.485517,-0.809897,-1.29541,49.9781,-3.04701,
26/05/2025 18:45:00,551.005,190.882,0,324.649,0.65,0,-1.22458,0.552334,-0.672252,50.0055,-3.06093,
26/05/2025 18:46:00,551.023,190.887,0,324.889,0.65,0,-0.794199,0.772627,-0.0215733,49.9781,-3.07485,
26/05/2025 18:47:00,551.067,190.896,0,325.367,0.65,0,-1.53328,-0.60473,-2.13801,49.9808,-3.07485,
26/05/2025 18:48:00,551.059,190.884,0,324.889,0.65,0,-1.51456,0.464258,-1.0503,49.9264,-3.0888,
26/05/2025 18:49:00,551.133,190.893,0,325.607,0.65,0,-1.53659,0.49969,-1.0369,49.9835,-3.08182,
26/05/2025 18:50:00,551.185,190.913,0,325.128,0.65,0,-1.12818,-0.690818,-1.819,49.9509,-3.0888,
26/05/2025 18:51:00,551.19,190.913,0,324.889,0.65,0,-1.45374,1.45376,2.13e-05,49.9727,-3.07485,
26/05/2025 18:52:00,551.251,190.931,0,324.41,0.65,0,-1.21961,0.244383,-0.975223,49.9618,-3.07485,
26/05/2025 18:53:00,551.167,190.906,0,324.649,0.65,0,-1.49375,-0.160005,-1.65376,49.9672,-3.08182,
26/05/2025 18:54:00,551.11,190.881,0,325.128,0.65,0,-1.47951,-0.130595,-1.61011,49.9727,-3.0888,
26/05/2025 18:55:00,541.912,187.691,0,325.367,0.639167,0,-1.362,0.111984,-1.25001,49.9645,-3.0888,
26/05/2025 18:56:00,551.077,190.85,0,325.128,0.65,0,-1.16375,0.562001,-0.601751,50.0397,-3.07485,
26/05/2025 18:57:00,551.103,190.862,0,325.367,0.65,0,-1.43302,0.717034,-0.71599,49.9319,-3.0888,
26/05/2025 18:58:00,551.15,190.881,0,325.128,0.65,0,-1.7943,-0.481158,-2.27546,49.9944,-3.10275,
26/05/2025 18:59:00,551.16,190.881,0,324.41,0.65,0,-1.8289,-0.444751,-2.27365,49.9835,-3.11671,
26/05/2025 19:00:00,551.193,190.882,0,324.41,0.65,0,-0.307658,-0.112918,-0.420578,49.9862,-3.10973,
26/05/2025 19:01:00,551.191,190.885,0,324.649,0.65,0,-1.44197,1.61292,0.170954,49.9727,-3.09577,
26/05/2025 19:02:00,551.192,190.885,0,324.889,0.65,0,-1.70793,2.02505,0.31712,50.0055,-3.08182,
26/05/2025 19:03:00,551.19,190.863,0,325.367,0.65,0,-1.21854,0.786401,-0.43214,49.9862,-3.07485,
26/05/2025 19:04:00,551.212,190.87,0,324.889,0.65,0,-1.3323,-0.210664,-1.54296,49.9781,-3.06789,
26/05/2025 19:05:00,551.221,190.891,0,325.367,0.65,0,-1.5566,0.475723,-1.08088,49.9971,-3.08182,
26/05/2025 19:06:00,551.214,190.882,0,325.128,0.65,0,-1.75901,0.570758,-1.18825,49.989,-3.0888,
26/05/2025 19:07:00,551.317,190.914,0,324.889,0.65,0,-1.69642,-0.530133,-2.22656,49.9754,-3.10275,
26/05/2025 19:08:00,551.316,190.903,0,324.41,0.65,0,-1.37476,-0.468138,-1.84291,49.94,-3.11671,
26/05/2025 19:09:00,551.303,190.912,0,324.41,0.65,0,-1.82777,-0.351545,-2.17932,49.9564,-3.1237,
26/05/2025 19:10:00,551.286,190.91,0,324.889,0.65,0,-1.88101,-0.184541,-2.06555,50.0226,-3.1237,
26/05/2025 19:11:00,551.334,190.918,0,325.128,0.65,0,-1.8026,-0.557973,-2.36058,49.9428,-3.1237,
26/05/2025 19:12:00,551.33,190.937,0,325.128,0.65,0,-1.82954,-0.277066,-2.10661,49.989,-3.11671,
26/05/2025 19:13:00,551.347,190.926,0,325.367,0.65,0,-1.55945,-0.124502,-1.68396,50.0454,-3.0888,
26/05/2025 19:14:00,551.263,190.933,0,325.128,0.65,0,-1.86609,-0.598436,-2.46453,50.0169,-3.05396,
26/05/2025 19:15:00,551.245,190.926,0,324.889,0.65,0,-1.74667,-0.239493,-1.98617,50.0312,-3.01226,
26/05/2025 19:16:00,551.266,190.943,0,324.17,0.65,0,-1.66018,-0.242736,-1.90292,50.0682,-2.94716,
26/05/2025 19:17:00,551.328,190.964,0,324.649,0.65,0,-1.78162,-0.329402,-2.11102,50.0483,-2.89616,
26/05/2025 19:18:00,551.22,190.948,0,324.889,0.65,0,-1.65311,-0.299743,-1.95285,50.0711,-2.82356,
26/05/2025 19:19:00,551.243,190.974,0,325.367,0.65,0,-1.71701,0.583774,-1.13324,50.0995,-2.77291,
26/05/2025 19:20:00,551.357,191.001,0,325.367,0.65,0,-1.76412,-0.26915,-2.03327,50.0995,-2.72961,
26/05/2025 19:21:00,551.383,191.032,0,325.367,0.65,0,-1.69516,-0.424132,-2.11929,50.0768,-2.67922,
26/05/2025 19:22:00,551.394,191.071,0,325.128,0.65,0,-1.76029,0.464943,-1.29535,50.054,-2.65767,
26/05/2025 19:23:00,551.393,191.09,0,324.889,0.65,0,-1.69604,-0.149496,-1.84554,50.1109,-2.62898,
26/05/2025 19:24:00,551.402,191.093,0,324.41,0.65,0,-1.80512,-0.513917,-2.31904,50.0939,-2.62181,
26/05/2025 19:25:00,551.398,191.1,0,325.128,0.65,0,-1.62801,0.193963,-1.43405,50.0654,-2.62898,
26/05/2025 19:26:00,551.515,191.123,0,324.889,0.65,0,-1.85334,-0.159766,-2.0131,50.0511,-2.66485,
26/05/2025 19:27:00,551.547,191.139,0,325.367,0.65,0,-1.90355,-0.531603,-2.43516,50.0283,-2.7008,
26/05/2025 19:28:00,551.576,191.158,0,325.367,0.65,0,-1.56233,-0.258685,-1.82101,50.0568,-2.73682,
26/05/2025 19:29:00,551.567,191.153,0,325.367,0.65,0,-1.59115,0.566264,-1.02488,50.0568,-2.75847,
26/05/2025 19:30:00,551.52,191.158,0,325.128,0.65,0,-1.02727,-0.371203,-1.39847,50.0682,-2.76569,
26/05/2025 19:31:00,551.522,191.193,0,324.889,0.65,0,-0.982175,1.35804,0.375868,50.0454,-2.76569,
26/05/2025 19:32:00,551.557,191.225,0,324.41,0.65,0,-1.40991,0.404917,-1.00499,50.0511,-2.74404,
26/05/2025 19:33:00,551.575,191.25,0,324.649,0.65,0,-1.46746,0.722747,-0.744709,50.0625,-2.73682,
26/05/2025 19:34:00,551.587,191.283,0,325.128,0.65,0,-1.59282,0.816711,-0.776104,50.0682,-2.73682,
26/05/2025 19:35:00,551.599,191.307,0,325.128,0.65,0,-1.44734,-0.0127326,-1.46007,50.0768,-2.75847,
26/05/2025 19:36:00,551.608,191.322,0,325.607,0.65,0,-0.351661,-0.156301,-0.507961,50.0597,-2.77291,
26/05/2025 19:37:00,551.602,191.321,0,325.607,0.65,0,0.0196787,5.10869,5.12837,50.0483,-2.80184,
26/05/2025 19:38:00,551.58,191.319,0,325.128,0.65,0,-0.507306,0.855207,0.3479,50.054,-2.81632,
26/05/2025 19:39:00,542.384,188.111,0,324.649,0.639167,0,2.95477,0.658744,3.61351,50.034,-2.80908,
26/05/2025 19:40:00,551.577,191.342,0,324.41,0.65,0,1.4087,2.54744,3.95614,50.0882,-2.80184,
26/05/2025 19:41:00,551.577,191.33,0,324.649,0.65,0,2.33828,8.57138,10.9097,50.0568,-2.78737,
26/05/2025 19:42:00,551.577,191.359,0,325.128,0.65,0,-0.516053,3.51917,3.00311,50.0654,-2.78014,
26/05/2025 19:43:00,551.577,191.378,0,325.128,0.65,0,0.337288,3.71479,4.05207,50.0169,-2.7946,
26/05/2025 19:44:00,551.589,191.391,0,325.128,0.65,0,-0.0043782,2.65994,2.65557,50.0141,-2.81632,
26/05/2025 19:45:00,551.625,191.402,0,325.128,0.65,0,-0.168149,-0.212218,-0.380366,50.0283,-2.84531,
26/05/2025 19:46:00,551.717,191.42,0,325.128,0.65,0,-0.914031,2.74746,1.83343,50.0027,-2.85983,
26/05/2025 19:47:00,551.639,191.423,0,324.889,0.65,0,1.68127,1.8166,3.49787,50.0369,-2.85983,
26/05/2025 19:48:00,551.588,191.414,0,324.41,0.65,0,2.62057,4.15718,6.77776,50.0682,-2.85257,
26/05/2025 19:49:00,551.577,191.411,0,324.649,0.65,0,0.947907,1.41348,2.36139,50.0654,-2.84531,
26/05/2025 19:50:00,551.577,191.421,0,324.889,0.65,0,1.96262,2.72533,4.68795,50.0654,-2.83806,
26/05/2025 19:51:00,551.575,191.422,0,325.367,0.65,0,3.92655,6.05445,9.98102,50.0198,-2.86709,
26/05/2025 19:52:00,551.576,191.429,0,325.128,0.65,0,1.40623,2.17775,3.58398,50.0369,-2.88162,
26/05/2025 19:53:00,551.574,191.433,0,325.367,0.65,0,4.98794,10.9031,15.891,50.0426,-2.90344,
26/05/2025 19:54:00,551.573,191.447,0,325.367,0.65,0,2.22554,9.5998,11.8253,50.0568,-2.90344,
26/05/2025 19:55:00,551.575,191.483,0,324.889,0.65,0,3.27537,8.26859,11.544,50.0226,-2.91072,
26/05/2025 19:56:00,551.59,191.494,0,324.649,0.65,0,3.35412,6.79846,10.1526,50.0312,-2.88162,
26/05/2025 19:57:00,551.704,191.532,0,324.889,0.65,0,3.66259,8.56452,12.2271,50.0055,-2.87435,
26/05/2025 19:58:00,551.686,191.554,0,324.889,0.65,0,0.765531,6.78448,7.54999,50.0198,-2.87435,
26/05/2025 19:59:00,551.617,191.55,0,325.607,0.65,0,4.52594,5.88586,10.4118,49.9917,-2.88889,
26/05/2025 20:00:00,551.581,191.513,0,325.607,0.65,0,5.55085,7.03213,12.583,50.0141,-2.89616,
26/05/2025 20:01:00,551.571,191.509,0,325.367,0.65,0,0.416966,2.62656,3.04352,50.0312,-2.918,
26/05/2025 20:02:00,551.574,191.507,0,325.128,0.65,0,0.0224799,1.73687,1.75935,50.0483,-2.91072,
26/05/2025 20:03:00,551.577,191.484,0,324.889,0.65,0,0.0317167,3.98104,4.01275,50.0454,-2.90344,
26/05/2025 20:04:00,551.577,191.536,0,324.41,0.65,0,3.36769,3.69744,7.06512,50.0369,-2.88889,
26/05/2025 20:05:00,551.663,191.568,0,324.889,0.65,0,4.77789,5.56051,10.3384,50.0369,-2.88889,
26/05/2025 20:06:00,551.765,191.64,0,324.889,0.65,0,3.98054,9.65069,13.6312,49.9754,-2.88889,
26/05/2025 20:07:00,551.77,191.634,0,325.367,0.65,0,4.31979,10.6333,14.9531,50.0198,-2.90344,
26/05/2025 20:08:00,551.776,191.675,0,325.128,0.65,0,3.60019,6.12945,9.72964,49.9862,-2.92528,
26/05/2025 20:09:00,551.772,191.663,0,325.367,0.65,0,3.79389,7.14346,10.9373,50.0112,-2.92528,
26/05/2025 20:10:00,551.75,191.631,0,325.367,0.65,0,3.75523,3.67555,7.43078,50.054,-2.918,
26/05/2025 20:11:00,551.756,191.656,0,324.889,0.65,0,-1.66227,0.416907,-1.24537,50.0226,-2.918,
26/05/2025 20:12:00,551.746,191.666,0,324.41,0.65,0,-1.50429,1.75109,0.246799,50.0226,-2.92528,
26/05/2025 20:13:00,551.645,191.624,0,324.889,0.65,0,1.04458,4.26867,5.31325,50.0226,-2.93257,
26/05/2025 20:14:00,551.633,191.62,0,324.889,0.65,0,0.790573,7.03865,7.82923,49.9727,-2.92528,
26/05/2025 20:15:00,551.715,191.651,0,325.607,0.65,0,-0.531979,0.527084,-0.00489161,49.9781,-2.95445,
26/05/2025 20:16:00,551.69,191.665,0,325.128,0.65,0,-1.54321,1.96011,0.416901,50.0198,-2.97636,
26/05/2025 20:17:00,551.603,191.63,0,325.367,0.65,0,-1.1249,-0.146174,-1.27107,49.9428,-3.00532,
26/05/2025 20:18:00,551.599,191.629,0,325.367,0.65,0,-1.58083,-0.114009,-1.69484,50.034,-2.99829,
26/05/2025 20:19:00,551.571,191.617,0,324.889,0.65,0,0.00796585,-0.216838,-0.20887,50.0169,-3.00532,
26/05/2025 20:20:00,551.547,191.604,0,324.649,0.65,0,-0.0549525,-0.00278689,-0.0577398,49.9862,-2.99829,
26/05/2025 20:21:00,551.559,191.577,0,324.649,0.65,0,-1.0504,1.82254,0.77214,49.989,-2.99829,
26/05/2025 20:22:00,551.57,191.582,0,325.128,0.65,0,0.876479,6.6448,7.52127,50.0226,-2.99097,
26/05/2025 20:23:00,551.577,191.641,0,325.367,0.65,0,3.18752,0.726527,3.91404,49.9944,-2.99097,
26/05/2025 20:24:00,551.58,191.653,0,325.128,0.65,0,0.82553,5.04448,5.87001,50.0226,-2.97636,
26/05/2025 20:25:00,551.58,191.652,0,325.367,0.65,0,-0.0694135,1.67853,1.60912,50.0312,-2.96175,
26/05/2025 20:26:00,551.585,191.621,0,325.367,0.65,0,0.909388,0.351321,1.26071,50.0312,-2.93986,
26/05/2025 20:27:00,551.588,191.632,0,324.649,0.65,0,0.710978,-0.214959,0.496022,50.0397,-2.92528,
26/05/2025 20:28:00,551.589,191.631,0,324.41,0.65,0,-0.504338,2.05394,1.54961,50.0226,-2.92528,
26/05/2025 20:29:00,551.578,191.653,0,324.649,0.65,0,-1.73664,1.35386,-0.382779,50.0141,-2.93257,
26/05/2025 20:30:00,551.577,191.646,0,325.128,0.65,0,2.88192,3.92714,6.80906,50.0169,-2.93986,
26/05/2025 20:31:00,551.577,191.655,0,325.367,0.65,0,0.367645,6.50827,6.87592,49.9808,-2.93257,
26/05/2025 20:32:00,551.582,191.666,0,324.889,0.65,0,-0.12114,3.26282,3.14168,50.0198,-2.918,
26/05/2025 20:33:00,551.612,191.673,0,325.607,0.65,0,-0.967465,3.4906,2.52313,50.0084,-2.92528,
26/05/2025 20:34:00,551.643,191.67,0,325.128,0.65,0,0.340301,-0.534585,-0.194283,50.0084,-2.93257,
26/05/2025 20:35:00,551.651,191.677,0,324.649,0.65,0,1.78933,5.65214,7.44147,50.0568,-2.93986,
26/05/2025 20:36:00,551.61,191.665,0,324.41,0.65,0,-0.348868,1.05065,0.701781,49.9591,-2.96175,
26/05/2025 20:37:00,551.584,191.646,0,324.889,0.65,0,-0.595623,-0.217064,-0.812687,49.9482,-2.99829,
26/05/2025 20:38:00,551.575,191.646,0,325.128,0.65,0,0.584659,2.2274,2.81206,49.9944,-3.00532,
26/05/2025 20:39:00,551.569,191.649,0,325.128,0.65,0,-1.41496,0.586897,-0.828058,50.0027,-3.0192,
26/05/2025 20:40:00,551.664,191.679,0,325.367,0.65,0,-1.81415,0.338529,-1.47563,50.0027,-3.04005,
26/05/2025 20:41:00,551.724,191.681,0,325.367,0.65,0,1.97571,0.886606,2.86232,49.9727,-3.04005,
26/05/2025 20:42:00,551.739,191.695,0,325.128,0.65,0,-0.651751,1.27793,0.626181,50.0112,-3.02615,
26/05/2025 20:43:00,551.731,191.701,0,324.649,0.65,0,2.80193,-1.22005,1.58188,49.9591,-3.0331,
26/05/2025 20:44:00,551.674,191.683,0,324.41,0.65,0,-0.447336,3.81997,3.37263,50.0055,-3.0192,
26/05/2025 20:45:00,551.642,191.663,0,324.649,0.65,0,1.52844,1.73364,3.26208,49.9917,-3.0192,
26/05/2025 20:46:00,551.72,191.692,0,324.889,0.65,0,-1.76971,-0.22842,-1.99812,50.0198,-3.0192,
26/05/2025 20:47:00,551.76,191.697,0,325.607,0.65,0,0.00439133,2.6293,2.63369,50.0226,-3.01226,
26/05/2025 20:48:00,551.764,191.703,0,325.128,0.65,0,-0.703907,0.529949,-0.17396,50.0084,-3.00532,
26/05/2025 20:49:00,551.77,191.713,0,325.367,0.65,0,-1.75624,0.207653,-1.54859,49.9645,-2.99829,
26/05/2025 20:50:00,551.77,191.71,0,325.367,0.65,0,-1.41589,1.44878,0.0328874,50.0055,-2.98366,
26/05/2025 20:51:00,551.766,191.688,0,324.889,0.65,0,-1.65835,0.464755,-1.1936,50.0369,-2.96905,
26/05/2025 20:52:00,551.684,191.668,0,324.41,0.65,0,-0.00517375,2.46087,2.45568,50.0511,-2.96175,
26/05/2025 20:53:00,551.64,191.671,0,324.889,0.65,0,1.66435,7.70285,9.36721,49.9672,-2.95445,
26/05/2025 20:54:00,551.762,191.711,0,324.889,0.65,0,2.44186,3.13802,5.57988,50.0112,-2.95445,
26/05/2025 20:55:00,551.77,191.719,0,325.128,0.65,0,2.10717,7.75332,9.86049,50.0397,-2.93257,
26/05/2025 20:56:00,551.757,191.708,0,325.367,0.65,0,-1.35714,2.40579,1.04865,50.0426,-2.92528,
26/05/2025 20:57:00,551.727,191.702,0,325.367,0.65,0,2.40337,2.24752,4.65089,50.0226,-2.918,
26/05/2025 20:58:00,551.766,191.722,0,325.367,0.65,0,5.82366,7.01665,12.8403,50.0226,-2.918,
26/05/2025 20:59:00,551.807,191.743,0,324.649,0.65,0,4.89509,11.9092,16.8042,49.989,-2.93257,
26/05/2025 21:00:00,551.797,191.759,0,324.649,0.65,0,0.750574,1.17412,1.9247,50.0255,-2.93986,
26/05/2025 21:01:00,551.764,191.724,0,324.649,0.65,0,0.231757,5.38191,5.61367,50.0141,-2.94716,
26/05/2025 21:02:00,551.77,191.734,0,325.128,0.65,0,1.4081,2.63485,4.04295,50.0112,-2.93986,
26/05/2025 21:03:00,551.77,191.742,0,325.367,0.65,0,3.58306,0.4151,3.99816,49.9917,-2.93986,
26/05/2025 21:04:00,551.766,191.734,0,325.128,0.65,0,6.43917,4.91972,11.3589,49.9917,-2.93986,
26/05/2025 21:05:00,551.691,191.697,0,325.607,0.65,0,6.51104,16.8079,23.319,50.0169,-2.94716,
26/05/2025 21:06:00,551.678,191.691,0,325.367,0.65,0,4.053,4.3264,8.37939,50.0255,-2.94716,
26/05/2025 21:07:00,551.643,191.683,0,324.649,0.65,0,-0.0748898,1.04487,0.969978,50.0198,-2.95445,
26/05/2025 21:08:00,551.643,191.718,0,324.649,0.65,0,-0.123393,2.63413,2.51073,49.989,-2.96905,
26/05/2025 21:09:00,551.719,191.721,0,324.649,0.65,0,-0.414327,0.209295,-0.205034,50.0055,-2.96905,
26/05/2025 21:10:00,551.741,191.738,0,324.889,0.65,0,0.0752815,0.527043,0.602322,50.0169,-2.96175,
26/05/2025 21:11:00,551.766,191.763,0,325.128,0.65,0,2.4329,4.76316,7.19606,50.0283,-2.95445,
26/05/2025 21:12:00,551.77,191.767,0,325.367,0.65,0,7.38247,3.44671,10.8292,50.0426,-2.95445,
26/05/2025 21:13:00,551.764,191.751,0,325.128,0.65,0,2.9899,0.636959,3.62685,49.9917,-2.96175,
26/05/2025 21:14:00,551.77,191.746,0,325.128,0.65,0,14.8412,1.58978,16.431,49.9645,-2.97636,
26/05/2025 21:15:00,551.772,191.759,0,324.889,0.65,0,4.17132,6.79126,10.9626,50.0055,-2.97636,
26/05/2025 21:16:00,551.824,191.78,0,324.649,0.65,0,5.59837,10.7356,16.334,50.0426,-2.97636,
26/05/2025 21:17:00,551.831,191.788,0,324.649,0.65,0,8.15073,9.80019,17.9509,50.0112,-2.96905,
26/05/2025 21:18:00,551.842,191.784,0,325.128,0.65,0,13.3734,2.02579,15.3992,50.0283,-2.96905,
26/05/2025 21:19:00,551.784,191.786,0,325.367,0.65,0,14.1048,3.3143,17.4191,49.9917,-2.97636,
26/05/2025 21:20:00,551.785,191.764,0,325.128,0.65,0,5.97799,8.74057,14.7186,50.0027,-2.98366,
26/05/2025 21:21:00,551.806,191.772,0,325.367,0.65,0,13.925,3.62333,17.5483,49.9998,-2.99097,
26/05/2025 21:22:00,551.879,191.778,0,325.128,0.65,0,8.34889,8.85498,17.2039,49.9835,-2.99097,
26/05/2025 21:23:00,551.821,191.792,0,324.889,0.65,0,10.0014,9.30135,19.3027,50.034,-2.98366,
26/05/2025 21:24:00,551.794,191.789,0,324.41,0.65,0,11.0906,15.0682,26.1588,50.0055,-2.98366,
26/05/2025 21:25:00,551.866,191.798,0,324.649,0.65,0,9.97007,12.7286,22.6986,49.9944,-2.99097,
26/05/2025 21:26:00,551.876,191.794,0,325.128,0.65,0,9.06997,0.437051,9.50698,50.0255,-2.98366,
26/05/2025 21:27:00,551.834,191.776,0,325.607,0.65,0,5.50856,8.98079,14.4893,50.0141,-2.97636,
26/05/2025 21:28:00,551.773,191.784,0,324.889,0.65,0,12.6405,14.3934,27.0339,50.0027,-2.97636,
26/05/2025 21:29:00,551.787,191.783,0,325.367,0.65,0,11.5035,13.1166,24.6201,50.0027,-2.96905,
26/05/2025 21:30:00,551.796,191.79,0,325.367,0.65,0,4.3788,6.60567,10.9845,49.9672,-2.96175,
26/05/2025 21:31:00,551.771,191.773,0,324.649,0.65,0,4.82926,11.0151,15.8444,50.034,-2.95445,
26/05/2025 21:32:00,551.771,191.76,0,324.41,0.65,0,7.60168,3.77988,11.3816,49.989,-2.96175,
26/05/2025 21:33:00,551.783,191.794,0,324.649,0.65,0,7.58813,7.14019,14.7283,50.0226,-2.96175,
26/05/2025 21:34:00,551.83,191.795,0,325.128,0.65,0,10.8424,12.9073,23.7497,50.0483,-2.96175,
26/05/2025 21:35:00,551.833,191.802,0,325.128,0.65,0,16.4982,15.8247,32.3229,50.0511,-2.96175,
26/05/2025 21:36:00,551.784,191.809,0,325.128,0.65,0,10.5633,6.99524,17.5585,50.0084,-2.96175,
26/05/2025 21:37:00,551.807,191.818,0,325.367,0.65,0,10.8531,6.15428,17.0074,49.9998,-2.96905,
26/05/2025 21:38:00,551.779,191.805,0,325.367,0.65,0,9.98459,9.7179,19.7025,49.9862,-2.98366,
26/05/2025 21:39:00,551.786,191.788,0,325.128,0.65,0,10.8915,7.07632,17.9678,49.9645,-3.00532,
26/05/2025 21:40:00,551.771,191.781,0,324.41,0.65,0,12.7544,16.9656,29.72,49.9835,-3.02615,
26/05/2025 21:41:00,551.768,191.769,0,324.649,0.65,0,7.2293,1.81831,9.04764,49.9672,-3.0331,
26/05/2025 21:42:00,551.764,191.757,0,325.128,0.65,0,5.19823,11.7174,16.9157,50.0426,-3.02615,
26/05/2025 21:43:00,551.769,191.767,0,325.367,0.65,0,2.84967,4.87932,7.72899,50.0055,-3.02615,
26/05/2025 21:44:00,551.77,191.781,0,324.889,0.65,0,-1.01961,0.727618,-0.291991,49.9971,-3.01226,
26/05/2025 21:45:00,551.77,191.77,0,325.607,0.65,0,0.876179,5.02549,5.90165,50.0255,-3.00532,
26/05/2025 21:46:00,551.764,191.752,0,325.607,0.65,0,8.26955,7.57493,15.8445,50.0198,-3.00532,
26/05/2025 21:47:00,551.774,191.766,0,324.649,0.65,0,6.19712,1.69497,7.89209,50.034,-2.99829,
26/05/2025 21:48:00,551.78,191.783,0,324.649,0.65,0,2.64019,7.72753,10.3677,50.0112,-2.99829,
26/05/2025 21:49:00,551.783,191.794,0,324.649,0.65,0,2.56505,3.20382,5.76886,50.0112,-2.97636,
26/05/2025 21:50:00,551.839,191.808,0,324.889,0.65,0,2.79619,6.04788,8.84406,49.989,-2.96905,
26/05/2025 21:51:00,551.783,191.806,0,325.367,0.65,0,4.55445,10.9836,15.5381,50.0283,-2.98366,
26/05/2025 21:52:00,551.823,191.801,0,325.128,0.65,0,3.55881,2.15964,5.71845,50.0084,-2.98366,
26/05/2025 21:53:00,551.832,191.79,0,325.128,0.65,0,8.0082,10.6792,18.6874,49.9862,-2.99829,
26/05/2025 21:54:00,551.778,191.782,0,325.367,0.65,0,2.3824,3.55016,5.93254,50.0141,-3.00532,
26/05/2025 21:55:00,551.771,191.759,0,324.889,0.65,0,2.77171,5.67388,8.4456,49.9808,-2.99829,
26/05/2025 21:56:00,551.745,191.773,0,324.41,0.65,0,0.305635,2.11734,2.42297,50.0112,-2.98366,
26/05/2025 21:57:00,551.77,191.78,0,324.649,0.65,0,-1.27484,-0.363508,-1.63836,49.9971,-2.99097,
26/05/2025 21:58:00,551.783,191.779,0,325.128,0.65,0,0.767935,-0.0229299,0.745005,50.0226,-2.99097,
26/05/2025 21:59:00,551.756,191.758,0,325.367,0.65,0,2.02805,-0.697349,1.33071,50.0312,-2.98366,
26/05/2025 22:00:00,551.711,191.735,0,325.128,0.65,0,1.05511,3.34392,4.39902,49.9808,-2.99829,
26/05/2025 22:01:00,551.743,191.731,0,325.367,0.65,0,-0.806354,1.31403,0.507679,50.0112,-2.99097,
26/05/2025 22:02:00,551.719,191.746,0,325.128,0.65,0,-1.38578,1.34729,-0.0384898,49.9917,-2.99097,
26/05/2025 22:03:00,551.704,191.746,0,324.889,0.65,0,-1.70474,0.370054,-1.33469,49.9754,-2.99829,
26/05/2025 22:04:00,551.755,191.775,0,324.41,0.65,0,-1.87663,0.599693,-1.27694,49.9971,-3.01226,
26/05/2025 22:05:00,551.77,191.771,0,324.889,0.65,0,0.34654,1.83249,2.17903,50.0084,-3.0192,
26/05/2025 22:06:00,551.792,191.794,0,324.889,0.65,0,1.17907,0.961084,2.14016,49.9862,-3.00532,
26/05/2025 22:07:00,551.845,191.786,0,325.367,0.65,0,2.78825,9.01528,11.8035,49.989,-3.00532,
26/05/2025 22:08:00,551.828,191.782,0,325.367,0.65,0,1.74211,2.96875,4.71086,49.989,-3.00532,
26/05/2025 22:09:00,551.854,191.799,0,325.128,0.65,0,1.44611,7.55818,9.00429,49.9998,-3.00532,
26/05/2025 22:10:00,551.853,191.803,0,325.607,0.65,0,0.237742,1.24456,1.4823,49.9862,-2.99097,
26/05/2025 22:11:00,551.95,191.832,0,324.649,0.65,0,1.45447,1.92137,3.37584,49.9808,-2.98366,
26/05/2025 22:12:00,551.958,191.83,0,324.649,0.65,0,5.28972,7.61219,12.9019,50.0255,-2.97636,
26/05/2025 22:13:00,551.909,191.799,0,324.41,0.65,0,3.44906,0.599049,4.0481,49.9727,-2.97636,
26/05/2025 22:14:00,551.816,191.781,0,324.889,0.65,0,0.522813,0.633907,1.15672,50.0198,-2.96905,
26/05/2025 22:15:00,551.834,191.787,0,325.128,0.65,0,2.2797,4.56858,6.84827,50.0169,-2.97636,
26/05/2025 22:16:00,551.891,191.81,0,325.367,0.65,0,8.16058,9.55931,17.7199,50.0169,-2.96905,
26/05/2025 22:17:00,551.861,191.826,0,325.367,0.65,0,7.78623,17.1678,24.954,50.0112,-2.96175,
26/05/2025 22:18:00,551.944,191.825,0,325.607,0.65,0,1.5245,4.0258,5.55029,50.0141,-2.96175,
26/05/2025 22:19:00,551.854,191.798,0,325.128,0.65,0,7.01112,3.66196,10.6731,50.0283,-2.96905,
26/05/2025 22:20:00,551.829,191.787,0,324.41,0.65,0,0.569208,2.82159,3.39081,50.0169,-2.96175,
26/05/2025 22:21:00,551.852,191.806,0,324.649,0.65,0,0.975164,0.964042,1.93921,49.9727,-2.97636,
26/05/2025 22:22:00,551.922,191.817,0,324.889,0.65,0,-0.391041,0.233259,-0.157779,50.0226,-2.99097,
26/05/2025 22:23:00,551.949,191.836,0,325.128,0.65,0,-1.68788,-0.110825,-1.7987,49.9754,-3.00532,
26/05/2025 22:24:00,551.963,191.839,0,325.128,0.65,0,-0.916585,0.384137,-0.532449,50.0312,-3.00532,
26/05/2025 22:25:00,551.963,191.842,0,325.367,0.65,0,-0.498843,2.32232,1.82348,50.0397,-3.00532,
26/05/2025 22:26:00,551.963,191.843,0,325.128,0.65,0,4.14267,2.53432,6.67699,49.9917,-3.00532,
26/05/2025 22:27:00,551.942,191.824,0,324.649,0.65,0,7.61367,4.04349,11.6572,49.9727,-2.99829,
26/05/2025 22:28:00,551.926,191.816,0,324.41,0.65,0,-1.26479,1.57414,0.309346,49.9536,-3.00532,
26/05/2025 22:29:00,551.933,191.824,0,324.649,0.65,0,1.29481,4.42882,5.72361,50.0112,-3.01226,
26/05/2025 22:30:00,551.96,191.829,0,325.128,0.65,0,1.90764,6.52091,8.42855,50.0141,-3.01226,
26/05/2025 22:31:00,551.96,191.838,0,325.128,0.65,0,0.721273,5.22697,5.94825,50.0312,-2.99829,
26/05/2025 22:32:00,551.939,191.832,0,325.128,0.65,0,0.191093,2.89348,3.08458,50.0055,-2.99829,
26/05/2025 22:33:00,551.882,191.797,0,325.367,0.65,0,1.05459,-0.270276,0.784314,49.9781,-2.99097,
26/05/2025 22:34:00,551.777,191.788,0,325.367,0.65,0,5.96185,10.5615,16.5234,50.0283,-2.99829,
26/05/2025 22:35:00,551.774,191.77,0,324.889,0.65,0,2.05546,2.92613,4.98161,49.9672,-3.00532,
26/05/2025 22:36:00,551.847,191.81,0,324.649,0.65,0,0.450568,1.84772,2.29829,50.0198,-3.01226,
26/05/2025 22:37:00,551.941,191.829,0,324.41,0.65,0,-1.0318,2.032,1.0002,50.0198,-3.00532,
26/05/2025 22:38:00,551.906,191.811,0,324.889,0.65,0,1.42609,5.68705,7.11314,49.9944,-2.99829,
26/05/2025 22:39:00,551.783,191.798,0,325.367,0.65,0,-0.406882,2.48724,2.08036,50.0055,-2.99829,
26/05/2025 22:40:00,551.786,191.784,0,324.889,0.65,0,-1.58649,0.392731,-1.19376,50.0169,-2.99097,
26/05/2025 22:41:00,551.745,191.753,0,325.128,0.65,0,-0.85376,2.8014,1.94764,49.9998,-2.99829,
26/05/2025 22:42:00,551.667,191.723,0,325.607,0.65,0,-0.250853,0.973975,0.72312,49.989,-3.01226,
26/05/2025 22:43:00,551.633,191.732,0,324.889,0.65,0,-0.967164,1.92037,0.953203,49.9455,-3.04005,
26/05/2025 22:44:00,551.612,191.745,0,324.41,0.65,0,-1.79253,-0.0597459,-1.85228,49.9727,-3.06093,
26/05/2025 22:45:00,551.711,191.762,0,324.889,0.65,0,-1.22513,-1.02002,-2.24514,49.9727,-3.09577,
26/05/2025 22:46:00,551.789,191.802,0,324.889,0.65,0,-1.50765,0.0274814,-1.48017,49.9672,-3.10973,
26/05/2025 22:47:00,551.806,191.789,0,325.128,0.65,0,-2.05634,-0.330664,-2.38701,49.9862,-3.11671,
26/05/2025 22:48:00,551.747,191.757,0,325.128,0.65,0,-1.35936,2.6608,1.30144,49.9808,-3.10973,
26/05/2025 22:49:00,551.763,191.741,0,325.367,0.65,0,-0.743508,0.0952291,-0.648278,50.0027,-3.08182,
26/05/2025 22:50:00,551.644,191.719,0,325.367,0.65,0,1.80036,8.79209,10.5925,50.0312,-3.06789,
26/05/2025 22:51:00,551.671,191.715,0,324.889,0.65,0,1.26463,6.59782,7.86246,49.9971,-3.05396,
26/05/2025 22:52:00,551.77,191.76,0,324.41,0.65,0,-1.7269,-0.0225073,-1.74941,50.0055,-3.0331,
26/05/2025 22:53:00,551.77,191.748,0,324.649,0.65,0,2.27646,6.63179,8.90823,49.9699,-3.0192,
26/05/2025 22:54:00,551.772,191.761,0,325.128,0.65,0,0.932105,4.06771,4.99981,50.0084,-2.99097,
26/05/2025 22:55:00,551.772,191.76,0,325.367,0.65,0,5.35088,6.57478,11.9257,50.0426,-2.96905,
26/05/2025 22:56:00,542.582,188.592,0,325.367,0.639167,0,3.43551,10.6642,14.0997,50.034,-2.96175,
26/05/2025 22:57:00,542.578,188.587,0,325.367,0.639167,0,3.74772,4.68152,8.42924,50.0283,-2.95445,
26/05/2025 22:58:00,542.574,188.548,0,325.367,0.639167,0,1.90507,7.73462,9.63971,50.0084,-2.96905,
26/05/2025 22:59:00,551.708,191.716,0,325.128,0.65,0,1.468,2.71617,4.18417,50.0112,-2.93986,
26/05/2025 23:00:00,551.721,191.711,0,324.41,0.65,0,-0.572197,2.24547,1.67327,50.0198,-2.94716,
26/05/2025 23:01:00,542.554,188.554,0,324.649,0.639167,0,-0.670349,1.24436,0.574012,50.0141,-2.93986,
26/05/2025 23:02:00,551.722,191.714,0,324.649,0.65,0,5.60609,10.0324,15.6384,50.0768,-2.94716,
26/05/2025 23:03:00,551.751,191.713,0,324.649,0.65,0,0.464378,2.22331,2.68769,49.9754,-2.96175,
26/05/2025 23:04:00,551.767,191.747,0,325.128,0.65,0,4.9283,4.05706,8.98536,49.9808,-2.96175,
26/05/2025 23:05:00,551.768,191.758,0,325.367,0.65,0,2.41624,5.46479,7.88102,50.0112,-2.95445,
26/05/2025 23:06:00,551.753,191.735,0,325.367,0.65,0,3.84596,6.99556,10.8415,49.9998,-2.95445,
26/05/2025 23:07:00,551.77,191.758,0,325.128,0.65,0,3.60079,2.96296,6.56375,49.9971,-2.96175,
26/05/2025 23:08:00,551.721,191.715,0,325.607,0.65,0,6.96784,3.93458,10.9024,49.9998,-2.96175,
26/05/2025 23:09:00,551.727,191.701,0,324.649,0.65,0,0.979368,2.40889,3.38825,49.9862,-2.96175,
26/05/2025 23:10:00,551.77,191.734,0,324.41,0.65,0,-1.50222,0.525327,-0.976885,50.0169,-2.96905,
26/05/2025 23:11:00,551.773,191.729,0,324.889,0.65,0,-1.42409,0.294893,-1.1292,49.9944,-2.96905,
26/05/2025 23:12:00,551.771,191.732,0,325.128,0.65,0,-0.703245,0.359915,-0.343332,49.9536,-2.96905,
26/05/2025 23:13:00,551.771,191.71,0,325.367,0.65,0,-1.93356,-0.0840762,-2.01763,50.0027,-2.96905,
26/05/2025 23:14:00,551.744,191.706,0,325.128,0.65,0,0.0806867,1.50311,1.5838,49.9944,-2.96175,
26/05/2025 23:15:00,551.684,191.683,0,324.889,0.65,0,2.91067,3.88339,6.79406,49.9917,-2.96905,
26/05/2025 23:16:00,551.708,191.696,0,325.367,0.65,0,9.32785,7.10779,16.4356,50.0141,-2.97636,
26/05/2025 23:17:00,551.567,191.65,0,324.889,0.65,0,5.16269,11.8205,16.9832,49.989,-2.98366,
26/05/2025 23:18:00,551.583,191.66,0,324.649,0.65,0,1.31883,7.07903,8.39784,50.0483,-2.96905,
26/05/2025 23:19:00,551.58,191.655,0,324.17,0.65,0,-1.15154,2.32614,1.1746,49.9917,-2.96905,
26/05/2025 23:20:00,551.548,191.639,0,325.128,0.65,0,1.11786,0.410672,1.52853,50.0084,-2.96175,
26/05/2025 23:21:00,551.549,191.643,0,325.128,0.65,0,4.38129,8.08225,12.4635,50.0255,-2.99097,
26/05/2025 23:22:00,551.599,191.663,0,325.367,0.65,0,3.04465,3.31245,6.35709,50.0055,-2.99829,
26/05/2025 23:23:00,551.577,191.655,0,324.889,0.65,0,1.95595,8.51684,10.4728,50.0027,-3.00532,
26/05/2025 23:24:00,551.577,191.651,0,325.607,0.65,0,0.0665092,2.96678,3.03329,49.9944,-3.02615,
26/05/2025 23:25:00,551.579,191.665,0,324.889,0.65,0,1.11612,1.80161,2.91773,49.9998,-3.0192,
26/05/2025 23:26:00,551.631,191.69,0,324.889,0.65,0,0.331816,3.57406,3.90588,49.989,-3.01226,
26/05/2025 23:27:00,551.646,191.674,0,324.649,0.65,0,0.266186,-0.959033,-0.692849,50.0027,-3.01226,
26/05/2025 23:28:00,551.647,191.68,0,325.128,0.65,0,4.65979,4.57899,9.23878,50.0055,-3.00532,
26/05/2025 23:29:00,551.587,191.685,0,325.128,0.65,0,7.40466,6.88607,14.2907,49.9862,-2.99829,
26/05/2025 23:30:00,551.578,191.667,0,325.367,0.65,0,-0.258606,1.83296,1.57435,49.9862,-2.99829,
26/05/2025 23:31:00,551.576,191.656,0,325.367,0.65,0,1.00057,1.33803,2.3386,50.0198,-3.00532,
26/05/2025 23:32:00,551.647,191.707,0,325.367,0.65,0,2.54083,5.23794,7.77878,49.9862,-2.99829,
26/05/2025 23:33:00,542.496,188.516,0,324.889,0.639167,0,0.199169,0.559682,0.758847,49.9781,-3.00532,
26/05/2025 23:34:00,551.601,191.692,0,324.649,0.65,0,2.39752,7.02333,9.42083,49.9591,-3.01226,
26/05/2025 23:35:00,551.577,191.662,0,324.649,0.65,0,1.50056,4.78525,6.2858,49.9835,-3.01226,
26/05/2025 23:36:00,551.574,191.669,0,325.128,0.65,0,-1.31722,4.23247,2.91523,50.0426,-2.99829,
26/05/2025 23:37:00,542.351,188.427,0,325.367,0.639167,0,1.79661,-0.237173,1.55943,50.0055,-3.01226,
26/05/2025 23:38:00,542.376,188.459,0,325.128,0.639167,0,-0.51603,4.87745,4.36141,50.0141,-3.00532,
26/05/2025 23:39:00,542.271,188.458,0,325.607,0.639167,0,-1.20765,2.01817,0.810514,49.9971,-3.00532,
26/05/2025 23:40:00,551.556,191.656,0,325.128,0.65,0,-1.94455,-0.0528517,-1.99741,49.9346,-3.00532,
26/05/2025 23:41:00,551.544,191.65,0,324.889,0.65,0,1.00972,2.75592,3.76564,49.9862,-3.00532,
26/05/2025 23:42:00,551.572,191.645,0,324.889,0.65,0,0.0578484,4.76857,4.82642,49.989,-3.00532,
26/05/2025 23:43:00,551.543,191.64,0,324.41,0.65,0,0.840771,4.56354,5.40431,50.0141,-3.00532,
26/05/2025 23:44:00,551.56,191.648,0,324.889,0.65,0,1.5307,6.21216,7.74285,49.9971,-3.01226,
26/05/2025 23:45:00,551.569,191.653,0,325.128,0.65,0,-0.907334,-1.28472,-2.19206,49.9835,-3.01226,
26/05/2025 23:46:00,551.578,191.67,0,325.367,0.65,0,-0.320691,2.32702,2.00633,50.0141,-2.99829,
26/05/2025 23:47:00,551.574,191.668,0,325.367,0.65,0,-0.182508,2.40505,2.22253,50.0084,-3.00532,
26/05/2025 23:48:00,551.589,191.672,0,325.367,0.65,0,1.95495,2.52571,4.48066,49.9591,-3.00532,
26/05/2025 23:49:00,551.584,191.669,0,325.128,0.65,0,1.17948,5.56179,6.74127,49.9917,-2.99829,
26/05/2025 23:50:00,551.577,191.644,0,324.649,0.65,0,0.862138,0.611601,1.47374,49.9917,-2.99829,
26/05/2025 23:51:00,533.191,185.28,0,324.649,0.628333,0,-1.14424,2.7374,1.59316,49.9781,-3.00532,
26/05/2025 23:52:00,551.571,191.656,0,324.889,0.65,0,0.660544,1.77811,2.43866,50.0112,-2.99829,
26/05/2025 23:53:00,551.561,191.64,0,325.128,0.65,0,-1.78858,-0.164056,-1.95263,49.9998,-3.01226,
26/05/2025 23:54:00,551.575,191.65,0,325.128,0.65,0,-0.812234,-0.565672,-1.37791,50.0112,-3.00532,
26/05/2025 23:55:00,551.547,191.636,0,325.367,0.65,0,0.781365,1.65753,2.43889,50.0169,-3.00532,
26/05/2025 23:56:00,551.525,191.618,0,325.607,0.65,0,2.44951,5.23671,7.68621,49.9862,-3.01226,
26/05/2025 23:57:00,551.585,191.651,0,325.128,0.65,0,2.03293,4.69894,6.73187,49.9645,-3.0192,
26/05/2025 23:58:00,551.547,191.641,0,324.41,0.65,0,1.2616,1.87938,3.141,50.0255,-3.02615,
26/05/2025 23:59:00,551.57,191.637,0,324.41,0.65,0,1.08171,5.30096,6.38266,50.034,-3.0192,
27/05/2025 00:00:00,551.479,191.629,0,324.889,0.65,0,1.50055,1.80214,3.30268,50.0198,-3.00532,
27/05/2025 00:01:00,551.435,191.605,0,325.367,0.65,0,2.91077,5.91717,8.82795,50.0226,-3.01226,
27/05/2025 00:02:00,551.501,191.622,0,325.128,0.65,0,-0.560881,-0.104918,-0.665802,50.034,-2.99829,
27/05/2025 00:03:00,551.49,191.62,0,325.367,0.65,0,3.18171,2.44121,5.62293,49.9645,-3.00532,
27/05/2025 00:04:00,551.422,191.613,0,325.128,0.65,0,1.70833,3.35655,5.06487,49.9971,-3.00532,
27/05/2025 00:05:00,551.388,191.604,0,324.649,0.65,0,-0.647081,1.43646,0.789383,49.9672,-3.00532,
27/05/2025 00:06:00,551.418,191.617,0,324.889,0.65,0,-1.2078,0.407189,-0.800608,50.0255,-3.01226,
27/05/2025 00:07:00,542.214,188.428,0,324.41,0.639167,0,0.118912,3.59939,3.7183,49.989,-3.00532,
27/05/2025 00:08:00,551.401,191.603,0,325.128,0.65,0,3.21516,0.566176,3.78135,50.0226,-3.00532,
27/05/2025 00:09:00,542.21,188.425,0,325.367,0.639167,0,-0.587834,0.0759357,-0.511896,50.0055,-2.99829,
27/05/2025 00:10:00,551.395,191.59,0,325.367,0.65,0,-1.42675,0.197564,-1.22919,49.9835,-2.99829,
27/05/2025 00:11:00,551.375,191.561,0,325.128,0.65,0,-0.521902,1.47221,0.950312,49.9645,-3.00532,
27/05/2025 00:12:00,551.382,191.56,0,325.367,0.65,0,-0.725143,0.72846,0.00331642,49.989,-3.0192,
27/05/2025 00:13:00,551.367,191.586,0,324.889,0.65,0,-1.29609,-0.614992,-1.91108,49.989,-3.0331,
27/05/2025 00:14:00,551.373,191.591,0,324.889,0.65,0,-1.47542,1.29247,-0.18295,49.9781,-3.05396,
27/05/2025 00:15:00,551.387,191.6,0,324.17,0.65,0,-1.06187,0.356658,-0.705214,49.989,-3.06789,
27/05/2025 00:16:00,551.433,191.625,0,324.889,0.65,0,-1.55267,-0.0141426,-1.56681,50.0084,-3.0888,
27/05/2025 00:17:00,551.412,191.605,0,325.367,0.65,0,-0.787291,-0.848161,-1.63545,50.0255,-3.0888,
27/05/2025 00:18:00,551.347,191.557,0,325.128,0.65,0,-1.1023,1.75916,0.656857,49.9971,-3.08182,
27/05/2025 00:19:00,551.376,191.581,0,325.128,0.65,0,-0.866384,1.0096,0.143217,49.9672,-3.09577,
27/05/2025 00:20:00,551.377,191.563,0,325.367,0.65,0,-0.477203,1.6176,1.1404,49.9699,-3.09577,
27/05/2025 00:21:00,551.384,191.564,0,324.649,0.65,0,0.741071,2.41863,3.1597,49.9998,-3.08182,
27/05/2025 00:22:00,551.306,191.527,0,324.649,0.65,0,-0.965001,0.358564,-0.606438,50.0112,-3.07485,
27/05/2025 00:23:00,542.051,188.306,0,324.17,0.639167,0,-1.61053,-0.108417,-1.71894,49.9373,-3.06789,
27/05/2025 00:24:00,551.22,191.514,0,324.649,0.65,0,-1.94018,-0.0905831,-2.03076,49.9971,-3.08182,
27/05/2025 00:25:00,551.132,191.476,0,325.367,0.65,0,-1.29992,0.635524,-0.664393,49.9862,-3.09577,
27/05/2025 00:26:00,551.168,191.463,0,325.367,0.65,0,-0.102952,0.407473,0.30452,49.9727,-3.09577,
27/05/2025 00:27:00,551.176,191.468,0,325.367,0.65,0,-0.35082,2.16504,1.81423,49.9862,-3.08182,
27/05/2025 00:28:00,551.144,191.438,0,325.128,0.65,0,-1.42577,0.925997,-0.499772,50.0027,-3.06093,
27/05/2025 00:29:00,551.188,191.446,0,325.128,0.65,0,-0.99368,3.22642,2.23274,49.9781,-3.04701,
27/05/2025 00:30:00,551.184,191.451,0,324.649,0.65,0,0.150443,2.33514,2.48558,50.0112,-3.02615,
27/05/2025 00:31:00,551.188,191.469,0,324.649,0.65,0,-1.68705,1.28882,-0.398227,49.9564,-3.0192,
27/05/2025 00:32:00,551.23,191.502,0,325.128,0.65,0,-1.78336,-0.0498471,-1.8332,49.9754,-3.02615,
27/05/2025 00:33:00,551.216,191.505,0,325.128,0.65,0,-0.511051,0.0852367,-0.425815,50.0255,-3.0192,
27/05/2025 00:34:00,551.186,191.461,0,325.128,0.65,0,-0.774499,0.46576,-0.30874,50.0226,-3.01226,
27/05/2025 00:35:00,551.22,191.486,0,325.367,0.65,0,0.351496,2.34613,2.69762,50.0141,-2.99829,
27/05/2025 00:36:00,551.227,191.49,0,325.367,0.65,0,2.22913,1.67104,3.90017,49.9971,-3.00532,
27/05/2025 00:37:00,551.145,191.441,0,325.128,0.65,0,1.64986,4.69295,6.34281,49.9835,-3.00532,
27/05/2025 00:38:00,551.147,191.435,0,324.41,0.65,0,-0.614145,1.72684,1.11269,50.0198,-3.00532,
27/05/2025 00:39:00,551.052,191.421,0,324.41,0.65,0,-1.3751,1.02537,-0.349737,49.9781,-3.01226,
27/05/2025 00:40:00,551.107,191.434,0,324.649,0.65,0,-1.64054,-0.0117351,-1.65228,49.9536,-3.01226,
27/05/2025 00:41:00,551.142,191.427,0,325.367,0.65,0,-1.76055,-0.203173,-1.96372,49.9781,-3.02615,
27/05/2025 00:42:00,551.079,191.428,0,325.128,0.65,0,-1.68006,0.657371,-1.02268,49.9645,-3.0331,
27/05/2025 00:43:00,551.07,191.421,0,325.128,0.65,0,-1.95648,0.494395,-1.46208,49.989,-3.05396,
27/05/2025 00:44:00,551.018,191.405,0,325.367,0.65,0,-1.42988,-0.174504,-1.60439,49.9754,-3.05396,
27/05/2025 00:45:00,551.125,191.438,0,324.649,0.65,0,-1.77642,0.296927,-1.47949,50.0169,-3.05396,
27/05/2025 00:46:00,551.181,191.438,0,324.649,0.65,0,-1.53391,-0.661357,-2.19526,50.0027,-3.04005,
27/05/2025 00:47:00,551.19,191.458,0,324.41,0.65,0,-0.515442,2.77723,2.26178,50.0055,-3.0192,
27/05/2025 00:48:00,551.181,191.436,0,324.889,0.65,0,-0.490954,3.24526,2.75431,49.9971,-3.00532,
27/05/2025 00:49:00,551.168,191.444,0,325.367,0.65,0,-1.10665,1.65853,0.551882,49.9564,-3.0192,
27/05/2025 00:50:00,551.081,191.433,0,325.367,0.65,0,-1.7754,0.283233,-1.49217,49.9699,-3.04005,
27/05/2025 00:51:00,551.021,191.419,0,325.607,0.65,0,-1.84115,-0.471177,-2.31233,49.9998,-3.07485,
27/05/2025 00:52:00,541.818,188.196,0,325.367,0.639167,0,-1.76351,-0.170066,-1.93358,49.9727,-3.10275,
27/05/2025 00:53:00,551.06,191.429,0,324.889,0.65,0,-1.73129,0.244402,-1.48688,49.9754,-3.1237,
27/05/2025 00:54:00,551.111,191.443,0,324.889,0.65,0,-1.99361,0.716303,-1.27731,49.9917,-3.13068,
27/05/2025 00:55:00,551.029,191.426,0,324.41,0.65,0,-1.7799,-0.0867097,-1.86661,49.9536,-3.15167,
27/05/2025 00:56:00,551.003,191.402,0,325.128,0.65,0,-0.954239,0.651087,-0.303152,50.0027,-3.13068,
27/05/2025 00:57:00,551.037,191.415,0,325.128,0.65,0,-1.68477,0.613715,-1.07106,49.9754,-3.10973,
27/05/2025 00:58:00,551.181,191.428,0,325.367,0.65,0,0.0491242,0.148235,0.19736,49.9835,-3.08182,
27/05/2025 00:59:00,551.109,191.402,0,325.367,0.65,0,-1.89445,-0.0501891,-1.94464,49.9944,-3.06093,
27/05/2025 01:00:00,551.012,191.356,0,325.367,0.65,0,-1.38645,-0.0509795,-1.43743,50.0369,-3.04005,
27/05/2025 01:01:00,551.036,191.357,0,324.889,0.65,0,-1.66354,0.667035,-0.996503,49.9645,-3.04701,
27/05/2025 01:02:00,551.166,191.4,0,324.649,0.65,0,-1.59501,0.0353073,-1.5597,49.9971,-3.05396,
27/05/2025 01:03:00,551.059,191.37,0,324.649,0.65,0,-0.434606,1.70576,1.27116,49.9944,-3.04701,
27/05/2025 01:04:00,550.996,191.344,0,324.889,0.65,0,-1.49352,-0.0990212,-1.59255,49.989,-3.04005,
27/05/2025 01:05:00,550.929,191.314,0,325.367,0.65,0,-1.82706,1.66251,-0.164553,50.0283,-3.0331,
27/05/2025 01:06:00,551.003,191.334,0,325.367,0.65,0,-1.72999,0.288359,-1.44163,49.9781,-3.0331,
27/05/2025 01:07:00,551.023,191.341,0,325.367,0.65,0,-1.89877,0.00436932,-1.8944,49.9727,-3.04005,
27/05/2025 01:08:00,551.046,191.334,0,325.607,0.65,0,0.181643,3.29494,3.47658,49.9564,-3.0331,
27/05/2025 01:09:00,551.022,191.327,0,324.889,0.65,0,-1.41042,1.059,-0.351418,49.9781,-3.02615,
27/05/2025 01:10:00,551.02,191.321,0,324.41,0.65,0,-1.80669,0.27366,-1.53303,49.9645,-3.0331,
27/05/2025 01:11:00,550.856,191.254,0,324.649,0.65,0,-1.70403,0.179383,-1.52465,49.9618,-3.05396,
27/05/2025 01:12:00,550.913,191.277,0,324.889,0.65,0,-1.87323,-0.0821354,-1.95537,49.9564,-3.0888,
27/05/2025 01:13:00,550.984,191.314,0,325.367,0.65,0,-1.43568,0.167699,-1.26798,49.9536,-3.10275,
27/05/2025 01:14:00,541.768,188.101,0,325.367,0.639167,0,-0.749922,1.33574,0.585816,49.9998,-3.09577,
27/05/2025 01:15:00,550.785,191.24,0,325.607,0.65,0,-0.318415,0.0242533,-0.294162,49.9591,-3.07485,
27/05/2025 01:16:00,550.842,191.255,0,325.128,0.65,0,-1.65426,0.287234,-1.36703,49.9645,-3.08182,
27/05/2025 01:17:00,550.821,191.248,0,324.889,0.65,0,-1.42422,2.10754,0.68332,49.989,-3.06789,
27/05/2025 01:18:00,550.881,191.271,0,324.649,0.65,0,-1.81015,-0.392319,-2.20247,50.0027,-3.06093,
27/05/2025 01:19:00,550.928,191.288,0,324.41,0.65,0,0.453592,3.70253,4.15612,49.9781,-3.04701,
27/05/2025 01:20:00,550.987,191.298,0,324.889,0.65,0,0.489516,1.41415,1.90366,49.9917,-3.0192,
27/05/2025 01:21:00,550.978,191.302,0,325.367,0.65,0,-1.98727,-0.202305,-2.18957,49.9862,-3.0192,
27/05/2025 01:22:00,550.97,191.302,0,325.367,0.65,0,-1.98017,-0.325424,-2.30559,49.9727,-3.0331,
27/05/2025 01:23:00,550.966,191.298,0,325.128,0.65,0,-1.68921,0.0509464,-1.63827,49.9591,-3.02615,
27/05/2025 01:24:00,550.946,191.302,0,325.128,0.65,0,-1.40849,0.408192,-1.0003,49.9944,-3.0331,
27/05/2025 01:25:00,550.948,191.312,0,325.128,0.65,0,-1.86825,-0.00808498,-1.87634,49.9862,-3.04701,
27/05/2025 01:26:00,550.988,191.318,0,324.649,0.65,0,-1.17289,3.32424,2.15134,50.0369,-3.04701,
27/05/2025 01:27:00,550.948,191.297,0,324.41,0.65,0,-0.930352,1.87362,0.943267,50.0027,-3.0331,
27/05/2025 01:28:00,541.593,188.044,0,324.889,0.639167,0,-1.8311,-0.00213883,-1.83324,50.0084,-3.0192,
27/05/2025 01:29:00,550.84,191.276,0,325.367,0.65,0,0.167766,1.16097,1.32873,50.0169,-3.01226,
27/05/2025 01:30:00,550.819,191.27,0,325.128,0.65,0,-0.954826,1.89553,0.940699,50.0027,-2.99829,
27/05/2025 01:31:00,550.891,191.267,0,325.367,0.65,0,-1.5861,0.668808,-0.9173,50.0255,-2.96905,
27/05/2025 01:32:00,550.914,191.251,0,324.889,0.65,0,-0.0184652,1.59339,1.57492,50.0283,-2.94716,
27/05/2025 01:33:00,550.968,191.258,0,324.889,0.65,0,0.581632,2.35387,2.93551,50.0027,-2.93257,
27/05/2025 01:34:00,550.955,191.254,0,324.649,0.65,0,-1.21462,2.86719,1.65256,50.0454,-2.92528,
27/05/2025 01:35:00,550.893,191.246,0,324.41,0.65,0,-1.91295,-0.228238,-2.14119,49.9971,-2.92528,
27/05/2025 01:36:00,550.847,191.227,0,324.889,0.65,0,-1.59345,2.05368,0.460233,50.0283,-2.92528,
27/05/2025 01:37:00,550.96,191.262,0,325.128,0.65,0,1.77254,7.25124,9.02378,50.0454,-2.91072,
27/05/2025 01:38:00,551.004,191.305,0,325.607,0.65,0,2.29701,7.05448,9.35149,50.0426,-2.90344,
27/05/2025 01:39:00,551.006,191.305,0,325.367,0.65,0,4.07819,7.5881,11.6663,50.0141,-2.90344,
27/05/2025 01:40:00,551.108,191.318,0,325.128,0.65,0,-0.0864854,6.05577,5.96929,50.0312,-2.89616,
27/05/2025 01:41:00,551.069,191.315,0,324.889,0.65,0,2.4201,9.18309,11.6032,49.9645,-2.91072,
27/05/2025 01:42:00,541.951,188.121,0,324.649,0.639167,0,2.12039,5.16994,7.29033,50.0226,-2.918,
27/05/2025 01:43:00,551.047,191.309,0,324.649,0.65,0,0.832415,6.59667,7.42909,50.0055,-2.918,
27/05/2025 01:44:00,550.834,191.229,0,324.889,0.65,0,4.94456,0.681582,5.62615,50.0426,-2.91072,
27/05/2025 01:45:00,550.862,191.239,0,325.128,0.65,0,1.1415,3.46245,4.60394,50.0169,-2.91072,
27/05/2025 01:46:00,550.991,191.283,0,325.367,0.65,0,-1.90008,-0.370574,-2.27065,50.0255,-2.91072,
27/05/2025 01:47:00,550.926,191.278,0,325.367,0.65,0,-2.00673,-0.225914,-2.23264,50.0169,-2.918,
27/05/2025 01:48:00,550.82,191.248,0,325.367,0.65,0,4.35562,1.70516,6.0608,50.0141,-2.918,
27/05/2025 01:49:00,550.843,191.235,0,325.128,0.65,0,3.52651,3.3605,6.88701,49.989,-2.92528,
27/05/2025 01:50:00,550.849,191.238,0,324.41,0.65,0,4.91087,3.34833,8.25919,50.0084,-2.92528,
27/05/2025 01:51:00,550.836,191.242,0,324.649,0.65,0,1.12719,5.1121,6.23929,50.0283,-2.93257,
27/05/2025 01:52:00,550.86,191.24,0,324.889,0.65,0,5.71597,8.13138,13.8474,50.0283,-2.92528,
27/05/2025 01:53:00,550.987,191.28,0,324.889,0.65,0,8.91697,9.26731,18.1843,50.0198,-2.93257,
27/05/2025 01:54:00,551,191.28,0,325.128,0.65,0,11.6394,5.5029,17.1423,50.0169,-2.93986,
27/05/2025 01:55:00,550.998,191.268,0,325.367,0.65,0,5.63529,14.9841,20.6194,50.0141,-2.95445,
27/05/2025 01:56:00,550.998,191.3,0,325.128,0.65,0,-0.700358,2.16201,1.46166,49.9862,-2.94716,
27/05/2025 01:57:00,550.998,191.27,0,324.649,0.65,0,-1.89582,-0.388662,-2.28448,49.9944,-2.94716,
27/05/2025 01:58:00,550.973,191.245,0,324.649,0.65,0,-1.95275,-0.337821,-2.29058,49.9944,-2.93986,
27/05/2025 01:59:00,550.954,191.247,0,324.41,0.65,0,-0.134202,-1.64262,-1.77682,49.9917,-2.93986,
27/05/2025 02:00:00,550.991,191.254,0,324.889,0.65,0,-1.0346,-0.155489,-1.19009,49.9183,-2.99097,
27/05/2025 02:01:00,550.997,191.266,0,325.128,0.65,0,-1.65396,3.14456,1.4906,49.9618,-3.02615,
27/05/2025 02:02:00,550.914,191.23,0,325.367,0.65,0,-0.797225,-0.196706,-0.99393,49.9672,-3.04701,
27/05/2025 02:03:00,550.737,191.177,0,325.607,0.65,0,-1.90018,0.214631,-1.68555,50.0226,-3.06789,
27/05/2025 02:04:00,550.71,191.158,0,325.367,0.65,0,-0.05169,2.34093,2.28923,50.0084,-3.06789,
27/05/2025 02:05:00,550.794,191.189,0,325.128,0.65,0,4.25887,7.96491,12.2238,49.9944,-3.05396,
27/05/2025 02:06:00,550.743,191.186,0,324.889,0.65,0,2.62302,3.55289,6.17592,49.9862,-3.04005,
27/05/2025 02:07:00,550.752,191.197,0,324.649,0.65,0,1.23615,1.75506,2.99122,49.9998,-3.0192,
27/05/2025 02:08:00,550.804,191.208,0,325.128,0.65,0,4.21268,0.135309,4.34799,49.9971,-3.01226,
27/05/2025 02:09:00,550.801,191.195,0,325.128,0.65,0,8.15681,9.10543,17.2622,50.0084,-2.99097,
27/05/2025 02:10:00,550.777,191.181,0,325.128,0.65,0,10.1168,7.06987,17.1867,49.9971,-2.98366,
27/05/2025 02:11:00,550.711,191.189,0,325.128,0.65,0,4.48914,5.6986,10.1877,50.0112,-2.96905,
27/05/2025 02:12:00,550.623,191.177,0,325.367,0.65,0,6.37627,8.84707,15.2233,50.0169,-2.94716,
27/05/2025 02:13:00,550.63,191.19,0,325.128,0.65,0,8.49458,8.54301,17.0376,50.0169,-2.94716,
27/05/2025 02:14:00,550.674,191.186,0,324.41,0.65,0,8.28885,8.46533,16.7542,50.0169,-2.93986,
27/05/2025 02:15:00,550.726,191.185,0,324.41,0.65,0,2.41885,6.94238,9.36123,50.0027,-2.94716,
27/05/2025 02:16:00,550.718,191.188,0,324.889,0.65,0,0.457263,1.32353,1.78079,50.0027,-2.94716,
27/05/2025 02:17:00,550.753,191.212,0,325.128,0.65,0,2.87844,3.10972,5.98817,50.0141,-2.94716,
27/05/2025 02:18:00,550.803,191.237,0,325.128,0.65,0,9.28502,13.7217,23.0067,50.0625,-2.93257,
27/05/2025 02:19:00,550.804,191.265,0,325.607,0.65,0,11.0443,6.25807,17.3023,50.0226,-2.93986,
27/05/2025 02:20:00,550.807,191.258,0,325.607,0.65,0,2.61885,6.61965,9.23849,50.0112,-2.94716,
27/05/2025 02:21:00,550.787,191.221,0,324.889,0.65,0,5.13807,4.90611,10.0442,49.9917,-2.95445,
27/05/2025 02:22:00,550.75,191.213,0,324.649,0.65,0,2.55667,10.5823,13.1389,49.9944,-2.95445,
27/05/2025 02:23:00,550.714,191.207,0,324.41,0.65,0,3.39029,4.28464,7.67491,50.0055,-2.95445,
27/05/2025 02:24:00,550.785,191.217,0,324.889,0.65,0,4.07877,5.94402,10.0228,49.9917,-2.95445,
27/05/2025 02:25:00,550.797,191.246,0,325.128,0.65,0,-0.547553,2.55164,2.00409,50.0568,-2.93986,
27/05/2025 02:26:00,550.8,191.247,0,325.128,0.65,0,4.01588,9.52339,13.5393,50.034,-2.93986,
27/05/2025 02:27:00,550.804,191.255,0,325.607,0.65,0,7.78386,9.09133,16.8752,49.9917,-2.93986,
27/05/2025 02:28:00,550.804,191.256,0,325.367,0.65,0,13.0175,11.4298,24.4473,49.9917,-2.94716,
27/05/2025 02:29:00,550.8,191.227,0,324.889,0.65,0,10.1928,4.8874,15.0802,50.0226,-2.95445,
27/05/2025 02:30:00,550.801,191.245,0,324.41,0.65,0,9.6246,14.7293,24.3539,50.0369,-2.95445,
27/05/2025 02:31:00,550.804,191.276,0,324.41,0.65,0,20.7252,29.9778,50.7031,50.0027,-2.94716,
27/05/2025 02:32:00,550.801,191.274,0,325.128,0.65,0,10.7275,10.4283,21.1559,50.0283,-2.96175,
27/05/2025 02:33:00,550.789,191.256,0,325.128,0.65,0,6.59085,6.86466,13.4555,49.9917,-2.96905,
27/05/2025 02:34:00,550.793,191.242,0,325.367,0.65,0,7.34366,10.4197,17.7634,50.0112,-2.96905,
27/05/2025 02:35:00,550.77,191.213,0,325.128,0.65,0,0.625967,0.793199,1.41917,50.0112,-2.99097,
27/05/2025 02:36:00,550.78,191.207,0,325.367,0.65,0,5.50647,7.63148,13.138,49.989,-2.99097,
27/05/2025 02:37:00,532.385,184.846,0,324.889,0.628333,0,0.739429,4.22068,4.9601,50.0027,-2.99829,
27/05/2025 02:38:00,550.728,191.224,0,324.649,0.65,0,-1.56688,-0.0796658,-1.64655,50.0198,-2.99097,
27/05/2025 02:39:00,550.78,191.232,0,324.41,0.65,0,-1.6001,0.00829617,-1.5918,50.034,-2.97636,
27/05/2025 02:40:00,550.762,191.233,0,324.889,0.65,0,6.46209,-3.52868,2.93341,49.989,-2.96905,
27/05/2025 02:41:00,550.78,191.23,0,325.128,0.65,0,1.61181,-0.584693,1.02711,50.0055,-2.96175,
27/05/2025 02:42:00,550.776,191.248,0,325.128,0.65,0,3.9736,4.23632,8.20992,49.9917,-2.96175,
27/05/2025 02:43:00,550.773,191.246,0,325.367,0.65,0,5.07631,10.812,15.8883,50.0055,-2.96905,
27/05/2025 02:44:00,550.787,191.252,0,325.128,0.65,0,2.3834,0.832384,3.21579,50.0255,-2.95445,
27/05/2025 02:45:00,550.754,191.245,0,324.889,0.65,0,4.90579,1.87582,6.78159,50.0112,-2.95445,
27/05/2025 02:46:00,550.746,191.241,0,324.649,0.65,0,10.9493,4.92744,15.8767,50.0141,-2.95445,
27/05/2025 02:47:00,550.692,191.236,0,324.41,0.65,0,12.8749,12.6483,25.5233,49.9971,-2.95445,
27/05/2025 02:48:00,550.677,191.242,0,325.128,0.65,0,8.33693,12.817,21.1539,50.0226,-2.95445,
27/05/2025 02:49:00,550.774,191.265,0,325.128,0.65,0,11.1402,8.95711,20.0973,50.0226,-2.96175,
27/05/2025 02:50:00,550.803,191.277,0,325.128,0.65,0,12.7609,10.4968,23.2577,50.0198,-2.95445,
27/05/2025 02:51:00,550.804,191.293,0,325.128,0.65,0,7.56454,8.11616,15.6807,49.9971,-2.96175,
27/05/2025 02:52:00,550.804,191.283,0,325.128,0.65,0,6.33033,-1.42284,4.90749,50.0483,-2.94716,
27/05/2025 02:53:00,550.804,191.293,0,324.649,0.65,0,7.25897,3.30263,10.5616,50.0055,-2.96175,
27/05/2025 02:54:00,550.801,191.28,0,324.649,0.65,0,6.37164,4.6433,11.0149,50.0055,-2.96175,
27/05/2025 02:55:00,550.804,191.297,0,324.649,0.65,0,4.73838,7.72771,12.4661,49.9998,-2.96175,
27/05/2025 02:56:00,550.804,191.298,0,325.128,0.65,0,2.5791,2.48561,5.0647,50.0055,-2.96175,
27/05/2025 02:57:00,550.804,191.309,0,325.367,0.65,0,2.87585,3.73262,6.60847,50.0141,-2.95445,
27/05/2025 02:58:00,550.804,191.315,0,325.128,0.65,0,7.71269,6.55177,14.2645,50.0141,-2.95445,
27/05/2025 02:59:00,550.817,191.319,0,325.367,0.65,0,0.308994,5.11292,5.4219,49.9998,-2.96175,
27/05/2025 03:00:00,550.803,191.292,0,325.607,0.65,0,1.27731,1.38023,2.65754,50.0226,-2.95445,
27/05/2025 03:01:00,550.799,191.297,0,324.889,0.65,0,2.08493,1.31951,3.40443,50.0055,-2.97636,
27/05/2025 03:02:00,532.444,184.938,0,324.41,0.628333,0,0.253087,2.97265,3.22573,50.0198,-2.97636,
27/05/2025 03:03:00,550.806,191.354,0,324.41,0.65,0,6.42793,-0.318497,6.10943,50.0283,-2.96905,
27/05/2025 03:04:00,550.853,191.361,0,325.128,0.65,0,7.94966,4.68829,12.6379,50.0226,-2.96175,
27/05/2025 03:05:00,541.749,188.197,0,325.128,0.639167,0,4.89698,8.57967,13.4766,50.0169,-2.96175,
27/05/2025 03:06:00,550.911,191.379,0,325.128,0.65,0,4.99877,17.957,22.9558,49.9781,-2.96905,
27/05/2025 03:07:00,550.917,191.383,0,325.128,0.65,0,4.346,2.29873,6.64473,50.0027,-2.97636,
27/05/2025 03:08:00,550.939,191.375,0,325.128,0.65,0,-1.55192,0.511668,-1.04025,49.9618,-2.99097,
27/05/2025 03:09:00,550.828,191.348,0,324.889,0.65,0,-1.86354,0.567276,-1.29626,50.0112,-3.01226,
27/05/2025 03:10:00,550.804,191.344,0,324.41,0.65,0,-1.41064,0.555705,-0.854936,50.0055,-3.01226,
27/05/2025 03:11:00,550.813,191.358,0,324.41,0.65,0,2.79648,5.7438,8.54029,49.9808,-3.0192,
27/05/2025 03:12:00,550.865,191.363,0,324.889,0.65,0,4.31927,11.0331,15.3524,50.0255,-3.01226,
27/05/2025 03:13:00,550.967,191.384,0,325.367,0.65,0,7.25795,12.3705,19.6285,50.0084,-3.0192,
27/05/2025 03:14:00,550.996,191.4,0,325.607,0.65,0,9.03754,15.9346,24.9722,49.989,-3.0192,
27/05/2025 03:15:00,551.027,191.442,0,325.367,0.65,0,6.84064,6.75334,13.594,49.9482,-3.01226,
27/05/2025 03:16:00,551.103,191.448,0,325.367,0.65,0,6.32145,12.4351,18.7565,50.0226,-3.00532,
27/05/2025 03:17:00,551.13,191.457,0,324.649,0.65,0,7.42244,8.6574,16.0798,50.0055,-3.00532,
27/05/2025 03:18:00,551.188,191.49,0,324.649,0.65,0,10.9219,3.42532,14.3472,50.0169,-3.00532,
27/05/2025 03:19:00,542.002,188.254,0,324.649,0.639167,0,1.44409,4.43685,5.88095,49.9727,-3.01226,
27/05/2025 03:20:00,541.98,188.269,0,324.889,0.639167,0,-1.03484,0.781719,-0.253123,49.9699,-3.01226,
27/05/2025 03:21:00,551.147,191.452,0,325.128,0.65,0,-1.95235,0.0666738,-1.88567,50.0027,-3.00532,
27/05/2025 03:22:00,551.164,191.463,0,325.367,0.65,0,-1.64733,0.409976,-1.23735,50.0255,-3.0192,
27/05/2025 03:23:00,551.104,191.454,0,325.128,0.65,0,-1.31985,0.655286,-0.664565,49.9998,-3.01226,
27/05/2025 03:24:00,551.007,191.44,0,325.367,0.65,0,0.958424,2.26167,3.22009,49.9835,-3.00532,
27/05/2025 03:25:00,551.102,191.456,0,324.889,0.65,0,-1.22536,2.92402,1.69865,50.0055,-3.00532,
27/05/2025 03:26:00,551.12,191.46,0,324.41,0.65,0,-1.65536,1.49911,-0.156253,50.0112,-2.99829,
27/05/2025 03:27:00,551.006,191.429,0,324.41,0.65,0,-1.8565,0.198843,-1.65766,50.0055,-3.00532,
27/05/2025 03:28:00,551.004,191.437,0,324.889,0.65,0,3.39187,2.96376,6.35563,50.0027,-2.99097,
27/05/2025 03:29:00,550.998,191.428,0,325.128,0.65,0,3.62756,6.51657,10.1441,50.0169,-2.99097,
27/05/2025 03:30:00,550.997,191.428,0,325.367,0.65,0,-0.461744,1.71411,1.25237,49.9971,-2.99097,
27/05/2025 03:31:00,551.052,191.457,0,325.128,0.65,0,-2.01508,0.463922,-1.55116,49.9917,-2.97636,
27/05/2025 03:32:00,551.071,191.456,0,325.367,0.65,0,-1.94047,0.848121,-1.09235,50.0169,-2.98366,
27/05/2025 03:33:00,551.019,191.449,0,324.889,0.65,0,4.14899,3.728,7.87698,50.0255,-2.98366,
27/05/2025 03:34:00,551.121,191.474,0,324.41,0.65,0,3.425,3.83314,7.25813,49.9917,-2.99097,
27/05/2025 03:35:00,551.137,191.477,0,324.41,0.65,0,4.23775,3.07841,7.31616,50.0255,-2.99097,
27/05/2025 03:36:00,551.065,191.47,0,324.889,0.65,0,4.98053,3.16989,8.15044,50.0255,-2.98366,
27/05/2025 03:37:00,551.005,191.471,0,325.367,0.65,0,0.374687,5.24691,5.62159,50.0084,-2.97636,
27/05/2025 03:38:00,551.013,191.453,0,325.367,0.65,0,-1.24017,3.12883,1.88866,50.0226,-2.97636,
27/05/2025 03:39:00,550.969,191.423,0,325.367,0.65,0,3.97754,8.24918,12.2267,49.9944,-2.96905,
27/05/2025 03:40:00,550.994,191.429,0,325.128,0.65,0,0.199697,1.28433,1.48403,50.0055,-2.97636,
27/05/2025 03:41:00,551.004,191.444,0,325.128,0.65,0,0.0264707,0.613121,0.639594,49.9591,-2.98366,
27/05/2025 03:42:00,551.069,191.463,0,324.649,0.65,0,-0.24984,1.78152,1.53168,49.9971,-2.99829,
27/05/2025 03:43:00,551.017,191.457,0,324.41,0.65,0,0.653037,3.85593,4.50897,50.0141,-2.99829,
27/05/2025 03:44:00,550.999,191.433,0,325.128,0.65,0,-0.452246,1.75311,1.30086,49.9727,-3.00532,
27/05/2025 03:45:00,550.937,191.407,0,325.128,0.65,0,-0.150847,1.16205,1.01121,50.0198,-3.01226,
27/05/2025 03:46:00,550.888,191.41,0,325.128,0.65,0,2.09353,3.75902,5.85255,50.0027,-3.01226,
27/05/2025 03:47:00,550.963,191.408,0,325.367,0.65,0,-1.00281,1.53338,0.530571,49.9699,-3.0331,
27/05/2025 03:48:00,550.953,191.414,0,325.367,0.65,0,-1.95967,0.447648,-1.51202,49.9264,-3.0888,
27/05/2025 03:49:00,550.888,191.4,0,324.889,0.65,0,-1.96318,0.760302,-1.20288,49.9428,-3.15167,
27/05/2025 03:50:00,550.806,191.354,0,324.41,0.65,0,-1.91466,1.33254,-0.582124,49.9455,-3.1867,
27/05/2025 03:51:00,550.803,191.349,0,324.649,0.65,0,-1.50307,0.46925,-1.03382,49.9672,-3.21477,
27/05/2025 03:52:00,550.824,191.345,0,324.649,0.65,0,-1.78646,0.930192,-0.85627,49.9183,-3.22179,
27/05/2025 03:53:00,550.832,191.36,0,325.128,0.65,0,-1.59945,0.676008,-0.923436,49.9672,-3.22882,
27/05/2025 03:54:00,550.819,191.355,0,325.128,0.65,0,-1.96513,1.05556,-0.90957,49.9618,-3.24289,
27/05/2025 03:55:00,550.955,191.404,0,325.367,0.65,0,0.19705,4.00659,4.20363,49.989,-3.22179,
27/05/2025 03:56:00,550.941,191.387,0,325.128,0.65,0,-1.48024,1.90281,0.422573,49.9645,-3.20073,
27/05/2025 03:57:00,550.89,191.379,0,324.889,0.65,0,-1.48765,1.28532,-0.202334,49.9917,-3.17969,
27/05/2025 03:58:00,550.955,191.401,0,324.649,0.65,0,-1.64252,1.20968,-0.432833,49.9808,-3.16567,
27/05/2025 03:59:00,550.983,191.41,0,324.41,0.65,0,-1.92577,0.477215,-1.44856,49.9428,-3.16567,
27/05/2025 04:00:00,550.907,191.378,0,325.128,0.65,0,-1.36323,0.86289,-0.500334,49.9645,-3.15167,
27/05/2025 04:01:00,550.896,191.376,0,325.128,0.65,0,-1.75428,0.560546,-1.19374,49.9754,-3.14467,
27/05/2025 04:02:00,550.967,191.395,0,325.367,0.65,0,-1.42262,0.399989,-1.02263,50.0312,-3.1237,
27/05/2025 04:03:00,550.944,191.375,0,325.367,0.65,0,-1.41437,0.716662,-0.697705,50.0198,-3.10973,
27/05/2025 04:04:00,550.908,191.357,0,325.367,0.65,0,-1.87557,1.14372,-0.731853,49.9971,-3.09577,
27/05/2025 04:05:00,550.795,191.31,0,324.889,0.65,0,-1.68866,1.87881,0.190145,50.0198,-3.0888,
27/05/2025 04:06:00,550.903,191.333,0,324.41,0.65,0,-1.40618,2.27694,0.870763,49.9672,-3.07485,
27/05/2025 04:07:00,550.784,191.274,0,324.41,0.65,0,-0.523447,3.31234,2.78889,49.9944,-3.06789,
27/05/2025 04:08:00,550.814,191.282,0,324.889,0.65,0,-1.78281,1.36671,-0.416095,49.9564,-3.07485,
27/05/2025 04:09:00,550.877,191.311,0,325.128,0.65,0,-1.92387,0.518831,-1.40504,49.9808,-3.10973,
27/05/2025 04:10:00,550.787,191.274,0,324.889,0.65,0,-0.411954,0.351807,-0.060145,49.9917,-3.10275,
27/05/2025 04:11:00,550.736,191.256,0,325.367,0.65,0,0.423523,2.65226,3.07578,49.9944,-3.09577,
27/05/2025 04:12:00,550.807,191.276,0,325.128,0.65,0,-1.38408,2.7488,1.36472,49.9862,-3.07485,
27/05/2025 04:13:00,550.9,191.302,0,325.128,0.65,0,-1.40311,1.49923,0.0961263,49.9428,-3.05396,
27/05/2025 04:14:00,551.151,191.399,0,324.649,0.65,0,-0.0953813,1.83585,1.74047,49.9971,-3.04005,
27/05/2025 04:15:00,551.18,191.421,0,324.41,0.65,0,0.971394,0.854021,1.82542,50.0112,-3.0192,
27/05/2025 04:16:00,551.157,191.401,0,325.128,0.65,0,-1.49277,3.79776,2.30499,49.9727,-3.00532,
27/05/2025 04:17:00,551.02,191.354,0,324.889,0.65,0,-0.836186,3.3916,2.55542,49.9699,-2.99097,
27/05/2025 04:18:00,551.057,191.356,0,325.367,0.65,0,-1.84763,1.19383,-0.653803,50.0198,-2.98366,
27/05/2025 04:19:00,550.981,191.322,0,325.367,0.65,0,-1.59317,0.837451,-0.75572,49.9917,-2.99097,
27/05/2025 04:20:00,550.917,191.313,0,325.367,0.65,0,-1.02804,0.727058,-0.300984,50.0255,-2.99829,
27/05/2025 04:21:00,551.076,191.362,0,324.889,0.65,0,-1.63964,0.562902,-1.07673,49.9645,-3.00532,
27/05/2025 04:22:00,551.167,191.401,0,324.649,0.65,0,-1.24119,2.31664,1.07545,49.9727,-3.0192,
27/05/2025 04:23:00,551.19,191.413,0,324.41,0.65,0,-1.84208,1.04696,-0.795122,49.9754,-3.00532,
27/05/2025 04:24:00,551.21,191.408,0,324.889,0.65,0,-0.282502,2.86507,2.58258,49.989,-2.99097,
27/05/2025 04:25:00,551.216,191.423,0,325.367,0.65,0,-1.44355,2.55267,1.10912,50.0283,-2.99829,
27/05/2025 04:26:00,551.139,191.386,0,325.367,0.65,0,-1.43047,0.935896,-0.494577,49.9618,-2.99829,
27/05/2025 04:27:00,551.136,191.37,0,325.128,0.65,0,-1.71079,0.459073,-1.25172,49.989,-3.0192,
27/05/2025 04:28:00,551.076,191.361,0,325.128,0.65,0,-1.75247,0.573382,-1.17909,49.9672,-3.05396,
27/05/2025 04:29:00,550.979,191.327,0,325.128,0.65,0,-1.22802,1.29484,0.0668271,49.9754,-3.07485,
27/05/2025 04:30:00,550.929,191.293,0,324.649,0.65,0,-1.22852,0.961416,-0.267104,49.9618,-3.0888,
27/05/2025 04:31:00,551.013,191.357,0,324.649,0.65,0,-0.673016,1.26153,0.588512,49.9971,-3.09577,
27/05/2025 04:32:00,550.998,191.31,0,324.889,0.65,0,-1.03655,1.89792,0.861371,49.9998,-3.09577,
27/05/2025 04:33:00,551.068,191.354,0,325.128,0.65,0,-1.49193,0.743191,-0.748737,49.9672,-3.0888,
27/05/2025 04:34:00,551.324,191.398,0,325.367,0.65,0,-1.70685,1.06255,-0.644301,49.9998,-3.07485,
27/05/2025 04:35:00,551.24,191.364,0,325.128,0.65,0,-1.90276,0.73828,-1.16448,50.0112,-3.05396,
27/05/2025 04:36:00,551.119,191.323,0,325.367,0.65,0,-1.40067,-0.144569,-1.54523,49.9808,-3.04701,
27/05/2025 04:37:00,551.069,191.296,0,324.889,0.65,0,-1.69376,0.328281,-1.36548,49.9727,-3.05396,
27/05/2025 04:38:00,551.028,191.305,0,324.649,0.65,0,-1.28883,0.4614,-0.827432,50.0112,-3.05396,
27/05/2025 04:39:00,551.151,191.331,0,324.649,0.65,0,-1.21853,0.513038,-0.705487,49.9808,-3.07485,
27/05/2025 04:40:00,551.11,191.325,0,325.128,0.65,0,-1.33552,0.208883,-1.12663,49.9781,-3.07485,
27/05/2025 04:41:00,551.149,191.316,0,325.128,0.65,0,-1.68126,0.823966,-0.857289,49.9862,-3.09577,
27/05/2025 04:42:00,551.131,191.317,0,325.128,0.65,0,-0.246372,0.834258,0.587888,49.9998,-3.11671,
27/05/2025 04:43:00,551.092,191.306,0,325.367,0.65,0,-0.370316,2.1744,1.80409,49.9672,-3.09577,
27/05/2025 04:44:00,551.072,191.286,0,325.367,0.65,0,-1.80079,1.33909,-0.461703,49.9672,-3.09577,
27/05/2025 04:45:00,551.162,191.326,0,324.889,0.65,0,-1.4106,1.67074,0.260132,49.9944,-3.06789,
27/05/2025 04:46:00,551.197,191.316,0,324.649,0.65,0,-0.921412,4.52169,3.60028,49.9781,-3.05396,
27/05/2025 04:47:00,551.301,191.342,0,324.649,0.65,0,-0.395946,2.14484,1.7489,50.0198,-3.02615,
27/05/2025 04:48:00,551.194,191.293,0,324.889,0.65,0,-1.159,4.47707,3.31807,49.9944,-3.00532,
27/05/2025 04:49:00,551.184,191.278,0,324.889,0.65,0,0.865262,1.79802,2.66328,50.0226,-2.97636,
27/05/2025 04:50:00,551.187,191.289,0,325.367,0.65,0,4.1237,4.70549,8.82918,50.0369,-2.94716,
27/05/2025 04:51:00,551.186,191.261,0,325.367,0.65,0,7.01412,4.24283,11.2569,50.0198,-2.93986,
27/05/2025 04:52:00,551.148,191.242,0,325.367,0.65,0,0.746641,2.7995,3.54614,50.0055,-2.93257,
27/05/2025 04:53:00,551.076,191.217,0,324.889,0.65,0,-0.972203,1.68878,0.71658,49.989,-2.918,
27/05/2025 04:54:00,550.999,191.181,0,324.649,0.65,0,0.364926,1.64462,2.00955,50.0084,-2.918,
27/05/2025 04:55:00,551.044,191.179,0,324.889,0.65,0,-1.17498,2.51912,1.34415,49.9699,-2.93257,
27/05/2025 04:56:00,551.16,191.237,0,324.889,0.65,0,-1.73522,0.642569,-1.09265,49.9917,-2.96905,
27/05/2025 04:57:00,551.187,191.248,0,325.128,0.65,0,-0.62414,0.100115,-0.524026,49.9237,-3.02615,
27/05/2025 04:58:00,551.137,191.194,0,325.128,0.65,0,0.981757,0.231462,1.21322,49.9346,-3.08182,
27/05/2025 04:59:00,551.069,191.185,0,325.367,0.65,0,-1.71203,0.255967,-1.45606,49.9536,-3.14467,
27/05/2025 05:00:00,551.097,191.174,0,325.128,0.65,0,0.438755,3.53344,3.9722,49.921,-3.16567,
27/05/2025 05:01:00,551.075,191.132,0,325.128,0.65,0,-0.741332,0.85047,0.109137,49.9727,-3.17268,
27/05/2025 05:02:00,550.995,191.113,0,324.41,0.65,0,1.02134,3.96508,4.98641,49.9536,-3.15867,
27/05/2025 05:03:00,551.039,191.126,0,324.41,0.65,0,-1.2658,1.46744,0.201643,49.9781,-3.14467,
27/05/2025 05:04:00,551.073,191.123,0,325.128,0.65,0,-1.84022,0.709792,-1.13042,49.9482,-3.13068,
27/05/2025 05:05:00,551.182,191.168,0,325.367,0.65,0,-0.660776,3.44461,2.78383,50.0055,-3.0888,
27/05/2025 05:06:00,551.19,191.168,0,325.128,0.65,0,-0.348834,2.16251,1.81368,50.0112,-3.04005,
27/05/2025 05:07:00,551.214,191.175,0,325.128,0.65,0,-1.08185,1.17537,0.0935268,50.0369,-2.96905,
27/05/2025 05:08:00,551.273,191.214,0,325.367,0.65,0,-0.996968,0.725997,-0.270971,50.0141,-2.93257,
27/05/2025 05:09:00,551.286,191.213,0,324.889,0.65,0,-0.48901,1.75387,1.26486,49.9971,-2.89616,
27/05/2025 05:10:00,551.243,191.219,0,324.649,0.65,0,-0.78291,3.87553,3.09262,50.034,-2.87435,
27/05/2025 05:11:00,551.244,191.241,0,324.41,0.65,0,-1.16431,3.76026,2.59596,50.054,-2.86709,
27/05/2025 05:12:00,551.307,191.233,0,324.889,0.65,0,-1.0934,1.22656,0.133164,50.0169,-2.88162,
27/05/2025 05:13:00,551.262,191.246,0,325.607,0.65,0,-1.46916,0.641266,-0.827897,49.9455,-2.90344,
27/05/2025 05:14:00,551.23,191.223,0,324.889,0.65,0,-1.52151,2.54944,1.02793,50.0084,-2.91072,
27/05/2025 05:15:00,542.075,188.054,0,325.128,0.639167,0,-1.07076,1.05864,-0.012125,50.0027,-2.918,
27/05/2025 05:16:00,542.103,188.04,0,325.607,0.639167,0,-1.40374,0.558283,-0.845455,49.9944,-2.93257,
27/05/2025 05:17:00,551.339,191.243,0,324.889,0.65,0,-1.83891,0.769517,-1.06939,49.9998,-2.93986,
27/05/2025 05:18:00,551.3,191.252,0,324.649,0.65,0,-0.259699,1.60671,1.34701,49.9699,-2.93986,
27/05/2025 05:19:00,542.164,188.049,0,324.649,0.639167,0,-1.54475,0.757871,-0.786879,50.0369,-2.92528,
27/05/2025 05:20:00,551.351,191.276,0,324.889,0.65,0,-1.51116,1.06907,-0.442093,49.9754,-2.93986,
27/05/2025 05:21:00,551.386,191.257,0,325.128,0.65,0,-0.180414,1.134,0.953589,50.0369,-2.93257,
27/05/2025 05:22:00,551.389,191.264,0,325.128,0.65,0,-0.0723397,3.08126,3.00892,49.9835,-2.94716,
27/05/2025 05:23:00,551.506,191.32,0,325.367,0.65,0,-1.42751,1.01998,-0.407528,50.0112,-2.95445,
27/05/2025 05:24:00,551.534,191.32,0,325.367,0.65,0,-0.480862,0.760948,0.280085,49.9862,-2.97636,
27/05/2025 05:25:00,551.555,191.313,0,325.128,0.65,0,-1.21563,1.91438,0.698741,50.0141,-2.98366,
27/05/2025 05:26:00,551.51,191.345,0,324.649,0.65,0,-1.76637,1.22262,-0.543759,50.0255,-2.99097,
27/05/2025 05:27:00,551.527,191.3,0,324.649,0.65,0,-1.12584,2.09673,0.970883,50.0283,-2.96905,
27/05/2025 05:28:00,551.439,191.288,0,324.889,0.65,0,-0.521961,0.591447,0.0694846,50.0055,-2.95445,
27/05/2025 05:29:00,551.489,191.308,0,325.367,0.65,0,-1.80402,0.214459,-1.58955,49.9862,-2.97636,
27/05/2025 05:30:00,551.445,191.305,0,325.128,0.65,0,-1.94016,0.116227,-1.82393,50.0169,-2.98366,
27/05/2025 05:31:00,551.354,191.256,0,325.367,0.65,0,-1.7984,0.122823,-1.67558,49.9917,-2.98366,
27/05/2025 05:32:00,551.277,191.237,0,325.367,0.65,0,-1.6249,1.31824,-0.30666,49.9944,-2.99097,
27/05/2025 05:33:00,551.328,191.264,0,324.889,0.65,0,-1.79731,0.0884937,-1.70882,49.9482,-3.04701,
27/05/2025 05:34:00,551.357,191.277,0,324.649,0.65,0,-1.72156,0.202926,-1.51864,49.9754,-3.09577,
27/05/2025 05:35:00,551.325,191.264,0,324.17,0.65,0,-1.70588,0.592397,-1.11349,49.9482,-3.10973,
27/05/2025 05:36:00,551.32,191.24,0,324.889,0.65,0,-1.40719,1.06322,-0.343969,50.0226,-3.10973,
27/05/2025 05:37:00,551.374,191.249,0,325.128,0.65,0,-0.612076,2.35014,1.73806,49.9835,-3.0888,
27/05/2025 05:38:00,551.341,191.251,0,325.128,0.65,0,-1.30831,2.34374,1.03543,50.0027,-3.05396,
27/05/2025 05:39:00,551.276,191.224,0,325.367,0.65,0,-1.65466,0.8909,-0.763766,50.0027,-3.04005,
27/05/2025 05:40:00,551.21,191.222,0,325.367,0.65,0,-1.83639,0.175342,-1.66105,50.034,-3.02615,
27/05/2025 05:41:00,551.207,191.215,0,324.889,0.65,0,-1.9267,0.309287,-1.61741,50.0169,-3.0331,
27/05/2025 05:42:00,551.194,191.199,0,324.649,0.65,0,-1.78729,1.2005,-0.586795,50.0369,-3.01226,
27/05/2025 05:43:00,551.196,191.253,0,324.41,0.65,0,-1.33678,1.45668,0.119906,49.9564,-2.99829,
27/05/2025 05:44:00,551.244,191.208,0,325.128,0.65,0,-1.69968,1.57343,-0.126244,50.054,-2.97636,
27/05/2025 05:45:00,551.364,191.276,0,325.128,0.65,0,-1.80762,0.615518,-1.1921,50.0084,-2.97636,
27/05/2025 05:46:00,551.393,191.302,0,325.367,0.65,0,-1.82252,-0.00207234,-1.82459,50.0027,-2.98366,
27/05/2025 05:47:00,551.4,191.283,0,325.367,0.65,0,-1.65052,1.54761,-0.102914,50.0112,-2.97636,
27/05/2025 05:48:00,551.397,191.263,0,325.367,0.65,0,-1.00646,1.6083,0.601837,50.0141,-2.96175,
27/05/2025 05:49:00,551.346,191.254,0,325.128,0.65,0,-0.069857,0.366866,0.297011,49.9618,-2.94716,
27/05/2025 05:50:00,551.413,191.31,0,324.649,0.65,0,-1.99246,-0.0111161,-2.00358,49.9672,-2.96175,
27/05/2025 05:51:00,551.41,191.312,0,324.41,0.65,0,-2.0269,0.101598,-1.9253,50.0084,-2.99097,
27/05/2025 05:52:00,551.387,191.32,0,324.889,0.65,0,-1.87774,0.991058,-0.886682,49.9862,-3.01226,
27/05/2025 05:53:00,551.389,191.283,0,325.128,0.65,0,-1.63026,1.91627,0.286002,49.9917,-3.00532,
27/05/2025 05:54:00,551.383,191.305,0,325.367,0.65,0,-1.25069,1.08126,-0.16943,50.0255,-2.99097,
27/05/2025 05:55:00,551.291,191.271,0,325.607,0.65,0,-1.64158,0.137629,-1.50396,50.0112,-2.96905,
27/05/2025 05:56:00,551.199,191.23,0,325.367,0.65,0,-1.16952,-0.453008,-1.62253,50.0169,-2.95445,
27/05/2025 05:57:00,551.181,191.207,0,324.889,0.65,0,-1.36983,1.76327,0.393439,49.9971,-2.95445,
27/05/2025 05:58:00,551.18,191.217,0,324.41,0.65,0,-0.674198,3.25038,2.57618,50.0169,-2.94716,
27/05/2025 05:59:00,551.193,191.231,0,324.649,0.65,0,-0.815798,0.919479,0.10368,49.9862,-2.94716,
27/05/2025 06:00:00,551.192,191.235,0,324.889,0.65,0,-0.973388,1.18689,0.213504,50.0027,-2.96175,
27/05/2025 06:01:00,551.18,191.21,0,325.128,0.65,0,-1.40172,0.223484,-1.17824,50.0027,-2.97636,
27/05/2025 06:02:00,551.19,191.242,0,325.367,0.65,0,-1.69991,0.135954,-1.56395,50.0084,-2.99097,
27/05/2025 06:03:00,551.209,191.236,0,325.367,0.65,0,-0.255743,0.989427,0.733685,50.0112,-2.99829,
27/05/2025 06:04:00,551.196,191.217,0,325.367,0.65,0,-0.873824,-0.213405,-1.08723,49.9998,-2.99097,
27/05/2025 06:05:00,551.179,191.221,0,324.889,0.65,0,-1.65524,0.406046,-1.24919,49.9428,-3.01226,
27/05/2025 06:06:00,551.205,191.245,0,324.649,0.65,0,-1.48699,1.5667,0.0797013,49.989,-3.04005,
27/05/2025 06:07:00,551.256,191.241,0,324.41,0.65,0,-1.38369,1.31742,-0.0662643,49.9808,-3.0331,
27/05/2025 06:08:00,551.349,191.273,0,324.889,0.65,0,-1.62374,1.38047,-0.243267,49.9699,-3.05396,
27/05/2025 06:09:00,551.368,191.233,0,325.128,0.65,0,-1.13466,1.92008,0.785415,49.9781,-3.04005,
27/05/2025 06:10:00,551.295,191.265,0,325.128,0.65,0,-1.23843,0.285068,-0.95336,49.9781,-3.04005,
27/05/2025 06:11:00,551.365,191.264,0,325.367,0.65,0,-1.46358,1.37149,-0.0920879,49.9455,-3.07485,
27/05/2025 06:12:00,551.395,191.256,0,325.367,0.65,0,-1.40856,1.41691,0.00834423,49.9998,-3.07485,
27/05/2025 06:13:00,551.391,191.255,0,325.128,0.65,0,-1.72449,1.33457,-0.38992,50.0112,-3.06093,
27/05/2025 06:14:00,551.525,191.277,0,324.649,0.65,0,-0.725192,-0.937949,-1.66314,49.9727,-3.05396,
27/05/2025 06:15:00,551.578,191.338,0,324.649,0.65,0,-1.40608,0.517855,-0.888221,50.0312,-3.02615,
27/05/2025 06:16:00,551.569,191.283,0,324.889,0.65,0,-1.60174,1.43462,-0.167118,50.0027,-3.00532,
27/05/2025 06:17:00,551.545,191.259,0,325.128,0.65,0,0.947462,1.02903,1.9765,50.0198,-2.98366,
27/05/2025 06:18:00,551.579,191.293,0,325.128,0.65,0,0.201532,0.922578,1.12411,49.9781,-2.96905,
27/05/2025 06:19:00,551.617,191.327,0,325.367,0.65,0,-0.993811,1.82865,0.834842,50.0112,-2.94716,
27/05/2025 06:20:00,551.744,191.334,0,325.607,0.65,0,2.43758,3.9137,6.35128,50.0198,-2.94716,
27/05/2025 06:21:00,551.739,191.319,0,325.128,0.65,0,1.72002,4.43047,6.1505,50.0283,-2.94716,
27/05/2025 06:22:00,551.669,191.302,0,324.649,0.65,0,3.38702,3.01961,6.40664,49.9591,-2.96905,
27/05/2025 06:23:00,551.592,191.335,0,324.649,0.65,0,3.82431,5.17789,9.0022,49.9101,-3.02615,
27/05/2025 06:24:00,551.624,191.302,0,325.128,0.65,0,0.475018,5.15905,5.63406,49.9237,-3.07485,
27/05/2025 06:25:00,551.582,191.287,0,325.367,0.65,0,-1.39696,2.47222,1.07526,49.94,-3.11671,
27/05/2025 06:26:00,551.587,191.283,0,325.367,0.65,0,-1.62382,1.77124,0.147418,49.9971,-3.13768,
27/05/2025 06:27:00,551.647,191.3,0,325.607,0.65,0,-0.639404,2.53199,1.89258,49.9917,-3.13068,
27/05/2025 06:28:00,551.63,191.277,0,325.367,0.65,0,-0.863038,2.56334,1.7003,49.9998,-3.11671,
27/05/2025 06:29:00,551.606,191.27,0,324.889,0.65,0,-0.617938,2.20855,1.59061,49.9781,-3.10275,
27/05/2025 06:30:00,551.589,191.298,0,324.649,0.65,0,0.981828,2.86961,3.85144,49.9428,-3.07485,
27/05/2025 06:31:00,551.673,191.306,0,324.41,0.65,0,-1.75361,0.271442,-1.48216,50.0141,-3.04701,
27/05/2025 06:32:00,551.662,191.276,0,324.649,0.65,0,-1.54481,0.266524,-1.27829,50.034,-3.02615,
27/05/2025 06:33:00,551.662,191.273,0,325.367,0.65,0,0.354748,7.22217,7.57692,49.9971,-2.98366,
27/05/2025 06:34:00,551.744,191.292,0,325.128,0.65,0,-1.61122,0.268094,-1.34313,50.0141,-2.97636,
27/05/2025 06:35:00,551.724,191.293,0,325.367,0.65,0,-1.63759,-0.0651274,-1.70272,50.0226,-2.97636,
27/05/2025 06:36:00,551.742,191.324,0,325.128,0.65,0,-1.33542,1.37774,0.0423152,50.0141,-2.95445,
27/05/2025 06:37:00,551.759,191.325,0,324.889,0.65,0,-1.08643,0.841206,-0.245224,50.0283,-2.93986,
27/05/2025 06:38:00,551.77,191.295,0,324.649,0.65,0,-1.96482,-0.386013,-2.35083,50.0084,-2.918,
27/05/2025 06:39:00,551.711,191.295,0,324.41,0.65,0,-1.7078,-0.1614,-1.8692,50.054,-2.88889,
27/05/2025 06:40:00,551.606,191.303,0,324.889,0.65,0,1.45578,1.96464,3.42042,50.034,-2.86709,
27/05/2025 06:41:00,551.646,191.283,0,325.367,0.65,0,-0.0577957,2.61784,2.56004,50.0426,-2.85983,
27/05/2025 06:42:00,551.616,191.288,0,325.367,0.65,0,6.99375,10.091,17.0848,50.0312,-2.85983,
27/05/2025 06:43:00,551.627,191.314,0,325.607,0.65,0,-0.844174,2.20932,1.36514,50.0226,-2.86709,
27/05/2025 06:44:00,551.608,191.306,0,325.367,0.65,0,-0.752859,0.819631,0.0667717,50.0255,-2.87435,
27/05/2025 06:45:00,551.592,191.315,0,325.128,0.65,0,0.22902,0.00500496,0.234026,50.0511,-2.88162,
27/05/2025 06:46:00,551.602,191.311,0,324.649,0.65,0,-1.08076,1.81319,0.73242,50.0426,-2.88162,
27/05/2025 06:47:00,551.628,191.317,0,324.41,0.65,0,-1.36876,0.46322,-0.905538,50.0597,-2.86709,
27/05/2025 06:48:00,551.605,191.297,0,324.889,0.65,0,1.34282,0.277163,1.61998,50.0369,-2.86709,
27/05/2025 06:49:00,551.667,191.322,0,325.128,0.65,0,1.26893,6.80767,8.0766,50.0198,-2.87435,
27/05/2025 06:50:00,551.673,191.367,0,325.128,0.65,0,-0.627009,0.319959,-0.307049,49.9917,-2.88162,
27/05/2025 06:51:00,551.723,191.427,0,325.367,0.65,0,-1.17558,-0.0287454,-1.20433,49.9754,-2.91072,
27/05/2025 06:52:00,551.766,191.419,0,325.128,0.65,0,-0.0264092,1.39835,1.37194,50.0312,-2.918,
27/05/2025 06:53:00,551.772,191.436,0,324.649,0.65,0,0.887996,0.298534,1.18653,50.0454,-2.92528,
27/05/2025 06:54:00,551.774,191.445,0,324.649,0.65,0,-1.10045,0.956241,-0.144205,50.0369,-2.93257,
27/05/2025 06:55:00,551.767,191.378,0,324.41,0.65,0,-0.173349,2.43657,2.26322,50.0568,-2.93986,
27/05/2025 06:56:00,551.768,191.418,0,325.128,0.65,0,-1.08362,2.33923,1.2556,50.0312,-2.94716,
27/05/2025 06:57:00,551.799,191.425,0,325.367,0.65,0,1.01661,0.516056,1.53267,50.0255,-2.93986,
27/05/2025 06:58:00,551.91,191.432,0,325.128,0.65,0,-0.305501,3.27016,2.96466,50.0027,-2.94716,
27/05/2025 06:59:00,551.951,191.46,0,325.367,0.65,0,0.820597,5.49741,6.318,49.9781,-2.95445,
27/05/2025 07:00:00,551.964,191.5,0,325.607,0.65,0,-0.828864,-0.316414,-1.14528,49.9727,-2.97636,
27/05/2025 07:01:00,551.958,191.458,0,325.128,0.65,0,-1.84009,0.172083,-1.66801,49.9971,-3.00532,
27/05/2025 07:02:00,551.934,191.449,0,324.649,0.65,0,-1.76059,0.0944746,-1.66612,50.0112,-3.0331,
27/05/2025 07:03:00,551.92,191.454,0,324.649,0.65,0,-0.922491,0.539908,-0.382582,49.9971,-3.04701,
27/05/2025 07:04:00,551.961,191.512,0,324.889,0.65,0,-1.217,3.26484,2.04784,49.9672,-3.04005,
27/05/2025 07:05:00,551.963,191.459,0,325.367,0.65,0,1.11504,2.52797,3.64301,50.0226,-3.02615,
27/05/2025 07:06:00,551.963,191.474,0,325.128,0.65,0,2.41475,7.59607,10.0108,50.0283,-3.00532,
27/05/2025 07:07:00,551.963,191.477,0,325.367,0.65,0,-0.473557,3.10217,2.62861,50.0283,-2.98366,
27/05/2025 07:08:00,551.96,191.479,0,325.128,0.65,0,0.284302,3.7594,4.0437,50.0312,-2.96175,
27/05/2025 07:09:00,551.963,191.486,0,325.128,0.65,0,0.341493,3.61354,3.95503,50.0112,-2.95445,
27/05/2025 07:10:00,551.97,191.508,0,324.649,0.65,0,4.43219,6.08353,10.5157,49.989,-2.94716,
27/05/2025 07:11:00,551.994,191.509,0,324.649,0.65,0,1.98654,5.09068,7.07723,50.0312,-2.95445,
27/05/2025 07:12:00,551.965,191.488,0,325.128,0.65,0,-0.693603,0.277234,-0.416366,49.9998,-2.94716,
27/05/2025 07:13:00,551.874,191.464,0,325.367,0.65,0,-0.887444,0.830104,-0.0573385,50.0255,-2.93986,
27/05/2025 07:14:00,551.845,191.461,0,325.128,0.65,0,2.38027,3.56245,5.9427,50.0397,-2.93257,
27/05/2025 07:15:00,551.924,191.462,0,325.128,0.65,0,1.57923,3.27457,4.85379,50.0283,-2.92528,
27/05/2025 07:16:00,551.958,191.491,0,325.367,0.65,0,2.6793,1.65269,4.33199,50.0226,-2.91072,
27/05/2025 07:17:00,551.963,191.521,0,324.889,0.65,0,4.6192,0.791154,5.41036,50.0255,-2.91072,
27/05/2025 07:18:00,551.963,191.516,0,324.649,0.65,0,7.20075,7.57199,14.7728,49.9862,-2.918,
27/05/2025 07:19:00,551.963,191.506,0,324.649,0.65,0,5.79259,8.65617,14.4488,50.0369,-2.93257,
27/05/2025 07:20:00,551.955,191.49,0,324.889,0.65,0,8.48972,9.10073,17.5905,50.034,-2.93257,
27/05/2025 07:21:00,551.955,191.518,0,325.128,0.65,0,3.27284,6.36336,9.63621,50.0055,-2.93257,
27/05/2025 07:22:00,551.963,191.534,0,325.367,0.65,0,3.10644,1.99058,5.09702,50.0397,-2.92528,
27/05/2025 07:23:00,551.963,191.537,0,325.367,0.65,0,8.21792,10.9898,19.2077,50.0255,-2.92528,
27/05/2025 07:24:00,551.963,191.529,0,325.367,0.65,0,5.86139,4.70827,10.5696,49.9917,-2.92528,
27/05/2025 07:25:00,551.906,191.512,0,324.889,0.65,0,12.6809,11.2075,23.8884,50.0169,-2.92528,
27/05/2025 07:26:00,551.855,191.508,0,324.649,0.65,0,7.73468,8.88831,16.623,49.9808,-2.93986,
27/05/2025 07:27:00,551.815,191.495,0,324.649,0.65,0,7.14458,6.16662,13.3112,50.0369,-2.93986,
27/05/2025 07:28:00,551.859,191.515,0,325.128,0.65,0,9.67396,10.143,19.817,50.0169,-2.93986,
27/05/2025 07:29:00,551.914,191.525,0,325.128,0.65,0,5.72926,6.77209,12.5014,50.0169,-2.93986,
27/05/2025 07:30:00,551.963,191.548,0,325.367,0.65,0,11.0173,7.28755,18.3048,50.0112,-2.94716,
27/05/2025 07:31:00,551.963,191.572,0,325.367,0.65,0,11.0667,7.51083,18.5776,50.034,-2.93986,
27/05/2025 07:32:00,551.979,191.591,0,325.128,0.65,0,10.1886,6.20948,16.3981,50.0198,-2.94716,
27/05/2025 07:33:00,552.034,191.611,0,324.889,0.65,0,24.0615,18.1668,42.2283,50.0055,-2.96175,
27/05/2025 07:34:00,552.111,191.615,0,324.41,0.65,0,14.4156,16.2285,30.6441,50.0226,-2.96905,
27/05/2025 07:35:00,552.148,191.63,0,324.649,0.65,0,15.8937,10.9727,26.8663,49.9862,-2.96905,
27/05/2025 07:36:00,552.138,191.639,0,324.889,0.65,0,19.4569,12.7512,32.2081,50.0112,-2.96175,
27/05/2025 07:37:00,552.059,191.621,0,325.128,0.65,0,10.1644,16.7377,26.9021,49.9971,-2.97636,
27/05/2025 07:38:00,552.029,191.624,0,325.367,0.65,0,30.8357,-2.96471,27.871,50.034,-2.99829,
27/05/2025 07:39:00,551.994,191.597,0,325.367,0.65,0,19.3756,11.9255,31.3011,49.9971,-2.99829,
27/05/2025 07:40:00,551.999,191.607,0,325.607,0.65,0,17.3181,13.151,30.469,49.9509,-3.01226,
27/05/2025 07:41:00,551.984,191.608,0,325.128,0.65,0,10.1942,8.52176,18.7159,50.0084,-3.0192,
27/05/2025 07:42:00,552.048,191.624,0,324.889,0.65,0,8.47783,10.1917,18.6695,50.0141,-3.01226,
27/05/2025 07:43:00,552.128,191.642,0,324.41,0.65,0,11.6327,7.198,18.8307,50.0112,-2.99829,
27/05/2025 07:44:00,552.161,191.667,0,324.889,0.65,0,7.06871,10.9634,18.0321,49.9998,-2.99829,
27/05/2025 07:45:00,552.201,191.678,0,325.128,0.65,0,-0.470271,0.596578,0.126307,50.0283,-2.99829,
27/05/2025 07:46:00,552.215,191.7,0,325.128,0.65,0,3.29755,-1.06194,2.23561,49.9998,-2.99097,
27/05/2025 07:47:00,552.271,191.705,0,325.607,0.65,0,13.3804,4.16167,17.5421,50.0112,-2.99829,
27/05/2025 07:48:00,552.307,191.704,0,325.128,0.65,0,12.2578,13.5482,25.806,50.0169,-2.99097,
27/05/2025 07:49:00,552.35,191.723,0,324.889,0.65,0,28.6743,29.7921,58.4664,49.9917,-2.99097,
27/05/2025 07:50:00,552.344,191.758,0,324.649,0.65,0,8.49189,8.76434,17.2562,49.9699,-2.97636,
27/05/2025 07:51:00,552.35,191.756,0,324.649,0.65,0,6.5432,4.0156,10.5588,50.0397,-2.96905,
27/05/2025 07:52:00,552.356,191.753,0,325.367,0.65,0,2.96501,3.39684,6.36185,49.9971,-2.96175,
27/05/2025 07:53:00,552.365,191.771,0,325.367,0.65,0,7.05025,5.09253,12.1428,50.0255,-2.96175,
27/05/2025 07:54:00,552.384,191.775,0,325.128,0.65,0,11.9773,1.53381,13.5111,49.9781,-2.97636,
27/05/2025 07:55:00,552.483,191.798,0,325.607,0.65,0,17.4737,14.6117,32.0854,50.0141,-2.96905,
27/05/2025 07:56:00,552.54,191.831,0,325.128,0.65,0,14.9648,7.42477,22.3896,49.9618,-2.97636,
27/05/2025 07:57:00,552.573,191.855,0,324.889,0.65,0,11.259,10.6861,21.9451,50.0169,-2.95445,
27/05/2025 07:58:00,552.571,191.867,0,324.649,0.65,0,18.7843,9.11685,27.9012,49.9944,-2.96175,
27/05/2025 07:59:00,552.554,191.845,0,324.41,0.65,0,13.3758,15.6917,29.0676,49.9971,-2.96175,
27/05/2025 08:00:00,552.54,191.838,0,324.889,0.65,0,9.52129,8.61244,18.1337,49.9808,-2.96175,
27/05/2025 08:01:00,552.543,191.82,0,325.367,0.65,0,-1.42433,0.343143,-1.08119,49.9917,-2.97636,
27/05/2025 08:02:00,552.543,191.831,0,325.128,0.65,0,-1.82425,-0.137224,-1.96147,50.0226,-2.97636,
27/05/2025 08:03:00,552.543,191.845,0,325.367,0.65,0,-1.64636,0.140317,-1.50604,50.0198,-2.97636,
27/05/2025 08:04:00,552.552,191.85,0,325.367,0.65,0,0.889347,1.5795,2.46884,49.9862,-2.97636,
27/05/2025 08:05:00,552.597,191.875,0,324.889,0.65,0,5.26051,4.56653,9.82703,49.9998,-2.97636,
27/05/2025 08:06:00,552.675,191.863,0,324.649,0.65,0,7.3209,5.85857,13.1795,50.0112,-2.96905,
27/05/2025 08:07:00,552.711,191.87,0,324.649,0.65,0,7.69711,1.5696,9.26673,49.9727,-2.97636,
27/05/2025 08:08:00,552.733,191.889,0,324.649,0.65,0,11.527,4.15228,15.6793,50.0141,-2.99097,
27/05/2025 08:09:00,552.736,191.891,0,325.367,0.65,0,18.9709,7.22182,26.1927,49.9862,-2.99097,
27/05/2025 08:10:00,552.74,191.931,0,325.128,0.65,0,16.5173,14.0027,30.52,50.0141,-2.99829,
27/05/2025 08:11:00,552.775,191.939,0,325.367,0.65,0,13.8493,12.8629,26.7122,49.9971,-2.99829,
27/05/2025 08:12:00,552.811,191.97,0,325.607,0.65,0,9.42601,12.7834,22.2094,50.0027,-2.99097,
27/05/2025 08:13:00,552.837,191.953,0,324.649,0.65,0,7.90488,12.0381,19.943,50.0084,-2.99829,
27/05/2025 08:14:00,552.867,191.959,0,324.889,0.65,0,8.86195,14.0592,22.9212,49.9944,-2.99829,
27/05/2025 08:15:00,552.923,191.98,0,324.649,0.65,0,8.63807,14.2293,22.8673,49.9998,-3.01226,
27/05/2025 08:16:00,552.92,191.972,0,325.367,0.65,0,8.61073,5.3746,13.9853,49.9917,-3.01226,
27/05/2025 08:17:00,552.93,191.988,0,325.128,0.65,0,9.74285,4.5246,14.2675,49.9727,-3.01226,
27/05/2025 08:18:00,552.93,191.996,0,325.367,0.65,0,11.0387,14.2345,25.2732,50.0084,-3.00532,
27/05/2025 08:19:00,552.933,192.012,0,325.367,0.65,0,10.5118,10.0276,20.5394,50.0283,-3.00532,
27/05/2025 08:20:00,552.959,192.024,0,325.367,0.65,0,10.3463,4.64077,14.9871,49.9944,-3.00532,
27/05/2025 08:21:00,553.039,192.027,0,324.889,0.65,0,10.6186,8.81204,19.4306,50.0255,-2.99829,
27/05/2025 08:22:00,553.005,192.016,0,324.41,0.65,0,6.72042,7.38926,14.1097,49.9672,-3.00532,
27/05/2025 08:23:00,552.975,191.996,0,324.41,0.65,0,5.25542,8.04099,13.2964,49.9998,-2.99829,
27/05/2025 08:24:00,552.935,192.007,0,325.128,0.65,0,2.58677,3.17896,5.76574,49.9862,-3.00532,
27/05/2025 08:25:00,552.933,192.006,0,324.17,0.65,0,8.4226,10.2676,18.6903,49.9835,-2.99829,
27/05/2025 08:26:00,552.946,192.024,0,325.128,0.65,0,12.4235,0.964381,13.3879,50.0283,-2.98366,
27/05/2025 08:27:00,552.943,192.027,0,325.367,0.65,0,7.22456,8.57091,15.7955,50.0169,-2.97636,
27/05/2025 08:28:00,553.019,192.027,0,325.128,0.65,0,5.62097,4.78877,10.4097,49.9672,-2.98366,
27/05/2025 08:29:00,553.09,192.021,0,324.889,0.65,0,10.826,12.291,23.117,49.9998,-2.97636,
27/05/2025 08:30:00,553.024,192.025,0,324.649,0.65,0,12.1162,4.1894,16.3056,49.9808,-2.99097,
27/05/2025 08:31:00,552.975,192.037,0,324.649,0.65,0,7.21256,6.0776,13.2902,50.0027,-2.99097,
27/05/2025 08:32:00,552.931,192.009,0,324.889,0.65,0,8.7612,9.94035,18.7016,49.9862,-2.99097,
27/05/2025 08:33:00,552.958,192.024,0,324.17,0.65,0,7.03987,6.78801,13.8279,49.9618,-2.97636,
27/05/2025 08:34:00,553.039,192.044,0,325.367,0.65,0,2.02984,-0.319556,1.71028,49.9998,-2.96905,
27/05/2025 08:35:00,553.121,192.063,0,324.889,0.65,0,2.78485,5.52843,8.31328,50.0226,-2.97636,
27/05/2025 08:36:00,553.126,192.096,0,325.367,0.65,0,6.09656,8.49894,14.5955,50.0169,-2.96905,
27/05/2025 08:37:00,553.161,192.092,0,324.889,0.65,0,4.21052,2.00889,6.2194,49.9727,-2.97636,
27/05/2025 08:38:00,553.127,192.056,0,325.367,0.65,0,3.5219,3.48059,7.00249,49.9835,-2.99097,
27/05/2025 08:39:00,553.113,192.07,0,324.889,0.65,0,4.70971,4.83639,9.5461,49.9917,-2.99097,
27/05/2025 08:40:00,553.105,192.055,0,324.649,0.65,0,6.70512,8.61343,15.3186,49.9645,-2.99097,
27/05/2025 08:41:00,553.062,192.056,0,324.17,0.65,0,5.24386,7.69324,12.9371,49.9645,-2.98366,
27/05/2025 08:42:00,553.101,192.062,0,324.649,0.65,0,5.96187,8.62746,14.5893,49.9564,-2.97636,
27/05/2025 08:43:00,553.122,192.072,0,325.128,0.65,0,10.338,4.34412,14.6822,49.9917,-2.97636,
27/05/2025 08:44:00,553.121,192.083,0,325.367,0.65,0,15.8831,3.13138,19.0145,50.0112,-2.98366,
27/05/2025 08:45:00,553.148,192.095,0,325.367,0.65,0,16.1603,10.3742,26.5345,50.0084,-2.98366,
27/05/2025 08:46:00,553.128,192.103,0,325.367,0.65,0,15.2597,15.1169,30.3766,50.0141,-2.99829,
27/05/2025 08:47:00,553.124,192.078,0,325.128,0.65,0,10.0094,7.33117,17.3406,49.9917,-2.99097,
27/05/2025 08:48:00,553.115,192.069,0,324.649,0.65,0,9.75414,4.82854,14.5827,49.9944,-2.98366,
27/05/2025 08:49:00,553.11,192.075,0,324.41,0.65,0,8.91444,7.45494,16.3694,49.9971,-2.98366,
27/05/2025 08:50:00,553.12,192.072,0,324.889,0.65,0,3.90323,3.00926,6.9125,50.0112,-2.98366,
27/05/2025 08:51:00,553.117,192.076,0,325.128,0.65,0,4.66052,8.16097,12.8215,50.0141,-2.98366,
27/05/2025 08:52:00,553.133,192.096,0,325.846,0.65,0,1.75717,8.41955,10.1767,50.0027,-2.98366,
27/05/2025 08:53:00,553.219,192.135,0,325.128,0.65,0,17.7081,6.26651,23.9746,49.9971,-2.99097,
27/05/2025 08:54:00,553.231,192.127,0,325.607,0.65,0,17.4592,16.722,34.1812,50.0283,-2.99097,
27/05/2025 08:55:00,553.17,192.123,0,325.128,0.65,0,21.3628,18.7914,40.1542,49.989,-2.98366,
27/05/2025 08:56:00,553.21,192.137,0,324.649,0.65,0,14.5796,10.9797,25.5593,50.0055,-2.98366,
27/05/2025 08:57:00,553.312,192.157,0,324.41,0.65,0,12.2259,13.0496,25.2755,49.9781,-2.99829,
27/05/2025 08:58:00,553.338,192.186,0,324.649,0.65,0,37.5705,20.6243,58.1949,49.989,-2.99829,
27/05/2025 08:59:00,553.45,192.206,0,325.128,0.65,0,37.4692,11.831,49.3001,50.0055,-3.00532,
27/05/2025 09:00:00,553.509,192.208,0,325.607,0.65,0,21.7065,9.55978,31.2663,50.0055,-3.01226,
27/05/2025 09:01:00,553.5,192.215,0,325.128,0.65,0,8.90258,6.70449,15.607,50.0226,-3.0192,
27/05/2025 09:02:00,553.5,192.214,0,325.367,0.65,0,0.83218,1.12791,1.96008,49.9917,-3.01226,
27/05/2025 09:03:00,553.413,192.197,0,325.128,0.65,0,-1.66123,0.330628,-1.33061,49.989,-3.00532,
27/05/2025 09:04:00,553.318,192.155,0,324.41,0.65,0,-0.468626,-1.28723,-1.75586,49.9944,-3.00532,
27/05/2025 09:05:00,553.233,192.126,0,324.41,0.65,0,1.48055,1.37984,2.86039,49.989,-3.00532,
27/05/2025 09:06:00,553.205,192.102,0,324.41,0.65,0,7.41342,6.47535,13.8888,50.0369,-3.00532,
27/05/2025 09:07:00,553.315,192.138,0,324.649,0.65,0,10.0303,6.24462,16.2749,49.9862,-3.00532,
27/05/2025 09:08:00,553.455,192.201,0,325.607,0.65,0,8.98693,7.71667,16.7036,50.0084,-2.99829,
27/05/2025 09:09:00,553.567,192.238,0,325.128,0.65,0,2.25493,4.80494,7.05988,50.0055,-2.99829,
27/05/2025 09:10:00,553.685,192.267,0,325.607,0.65,0,-1.46322,1.59599,0.132769,50.0027,-2.99097,
27/05/2025 09:11:00,553.663,192.269,0,324.889,0.65,0,-1.6265,0.890458,-0.736042,49.9998,-2.99829,
27/05/2025 09:12:00,553.553,192.235,0,324.649,0.65,0,-0.860093,0.968312,0.108221,49.9917,-2.99829,
27/05/2025 09:13:00,553.498,192.201,0,324.17,0.65,0,4.57585,5.88321,10.4591,50.0027,-2.99829,
27/05/2025 09:14:00,553.485,192.185,0,324.889,0.65,0,12.8941,1.75529,14.6494,49.9618,-3.00532,
27/05/2025 09:15:00,553.506,192.206,0,325.128,0.65,0,7.51576,8.49774,16.0135,49.9971,-3.00532,
27/05/2025 09:16:00,553.525,192.238,0,325.367,0.65,0,6.45763,10.1329,16.5905,50.0283,-2.99829,
27/05/2025 09:17:00,553.666,192.279,0,325.367,0.65,0,5.48033,5.76208,11.2424,49.9998,-3.00532,
27/05/2025 09:18:00,553.702,192.287,0,325.607,0.65,0,5.11709,10.2457,15.3628,49.9835,-2.99097,
27/05/2025 09:19:00,553.703,192.31,0,325.128,0.65,0,3.85632,4.42304,8.27937,50.0084,-2.99829,
27/05/2025 09:20:00,553.706,192.291,0,324.649,0.65,0,-0.746584,2.99499,2.24841,50.0283,-2.99097,
27/05/2025 09:21:00,553.703,192.283,0,324.41,0.65,0,-0.794786,3.45301,2.65823,50.0141,-2.99829,
27/05/2025 09:22:00,553.7,192.277,0,324.649,0.65,0,-1.20022,1.80756,0.607342,50.0084,-3.00532,
27/05/2025 09:23:00,553.703,192.291,0,325.128,0.65,0,1.95278,2.73875,4.69153,49.9645,-3.01226,
27/05/2025 09:24:00,553.703,192.281,0,325.367,0.65,0,6.10645,2.66724,8.7737,49.9727,-3.01226,
27/05/2025 09:25:00,553.721,192.307,0,325.367,0.65,0,2.84152,-0.232656,2.60886,50.0112,-3.00532,
27/05/2025 09:26:00,553.84,192.345,0,325.128,0.65,0,1.38661,0.972276,2.35888,50.0084,-3.00532,
27/05/2025 09:27:00,553.893,192.351,0,325.128,0.65,0,-0.154281,5.87985,5.72557,49.9917,-2.99829,
27/05/2025 09:28:00,553.888,192.346,0,324.41,0.65,0,1.62418,4.77434,6.39852,49.9944,-3.01226,
27/05/2025 09:29:00,553.888,192.38,0,324.17,0.65,0,1.44391,2.46828,3.91219,50.0169,-3.01226,
27/05/2025 09:30:00,553.899,192.377,0,324.649,0.65,0,4.47253,4.91468,9.3872,50.0255,-3.01226,
27/05/2025 09:31:00,553.897,192.373,0,325.128,0.65,0,4.5379,5.00616,9.54407,50.0084,-3.0192,
27/05/2025 09:32:00,553.897,192.368,0,325.607,0.65,0,5.91044,8.96239,14.8728,49.9835,-3.01226,
27/05/2025 09:33:00,553.9,192.375,0,325.367,0.65,0,10.2146,8.49877,18.7134,50.0141,-3.0192,
27/05/2025 09:34:00,553.903,192.38,0,325.367,0.65,0,7.54914,10.404,17.9532,50.0141,-3.02615,
27/05/2025 09:35:00,553.903,192.37,0,324.889,0.65,0,8.19666,9.3195,17.5161,50.0112,-3.02615,
27/05/2025 09:36:00,553.897,192.337,0,324.889,0.65,0,6.53528,7.07321,13.6085,50.0112,-3.0331,
27/05/2025 09:37:00,553.897,192.339,0,324.41,0.65,0,3.3073,5.71729,9.02459,49.9237,-3.0331,
27/05/2025 09:38:00,553.897,192.342,0,324.889,0.65,0,0.946983,3.84232,4.7893,49.9727,-3.02615,
27/05/2025 09:39:00,553.901,192.349,0,324.889,0.65,0,4.4812,3.43685,7.91804,50.0112,-3.01226,
27/05/2025 09:40:00,553.969,192.361,0,325.367,0.65,0,1.5366,4.47857,6.01516,50.0141,-3.01226,
27/05/2025 09:41:00,554.031,192.381,0,325.367,0.65,0,1.85638,7.18872,9.04509,49.989,-3.01226,
27/05/2025 09:42:00,554.081,192.366,0,325.367,0.65,0,0.154602,2.17885,2.33345,49.9727,-3.01226,
27/05/2025 09:43:00,554.085,192.383,0,325.128,0.65,0,6.18106,12.6836,18.8646,49.989,-3.01226,
27/05/2025 09:44:00,554.07,192.358,0,324.649,0.65,0,3.96717,3.18484,7.15201,50.0226,-3.01226,
27/05/2025 09:45:00,554.041,192.358,0,324.41,0.65,0,6.29329,7.75882,14.0521,49.9917,-3.01226,
27/05/2025 09:46:00,553.998,192.358,0,324.889,0.65,0,2.44846,4.30819,6.75665,49.989,-3.00532,
27/05/2025 09:47:00,553.971,192.369,0,325.128,0.65,0,5.09342,4.69615,9.78956,49.9944,-3.00532,
27/05/2025 09:48:00,553.971,192.36,0,325.367,0.65,0,6.23441,5.91302,12.1474,49.989,-2.99829,
27/05/2025 09:49:00,553.98,192.362,0,325.128,0.65,0,2.74724,3.5209,6.26815,49.9998,-3.00532,
27/05/2025 09:50:00,554.084,192.357,0,325.128,0.65,0,6.15553,7.66674,13.8223,49.9862,-3.00532,
27/05/2025 09:51:00,554.111,192.389,0,325.128,0.65,0,3.41684,4.8648,8.28164,50.0283,-3.01226,
27/05/2025 09:52:00,554.107,192.404,0,324.649,0.65,0,0.989866,3.20929,4.19916,49.9944,-3.0192,
27/05/2025 09:53:00,554.11,192.382,0,324.41,0.65,0,2.63102,4.94963,7.58064,50.034,-3.01226,
27/05/2025 09:54:00,554.093,192.377,0,324.649,0.65,0,2.39419,6.67345,9.06763,49.9645,-3.01226,
27/05/2025 09:55:00,554.091,192.386,0,325.367,0.65,0,4.28741,5.03748,9.32486,50.0255,-3.00532,
27/05/2025 09:56:00,554.09,192.387,0,325.607,0.65,0,5.67588,7.69189,13.3678,49.9835,-3.01226,
27/05/2025 09:57:00,554.076,192.334,0,325.128,0.65,0,6.13828,9.00804,15.1463,49.989,-3.0192,
27/05/2025 09:58:00,554.062,192.354,0,325.367,0.65,0,7.8564,5.59214,13.4485,49.9618,-3.01226,
27/05/2025 09:59:00,554.059,192.324,0,325.128,0.65,0,6.13109,9.59771,15.7288,49.9835,-3.02615,
27/05/2025 10:00:00,554.086,192.351,0,324.649,0.65,0,5.75897,4.91173,10.6707,49.9591,-3.0331,
27/05/2025 10:01:00,554.09,192.347,0,324.41,0.65,0,1.90874,6.0841,7.99284,50.0169,-3.02615,
27/05/2025 10:02:00,554.103,192.365,0,324.889,0.65,0,1.3597,2.62721,3.9869,49.989,-3.0192,
27/05/2025 10:03:00,554.147,192.382,0,325.128,0.65,0,3.074,4.34175,7.41575,49.9998,-3.01226,
27/05/2025 10:04:00,554.178,192.391,0,325.367,0.65,0,1.1103,3.06019,4.17049,50.0027,-3.01226,
27/05/2025 10:05:00,554.107,192.378,0,325.128,0.65,0,3.85985,6.50239,10.3623,50.0055,-3.00532,
27/05/2025 10:06:00,554.092,192.369,0,325.128,0.65,0,3.82518,6.21259,10.0378,49.9971,-3.00532,
27/05/2025 10:07:00,554.09,192.334,0,324.889,0.65,0,6.22679,8.90495,15.1318,49.9509,-3.0192,
27/05/2025 10:08:00,554.09,192.35,0,324.649,0.65,0,7.11756,10.4788,17.5963,49.9781,-3.01226,
27/05/2025 10:09:00,554.093,192.353,0,324.41,0.65,0,6.56313,11.4109,17.974,49.9618,-3.01226,
27/05/2025 10:10:00,554.09,192.352,0,324.889,0.65,0,2.64901,6.5861,9.23511,49.9672,-3.01226,
27/05/2025 10:11:00,554.09,192.346,0,325.128,0.65,0,0.309822,2.63587,2.94569,50.0169,-2.99829,
27/05/2025 10:12:00,554.096,192.36,0,325.367,0.65,0,1.09312,0.743105,1.83622,50.0369,-3.00532,
27/05/2025 10:13:00,554.125,192.355,0,325.367,0.65,0,2.87549,12.7231,15.5985,49.9917,-3.00532,
27/05/2025 10:14:00,554.206,192.362,0,325.607,0.65,0,1.06377,2.44396,3.50773,50.0027,-3.00532,
27/05/2025 10:15:00,554.156,192.347,0,325.128,0.65,0,-1.68486,2.05323,0.368357,49.989,-3.00532,
27/05/2025 10:16:00,554.095,192.344,0,324.889,0.65,0,2.0987,6.35579,8.45448,49.9944,-3.00532,
27/05/2025 10:17:00,554.132,192.352,0,324.41,0.65,0,0.839893,3.68465,4.52455,50.0027,-3.01226,
27/05/2025 10:18:00,554.096,192.335,0,324.889,0.65,0,6.93263,4.61267,11.5453,50.0283,-3.01226,
27/05/2025 10:19:00,554.09,192.338,0,325.367,0.65,0,1.89509,3.54156,5.43664,49.9971,-3.00532,
27/05/2025 10:20:00,554.087,192.315,0,325.367,0.65,0,6.2232,4.29614,10.5193,50.0027,-3.00532,
27/05/2025 10:21:00,554.09,192.314,0,325.128,0.65,0,4.33885,6.70298,11.0418,49.9835,-3.00532,
27/05/2025 10:22:00,554.092,192.311,0,325.367,0.65,0,7.56104,4.5977,12.1587,50.0169,-3.01226,
27/05/2025 10:23:00,554.094,192.321,0,325.128,0.65,0,5.92975,6.2618,12.1915,49.9917,-3.01226,
27/05/2025 10:24:00,554.096,192.33,0,324.649,0.65,0,7.45149,8.90166,16.3532,49.9998,-3.01226,
27/05/2025 10:25:00,554.152,192.335,0,324.17,0.65,0,9.24192,11.4585,20.7004,49.9971,-3.0192,
27/05/2025 10:26:00,554.174,192.36,0,324.889,0.65,0,6.74753,9.09036,15.8379,50.0198,-3.02615,
27/05/2025 10:27:00,554.201,192.35,0,325.128,0.65,0,6.90421,8.01694,14.9211,50.0312,-3.00532,
27/05/2025 10:28:00,554.203,192.364,0,325.367,0.65,0,5.53527,8.58206,14.1173,49.9835,-3.00532,
27/05/2025 10:29:00,554.218,192.359,0,325.128,0.65,0,6.04899,6.4515,12.5005,50.0084,-2.99829,
27/05/2025 10:30:00,554.279,192.376,0,325.128,0.65,0,4.01316,5.32256,9.33572,50.0084,-2.99829,
27/05/2025 10:31:00,554.283,192.382,0,324.889,0.65,0,6.66656,8.20732,14.8739,50.0198,-3.00532,
27/05/2025 10:32:00,554.276,192.365,0,324.41,0.65,0,8.75882,15.481,24.2398,49.9998,-3.00532,
27/05/2025 10:33:00,554.196,192.346,0,324.41,0.65,0,9.05063,10.5862,19.6369,50.0055,-3.0192,
27/05/2025 10:34:00,554.114,192.306,0,324.649,0.65,0,6.5371,7.75457,14.2917,50.0226,-3.01226,
27/05/2025 10:35:00,554.1,192.31,0,325.128,0.65,0,7.58597,9.15985,16.7458,49.9727,-3.0192,
27/05/2025 10:36:00,554.129,192.332,0,325.607,0.65,0,8.20089,14.0962,22.2971,50.0454,-3.00532,
27/05/2025 10:37:00,554.109,192.335,0,324.889,0.65,0,10.0857,17.1597,27.2453,50.0141,-3.00532,
27/05/2025 10:38:00,554.15,192.344,0,325.367,0.65,0,16.0853,15.394,31.4793,50.0169,-3.00532,
27/05/2025 10:39:00,554.22,192.349,0,325.128,0.65,0,11.6983,13.8816,25.5799,50.0255,-3.00532,
27/05/2025 10:40:00,554.256,192.355,0,324.649,0.65,0,7.70325,8.89616,16.5994,50.0198,-3.00532,
27/05/2025 10:41:00,554.246,192.333,0,324.41,0.65,0,6.57475,11.6647,18.2395,49.9862,-3.01226,
27/05/2025 10:42:00,554.165,192.312,0,324.649,0.65,0,3.97264,7.38421,11.3569,49.9781,-3.01226,
27/05/2025 10:43:00,554.144,192.31,0,324.889,0.65,0,5.75857,10.7247,16.4833,49.9781,-3.02615,
27/05/2025 10:44:00,554.18,192.319,0,325.607,0.65,0,5.40615,9.50981,14.916,49.9645,-3.0331,
27/05/2025 10:45:00,554.273,192.343,0,325.128,0.65,0,4.4068,6.66008,11.0669,50.0169,-3.02615,
27/05/2025 10:46:00,554.27,192.345,0,325.367,0.65,0,3.12944,5.03902,8.16846,49.9808,-3.02615,
27/05/2025 10:47:00,554.257,192.337,0,325.128,0.65,0,2.79223,4.58014,7.37238,49.9944,-3.0192,
27/05/2025 10:48:00,554.252,192.332,0,324.889,0.65,0,3.1572,7.00207,10.1593,49.9917,-3.00532,
27/05/2025 10:49:00,554.211,192.332,0,324.41,0.65,0,0.306915,2.93245,3.23936,50.0084,-2.99829,
27/05/2025 10:50:00,554.209,192.326,0,324.889,0.65,0,0.90946,2.74815,3.6576,50.0169,-2.99829,
27/05/2025 10:51:00,554.216,192.323,0,325.128,0.65,0,1.9179,4.05916,5.97706,49.9917,-2.99097,
27/05/2025 10:52:00,554.202,192.338,0,325.607,0.65,0,1.52957,4.88178,6.41134,50.0141,-2.99097,
27/05/2025 10:53:00,554.251,192.333,0,325.128,0.65,0,3.47824,5.98692,9.46516,49.9971,-2.98366,
27/05/2025 10:54:00,554.236,192.305,0,325.128,0.65,0,6.96715,9.71468,16.6818,49.989,-3.00532,
27/05/2025 10:55:00,554.25,192.319,0,325.128,0.65,0,4.98281,9.9219,14.9047,50.0141,-3.00532,
27/05/2025 10:56:00,554.279,192.324,0,324.41,0.65,0,4.47365,3.78942,8.26307,50.0084,-2.99829,
27/05/2025 10:57:00,554.272,192.296,0,324.41,0.65,0,4.22524,2.37604,6.60129,50.0084,-3.01226,
27/05/2025 10:58:00,554.242,192.283,0,324.889,0.65,0,2.84505,5.54734,8.39238,49.9998,-3.01226,
27/05/2025 10:59:00,554.234,192.285,0,325.128,0.65,0,2.10207,1.55387,3.65594,49.9591,-3.0192,
27/05/2025 11:00:00,554.26,192.283,0,325.367,0.65,0,2.6747,4.29042,6.96512,49.9917,-3.02615,
27/05/2025 11:01:00,554.281,192.274,0,325.367,0.65,0,2.19724,4.73472,6.93196,50.0169,-3.0331,
27/05/2025 11:02:00,554.263,192.275,0,325.367,0.65,0,3.97974,4.3487,8.32844,50.0055,-3.0331,
27/05/2025 11:03:00,554.245,192.274,0,325.128,0.65,0,2.74155,3.55698,6.29853,49.9862,-3.04005,
27/05/2025 11:04:00,554.265,192.274,0,324.889,0.65,0,3.3712,7.85841,11.2296,50.0055,-3.04005,
27/05/2025 11:05:00,554.226,192.256,0,324.17,0.65,0,3.7217,3.84677,7.56848,49.9455,-3.07485,
27/05/2025 11:06:00,554.124,192.252,0,325.128,0.65,0,7.14343,7.99765,15.1411,49.9536,-3.11671,
27/05/2025 11:07:00,554.169,192.259,0,325.128,0.65,0,9.24707,11.0101,20.2572,49.9536,-3.14467,
27/05/2025 11:08:00,554.271,192.251,0,325.607,0.65,0,7.73735,8.91856,16.6559,49.9781,-3.14467,
27/05/2025 11:09:00,554.266,192.251,0,325.367,0.65,0,8.50122,8.84673,17.348,49.9699,-3.13768,
27/05/2025 11:10:00,554.207,192.236,0,325.367,0.65,0,7.09856,8.27795,15.3765,50.0112,-3.11671,
27/05/2025 11:11:00,554.212,192.232,0,325.128,0.65,0,6.28146,10.8688,17.1503,49.9727,-3.0888,
27/05/2025 11:12:00,554.213,192.232,0,324.889,0.65,0,1.44875,2.23882,3.68757,50.0027,-3.05396,
27/05/2025 11:13:00,554.161,192.225,0,324.17,0.65,0,2.20424,4.59198,6.79621,49.9672,-3.0331,
27/05/2025 11:14:00,554.139,192.222,0,324.649,0.65,0,7.21571,8.52592,15.7416,50.0369,-3.0192,
27/05/2025 11:15:00,554.101,192.218,0,325.367,0.65,0,5.18021,4.02492,9.20513,49.9998,-3.01226,
27/05/2025 11:16:00,554.095,192.203,0,325.607,0.65,0,8.56291,9.06195,17.6248,50.0027,-3.00532,
27/05/2025 11:17:00,554.099,192.193,0,325.128,0.65,0,7.94236,7.71352,15.6559,50.0112,-3.00532,
27/05/2025 11:18:00,554.166,192.226,0,325.367,0.65,0,7.53896,6.20956,13.7485,50.0369,-2.97636,
27/05/2025 11:19:00,554.217,192.238,0,324.889,0.65,0,10.547,9.45736,20.0043,49.9835,-2.96175,
27/05/2025 11:20:00,554.261,192.25,0,324.889,0.65,0,5.48491,4.86853,10.3534,50.0283,-2.94716,
27/05/2025 11:21:00,554.191,192.232,0,324.41,0.65,0,3.71014,3.91569,7.62584,50.0397,-2.93986,
27/05/2025 11:22:00,554.093,192.206,0,324.649,0.65,0,6.64235,7.47432,14.1167,50.0084,-2.93986,
27/05/2025 11:23:00,554.09,192.212,0,325.128,0.65,0,7.71224,7.90168,15.6139,50.0027,-2.94716,
27/05/2025 11:24:00,554.087,192.205,0,325.607,0.65,0,10.5225,11.0531,21.5756,49.9971,-2.93986,
27/05/2025 11:25:00,554.09,192.227,0,325.367,0.65,0,8.27062,13.7128,21.9835,50.0397,-2.93986,
27/05/2025 11:26:00,554.102,192.234,0,325.128,0.65,0,7.69169,8.22202,15.9137,49.9672,-2.93257,
27/05/2025 11:27:00,554.141,192.262,0,325.128,0.65,0,6.3202,6.70879,13.029,50.034,-2.92528,
27/05/2025 11:28:00,554.211,192.258,0,324.41,0.65,0,8.45451,8.44588,16.9004,50.0084,-2.93257,
27/05/2025 11:29:00,554.125,192.238,0,324.41,0.65,0,9.34936,8.35075,17.7001,49.9862,-2.94716,
27/05/2025 11:30:00,554.09,192.199,0,324.649,0.65,0,11.7852,10.93,22.7152,50.0568,-2.95445,
27/05/2025 11:31:00,554.09,192.23,0,325.128,0.65,0,10.9317,5.51932,16.451,50.0169,-2.95445,
27/05/2025 11:32:00,554.09,192.236,0,325.367,0.65,0,8.19257,5.21182,13.4044,50.0141,-2.94716,
27/05/2025 11:33:00,554.09,192.246,0,325.367,0.65,0,5.38104,7.394,12.775,49.989,-2.95445,
27/05/2025 11:34:00,554.092,192.228,0,325.367,0.65,0,7.00442,6.87327,13.8777,49.9754,-2.94716,
27/05/2025 11:35:00,554.091,192.216,0,325.128,0.65,0,5.15841,3.43306,8.59145,50.0112,-2.94716,
27/05/2025 11:36:00,554.082,192.225,0,324.649,0.65,0,1.82241,4.43987,6.26227,50.0226,-2.96175,
27/05/2025 11:37:00,554.082,192.202,0,324.649,0.65,0,2.74482,-1.09355,1.65127,49.989,-2.96175,
27/05/2025 11:38:00,554.086,192.226,0,324.889,0.65,0,2.53481,4.95231,7.48712,50.0454,-2.94716,
27/05/2025 11:39:00,554.066,192.215,0,324.889,0.65,0,5.591,1.31419,6.90519,50.0027,-2.94716,
27/05/2025 11:40:00,554.076,192.23,0,325.128,0.65,0,3.33251,8.27511,11.6076,50.0255,-2.93986,
27/05/2025 11:41:00,554.063,192.22,0,324.889,0.65,0,6.46513,5.0245,11.4896,50.0426,-2.93986,
27/05/2025 11:42:00,554.016,192.22,0,325.128,0.65,0,7.46162,6.89895,14.3606,50.0283,-2.95445,
27/05/2025 11:43:00,554.075,192.222,0,325.128,0.65,0,4.27365,3.48099,7.75465,49.9944,-2.95445,
27/05/2025 11:44:00,554.093,192.259,0,324.649,0.65,0,2.5777,2.025,4.6027,49.9944,-2.95445,
27/05/2025 11:45:00,554.104,192.27,0,324.17,0.65,0,3.66437,3.65257,7.31695,49.9971,-2.94716,
27/05/2025 11:46:00,554.092,192.261,0,324.889,0.65,0,2.08379,3.52319,5.60698,50.0283,-2.93986,
27/05/2025 11:47:00,554.071,192.236,0,325.128,0.65,0,6.59309,6.0929,12.686,50.0682,-2.93257,
27/05/2025 11:48:00,554.08,192.237,0,325.367,0.65,0,8.78025,3.6876,12.4679,49.9998,-2.94716,
27/05/2025 11:49:00,554.022,192.22,0,325.367,0.65,0,7.99894,5.27921,13.2782,49.9917,-2.94716,
27/05/2025 11:50:00,553.913,192.215,0,325.607,0.65,0,7.94605,7.22971,15.1758,50.0055,-2.94716,
27/05/2025 11:51:00,554.04,192.255,0,325.128,0.65,0,5.9587,4.72059,10.6793,50.034,-2.93986,
27/05/2025 11:52:00,554.091,192.293,0,324.649,0.65,0,6.64007,8.74957,15.3896,49.9971,-2.93257,
27/05/2025 11:53:00,554.095,192.283,0,324.17,0.65,0,4.93237,5.24209,10.1745,50.0112,-2.92528,
27/05/2025 11:54:00,554.087,192.264,0,324.889,0.65,0,2.84747,3.64158,6.48905,50.0169,-2.93986,
27/05/2025 11:55:00,554.086,192.258,0,325.128,0.65,0,3.63058,2.25313,5.88372,49.9808,-2.94716,
27/05/2025 11:56:00,554.086,192.274,0,325.607,0.65,0,2.52481,3.68037,6.20518,50.0027,-2.95445,
27/05/2025 11:57:00,554.016,192.251,0,325.128,0.65,0,2.50726,2.66318,5.17045,50.0283,-2.93986,
27/05/2025 11:58:00,554.054,192.255,0,325.607,0.65,0,3.45568,4.04656,7.50223,50.054,-2.93986,
27/05/2025 11:59:00,554.065,192.264,0,325.128,0.65,0,5.15182,6.22878,11.3806,50.034,-2.95445,
27/05/2025 12:00:00,554.068,192.268,0,324.649,0.65,0,8.15436,11.9964,20.1507,49.9998,-2.95445,
27/05/2025 12:01:00,554.027,192.27,0,324.41,0.65,0,3.12039,5.46627,8.58666,50.0312,-2.95445,
27/05/2025 12:02:00,554.017,192.273,0,324.889,0.65,0,1.95737,3.84553,5.80289,50.0169,-2.96175,
27/05/2025 12:03:00,554.015,192.273,0,325.128,0.65,0,2.12771,3.0976,5.22531,49.9971,-2.95445,
27/05/2025 12:04:00,553.962,192.275,0,325.607,0.65,0,6.94728,4.1445,11.0918,50.0112,-2.94716,
27/05/2025 12:05:00,553.898,192.262,0,325.128,0.65,0,6.02235,6.46268,12.485,49.9835,-2.95445,
27/05/2025 12:06:00,553.98,192.285,0,325.367,0.65,0,5.79682,7.47223,13.269,50.0312,-2.94716,
27/05/2025 12:07:00,553.952,192.283,0,324.889,0.65,0,5.61449,5.43284,11.0473,50.0055,-2.96175,
27/05/2025 12:08:00,554.053,192.281,0,324.889,0.65,0,2.95741,2.57868,5.53609,49.9781,-2.97636,
27/05/2025 12:09:00,554.082,192.305,0,324.17,0.65,0,5.6737,5.98302,11.6567,50.0312,-2.96905,
27/05/2025 12:10:00,554.089,192.332,0,324.649,0.65,0,4.18591,5.56784,9.75376,49.9808,-2.96175,
27/05/2025 12:11:00,554.09,192.345,0,324.889,0.65,0,2.77497,1.96103,4.73599,49.9917,-2.96175,
27/05/2025 12:12:00,554.008,192.327,0,325.607,0.65,0,5.66911,2.34163,8.01074,49.9971,-2.95445,
27/05/2025 12:13:00,553.904,192.29,0,325.367,0.65,0,5.44219,8.61133,14.0535,50.0055,-2.96175,
27/05/2025 12:14:00,553.908,192.298,0,325.367,0.65,0,5.37036,5.75612,11.1265,49.989,-2.97636,
27/05/2025 12:15:00,553.971,192.306,0,324.889,0.65,0,3.38944,0.71119,4.10062,50.0169,-2.96905,
27/05/2025 12:16:00,554.02,192.329,0,324.649,0.65,0,2.42684,3.14631,5.57314,49.9971,-2.96175,
27/05/2025 12:17:00,554.041,192.354,0,324.41,0.65,0,4.81253,3.18395,7.99649,50.0283,-2.95445,
27/05/2025 12:18:00,554.033,192.348,0,324.649,0.65,0,6.0159,9.20886,15.2248,50.0312,-2.96175,
27/05/2025 12:19:00,553.935,192.318,0,325.128,0.65,0,4.36315,4.76383,9.12698,50.0226,-2.95445,
27/05/2025 12:20:00,553.905,192.307,0,325.607,0.65,0,7.64258,4.95711,12.5997,50.0084,-2.96175,
27/05/2025 12:21:00,553.923,192.322,0,325.128,0.65,0,4.8155,3.54311,8.35861,50.0397,-2.96175,
27/05/2025 12:22:00,553.907,192.335,0,325.128,0.65,0,10.9868,7.88377,18.8706,50.0055,-2.95445,
27/05/2025 12:23:00,553.897,192.317,0,325.128,0.65,0,12.0407,7.95253,19.9932,50.0454,-2.94716,
27/05/2025 12:24:00,553.882,192.309,0,324.649,0.65,0,10.1128,5.74681,15.8596,50.0027,-2.94716,
27/05/2025 12:25:00,553.895,192.326,0,324.41,0.65,0,3.9896,5.08223,9.07184,50.0454,-2.94716,
27/05/2025 12:26:00,553.896,192.33,0,324.889,0.65,0,9.01773,10.3561,19.3738,50.0055,-2.96175,
27/05/2025 12:27:00,553.874,192.308,0,325.128,0.65,0,6.27366,6.35814,12.6318,50.0511,-2.95445,
27/05/2025 12:28:00,553.818,192.306,0,325.607,0.65,0,5.10716,4.75242,9.85959,49.9917,-2.94716,
27/05/2025 12:29:00,553.846,192.326,0,325.128,0.65,0,4.12235,4.30676,8.42911,49.9917,-2.95445,
27/05/2025 12:30:00,553.838,192.325,0,325.367,0.65,0,7.2463,7.07028,14.3166,50.0198,-2.94716,
27/05/2025 12:31:00,553.868,192.342,0,325.128,0.65,0,7.325,5.84378,13.1688,49.9618,-2.96175,
27/05/2025 12:32:00,553.896,192.364,0,324.649,0.65,0,5.71185,8.68497,14.3968,50.0255,-2.96905,
27/05/2025 12:33:00,553.896,192.362,0,324.41,0.65,0,6.5966,9.25801,15.8546,49.9944,-2.96905,
27/05/2025 12:34:00,553.821,192.342,0,324.889,0.65,0,5.3532,5.93913,11.2923,50.054,-2.95445,
27/05/2025 12:35:00,553.764,192.328,0,325.128,0.65,0,4.78123,6.04582,10.827,50.0255,-2.96175,
27/05/2025 12:36:00,553.882,192.376,0,325.367,0.65,0,-1.16685,1.07485,-0.0919912,50.0084,-2.95445,
27/05/2025 12:37:00,553.896,192.386,0,325.128,0.65,0,-0.546397,0.769454,0.223058,50.034,-2.95445,
27/05/2025 12:38:00,553.887,192.372,0,325.367,0.65,0,3.40633,6.33347,9.73977,50.0226,-2.95445,
27/05/2025 12:39:00,553.847,192.359,0,325.128,0.65,0,12.9774,10.6059,23.5833,50.0027,-2.96175,
27/05/2025 12:40:00,553.871,192.375,0,324.649,0.65,0,12.7506,7.50814,20.2587,50.0226,-2.95445,
27/05/2025 12:41:00,553.875,192.377,0,324.41,0.65,0,10.0013,11.0533,21.0545,50.0084,-2.95445,
27/05/2025 12:42:00,553.785,192.365,0,324.889,0.65,0,6.38431,10.0098,16.3941,50.0055,-2.96175,
27/05/2025 12:43:00,553.718,192.335,0,325.367,0.65,0,7.50695,8.61284,16.1198,49.9998,-2.96175,
27/05/2025 12:44:00,553.716,192.357,0,325.367,0.65,0,5.32336,8.42253,13.7459,49.989,-2.96905,
27/05/2025 12:45:00,553.775,192.375,0,325.128,0.65,0,6.31769,5.5482,11.8659,50.0397,-2.96905,
27/05/2025 12:46:00,553.875,192.387,0,325.607,0.65,0,7.60253,9.86643,17.469,50.0112,-2.96175,
27/05/2025 12:47:00,553.889,192.386,0,325.128,0.65,0,5.19786,8.21375,13.4116,50.0226,-2.96175,
27/05/2025 12:48:00,553.882,192.392,0,324.649,0.65,0,6.02702,7.44847,13.4755,49.9971,-2.96175,
27/05/2025 12:49:00,553.893,192.387,0,324.17,0.65,0,7.06651,4.31856,11.385,50.0055,-2.96175,
27/05/2025 12:50:00,553.864,192.386,0,324.889,0.65,0,10.3504,7.01154,17.3619,50.0426,-2.96175,
27/05/2025 12:51:00,553.792,192.377,0,325.128,0.65,0,12.3783,10.8473,23.2256,50.0369,-2.95445,
27/05/2025 12:52:00,553.707,192.365,0,325.367,0.65,0,10.1065,6.68058,16.7871,49.9727,-2.95445,
27/05/2025 12:53:00,553.712,192.363,0,325.367,0.65,0,9.71989,8.20712,17.927,50.0084,-2.95445,
27/05/2025 12:54:00,553.803,192.377,0,325.367,0.65,0,11.7099,11.3864,23.0963,49.9944,-2.95445,
27/05/2025 12:55:00,553.764,192.385,0,325.128,0.65,0,16.3726,15.5027,31.8754,50.0169,-2.96905,
27/05/2025 12:56:00,553.778,192.383,0,324.649,0.65,0,12.1856,13.5882,25.7738,50.0141,-2.97636,
27/05/2025 12:57:00,553.821,192.381,0,324.649,0.65,0,7.88269,9.19684,17.0795,50.0283,-2.96175,
27/05/2025 12:58:00,553.79,192.398,0,324.649,0.65,0,5.31333,5.60723,10.9205,50.0169,-2.95445,
27/05/2025 12:59:00,553.887,192.43,0,325.128,0.65,0,2.92547,5.55092,8.47638,50.0226,-2.95445,
27/05/2025 13:00:00,553.89,192.426,0,325.367,0.65,0,6.10162,3.06678,9.1684,49.9645,-2.96175,
27/05/2025 13:01:00,553.855,192.409,0,325.128,0.65,0,5.54624,4.87543,10.4217,49.9971,-2.95445,
27/05/2025 13:02:00,553.802,192.409,0,325.367,0.65,0,5.86781,3.19488,9.06269,50.0141,-2.96175,
27/05/2025 13:03:00,553.779,192.398,0,324.889,0.65,0,10.2131,7.00203,17.2151,50.0226,-2.95445,
27/05/2025 13:04:00,553.705,192.393,0,324.41,0.65,0,8.47714,8.81179,17.2889,50.0027,-2.94716,
27/05/2025 13:05:00,553.703,192.389,0,324.41,0.65,0,7.3737,8.44012,15.8138,50.0369,-2.94716,
27/05/2025 13:06:00,553.798,192.423,0,324.889,0.65,0,4.39005,10.799,15.1891,50.0397,-2.94716,
27/05/2025 13:07:00,553.84,192.421,0,325.128,0.65,0,2.73361,6.62314,9.35676,50.0169,-2.95445,
27/05/2025 13:08:00,553.701,192.378,0,325.367,0.65,0,4.12848,4.33993,8.46843,49.9998,-2.96175,
27/05/2025 13:09:00,553.699,192.396,0,325.128,0.65,0,2.44237,6.05413,8.49649,50.0112,-2.94716,
27/05/2025 13:10:00,553.703,192.419,0,325.367,0.65,0,4.93207,4.4329,9.36498,50.0312,-2.94716,
27/05/2025 13:11:00,553.708,192.402,0,325.128,0.65,0,6.10324,8.66018,14.7634,50.0312,-2.95445,
27/05/2025 13:12:00,553.705,192.42,0,324.649,0.65,0,3.65769,6.89593,10.5536,50.0397,-2.96175,
27/05/2025 13:13:00,553.703,192.416,0,324.41,0.65,0,3.54314,2.2444,5.78754,49.9917,-2.95445,
27/05/2025 13:14:00,553.723,192.424,0,324.889,0.65,0,9.15105,2.6231,11.7741,50.0312,-2.94716,
27/05/2025 13:15:00,553.734,192.439,0,325.128,0.65,0,4.16214,10.4015,14.5636,50.0027,-2.94716,
27/05/2025 13:16:00,553.715,192.42,0,325.607,0.65,0,8.86765,6.38083,15.2485,50.0141,-2.94716,
27/05/2025 13:17:00,553.785,192.441,0,325.128,0.65,0,9.74258,9.18251,18.9251,49.9917,-2.94716,
27/05/2025 13:18:00,553.705,192.429,0,325.128,0.65,0,8.72644,7.51479,16.2412,50.0454,-2.95445,
27/05/2025 13:19:00,553.687,192.396,0,325.128,0.65,0,7.56183,7.72493,15.2868,50.0084,-2.95445,
27/05/2025 13:20:00,553.682,192.419,0,324.649,0.65,0,12.5737,5.87369,18.4474,50.0112,-2.95445,
27/05/2025 13:21:00,553.648,192.417,0,324.41,0.65,0,9.33222,8.86679,18.199,50.0226,-2.93986,
27/05/2025 13:22:00,553.681,192.419,0,324.889,0.65,0,4.59318,5.11855,9.71172,50.0283,-2.94716,
27/05/2025 13:23:00,553.703,192.449,0,325.128,0.65,0,4.78305,7.28488,12.0679,50.0141,-2.94716,
27/05/2025 13:24:00,553.692,192.431,0,325.607,0.65,0,3.88499,5.51549,9.40049,49.9944,-2.94716,
27/05/2025 13:25:00,553.629,192.415,0,325.367,0.65,0,5.35029,9.23468,14.585,50.0283,-2.95445,
27/05/2025 13:26:00,553.67,192.429,0,325.367,0.65,0,9.1898,12.2623,21.4521,50.0169,-2.95445,
27/05/2025 13:27:00,553.699,192.45,0,324.889,0.65,0,10.4431,6.74403,17.1872,50.0198,-2.93986,
27/05/2025 13:28:00,553.712,192.477,0,324.649,0.65,0,7.803,9.84261,17.6456,49.9754,-2.93986,
27/05/2025 13:29:00,553.682,192.468,0,324.41,0.65,0,9.4326,11.69,21.1226,50.0141,-2.94716,
27/05/2025 13:30:00,553.55,192.43,0,324.889,0.65,0,13.5422,12.2625,25.8047,50.0112,-2.94716,
27/05/2025 13:31:00,553.553,192.417,0,325.128,0.65,0,12.3946,9.90202,22.2966,50.0055,-2.95445,
27/05/2025 13:32:00,553.638,192.442,0,325.367,0.65,0,13.1888,13.7995,26.9883,50.0169,-2.96175,
27/05/2025 13:33:00,553.69,192.454,0,325.367,0.65,0,19.3025,9.44812,28.7506,50.0255,-2.94716,
27/05/2025 13:34:00,553.671,192.451,0,325.367,0.65,0,15.729,15.0447,30.7737,50.0027,-2.94716,
27/05/2025 13:35:00,553.534,192.443,0,325.128,0.65,0,7.28641,6.13309,13.4195,50.0198,-2.94716,
27/05/2025 13:36:00,553.537,192.444,0,324.649,0.65,0,5.84948,4.08131,9.9308,50.0426,-2.94716,
27/05/2025 13:37:00,553.623,192.467,0,324.17,0.65,0,5.37993,7.61765,12.9976,50.0198,-2.95445,
27/05/2025 13:38:00,553.532,192.439,0,324.889,0.65,0,1.86821,1.23786,3.10607,50.0226,-2.94716,
27/05/2025 13:39:00,553.513,192.428,0,325.607,0.65,0,2.70124,4.23259,6.93383,50.0169,-2.94716,
27/05/2025 13:40:00,553.513,192.444,0,325.367,0.65,0,4.30618,1.8246,6.13078,50.0084,-2.94716,
27/05/2025 13:41:00,553.51,192.439,0,325.128,0.65,0,3.26334,4.16893,7.43226,50.0255,-2.94716,
27/05/2025 13:42:00,553.503,192.423,0,325.607,0.65,0,6.82637,4.56861,11.395,50.0084,-2.94716,
27/05/2025 13:43:00,553.457,192.419,0,325.128,0.65,0,6.28318,6.13526,12.4184,50.0084,-2.95445,
27/05/2025 13:44:00,553.54,192.444,0,324.649,0.65,0,5.35759,5.43238,10.79,49.9754,-2.96905,
27/05/2025 13:45:00,553.679,192.49,0,324.41,0.65,0,11.2048,9.18302,20.3878,50.0112,-2.96175,
27/05/2025 13:46:00,553.588,192.479,0,324.649,0.65,0,9.69837,6.30301,16.0014,50.0084,-2.95445,
27/05/2025 13:47:00,553.508,192.448,0,325.367,0.65,0,6.22378,9.31556,15.5393,50.0141,-2.95445,
27/05/2025 13:48:00,553.498,192.44,0,325.607,0.65,0,15.2395,16.1039,31.3434,50.0226,-2.95445,
27/05/2025 13:49:00,553.5,192.437,0,325.128,0.65,0,12.9497,19.7829,32.7326,49.9944,-2.96175,
27/05/2025 13:50:00,553.517,192.473,0,325.367,0.65,0,9.83459,11.2978,21.1324,50.0255,-2.95445,
27/05/2025 13:51:00,553.55,192.479,0,325.128,0.65,0,5.26334,5.84938,11.1127,49.9998,-2.96175,
27/05/2025 13:52:00,553.51,192.462,0,324.649,0.65,0,2.05223,1.31733,3.36955,49.9971,-2.96175,
27/05/2025 13:53:00,553.504,192.459,0,324.41,0.65,0,1.87633,2.80423,4.68056,50.0055,-2.96175,
27/05/2025 13:54:00,553.508,192.46,0,324.649,0.65,0,1.26577,3.67878,4.94454,49.9699,-2.95445,
27/05/2025 13:55:00,553.506,192.461,0,325.128,0.65,0,2.43324,4.54314,6.97638,50.0255,-2.95445,
27/05/2025 13:56:00,553.515,192.471,0,325.367,0.65,0,1.87067,2.13834,4.00901,50.0255,-2.96175,
27/05/2025 13:57:00,553.538,192.494,0,325.367,0.65,0,0.760076,2.71671,3.47678,50.0141,-2.95445,
27/05/2025 13:58:00,553.509,192.485,0,325.367,0.65,0,5.44448,3.99362,9.4381,50.0283,-2.94716,
27/05/2025 13:59:00,553.506,192.475,0,324.889,0.65,0,4.25229,7.22773,11.48,50.0255,-2.94716,
27/05/2025 14:00:00,553.496,192.46,0,324.889,0.65,0,3.12021,6.97287,10.0931,50.0112,-2.94716,
27/05/2025 14:01:00,553.441,192.457,0,324.41,0.65,0,3.18261,6.51037,9.69297,49.989,-2.95445,
27/05/2025 14:02:00,553.329,192.431,0,324.649,0.65,0,6.76624,6.90973,13.676,50.0397,-2.95445,
27/05/2025 14:03:00,553.405,192.461,0,325.128,0.65,0,7.3772,10.3292,17.7064,50.0226,-2.95445,
27/05/2025 14:04:00,553.586,192.538,0,325.367,0.65,0,10.6964,9.49422,20.1906,50.0112,-2.94716,
27/05/2025 14:05:00,553.605,192.553,0,325.367,0.65,0,7.782,5.23197,13.014,49.9944,-2.93986,
27/05/2025 14:06:00,553.512,192.52,0,325.607,0.65,0,6.12845,5.38807,11.5165,50.0198,-2.94716,
27/05/2025 14:07:00,553.519,192.524,0,325.367,0.65,0,7.74746,7.35382,15.1013,50.0055,-2.94716,
27/05/2025 14:08:00,553.517,192.528,0,324.889,0.65,0,10.1954,8.20756,18.4029,50.0084,-2.95445,
27/05/2025 14:09:00,553.51,192.498,0,324.41,0.65,0,7.7315,7.14941,14.8809,49.9998,-2.95445,
27/05/2025 14:10:00,553.507,192.524,0,324.889,0.65,0,4.07274,6.51954,10.5923,50.0084,-2.95445,
27/05/2025 14:11:00,553.51,192.512,0,325.128,0.65,0,6.55462,9.17952,15.7342,49.9971,-2.95445,
27/05/2025 14:12:00,553.501,192.493,0,325.367,0.65,0,1.10138,1.09369,2.19508,50.0141,-2.94716,
27/05/2025 14:13:00,553.503,192.502,0,325.367,0.65,0,2.07306,4.50956,6.58263,50.034,-2.94716,
27/05/2025 14:14:00,553.506,192.535,0,325.128,0.65,0,0.0812875,0.70869,0.789973,49.9998,-2.95445,
27/05/2025 14:15:00,553.501,192.525,0,324.889,0.65,0,-1.69766,0.863746,-0.833908,50.0084,-2.95445,
27/05/2025 14:16:00,553.448,192.496,0,324.649,0.65,0,6.71775,6.8335,13.5512,50.0141,-2.95445,
27/05/2025 14:17:00,553.489,192.522,0,324.41,0.65,0,10.9636,4.21041,15.174,50.0426,-2.94716,
27/05/2025 14:18:00,553.515,192.57,0,324.889,0.65,0,7.77905,10.4813,18.2603,50.0055,-2.94716,
27/05/2025 14:19:00,553.594,192.563,0,325.128,0.65,0,0.965204,1.92156,2.88677,49.9917,-2.94716,
27/05/2025 14:20:00,553.677,192.598,0,325.607,0.65,0,-1.44219,-0.129268,-1.57145,50.0198,-2.94716,
27/05/2025 14:21:00,553.551,192.58,0,325.367,0.65,0,2.45193,4.10117,6.55309,50.0369,-2.95445,
27/05/2025 14:22:00,553.51,192.553,0,325.367,0.65,0,4.65877,8.65175,13.3105,50.0027,-2.95445,
27/05/2025 14:23:00,553.507,192.53,0,324.889,0.65,0,6.74832,7.30521,14.0535,49.9944,-2.95445,
27/05/2025 14:24:00,553.477,192.525,0,324.889,0.65,0,6.99111,1.76965,8.76077,50.0055,-2.94716,
27/05/2025 14:25:00,553.421,192.513,0,324.41,0.65,0,5.32833,8.44572,13.774,50.0112,-2.95445,
27/05/2025 14:26:00,553.478,192.52,0,324.649,0.65,0,0.363046,2.4627,2.82575,50.0141,-2.95445,
27/05/2025 14:27:00,553.49,192.533,0,325.367,0.65,0,1.33619,3.72592,5.06211,50.0255,-2.95445,
27/05/2025 14:28:00,553.415,192.529,0,325.846,0.65,0,2.30327,1.83242,4.13569,50.0226,-2.95445,
27/05/2025 14:29:00,553.466,192.547,0,325.128,0.65,0,-1.44565,-0.186662,-1.63232,50.0112,-2.96175,
27/05/2025 14:30:00,553.468,192.549,0,325.367,0.65,0,-0.0136687,4.14242,4.12876,49.9727,-2.96905,
27/05/2025 14:31:00,553.507,192.558,0,325.128,0.65,0,-1.56582,1.03303,-0.532788,49.9699,-2.96905,
27/05/2025 14:32:00,553.507,192.547,0,324.41,0.65,0,-1.84084,-0.214004,-2.05484,50.0283,-2.96905,
27/05/2025 14:33:00,553.49,192.558,0,324.17,0.65,0,-1.87825,0.0877866,-1.79047,49.9971,-2.96905,
27/05/2025 14:34:00,553.504,192.563,0,324.649,0.65,0,4.54505,3.88734,8.43239,50.0027,-2.96905,
27/05/2025 14:35:00,553.509,192.559,0,325.128,0.65,0,3.96072,4.81277,8.77349,49.9917,-2.96905,
27/05/2025 14:36:00,553.434,192.557,0,325.607,0.65,0,9.16776,5.86258,15.0303,50.0112,-2.96905,
27/05/2025 14:37:00,553.385,192.56,0,325.367,0.65,0,8.33675,10.3467,18.6835,50.0112,-2.96905,
27/05/2025 14:38:00,553.489,192.581,0,325.367,0.65,0,14.1518,5.08569,19.2375,49.9862,-2.96905,
27/05/2025 14:39:00,553.515,192.594,0,325.128,0.65,0,18.028,18.6739,36.7019,49.9971,-2.96905,
27/05/2025 14:40:00,553.501,192.574,0,324.649,0.65,0,18.0938,14.7764,32.8702,49.9971,-2.97636,
27/05/2025 14:41:00,553.513,192.587,0,324.41,0.65,0,11.1936,5.87395,17.0675,49.9917,-2.97636,
27/05/2025 14:42:00,553.51,192.591,0,325.128,0.65,0,4.91257,4.34759,9.26015,50.0141,-2.97636,
27/05/2025 14:43:00,553.507,192.576,0,325.128,0.65,0,-0.0711006,1.25329,1.18219,49.989,-2.97636,
27/05/2025 14:44:00,553.51,192.587,0,325.607,0.65,0,-1.44389,0.13663,-1.30726,49.9971,-2.96905,
27/05/2025 14:45:00,553.493,192.577,0,325.607,0.65,0,-1.85533,-0.193694,-2.04902,50.0198,-2.96905,
27/05/2025 14:46:00,553.475,192.565,0,325.128,0.65,0,-1.87035,-0.177959,-2.0483,50.0084,-2.96905,
27/05/2025 14:47:00,553.499,192.575,0,325.128,0.65,0,-1.89124,-0.151047,-2.04228,50.0369,-2.96175,
27/05/2025 14:48:00,553.511,192.599,0,324.649,0.65,0,-1.77713,-0.173795,-1.95092,49.9917,-2.96175,
27/05/2025 14:49:00,553.56,192.622,0,324.17,0.65,0,-1.78457,0.0592758,-1.72529,50.0226,-2.96905,
27/05/2025 14:50:00,553.52,192.594,0,324.889,0.65,0,-1.68689,0.988858,-0.698034,50.0169,-2.95445,
27/05/2025 14:51:00,553.502,192.596,0,324.889,0.65,0,6.42351,7.62149,14.045,50.0084,-2.96905,
27/05/2025 14:52:00,553.566,192.624,0,325.367,0.65,0,12.5985,12.9106,25.5091,50.0483,-2.96905,
27/05/2025 14:53:00,553.701,192.669,0,325.367,0.65,0,6.33286,4.89638,11.2292,49.9917,-2.96905,
27/05/2025 14:54:00,553.669,192.656,0,325.128,0.65,0,8.19091,8.24379,16.4347,50.0112,-2.96905,
27/05/2025 14:55:00,553.515,192.615,0,324.889,0.65,0,14.7808,7.25297,22.0338,50.0084,-2.96175,
27/05/2025 14:56:00,553.51,192.628,0,324.649,0.65,0,10.79,13.8598,24.6497,49.9645,-2.96905,
27/05/2025 14:57:00,553.565,192.638,0,324.17,0.65,0,19.2713,21.4425,40.7138,50.0084,-2.96175,
27/05/2025 14:58:00,553.69,192.65,0,324.649,0.65,0,7.19823,1.7745,8.97273,50.034,-2.96175,
27/05/2025 14:59:00,553.692,192.663,0,325.128,0.65,0,1.98731,2.74277,4.73007,50.0169,-2.95445,
27/05/2025 15:00:00,553.622,192.657,0,325.367,0.65,0,14.5857,14.9895,29.5753,50.0283,-2.95445,
27/05/2025 15:01:00,553.627,192.654,0,325.128,0.65,0,23.4322,25.7452,49.1775,50.0084,-2.95445,
27/05/2025 15:02:00,553.66,192.653,0,325.367,0.65,0,22.3416,24.7073,47.0489,50.0312,-2.95445,
27/05/2025 15:03:00,553.701,192.686,0,325.367,0.65,0,14.4763,17.8388,32.3151,49.9944,-2.96175,
27/05/2025 15:04:00,553.709,192.725,0,325.367,0.65,0,10.8624,2.95988,13.8223,49.9781,-2.95445,
27/05/2025 15:05:00,553.69,192.706,0,325.607,0.65,0,3.31069,4.90501,8.21571,50.0141,-2.96175,
27/05/2025 15:06:00,553.576,192.652,0,324.889,0.65,0,1.17538,3.17954,4.35492,50.0198,-2.96905,
27/05/2025 15:07:00,553.638,192.663,0,324.649,0.65,0,6.48999,4.11905,10.609,50.0084,-2.96175,
27/05/2025 15:08:00,553.7,192.707,0,324.649,0.65,0,4.14907,-0.16701,3.98206,49.9917,-2.96905,
27/05/2025 15:09:00,553.693,192.693,0,324.889,0.65,0,1.63317,-0.600882,1.03228,49.989,-2.96905,
27/05/2025 15:10:00,553.585,192.663,0,325.367,0.65,0,1.4991,-1.68794,-0.188855,49.9808,-2.96175,
27/05/2025 15:11:00,553.638,192.678,0,325.128,0.65,0,5.37615,5.11295,10.4891,50.0084,-2.96175,
27/05/2025 15:12:00,553.703,192.712,0,325.367,0.65,0,10.9188,7.79455,18.7134,50.0226,-2.96905,
27/05/2025 15:13:00,553.703,192.728,0,325.367,0.65,0,17.8218,15.8604,33.6822,50.0255,-2.97636,
27/05/2025 15:14:00,553.698,192.697,0,324.649,0.65,0,18.1798,9.56568,27.7455,50.0027,-2.99097,
27/05/2025 15:15:00,553.669,192.678,0,324.649,0.65,0,4.63855,3.92373,8.56228,50.0169,-2.98366,
27/05/2025 15:16:00,553.685,192.688,0,324.889,0.65,0,16.8547,30.1177,46.9724,49.9862,-2.99097,
27/05/2025 15:17:00,553.663,192.678,0,324.889,0.65,0,18.2412,23.036,41.2772,50.0112,-2.99829,
27/05/2025 15:18:00,553.657,192.679,0,325.367,0.65,0,12.5274,13.3041,25.8315,49.9944,-2.99097,
27/05/2025 15:19:00,553.695,192.671,0,325.128,0.65,0,13.8408,10.4759,24.3166,49.9917,-2.99097,
27/05/2025 15:20:00,553.697,192.692,0,325.367,0.65,0,12.9449,14.0293,26.9743,49.9998,-2.98366,
27/05/2025 15:21:00,553.732,192.722,0,325.128,0.65,0,15.1749,10.4027,25.5776,49.9835,-2.98366,
27/05/2025 15:22:00,553.863,192.742,0,324.889,0.65,0,16.8795,10.5104,27.3899,50.0027,-2.97636,
27/05/2025 15:23:00,553.761,192.71,0,324.41,0.65,0,11.5055,10.2931,21.7987,50.0027,-2.98366,
27/05/2025 15:24:00,553.706,192.704,0,324.649,0.65,0,7.38969,6.79201,14.1817,49.9808,-2.97636,
27/05/2025 15:25:00,553.706,192.734,0,325.128,0.65,0,8.02438,6.56139,14.5858,50.0027,-2.98366,
27/05/2025 15:26:00,553.719,192.709,0,325.367,0.65,0,10.0915,4.71487,14.8064,50.0226,-2.96905,
27/05/2025 15:27:00,553.829,192.755,0,325.128,0.65,0,4.13203,4.11005,8.24207,49.9944,-2.96905,
27/05/2025 15:28:00,553.905,192.803,0,325.367,0.65,0,1.48867,4.35092,5.83959,50.0198,-2.96905,
27/05/2025 15:29:00,553.897,192.791,0,325.367,0.65,0,6.14737,26.5564,32.7038,50.0198,-2.96175,
27/05/2025 15:30:00,553.871,192.77,0,324.889,0.65,0,11.492,11.3742,22.8662,50.0226,-2.96905,
27/05/2025 15:31:00,553.836,192.767,0,324.17,0.65,0,16.6336,10.3554,26.989,49.9971,-2.96905,
27/05/2025 15:32:00,553.887,192.782,0,324.649,0.65,0,11.1224,14.1058,25.2282,50.0112,-2.96905,
27/05/2025 15:33:00,553.853,192.764,0,325.128,0.65,0,6.28669,7.10843,13.3951,49.9727,-2.96175,
27/05/2025 15:34:00,553.89,192.77,0,325.367,0.65,0,1.93412,5.13719,7.07132,49.9998,-2.96175,
27/05/2025 15:35:00,553.896,192.782,0,325.128,0.65,0,8.61454,4.77135,13.3859,50.0625,-2.94716,
27/05/2025 15:36:00,553.924,192.801,0,325.367,0.65,0,15.6337,5.81064,21.4443,50.0198,-2.94716,
27/05/2025 15:37:00,554.006,192.834,0,325.128,0.65,0,20.839,7.22166,28.0606,49.9808,-2.95445,
27/05/2025 15:38:00,553.942,192.832,0,324.649,0.65,0,16.5086,15.4603,31.969,50.0283,-2.95445,
27/05/2025 15:39:00,553.897,192.807,0,324.41,0.65,0,24.9892,21.044,46.0332,50.0027,-2.96175,
27/05/2025 15:40:00,553.893,192.788,0,324.649,0.65,0,31.8158,31.9638,63.7797,50.0141,-2.96175,
27/05/2025 15:41:00,553.905,192.812,0,324.889,0.65,0,30.4474,18.799,49.2464,49.989,-2.96905,
27/05/2025 15:42:00,554.043,192.836,0,325.367,0.65,0,43.8596,25.8595,69.7191,49.9835,-2.96905,
27/05/2025 15:43:00,554.082,192.842,0,325.607,0.65,0,49.8879,29.201,79.0889,50.0255,-2.96905,
27/05/2025 15:44:00,554.01,192.833,0,325.367,0.65,0,57.1329,30.4329,87.5659,50.0141,-2.96905,
27/05/2025 15:45:00,553.92,192.832,0,325.128,0.65,0,86.3108,39.8974,126.208,50.0055,-2.96905,
27/05/2025 15:46:00,553.903,192.826,0,324.889,0.65,0,88.2625,40.4366,128.699,50.0198,-2.96905,
27/05/2025 15:47:00,553.897,192.815,0,324.649,0.65,0,106.583,37.7242,144.307,50.0141,-2.96905,
27/05/2025 15:48:00,553.899,192.807,0,324.889,0.65,0,73.7439,31.7695,105.513,50.0055,-2.96905,
27/05/2025 15:49:00,553.979,192.828,0,324.649,0.65,0,68.6834,30.9768,99.6603,50.0283,-2.96175,
27/05/2025 15:50:00,554.032,192.831,0,325.367,0.65,0,74.5383,37.1717,111.71,50.0084,-2.96175,
27/05/2025 15:51:00,553.909,192.826,0,325.367,0.65,0,58.939,32.7136,91.6526,50.0112,-2.96175,
27/05/2025 15:52:00,553.929,192.827,0,325.367,0.65,0,65.5248,36.1632,101.688,49.9944,-2.97636,
27/05/2025 15:53:00,554.037,192.837,0,325.607,0.65,0,54.8065,40.742,95.5486,50.0255,-2.96175,
27/05/2025 15:54:00,554.074,192.845,0,324.649,0.65,0,55.8464,36.2969,92.1433,49.989,-2.96905,
27/05/2025 15:55:00,553.919,192.801,0,324.41,0.65,0,73.4139,45.1399,118.554,50.0283,-2.96905,
27/05/2025 15:56:00,553.893,192.782,0,324.889,0.65,0,89.6022,39.1387,128.741,50.0312,-2.97636,
27/05/2025 15:57:00,553.896,192.803,0,324.889,0.65,0,98.185,39.6489,137.834,49.9754,-2.97636,
27/05/2025 15:58:00,553.912,192.821,0,325.128,0.65,0,88.0565,44.0365,132.093,50.0198,-2.96905,
27/05/2025 15:59:00,554.068,192.842,0,325.128,0.65,0,70.6525,37.0876,107.74,49.9917,-2.96905,
27/05/2025 16:00:00,554.09,192.868,0,325.367,0.65,0,69.5796,42.9207,112.501,50.0055,-2.97636,
27/05/2025 16:01:00,553.995,192.849,0,325.367,0.65,0,63.7201,36.8641,100.584,49.9998,-2.97636,
27/05/2025 16:02:00,553.95,192.834,0,324.889,0.65,0,65.4479,40.1427,105.591,49.989,-2.98366,
27/05/2025 16:03:00,554.048,192.85,0,324.41,0.65,0,58.0883,34.418,92.5063,49.9808,-2.97636,
27/05/2025 16:04:00,554.087,192.859,0,324.889,0.65,0,58.7609,33.575,92.336,50.0112,-2.96905,
27/05/2025 16:05:00,554.087,192.861,0,324.889,0.65,0,50.1595,32.3977,82.5572,50.0084,-2.97636,
27/05/2025 16:06:00,554.061,192.847,0,325.128,0.65,0,56.6472,32.5499,89.197,50.0255,-2.96905,
27/05/2025 16:07:00,554.061,192.84,0,325.367,0.65,0,60.9766,35.5401,96.5166,50.0226,-2.96905,
27/05/2025 16:08:00,554.091,192.865,0,325.367,0.65,0,59.358,36.6808,96.0388,49.9998,-2.96905,
27/05/2025 16:09:00,554.091,192.879,0,325.367,0.65,0,64.4047,37.387,101.792,50.0055,-2.96175,
27/05/2025 16:10:00,553.967,192.845,0,324.889,0.65,0,61.472,35.717,97.1891,49.9944,-2.96905,
27/05/2025 16:11:00,553.905,192.841,0,324.649,0.65,0,63.8179,30.5213,94.3394,50.0169,-2.96175,
27/05/2025 16:12:00,554.017,192.845,0,324.649,0.65,0,83.2002,46.3242,129.524,49.9862,-2.96905,
27/05/2025 16:13:00,554.089,192.867,0,324.889,0.65,0,72.3118,41.704,114.016,49.9971,-2.96175,
27/05/2025 16:14:00,554.13,192.892,0,325.367,0.65,0,73.679,39.5016,113.181,49.9754,-2.96175,
27/05/2025 16:15:00,554.094,192.861,0,324.889,0.65,0,69.6819,39.6021,109.284,49.9754,-2.96905,
27/05/2025 16:16:00,554.09,192.857,0,325.367,0.65,0,85.7985,40.9427,126.741,50.0169,-2.96175,
27/05/2025 16:17:00,554.119,192.886,0,325.128,0.65,0,119.735,51.2764,171.012,50.0084,-2.96175,
27/05/2025 16:18:00,554.167,192.898,0,325.128,0.65,0,136.558,45.534,182.092,50.0055,-2.95445,
27/05/2025 16:19:00,554.131,192.892,0,324.41,0.65,0,121.367,49.9997,171.366,49.9781,-2.96175,
27/05/2025 16:20:00,554.087,192.858,0,324.649,0.65,0,99.6099,39.2609,138.871,50.034,-2.96175,
27/05/2025 16:21:00,544.857,189.677,0,325.128,0.639167,0,72.0443,40.9003,112.945,50.0055,-2.96175,
27/05/2025 16:22:00,554.164,192.928,0,325.607,0.65,0,77.2321,47.6688,124.901,50.0369,-2.96175,
27/05/2025 16:23:00,554.236,192.939,0,325.128,0.65,0,89.0798,46.8765,135.956,50.0141,-2.95445,
27/05/2025 16:24:00,554.217,192.946,0,325.367,0.65,0,110.963,50.1852,161.148,50.0055,-2.96905,
27/05/2025 16:25:00,554.141,192.944,0,325.367,0.65,0,128.594,48.5195,177.113,50.0141,-2.96905,
27/05/2025 16:26:00,554.095,192.935,0,324.649,0.65,0,111.273,46.4829,157.756,50.0112,-2.96905,
27/05/2025 16:27:00,554.228,192.95,0,324.41,0.65,0,91.0688,40.6625,131.731,49.9917,-2.98366,
27/05/2025 16:28:00,554.242,192.946,0,324.889,0.65,0,87.4942,44.1207,131.615,50.0141,-2.98366,
27/05/2025 16:29:00,554.106,192.929,0,324.889,0.65,0,68.2608,39.5556,107.817,50.0084,-2.98366,
27/05/2025 16:30:00,554.071,192.887,0,325.367,0.65,0,57.3684,36.6039,93.9723,49.9917,-2.99097,
27/05/2025 16:31:00,554.137,192.934,0,325.128,0.65,0,50.795,47.4732,98.2683,49.9808,-2.98366,
27/05/2025 16:32:00,554.278,192.979,0,325.367,0.65,0,67.3712,35.4573,102.828,50.0198,-2.99097,
27/05/2025 16:33:00,554.258,192.975,0,325.367,0.65,0,81.9049,41.3525,123.257,50.0027,-2.99097,
27/05/2025 16:34:00,554.222,192.954,0,324.889,0.65,0,80.0207,41.6459,121.667,49.9862,-3.00532,
27/05/2025 16:35:00,554.279,192.955,0,324.649,0.65,0,78.3413,43.9602,122.302,49.9781,-3.0192,
27/05/2025 16:36:00,554.283,192.995,0,324.41,0.65,0,81.2954,42.0152,123.311,49.9672,-3.04701,
27/05/2025 16:37:00,554.267,192.981,0,324.889,0.65,0,84.0316,39.9383,123.97,49.9319,-3.07485,
27/05/2025 16:38:00,544.893,189.662,0,325.128,0.639167,0,85.7696,46.2982,132.068,49.9781,-3.07485,
27/05/2025 16:39:00,554.111,192.875,0,325.128,0.65,0,74.7726,42.7153,117.488,49.9998,-3.08182,
27/05/2025 16:40:00,554.253,192.936,0,325.607,0.65,0,79.4743,42.2806,121.755,49.9944,-3.08182,
27/05/2025 16:41:00,554.279,192.956,0,325.367,0.65,0,90.4447,43.9685,134.413,49.9944,-3.10275,
27/05/2025 16:42:00,554.34,192.965,0,324.889,0.65,0,58.9137,38.6179,97.5315,49.9754,-3.10973,
27/05/2025 16:43:00,554.303,192.967,0,324.649,0.65,0,48.6772,36.2932,84.9704,49.9591,-3.0888,
27/05/2025 16:44:00,554.257,192.926,0,324.41,0.65,0,59.3398,37.3394,96.6792,50.0141,-3.06789,
27/05/2025 16:45:00,554.103,192.868,0,324.889,0.65,0,65.7882,44.5902,110.378,49.9536,-3.08182,
27/05/2025 16:46:00,554.094,192.851,0,325.367,0.65,0,72.1075,41.1379,113.245,49.9808,-3.0888,
27/05/2025 16:47:00,554.216,192.883,0,324.889,0.65,0,63.0218,43.1653,106.187,49.9944,-3.0888,
27/05/2025 16:48:00,554.281,192.913,0,325.367,0.65,0,57.7559,47.5291,105.285,49.9917,-3.0888,
27/05/2025 16:49:00,554.281,192.921,0,325.367,0.65,0,51.3177,38.3442,89.6619,49.9699,-3.07485,
27/05/2025 16:50:00,554.28,192.909,0,324.889,0.65,0,44.9403,34.0486,78.9889,49.9781,-3.06789,
27/05/2025 16:51:00,554.284,192.92,0,324.17,0.65,0,48.8198,39.9793,88.799,49.9944,-3.06789,
27/05/2025 16:52:00,554.29,192.933,0,325.128,0.65,0,35.8259,32.8576,68.6835,49.989,-3.08182,
27/05/2025 16:53:00,554.281,192.905,0,325.128,0.65,0,34.9772,28.3006,63.2778,50.0055,-3.08182,
27/05/2025 16:54:00,554.24,192.872,0,325.128,0.65,0,44.0613,29.457,73.5183,49.9727,-3.07485,
27/05/2025 16:55:00,554.147,192.848,0,325.128,0.65,0,52.9772,35.6924,88.6697,50.0027,-3.04701,
27/05/2025 16:56:00,554.178,192.861,0,325.128,0.65,0,70.1549,39.879,110.034,49.9428,-3.05396,
27/05/2025 16:57:00,554.28,192.914,0,325.367,0.65,0,119.909,48.758,168.667,49.9862,-3.06789,
27/05/2025 16:58:00,554.298,192.942,0,324.889,0.65,0,176.303,50.7258,227.029,49.9618,-3.07485,
27/05/2025 16:59:00,554.311,192.94,0,324.41,0.65,0,181.956,50.276,232.232,49.989,-3.06093,
27/05/2025 17:00:00,554.289,192.916,0,324.649,0.65,0,145.475,49.0851,194.561,49.9971,-3.05396,
27/05/2025 17:01:00,554.283,192.895,0,325.367,0.65,0,94.1598,40.6683,134.828,50.0198,-3.04701,
27/05/2025 17:02:00,554.279,192.888,0,325.607,0.65,0,60.3708,38.8472,99.2181,49.9862,-3.04701,
27/05/2025 17:03:00,554.264,192.873,0,324.889,0.65,0,47.9053,34.8876,82.7929,49.9917,-3.05396,
27/05/2025 17:04:00,554.295,192.896,0,325.367,0.65,0,38.3743,32.1493,70.5236,50.0169,-3.04701,
27/05/2025 17:05:00,554.289,192.894,0,325.367,0.65,0,45.9324,35.7148,81.6472,49.9944,-3.0331,
27/05/2025 17:06:00,554.287,192.868,0,324.41,0.65,0,73.142,45.0407,118.183,50.0198,-3.02615,
27/05/2025 17:07:00,554.283,192.867,0,324.41,0.65,0,71.7499,44.1984,115.948,49.9781,-3.04005,
27/05/2025 17:08:00,554.285,192.867,0,324.649,0.65,0,61.4211,38.5267,99.9478,50.0027,-3.04701,
27/05/2025 17:09:00,554.449,192.902,0,325.128,0.65,0,60.8883,42.9325,103.821,49.9944,-3.06093,
27/05/2025 17:10:00,554.474,192.912,0,325.367,0.65,0,62.6575,39.2733,101.931,49.9781,-3.04701,
27/05/2025 17:11:00,554.333,192.835,0,325.128,0.65,0,84.4049,43.6236,128.029,50.0112,-3.0331,
27/05/2025 17:12:00,554.27,192.823,0,325.607,0.65,0,83.9608,47.9099,131.871,50.0312,-3.02615,
27/05/2025 17:13:00,554.304,192.835,0,325.367,0.65,0,74.7301,45.3647,120.095,49.9917,-3.0192,
27/05/2025 17:14:00,554.43,192.875,0,324.649,0.65,0,62.1421,44.2406,106.383,49.9835,-3.02615,
27/05/2025 17:15:00,554.379,192.845,0,324.41,0.65,0,62.2707,41.4517,103.722,49.9862,-3.0331,
27/05/2025 17:16:00,554.284,192.809,0,324.649,0.65,0,60.2103,43.2283,103.438,50.0084,-3.04005,
27/05/2025 17:17:00,554.328,192.827,0,324.889,0.65,0,66.0966,50.0588,116.156,50.0112,-3.04005,
27/05/2025 17:18:00,554.46,192.871,0,325.128,0.65,0,77.7749,44.3257,122.101,49.9917,-3.0331,
27/05/2025 17:19:00,554.469,192.863,0,325.128,0.65,0,67.4151,52.769,120.184,49.9754,-3.04005,
27/05/2025 17:20:00,554.381,192.843,0,325.128,0.65,0,59.86,48.8714,108.731,49.9727,-3.05396,
27/05/2025 17:21:00,554.242,192.787,0,325.367,0.65,0,103.63,44.4204,148.05,50.0027,-3.06093,
27/05/2025 17:22:00,554.138,192.764,0,324.649,0.65,0,81.7107,45.1592,126.87,49.9944,-3.06093,
27/05/2025 17:23:00,554.255,192.771,0,324.41,0.65,0,72.5568,43.3197,115.876,49.9917,-3.04701,
27/05/2025 17:24:00,554.391,192.822,0,324.649,0.65,0,62.3236,48.5146,110.838,49.9971,-3.04701,
27/05/2025 17:25:00,554.475,192.839,0,325.128,0.65,0,52.5072,39.6291,92.1363,49.9754,-3.04701,
27/05/2025 17:26:00,554.468,192.838,0,325.128,0.65,0,71.1735,40.3618,111.535,49.9754,-3.05396,
27/05/2025 17:27:00,554.464,192.809,0,325.367,0.65,0,91.5002,38.9153,130.416,49.9998,-3.05396,
27/05/2025 17:28:00,554.469,192.808,0,325.367,0.65,0,98.0477,45.5351,143.583,50.0055,-3.04701,
27/05/2025 17:29:00,554.356,192.787,0,325.128,0.65,0,98.4867,45.4539,143.94,49.9699,-3.04005,
27/05/2025 17:30:00,554.283,192.758,0,325.128,0.65,0,98.825,51.6737,150.499,49.9319,-3.05396,
27/05/2025 17:31:00,554.3,192.788,0,324.17,0.65,0,100.136,49.6888,149.825,49.9944,-3.05396,
27/05/2025 17:32:00,554.338,192.782,0,324.889,0.65,0,97.3007,52.2331,149.534,49.9917,-3.05396,
27/05/2025 17:33:00,554.456,192.808,0,324.889,0.65,0,103.679,47.3833,151.062,49.9862,-3.04701,
27/05/2025 17:34:00,554.475,192.821,0,325.607,0.65,0,79.0279,44.974,124.002,49.9862,-3.04005,
27/05/2025 17:35:00,554.453,192.8,0,325.367,0.65,0,74.3733,42.9973,117.37,49.9835,-3.04005,
27/05/2025 17:36:00,554.412,192.777,0,325.128,0.65,0,73.795,46.0225,119.817,50.0141,-3.04701,
27/05/2025 17:37:00,554.456,192.796,0,325.367,0.65,0,69.5961,42.6898,112.286,49.9944,-3.05396,
27/05/2025 17:38:00,554.463,192.821,0,324.889,0.65,0,78.9712,49.6543,128.625,49.9808,-3.05396,
27/05/2025 17:39:00,554.526,192.844,0,324.41,0.65,0,70.1268,40.0349,110.162,50.0169,-3.04701,
27/05/2025 17:40:00,554.487,192.807,0,324.649,0.65,0,47.4672,39.4234,86.8906,50.0369,-3.0331,
27/05/2025 17:41:00,554.354,192.772,0,324.889,0.65,0,29.2729,38.9415,68.2144,49.9998,-3.05396,
27/05/2025 17:42:00,554.292,192.758,0,325.367,0.65,0,44.0023,47.1961,91.1984,49.9727,-3.06093,
27/05/2025 17:43:00,554.466,192.781,0,325.128,0.65,0,36.8046,38.293,75.0975,49.94,-3.06093,
27/05/2025 17:44:00,554.514,192.811,0,325.607,0.65,0,31.7934,38.8674,70.6608,50.0055,-3.04701,
27/05/2025 17:45:00,554.476,192.796,0,325.367,0.65,0,45.6233,41.5761,87.1994,50.0198,-3.04005,
27/05/2025 17:46:00,554.384,192.758,0,325.128,0.65,0,56.6215,43.6757,100.297,49.9808,-3.04701,
27/05/2025 17:47:00,554.388,192.763,0,324.41,0.65,0,65.7522,43.5004,109.253,50.0027,-3.04701,
27/05/2025 17:48:00,554.483,192.781,0,324.889,0.65,0,57.6105,44.9115,102.522,49.9645,-3.04701,
27/05/2025 17:49:00,554.52,192.789,0,325.128,0.65,0,56.4947,48.1834,104.678,50.0255,-3.04701,
27/05/2025 17:50:00,554.55,192.804,0,325.128,0.65,0,44.7276,40.2915,85.019,49.9971,-3.04005,
27/05/2025 17:51:00,554.484,192.762,0,325.128,0.65,0,36.7218,42.2611,78.983,49.9618,-3.0331,
27/05/2025 17:52:00,554.471,192.769,0,325.367,0.65,0,42.7784,43.2671,86.0455,49.9944,-3.04701,
27/05/2025 17:53:00,554.478,192.778,0,325.128,0.65,0,43.7883,35.4356,79.2239,49.9971,-3.05396,
27/05/2025 17:54:00,554.478,192.753,0,324.889,0.65,0,49.9431,44.1232,94.0663,50.0283,-3.05396,
27/05/2025 17:55:00,554.477,192.751,0,324.649,0.65,0,43.6771,43.1282,86.8053,49.9835,-3.04701,
27/05/2025 17:56:00,554.477,192.746,0,324.649,0.65,0,56.5881,46.8699,103.458,49.9699,-3.0331,
27/05/2025 17:57:00,554.475,192.746,0,325.128,0.65,0,54.2876,39.4203,93.708,49.9727,-3.04005,
27/05/2025 17:58:00,554.458,192.736,0,325.367,0.65,0,42.4497,42.0358,84.4855,49.9645,-3.05396,
27/05/2025 17:59:00,554.474,192.744,0,325.128,0.65,0,32.0117,41.2071,73.2188,49.9944,-3.06093,
27/05/2025 18:00:00,554.479,192.749,0,325.128,0.65,0,27.0855,44.4399,71.5254,49.9917,-3.06093,
27/05/2025 18:01:00,554.491,192.75,0,325.128,0.65,0,49.3083,42.5268,91.8351,49.9998,-3.05396,
27/05/2025 18:02:00,554.493,192.762,0,324.889,0.65,0,77.6096,45.899,123.508,49.9998,-3.04701,
27/05/2025 18:03:00,554.472,192.74,0,324.41,0.65,0,72.1812,45.9921,118.173,49.9944,-3.04701,
27/05/2025 18:04:00,554.46,192.721,0,324.649,0.65,0,58.561,54.6864,113.248,49.9781,-3.05396,
27/05/2025 18:05:00,554.431,192.698,0,325.128,0.65,0,41.2754,44.6847,85.96,49.9428,-3.05396,
27/05/2025 18:06:00,554.413,192.677,0,324.889,0.65,0,20.9783,30.5349,51.5132,50.0055,-3.04701,
27/05/2025 18:07:00,554.471,192.702,0,324.889,0.65,0,18.2998,23.6451,41.9449,49.9672,-3.04701,
27/05/2025 18:08:00,554.482,192.723,0,325.367,0.65,0,11.3938,20.9141,32.308,49.9727,-3.04701,
27/05/2025 18:09:00,554.48,192.72,0,325.367,0.65,0,16.1986,20.2059,36.4045,49.9944,-3.05396,
27/05/2025 18:10:00,554.469,192.702,0,324.889,0.65,0,69.761,44.3474,114.108,49.9781,-3.06093,
27/05/2025 18:11:00,554.43,192.671,0,324.41,0.65,0,88.1421,53.8458,141.988,50.0112,-3.06093,
27/05/2025 18:12:00,554.41,192.65,0,324.649,0.65,0,22.7327,32.1741,54.9068,50.0055,-3.04701,
27/05/2025 18:13:00,554.427,192.662,0,324.889,0.65,0,17.9269,24.8496,42.7765,50.0283,-3.04005,
27/05/2025 18:14:00,554.472,192.688,0,324.649,0.65,0,8.82613,27.8288,36.655,49.9781,-3.04701,
27/05/2025 18:15:00,554.476,192.681,0,325.128,0.65,0,11.2156,24.3049,35.5205,49.9754,-3.04005,
27/05/2025 18:16:00,554.476,192.681,0,325.367,0.65,0,17.2264,31.7314,48.9578,49.9672,-3.04701,
27/05/2025 18:17:00,554.473,192.68,0,325.128,0.65,0,29.806,38.5873,68.3933,49.9564,-3.04005,
27/05/2025 18:18:00,554.476,192.678,0,324.889,0.65,0,59.0674,43.753,102.82,50.0027,-3.0331,
27/05/2025 18:19:00,554.47,192.65,0,324.41,0.65,0,50.606,45.7597,96.3657,50.0226,-3.02615,
27/05/2025 18:20:00,554.475,192.653,0,324.649,0.65,0,66.9806,52.4753,119.456,50.0169,-3.04005,
27/05/2025 18:21:00,554.476,192.674,0,324.649,0.65,0,59.0775,52.504,111.582,49.9998,-3.04701,
27/05/2025 18:22:00,554.476,192.66,0,325.367,0.65,0,42.9744,45.5811,88.5555,49.9917,-3.05396,
27/05/2025 18:23:00,554.476,192.67,0,324.649,0.65,0,33.2243,43.036,76.2604,50.0397,-3.04005,
27/05/2025 18:24:00,554.476,192.67,0,325.367,0.65,0,13.9331,35.6435,49.5766,50.0027,-3.0331,
27/05/2025 18:25:00,554.469,192.641,0,325.367,0.65,0,12.9203,35.0833,48.0036,49.9808,-3.0331,
27/05/2025 18:26:00,554.353,192.629,0,324.649,0.65,0,17.8393,41.389,59.2283,49.9645,-3.04005,
27/05/2025 18:27:00,554.323,192.616,0,324.17,0.65,0,14.2309,39.1037,53.3346,49.9754,-3.04005,
27/05/2025 18:28:00,554.344,192.631,0,324.649,0.65,0,19.5323,38.0422,57.5746,50.0198,-3.04005,
27/05/2025 18:29:00,554.381,192.625,0,325.128,0.65,0,14.9775,37.83,52.8075,49.9971,-3.04005,
27/05/2025 18:30:00,554.441,192.627,0,324.41,0.65,0,17.5488,36.4954,54.0443,50.0055,-3.04005,
27/05/2025 18:31:00,554.469,192.64,0,325.128,0.65,0,41.417,37.8764,79.2933,49.9699,-3.04005,
27/05/2025 18:32:00,554.487,192.646,0,325.128,0.65,0,87.7865,48.4044,136.191,49.9591,-3.06093,
27/05/2025 18:33:00,554.488,192.649,0,325.128,0.65,0,82.3582,47.8821,130.24,49.9455,-3.08182,
27/05/2025 18:34:00,554.473,192.636,0,324.889,0.65,0,71.3499,48.5555,119.905,49.9672,-3.0888,
27/05/2025 18:35:00,554.463,192.614,0,324.649,0.65,0,75.8673,46.7818,122.649,49.989,-3.08182,
27/05/2025 18:36:00,554.474,192.603,0,324.889,0.65,0,64.3756,49.0187,113.395,49.9862,-3.07485,
27/05/2025 18:37:00,554.467,192.599,0,324.649,0.65,0,51.5153,49.181,100.696,49.9998,-3.07485,
27/05/2025 18:38:00,554.476,192.599,0,325.367,0.65,0,52.138,54.9601,107.098,49.9781,-3.07485,
27/05/2025 18:39:00,554.49,192.606,0,324.889,0.65,0,92.9189,47.5074,140.426,49.989,-3.08182,
27/05/2025 18:40:00,554.489,192.599,0,325.367,0.65,0,93.9983,50.9007,144.899,49.9944,-3.08182,
27/05/2025 18:41:00,554.482,192.584,0,325.128,0.65,0,99.0191,50.8547,149.874,49.9862,-3.07485,
27/05/2025 18:42:00,554.477,192.577,0,325.367,0.65,0,105.532,48.4593,153.991,49.989,-3.07485,
27/05/2025 18:43:00,554.477,192.576,0,325.367,0.65,0,105.716,48.1381,153.854,49.9536,-3.07485,
27/05/2025 18:44:00,554.483,192.584,0,324.889,0.65,0,86.2312,50.9208,137.152,49.9998,-3.06789,
27/05/2025 18:45:00,554.478,192.597,0,324.649,0.65,0,49.9888,46.2316,96.2204,49.9672,-3.07485,
27/05/2025 18:46:00,554.479,192.582,0,324.41,0.65,0,35.2119,44.7865,79.9984,50.0112,-3.06789,
27/05/2025 18:47:00,554.479,192.575,0,325.128,0.65,0,72.6879,44.6961,117.384,49.9998,-3.05396,
27/05/2025 18:48:00,554.494,192.577,0,324.889,0.65,0,77.2398,51.5799,128.82,49.9727,-3.04701,
27/05/2025 18:49:00,554.534,192.574,0,325.367,0.65,0,76.2812,47.725,124.006,49.9835,-3.05396,
27/05/2025 18:50:00,554.518,192.577,0,325.367,0.65,0,91.9289,49.0113,140.94,49.9699,-3.05396,
27/05/2025 18:51:00,554.477,192.565,0,325.367,0.65,0,73.283,56.9223,130.205,50.0198,-3.05396,
27/05/2025 18:52:00,554.479,192.558,0,324.889,0.65,0,38.806,52.0315,90.8374,49.9944,-3.04701,
27/05/2025 18:53:00,554.595,192.57,0,324.649,0.65,0,63.9539,40.796,104.75,49.9944,-3.04005,
27/05/2025 18:54:00,554.654,192.6,0,324.649,0.65,0,32.8082,53.822,86.6301,50.0027,-3.02615,
27/05/2025 18:55:00,554.615,192.603,0,324.889,0.65,0,31.564,43.3002,74.8642,49.9754,-3.04005,
27/05/2025 18:56:00,554.505,192.572,0,325.128,0.65,0,18.5532,44.0714,62.6245,49.9808,-3.04005,
27/05/2025 18:57:00,554.502,192.568,0,325.367,0.65,0,25.8123,34.7711,60.5834,49.9509,-3.0331,
27/05/2025 18:58:00,554.629,192.582,0,325.367,0.65,0,48.0716,45.0372,93.1089,50.0055,-3.0192,
27/05/2025 18:59:00,554.615,192.566,0,325.367,0.65,0,61.1896,47.1568,108.346,49.9672,-3.0192,
27/05/2025 19:00:00,554.527,192.555,0,325.128,0.65,0,49.0691,34.9887,84.0579,49.9699,-3.0192,
27/05/2025 19:01:00,554.48,192.547,0,324.41,0.65,0,29.6759,43.0899,72.7658,49.9591,-3.02615,
27/05/2025 19:02:00,554.477,192.536,0,324.649,0.65,0,38.0026,41.8454,79.8479,49.9536,-3.0331,
27/05/2025 19:03:00,554.588,192.553,0,324.649,0.65,0,85.0804,45.9209,131.001,49.9428,-3.0331,
27/05/2025 19:04:00,554.664,192.573,0,325.128,0.65,0,75.7109,49.6275,125.338,49.9917,-3.04005,
27/05/2025 19:05:00,554.669,192.576,0,325.367,0.65,0,69.2295,51.5615,120.791,50.0255,-3.02615,
27/05/2025 19:06:00,554.669,192.582,0,325.367,0.65,0,46.8658,42.1197,88.9856,49.9754,-3.0331,
27/05/2025 19:07:00,554.662,192.582,0,325.367,0.65,0,40.1147,40.9481,81.0627,49.9917,-3.0331,
27/05/2025 19:08:00,554.654,192.577,0,325.367,0.65,0,60.1383,49.3998,109.538,49.9944,-3.0331,
27/05/2025 19:09:00,554.666,192.564,0,324.889,0.65,0,34.5429,41.4056,75.9485,49.9808,-3.04005,
27/05/2025 19:10:00,554.669,192.567,0,324.41,0.65,0,30.4536,42.9153,73.3689,49.9835,-3.04701,
27/05/2025 19:11:00,554.669,192.567,0,324.649,0.65,0,19.3711,35.9803,55.3514,49.9971,-3.04005,
27/05/2025 19:12:00,554.669,192.564,0,325.367,0.65,0,24.0441,37.1152,61.1594,50.0027,-3.04005,
27/05/2025 19:13:00,554.669,192.557,0,325.367,0.65,0,34.8595,34.5234,69.3829,49.9373,-3.05396,
27/05/2025 19:14:00,554.669,192.565,0,325.367,0.65,0,34.1024,45.3984,79.5009,50.0027,-3.04701,
27/05/2025 19:15:00,554.672,192.58,0,325.367,0.65,0,21.3605,34.3271,55.6877,49.9564,-3.04005,
27/05/2025 19:16:00,554.724,192.581,0,325.128,0.65,0,11.1984,18.3027,29.501,49.9917,-3.0331,
27/05/2025 19:17:00,554.71,192.574,0,324.649,0.65,0,7.39126,17.8409,25.2321,50.0055,-3.0192,
27/05/2025 19:18:00,554.672,192.548,0,324.41,0.65,0,3.01303,13.2149,16.2279,50.0198,-3.0192,
27/05/2025 19:19:00,554.67,192.551,0,324.889,0.65,0,4.83128,7.14536,11.9766,49.9944,-3.0192,
27/05/2025 19:20:00,554.717,192.575,0,325.128,0.65,0,4.76494,11.1355,15.9005,50.0226,-3.0331,
27/05/2025 19:21:00,554.854,192.614,0,325.367,0.65,0,5.14701,21.8679,27.0149,50.0198,-3.0331,
27/05/2025 19:22:00,554.863,192.599,0,325.128,0.65,0,0.983375,20.4556,21.439,50.0169,-3.02615,
27/05/2025 19:23:00,554.808,192.58,0,325.607,0.65,0,-0.171293,22.2521,22.0808,49.9808,-3.02615,
27/05/2025 19:24:00,554.752,192.58,0,324.889,0.65,0,9.2378,21.4201,30.6579,49.989,-3.0192,
27/05/2025 19:25:00,554.835,192.586,0,324.649,0.65,0,19.7772,33.9436,53.7209,50.0027,-3.02615,
27/05/2025 19:26:00,554.862,192.614,0,324.41,0.65,0,27.4014,42.1495,69.5509,49.9971,-3.02615,
27/05/2025 19:27:00,554.863,192.608,0,324.889,0.65,0,35.1527,44.0058,79.1585,49.9971,-3.02615,
27/05/2025 19:28:00,554.861,192.598,0,324.889,0.65,0,26.9802,33.9011,60.8813,49.9944,-3.0192,
27/05/2025 19:29:00,554.77,192.564,0,325.128,0.65,0,27.3853,37.8354,65.2207,50.0169,-3.01226,
27/05/2025 19:30:00,554.728,192.55,0,325.367,0.65,0,19.669,37.5777,57.2468,49.9944,-3.01226,
27/05/2025 19:31:00,554.799,192.591,0,325.607,0.65,0,8.54783,27.0053,35.5532,49.9699,-3.0192,
27/05/2025 19:32:00,554.862,192.594,0,324.889,0.65,0,23.3497,32.7761,56.1258,49.9727,-3.02615,
27/05/2025 19:33:00,554.866,192.606,0,324.649,0.65,0,25.7367,39.3979,65.1346,50.0027,-3.02615,
27/05/2025 19:34:00,554.863,192.601,0,324.41,0.65,0,17.2676,41.0757,58.3432,50.0255,-3.02615,
27/05/2025 19:35:00,554.862,192.592,0,324.889,0.65,0,26.1073,47.3208,73.4281,49.989,-3.02615,
27/05/2025 19:36:00,554.832,192.571,0,325.367,0.65,0,34.7529,42.7101,77.463,49.9727,-3.01226,
27/05/2025 19:37:00,554.804,192.571,0,325.128,0.65,0,9.77067,35.0079,44.7786,49.989,-3.02615,
27/05/2025 19:38:00,554.807,192.594,0,325.367,0.65,0,12.4331,38.2542,50.6873,49.9808,-3.02615,
27/05/2025 19:39:00,554.84,192.577,0,325.367,0.65,0,17.0704,36.2008,53.2712,50.0112,-3.0192,
27/05/2025 19:40:00,554.857,192.576,0,324.889,0.65,0,13.5823,33.4524,47.0347,49.9835,-3.02615,
27/05/2025 19:41:00,554.861,192.58,0,324.649,0.65,0,22.7283,34.6454,57.3737,50.0112,-3.02615,
27/05/2025 19:42:00,554.86,192.565,0,324.41,0.65,0,17.9057,43.2484,61.1541,49.989,-3.0192,
27/05/2025 19:43:00,554.863,192.566,0,324.649,0.65,0,21.3701,43.0098,64.3799,49.9754,-3.02615,
27/05/2025 19:44:00,554.86,192.578,0,325.128,0.65,0,29.9763,43.7827,73.759,50.0027,-3.0192,
27/05/2025 19:45:00,554.864,192.574,0,325.367,0.65,0,48.6593,49.341,98.0003,49.989,-3.02615,
27/05/2025 19:46:00,554.904,192.577,0,325.367,0.65,0,64.1056,48.8191,112.925,50.0255,-3.0192,
27/05/2025 19:47:00,554.865,192.586,0,325.128,0.65,0,46.5431,45.6683,92.2114,50.0169,-3.01226,
27/05/2025 19:48:00,554.859,192.567,0,324.889,0.65,0,41.8624,44.8953,86.7577,49.9944,-3.00532,
27/05/2025 19:49:00,554.79,192.543,0,325.128,0.65,0,15.3233,39.8483,55.1717,49.9781,-3.02615,
27/05/2025 19:50:00,554.754,192.526,0,324.41,0.65,0,16.6919,40.0459,56.7378,49.989,-3.02615,
27/05/2025 19:51:00,554.852,192.562,0,324.889,0.65,0,17.4535,39.0566,56.5101,49.9917,-3.02615,
27/05/2025 19:52:00,554.995,192.584,0,325.128,0.65,0,15.6411,35.9862,51.6274,49.9971,-3.02615,
27/05/2025 19:53:00,555.037,192.595,0,325.128,0.65,0,9.07931,34.311,43.3903,49.9862,-3.0192,
27/05/2025 19:54:00,554.911,192.579,0,325.367,0.65,0,19.2162,42.1982,61.4144,50.0084,-3.01226,
27/05/2025 19:55:00,554.732,192.524,0,325.128,0.65,0,40.2247,46.042,86.2668,49.9808,-3.0192,
27/05/2025 19:56:00,554.671,192.484,0,325.128,0.65,0,68.419,50.1648,118.584,49.9672,-3.02615,
27/05/2025 19:57:00,554.737,192.487,0,324.649,0.65,0,46.2348,51.9374,98.1721,50.0084,-3.02615,
27/05/2025 19:58:00,554.921,192.548,0,324.889,0.65,0,32.5149,47.5846,80.0995,49.9917,-3.0331,
27/05/2025 19:59:00,555.042,192.596,0,324.889,0.65,0,18.7004,45.8159,64.5163,50.0055,-3.02615,
27/05/2025 20:00:00,555.045,192.578,0,325.128,0.65,0,13.2757,39.4264,52.7021,50.0169,-3.02615,
27/05/2025 20:01:00,554.894,192.546,0,325.367,0.65,0,32.0637,46.8503,78.9141,49.9998,-3.0331,
27/05/2025 20:02:00,554.735,192.475,0,325.607,0.65,0,52.8135,48.0439,100.857,49.9808,-3.0331,
27/05/2025 20:03:00,554.672,192.463,0,325.367,0.65,0,43.0066,50.1736,93.1803,49.9944,-3.04005,
27/05/2025 20:04:00,554.788,192.479,0,325.128,0.65,0,48.5193,45.7706,94.2899,49.9645,-3.0331,
27/05/2025 20:05:00,554.878,192.547,0,324.649,0.65,0,54.0759,47.9143,101.99,50.0112,-3.0331,
27/05/2025 20:06:00,554.885,192.553,0,324.649,0.65,0,52.42,54.3984,106.818,49.9699,-3.02615,
27/05/2025 20:07:00,554.89,192.537,0,324.889,0.65,0,26.623,45.6262,72.2492,50.0084,-3.0331,
27/05/2025 20:08:00,554.875,192.516,0,325.367,0.65,0,48.7204,53.2382,101.959,49.9645,-3.02615,
27/05/2025 20:09:00,554.863,192.495,0,325.367,0.65,0,64.768,52.2333,117.001,50.0084,-3.0331,
27/05/2025 20:10:00,554.863,192.497,0,325.367,0.65,0,58.5739,46.0388,104.613,49.9917,-3.02615,
27/05/2025 20:11:00,554.863,192.513,0,325.367,0.65,0,52.01,42.0111,94.021,50.0141,-3.02615,
27/05/2025 20:12:00,554.883,192.514,0,324.889,0.65,0,85.57,49.1258,134.696,49.9944,-3.01226,
27/05/2025 20:13:00,554.989,192.543,0,324.41,0.65,0,52.6891,49.1286,101.818,49.9917,-3.0192,
27/05/2025 20:14:00,554.97,192.535,0,324.649,0.65,0,57.0004,45.7231,102.723,49.9971,-3.02615,
27/05/2025 20:15:00,554.934,192.527,0,324.889,0.65,0,70.7183,51.3697,122.088,49.9781,-3.0331,
27/05/2025 20:16:00,554.867,192.5,0,325.128,0.65,0,56.4211,47.2245,103.646,50.0112,-3.0331,
27/05/2025 20:17:00,554.86,192.466,0,325.367,0.65,0,34.8722,44.6066,79.4789,50.0055,-3.02615,
27/05/2025 20:18:00,554.856,192.471,0,325.128,0.65,0,7.17636,40.3033,47.4796,49.9835,-3.02615,
27/05/2025 20:19:00,554.876,192.488,0,325.367,0.65,0,15.4449,43.847,59.2919,49.989,-3.0192,
27/05/2025 20:20:00,554.946,192.512,0,324.889,0.65,0,35.8955,44.5806,80.4761,49.9971,-3.0331,
27/05/2025 20:21:00,554.901,192.508,0,324.889,0.65,0,34.0062,46.1854,80.1916,49.9862,-3.04005,
27/05/2025 20:22:00,554.889,192.51,0,324.41,0.65,0,49.3017,54.3477,103.649,50.0055,-3.0331,
27/05/2025 20:23:00,554.864,192.491,0,324.889,0.65,0,29.0438,43.495,72.5388,50.0027,-3.04005,
27/05/2025 20:24:00,554.863,192.478,0,325.607,0.65,0,14.9052,39.5634,54.4685,50.0198,-3.04005,
27/05/2025 20:25:00,554.861,192.452,0,324.889,0.65,0,13.7682,39.3166,53.0848,50.0027,-3.0331,
27/05/2025 20:26:00,554.859,192.444,0,325.128,0.65,0,16.7578,39.9629,56.7207,49.9618,-3.0331,
27/05/2025 20:27:00,554.863,192.454,0,325.128,0.65,0,21.7939,39.2463,61.0403,49.9754,-3.04701,
27/05/2025 20:28:00,554.875,192.474,0,324.889,0.65,0,16.6266,39.6834,56.31,49.989,-3.0331,
27/05/2025 20:29:00,554.865,192.463,0,324.649,0.65,0,18.0568,41.5514,59.6081,50.0084,-3.0331,
27/05/2025 20:30:00,554.867,192.467,0,324.649,0.65,0,24.9264,38.4814,63.4078,49.9672,-3.02615,
27/05/2025 20:31:00,554.869,192.456,0,324.889,0.65,0,32.2539,47.2487,79.5026,49.9998,-3.02615,
27/05/2025 20:32:00,554.863,192.44,0,325.128,0.65,0,32.1226,47.2083,79.3309,50.0141,-3.02615,
27/05/2025 20:33:00,554.859,192.449,0,325.367,0.65,0,19.6435,47.8388,67.4823,49.9998,-3.02615,
27/05/2025 20:34:00,554.858,192.447,0,325.367,0.65,0,17.4044,39.8694,57.2739,50.0112,-3.0192,
27/05/2025 20:35:00,554.862,192.443,0,325.367,0.65,0,14.2383,37.4416,51.68,49.9835,-3.0192,
27/05/2025 20:36:00,554.86,192.417,0,324.649,0.65,0,20.3771,39.5401,59.9172,50.0027,-3.0192,
27/05/2025 20:37:00,554.86,192.438,0,324.649,0.65,0,21.4845,39.7308,61.2152,49.9998,-3.0192,
27/05/2025 20:38:00,554.863,192.431,0,324.649,0.65,0,18.1543,31.6966,49.8508,49.9754,-3.0192,
27/05/2025 20:39:00,554.863,192.429,0,325.128,0.65,0,17.1937,40.1451,57.3388,49.989,-3.02615,
27/05/2025 20:40:00,554.863,192.433,0,325.128,0.65,0,10.6985,32.8526,43.5512,50.0055,-3.02615,
27/05/2025 20:41:00,554.854,192.424,0,325.367,0.65,0,6.36869,24.9988,31.3675,49.989,-3.01226,
27/05/2025 20:42:00,554.862,192.434,0,325.367,0.65,0,4.73278,27.0127,31.7455,50.0112,-3.01226,
27/05/2025 20:43:00,554.855,192.417,0,325.367,0.65,0,6.79998,27.8451,34.6451,50.0169,-3.00532,
27/05/2025 20:44:00,554.812,192.41,0,325.128,0.65,0,17.0167,34.7848,51.8015,49.9862,-3.01226,
27/05/2025 20:45:00,554.85,192.407,0,324.649,0.65,0,15.8421,41.7776,57.6197,49.9536,-3.01226,
27/05/2025 20:46:00,554.825,192.395,0,324.649,0.65,0,11.8865,35.9521,47.8387,50.0055,-3.0192,
27/05/2025 20:47:00,554.845,192.397,0,324.649,0.65,0,10.0047,30.2103,40.215,50.0084,-3.0192,
27/05/2025 20:48:00,554.814,192.398,0,325.128,0.65,0,3.37972,19.0351,22.4148,49.9998,-3.01226,
27/05/2025 20:49:00,554.817,192.394,0,325.128,0.65,0,9.1322,29.6581,38.7903,49.9781,-3.01226,
27/05/2025 20:50:00,554.79,192.388,0,325.367,0.65,0,13.5888,37.0346,50.6234,49.9618,-3.01226,
27/05/2025 20:51:00,554.811,192.383,0,325.367,0.65,0,19.2981,36.8579,56.156,50.0654,-3.01226,
27/05/2025 20:52:00,554.839,192.385,0,325.128,0.65,0,14.8835,40.9601,55.8436,49.9971,-3.0192,
27/05/2025 20:53:00,554.782,192.386,0,324.17,0.65,0,10.7754,28.863,39.6385,49.9917,-3.0192,
27/05/2025 20:54:00,554.747,192.379,0,324.41,0.65,0,16.1207,37.7401,53.8609,49.9971,-3.0192,
27/05/2025 20:55:00,554.756,192.39,0,324.889,0.65,0,17.734,38.0272,55.7612,49.9971,-3.01226,
27/05/2025 20:56:00,554.752,192.37,0,325.128,0.65,0,50.4334,47.5147,97.9479,50.0084,-3.01226,
27/05/2025 20:57:00,554.781,192.378,0,325.367,0.65,0,36.6697,52.0243,88.694,50.0226,-3.00532,
27/05/2025 20:58:00,554.78,192.383,0,325.367,0.65,0,60.6402,49.2428,109.883,49.9862,-3.01226,
27/05/2025 20:59:00,554.787,192.379,0,325.607,0.65,0,89.0641,53.5368,142.601,49.9917,-3.01226,
27/05/2025 21:00:00,554.837,192.392,0,324.889,0.65,0,62.4494,53.1896,115.639,49.9998,-3.02615,
27/05/2025 21:01:00,554.853,192.382,0,324.41,0.65,0,57.9053,50.0118,107.917,50.0198,-3.02615,
27/05/2025 21:02:00,554.859,192.399,0,324.649,0.65,0,57.6488,49.4456,107.094,49.9808,-3.02615,
27/05/2025 21:03:00,554.862,192.41,0,324.889,0.65,0,74.588,53.1392,127.727,50.0112,-3.01226,
27/05/2025 21:04:00,554.86,192.392,0,325.128,0.65,0,46.4736,46.7852,93.2588,49.9862,-3.0192,
27/05/2025 21:05:00,554.866,192.402,0,325.128,0.65,0,63.4034,51.9615,115.365,50.0426,-3.0192,
27/05/2025 21:06:00,554.856,192.374,0,325.367,0.65,0,65.242,52.4622,117.704,49.9754,-3.0192,
27/05/2025 21:07:00,554.803,192.391,0,325.128,0.65,0,58.9045,51.0997,110.004,50.0055,-3.02615,
27/05/2025 21:08:00,554.784,192.382,0,324.889,0.65,0,64.6975,51.5052,116.203,50.0027,-3.02615,
27/05/2025 21:09:00,554.848,192.373,0,324.889,0.65,0,57.2718,45.8317,103.104,49.9917,-3.02615,
27/05/2025 21:10:00,554.863,192.398,0,324.649,0.65,0,17.3679,32.8113,50.1792,49.989,-3.0192,
27/05/2025 21:11:00,554.863,192.402,0,324.889,0.65,0,10.0512,32.1522,42.2034,50.0084,-3.0192,
27/05/2025 21:12:00,554.866,192.407,0,325.128,0.65,0,10.5951,31.986,42.5811,49.9917,-3.01226,
27/05/2025 21:13:00,554.863,192.386,0,325.367,0.65,0,25.6024,43.6202,69.2226,49.9835,-3.0192,
27/05/2025 21:14:00,554.791,192.372,0,325.128,0.65,0,37.437,36.3212,73.7582,50.0055,-3.01226,
27/05/2025 21:15:00,554.687,192.354,0,325.367,0.65,0,27.7342,35.832,63.5662,50.0226,-3.00532,
27/05/2025 21:16:00,554.67,192.338,0,325.128,0.65,0,14.1486,30.495,44.6436,50.0169,-3.01226,
27/05/2025 21:17:00,554.67,192.319,0,324.41,0.65,0,12.1661,23.9281,36.0942,49.9971,-3.0192,
27/05/2025 21:18:00,554.694,192.317,0,324.649,0.65,0,4.9458,11.1568,16.1026,49.9591,-3.02615,
27/05/2025 21:19:00,554.825,192.334,0,325.128,0.65,0,4.12722,12.9752,17.1024,49.9699,-3.04701,
27/05/2025 21:20:00,554.86,192.35,0,325.367,0.65,0,4.59412,13.0564,17.6505,49.9998,-3.05396,
27/05/2025 21:21:00,554.884,192.389,0,325.128,0.65,0,36.8744,36.0562,72.9305,49.9862,-3.04701,
27/05/2025 21:22:00,554.895,192.371,0,325.367,0.65,0,31.8704,39.6985,71.569,49.9917,-3.04005,
27/05/2025 21:23:00,554.865,192.376,0,325.367,0.65,0,43.0747,46.2305,89.3053,49.9944,-3.02615,
27/05/2025 21:24:00,554.853,192.368,0,324.889,0.65,0,41.9016,46.5249,88.4264,50.0027,-3.02615,
27/05/2025 21:25:00,554.768,192.33,0,324.41,0.65,0,34.9254,37.0749,72.0003,50.0397,-3.01226,
27/05/2025 21:26:00,554.793,192.338,0,324.649,0.65,0,26.1619,32.4261,58.588,49.9835,-3.0192,
27/05/2025 21:27:00,554.85,192.359,0,325.128,0.65,0,12.6674,28.5364,41.2037,49.9781,-3.01226,
27/05/2025 21:28:00,554.863,192.381,0,325.128,0.65,0,4.09517,17.6352,21.7303,49.9971,-2.99829,
27/05/2025 21:29:00,554.875,192.385,0,325.367,0.65,0,6.50888,16.8762,23.3851,50.034,-2.99097,
27/05/2025 21:30:00,554.932,192.407,0,325.128,0.65,0,10.3222,21.6573,31.9796,50.0055,-2.98366,
27/05/2025 21:31:00,554.914,192.374,0,325.128,0.65,0,7.23718,24.9209,32.158,49.9971,-2.98366,
27/05/2025 21:32:00,554.875,192.399,0,325.128,0.65,0,13.4261,24.5331,37.9593,50.0084,-2.97636,
27/05/2025 21:33:00,554.864,192.361,0,324.649,0.65,0,17.4247,30.2769,47.7016,50.0169,-2.99097,
27/05/2025 21:34:00,554.863,192.38,0,324.649,0.65,0,12.048,25.7287,37.7766,50.0084,-2.98366,
27/05/2025 21:35:00,554.866,192.406,0,324.889,0.65,0,12.5431,31.6977,44.2408,49.9862,-2.98366,
27/05/2025 21:36:00,554.863,192.406,0,325.128,0.65,0,12.8654,31.7838,44.6492,49.9781,-2.99097,
27/05/2025 21:37:00,554.863,192.404,0,325.367,0.65,0,11.5116,28.9418,40.4533,50.0027,-2.98366,
27/05/2025 21:38:00,554.863,192.378,0,325.607,0.65,0,9.84992,20.5231,30.373,50.0084,-2.99097,
27/05/2025 21:39:00,554.863,192.364,0,325.367,0.65,0,3.75127,11.037,14.7883,49.9781,-2.99829,
27/05/2025 21:40:00,554.863,192.376,0,324.889,0.65,0,7.74879,12.5904,20.3392,49.9862,-3.00532,
27/05/2025 21:41:00,554.863,192.372,0,324.889,0.65,0,1.73463,7.29285,9.02748,50.0027,-2.99829,
27/05/2025 21:42:00,554.863,192.38,0,324.649,0.65,0,-0.0622028,5.65228,5.59008,49.9944,-2.99097,
27/05/2025 21:43:00,554.863,192.391,0,325.128,0.65,0,4.78345,11.8499,16.6333,49.9808,-2.99097,
27/05/2025 21:44:00,554.863,192.366,0,325.367,0.65,0,10.7338,28.7487,39.4825,50.0198,-2.99829,
27/05/2025 21:45:00,554.863,192.379,0,325.128,0.65,0,10.7485,21.2632,32.0117,49.9862,-2.98366,
27/05/2025 21:46:00,554.863,192.394,0,325.367,0.65,0,2.54068,16.7218,19.2625,50.0027,-2.99829,
27/05/2025 21:47:00,554.863,192.388,0,325.607,0.65,0,29.0372,34.9877,64.0249,49.9917,-3.00532,
27/05/2025 21:48:00,554.876,192.382,0,325.128,0.65,0,45.7009,46.5401,92.2409,49.9998,-2.99097,
27/05/2025 21:49:00,554.893,192.402,0,324.649,0.65,0,27.7898,42.1097,69.8995,49.9835,-2.99097,
27/05/2025 21:50:00,554.933,192.41,0,324.17,0.65,0,38.8119,53.6211,92.433,50.0397,-2.98366,
27/05/2025 21:51:00,554.987,192.4,0,324.889,0.65,0,43.9242,52.1704,96.0945,49.9998,-2.99097,
27/05/2025 21:52:00,554.966,192.411,0,325.128,0.65,0,25.9154,37.3923,63.3077,50.0198,-2.99829,
27/05/2025 21:53:00,554.993,192.408,0,325.367,0.65,0,18.1868,39.1777,57.3645,50.0084,-2.99829,
27/05/2025 21:54:00,555.052,192.411,0,325.367,0.65,0,23.5936,46.451,70.0446,49.9591,-3.00532,
27/05/2025 21:55:00,555.034,192.426,0,325.367,0.65,0,24.6791,45.3263,70.0054,49.9944,-3.00532,
27/05/2025 21:56:00,555.055,192.423,0,324.649,0.65,0,26.5261,48.0846,74.6107,49.9944,-3.00532,
27/05/2025 21:57:00,555.051,192.41,0,324.889,0.65,0,25.4982,45.3102,70.8084,49.9835,-3.00532,
27/05/2025 21:58:00,555.05,192.411,0,324.41,0.65,0,26.0134,49.7549,75.7682,50.0112,-3.01226,
27/05/2025 21:59:00,555.044,192.414,0,324.889,0.65,0,39.4854,50.0797,89.565,50.034,-3.0192,
27/05/2025 22:00:00,555.055,192.426,0,325.367,0.65,0,35.4863,45.4608,80.947,49.9808,-3.02615,
27/05/2025 22:01:00,555.062,192.444,0,325.128,0.65,0,20.6979,42.6441,63.342,49.9699,-3.01226,
27/05/2025 22:02:00,555.06,192.434,0,325.128,0.65,0,24.4083,41.9156,66.3239,50.0226,-3.01226,
27/05/2025 22:03:00,555.057,192.437,0,325.128,0.65,0,12.3027,38.5495,50.8522,49.9727,-3.00532,
27/05/2025 22:04:00,555.057,192.411,0,324.889,0.65,0,4.16254,21.9935,26.1561,50.0169,-3.01226,
27/05/2025 22:05:00,555.057,192.417,0,324.41,0.65,0,5.78063,20.6743,26.4549,49.989,-3.02615,
27/05/2025 22:06:00,555.065,192.436,0,324.649,0.65,0,3.71145,19.5633,23.2748,49.9727,-3.0331,
27/05/2025 22:07:00,555.143,192.442,0,324.889,0.65,0,3.77951,16.2317,20.0112,50.0169,-3.0331,
27/05/2025 22:08:00,555.226,192.448,0,325.128,0.65,0,2.19669,15.3166,17.5133,50.0312,-3.02615,
27/05/2025 22:09:00,555.241,192.453,0,325.367,0.65,0,3.63938,18.4265,22.0659,49.9781,-3.02615,
27/05/2025 22:10:00,555.211,192.472,0,325.367,0.65,0,4.60633,25.552,30.1584,49.9917,-3.0192,
27/05/2025 22:11:00,555.146,192.441,0,325.367,0.65,0,5.65725,22.496,28.1532,50.0027,-3.02615,
27/05/2025 22:12:00,555.181,192.44,0,324.889,0.65,0,14.3128,33.3596,47.6723,49.9808,-3.02615,
27/05/2025 22:13:00,555.192,192.444,0,324.649,0.65,0,26.0869,39.3923,65.4792,49.989,-3.04005,
27/05/2025 22:14:00,555.212,192.449,0,324.649,0.65,0,27.6511,45.222,72.8732,50.0084,-3.02615,
27/05/2025 22:15:00,555.241,192.441,0,325.128,0.65,0,35.7366,48.0174,83.754,49.9998,-3.0192,
27/05/2025 22:16:00,555.245,192.459,0,325.607,0.65,0,35.665,53.5653,89.2303,50.0141,-3.00532,
27/05/2025 22:17:00,555.238,192.455,0,325.128,0.65,0,40.7274,52.2429,92.9703,50.0112,-2.99829,
27/05/2025 22:18:00,555.232,192.442,0,325.128,0.65,0,29.5084,50.8994,80.4078,49.9944,-2.99829,
27/05/2025 22:19:00,555.238,192.426,0,325.367,0.65,0,15.6769,35.9537,51.6306,50.0198,-3.01226,
27/05/2025 22:20:00,555.232,192.446,0,324.889,0.65,0,19.6512,32.2132,51.8644,50.0141,-3.01226,
27/05/2025 22:21:00,555.238,192.452,0,324.649,0.65,0,21.1481,37.9568,59.105,49.9998,-3.00532,
27/05/2025 22:22:00,555.257,192.482,0,324.41,0.65,0,22.4743,38.0023,60.4766,49.9672,-3.00532,
27/05/2025 22:23:00,555.323,192.49,0,325.128,0.65,0,17.4556,46.7753,64.2309,49.9917,-2.99829,
27/05/2025 22:24:00,555.315,192.501,0,325.367,0.65,0,7.02725,21.6811,28.7083,50.0141,-2.99829,
27/05/2025 22:25:00,555.254,192.484,0,325.128,0.65,0,7.55889,17.6914,25.2502,49.9835,-2.99829,
27/05/2025 22:26:00,555.25,192.463,0,325.367,0.65,0,7.97261,11.6203,19.5929,49.9808,-3.01226,
27/05/2025 22:27:00,555.253,192.475,0,325.367,0.65,0,0.385956,5.22468,5.61063,49.9672,-3.01226,
27/05/2025 22:28:00,555.264,192.484,0,324.889,0.65,0,0.340191,7.36793,7.70812,49.9781,-3.0192,
27/05/2025 22:29:00,555.346,192.525,0,324.889,0.65,0,6.76893,21.7245,28.4934,49.9781,-3.01226,
27/05/2025 22:30:00,555.395,192.525,0,324.649,0.65,0,25.7427,36.5516,62.2943,50.0226,-3.00532,
27/05/2025 22:31:00,555.416,192.545,0,325.128,0.65,0,14.5182,39.995,54.5133,49.9699,-3.00532,
27/05/2025 22:32:00,555.334,192.527,0,325.128,0.65,0,23.5711,45.4879,69.059,50.0112,-2.99829,
27/05/2025 22:33:00,555.287,192.515,0,325.367,0.65,0,23.8697,42.5279,66.3976,49.9862,-3.00532,
27/05/2025 22:34:00,555.279,192.5,0,325.367,0.65,0,20.5031,43.9507,64.4537,49.9917,-3.01226,
27/05/2025 22:35:00,555.369,192.51,0,325.367,0.65,0,25.0912,40.0117,65.1029,50.0112,-2.99097,
27/05/2025 22:36:00,555.437,192.551,0,324.889,0.65,0,35.6856,48.7106,84.3962,50.0027,-2.99097,
27/05/2025 22:37:00,555.438,192.546,0,324.649,0.65,0,56.9621,50.5294,107.491,50.0283,-2.98366,
27/05/2025 22:38:00,555.439,192.544,0,324.41,0.65,0,31.9798,46.5244,78.5041,50.0112,-2.98366,
27/05/2025 22:39:00,555.443,192.55,0,324.649,0.65,0,20.6605,43.9667,64.6272,49.9917,-2.99097,
27/05/2025 22:40:00,555.431,192.514,0,324.889,0.65,0,31.9211,45.9282,77.8492,49.9808,-2.99097,
27/05/2025 22:41:00,555.4,192.528,0,325.128,0.65,0,22.7074,40.8087,63.5161,50.0027,-2.99829,
27/05/2025 22:42:00,555.418,192.516,0,325.128,0.65,0,21.2102,43.1023,64.3124,50.0169,-2.99829,
27/05/2025 22:43:00,555.413,192.521,0,325.367,0.65,0,27.8909,45.254,73.1449,50.034,-2.98366,
27/05/2025 22:44:00,555.44,192.525,0,324.889,0.65,0,27.438,49.3227,76.7607,50.0027,-2.98366,
27/05/2025 22:45:00,555.443,192.546,0,324.889,0.65,0,28.5439,38.6148,67.1586,50.0112,-2.98366,
27/05/2025 22:46:00,555.443,192.545,0,324.41,0.65,0,53.1978,52.7397,105.938,50.0397,-2.98366,
27/05/2025 22:47:00,555.446,192.574,0,324.889,0.65,0,35.5262,49.5887,85.1149,50.0198,-2.99829,
27/05/2025 22:48:00,555.449,192.579,0,325.367,0.65,0,32.3394,49.5279,81.8673,50.0283,-3.00532,
27/05/2025 22:49:00,555.448,192.578,0,325.128,0.65,0,27.7767,48.5387,76.3154,49.9727,-2.99097,
27/05/2025 22:50:00,555.449,192.584,0,325.128,0.65,0,48.2688,52.3146,100.583,50.0084,-2.99829,
27/05/2025 22:51:00,555.451,192.558,0,325.128,0.65,0,44.0826,49.5899,93.6725,49.9781,-2.99829,
27/05/2025 22:52:00,555.485,192.581,0,324.649,0.65,0,28.8771,49.1695,78.0466,50.0369,-2.98366,
27/05/2025 22:53:00,555.528,192.602,0,324.649,0.65,0,20.032,42.6365,62.6685,49.9944,-2.99097,
27/05/2025 22:54:00,555.596,192.614,0,324.649,0.65,0,11.1198,35.9421,47.0618,49.9862,-2.99829,
27/05/2025 22:55:00,555.617,192.622,0,324.889,0.65,0,8.65808,27.4706,36.1287,49.9917,-2.99829,
27/05/2025 22:56:00,555.589,192.607,0,325.128,0.65,0,11.0589,24.0609,35.1198,50.0141,-2.99097,
27/05/2025 22:57:00,555.563,192.61,0,324.889,0.65,0,11.2701,24.3282,35.5982,50.0198,-2.99097,
27/05/2025 22:58:00,555.621,192.62,0,325.367,0.65,0,9.03332,22.9867,32.02,49.9862,-2.99829,
27/05/2025 22:59:00,555.633,192.62,0,325.367,0.65,0,16.8329,37.9283,54.7612,50.0426,-3.00532,
27/05/2025 23:00:00,555.639,192.638,0,324.889,0.65,0,15.5758,41.2786,56.8544,50.0055,-3.0192,
27/05/2025 23:01:00,555.642,192.641,0,324.649,0.65,0,9.61623,42.5326,52.1488,49.9754,-3.0192,
27/05/2025 23:02:00,555.639,192.642,0,324.17,0.65,0,11.1209,43.2724,54.3933,50.0226,-3.00532,
27/05/2025 23:03:00,555.636,192.633,0,324.889,0.65,0,8.22134,34.1097,42.3311,50.0112,-3.00532,
27/05/2025 23:04:00,555.622,192.616,0,325.367,0.65,0,13.5097,40.1515,53.6612,49.9754,-3.01226,
27/05/2025 23:05:00,555.6,192.6,0,325.367,0.65,0,17.0184,42.5589,59.5774,49.9917,-3.01226,
27/05/2025 23:06:00,555.627,192.593,0,324.889,0.65,0,12.0665,44.085,56.1515,49.9835,-3.0192,
27/05/2025 23:07:00,555.638,192.616,0,325.367,0.65,0,19.0464,43.2956,62.342,49.9944,-3.0331,
27/05/2025 23:08:00,555.665,192.632,0,324.889,0.65,0,18.2122,43.4857,61.6979,49.9917,-3.0331,
27/05/2025 23:09:00,555.65,192.613,0,324.649,0.65,0,22.0807,45.6865,67.7672,49.9998,-3.0192,
27/05/2025 23:10:00,555.636,192.631,0,324.41,0.65,0,40.9403,50.4273,91.3675,50.0169,-3.01226,
27/05/2025 23:11:00,555.627,192.618,0,324.649,0.65,0,61.5559,52.1538,113.71,49.9862,-2.99829,
27/05/2025 23:12:00,555.635,192.613,0,325.128,0.65,0,58.744,52.9571,111.701,50.0397,-3.00532,
27/05/2025 23:13:00,555.642,192.601,0,325.128,0.65,0,28.0865,46.273,74.3594,50.0255,-2.99829,
27/05/2025 23:14:00,555.675,192.624,0,325.367,0.65,0,19.4193,43.1783,62.5975,50.034,-3.00532,
27/05/2025 23:15:00,555.737,192.641,0,325.367,0.65,0,17.9292,44.8216,62.7508,49.9917,-3.00532,
27/05/2025 23:16:00,555.793,192.661,0,325.128,0.65,0,19.9477,43.2428,63.1905,50.0198,-2.99097,
27/05/2025 23:17:00,555.79,192.65,0,324.649,0.65,0,19.6446,38.1493,57.7939,50.0511,-2.97636,
27/05/2025 23:18:00,555.747,192.651,0,324.41,0.65,0,30.1905,37.6734,67.8639,50.0084,-2.97636,
27/05/2025 23:19:00,555.684,192.63,0,324.889,0.65,0,35.914,49.7433,85.6572,50.0511,-2.97636,
27/05/2025 23:20:00,555.708,192.635,0,324.889,0.65,0,54.7196,47.928,102.648,50.0198,-2.99097,
27/05/2025 23:21:00,555.765,192.645,0,325.367,0.65,0,54.7089,49.5339,104.243,49.9781,-2.99097,
27/05/2025 23:22:00,555.81,192.64,0,325.367,0.65,0,40.547,48.8706,89.4176,49.9862,-2.98366,
27/05/2025 23:23:00,555.829,192.674,0,325.367,0.65,0,32.7345,46.4275,79.162,49.9862,-2.99097,
27/05/2025 23:24:00,555.829,192.665,0,325.128,0.65,0,37.5642,46.0565,83.6207,50.0255,-2.98366,
27/05/2025 23:25:00,555.826,192.664,0,324.649,0.65,0,33.3152,48.8172,82.1324,49.9835,-2.99097,
27/05/2025 23:26:00,555.825,192.671,0,324.41,0.65,0,35.6334,48.5243,84.1577,50.0055,-2.99097,
27/05/2025 23:27:00,555.826,192.682,0,324.889,0.65,0,25.0291,41.9482,66.9774,50.0312,-2.99829,
27/05/2025 23:28:00,555.829,192.682,0,325.128,0.65,0,20.1679,39.7597,59.9276,49.989,-2.99097,
27/05/2025 23:29:00,555.826,192.676,0,325.367,0.65,0,17.0226,39.5498,56.5724,50.0084,-2.99097,
27/05/2025 23:30:00,555.829,192.69,0,325.367,0.65,0,15.9662,40.0067,55.9729,49.9917,-2.98366,
27/05/2025 23:31:00,555.829,192.677,0,325.128,0.65,0,13.9343,38.7955,52.7298,49.9998,-2.98366,
27/05/2025 23:32:00,555.829,192.681,0,324.889,0.65,0,25.5942,40.2687,65.863,49.9944,-2.99097,
27/05/2025 23:33:00,555.829,192.656,0,324.889,0.65,0,16.291,39.262,55.553,50.0283,-2.99097,
27/05/2025 23:34:00,555.823,192.683,0,324.41,0.65,0,12.5803,38.8717,51.4519,50.0084,-2.99829,
27/05/2025 23:35:00,555.829,192.676,0,324.889,0.65,0,16.9307,42.4824,59.413,50.0198,-2.99829,
27/05/2025 23:36:00,555.829,192.696,0,325.128,0.65,0,21.2407,41.4773,62.718,50.0141,-2.99097,
27/05/2025 23:37:00,555.829,192.708,0,325.128,0.65,0,17.3527,46.0356,63.3883,50.0312,-2.98366,
27/05/2025 23:38:00,555.829,192.683,0,325.128,0.65,0,23.9744,43.3108,67.2852,50.0055,-2.99097,
27/05/2025 23:39:00,555.828,192.687,0,325.128,0.65,0,27.8704,51.6315,79.5018,49.9862,-2.99829,
27/05/2025 23:40:00,555.827,192.679,0,324.889,0.65,0,21.8197,44.9736,66.7932,50.0027,-2.99829,
27/05/2025 23:41:00,555.829,192.69,0,324.41,0.65,0,17.6975,44.2233,61.9207,49.9727,-3.00532,
27/05/2025 23:42:00,555.843,192.7,0,324.41,0.65,0,12.2985,38.2647,50.5632,50.034,-2.99097,
27/05/2025 23:43:00,555.936,192.719,0,324.889,0.65,0,9.08718,36.6283,45.7155,50.0027,-2.98366,
27/05/2025 23:44:00,555.945,192.73,0,325.128,0.65,0,13.0289,29.837,42.866,49.9944,-2.97636,
27/05/2025 23:45:00,555.921,192.725,0,325.607,0.65,0,9.50245,43.0879,52.5903,49.9754,-2.97636,
27/05/2025 23:46:00,555.882,192.727,0,325.607,0.65,0,7.91725,33.7529,41.6702,50.0112,-2.99097,
27/05/2025 23:47:00,555.865,192.719,0,325.128,0.65,0,6.18281,28.9538,35.1366,49.9754,-2.99829,
27/05/2025 23:48:00,555.903,192.729,0,324.889,0.65,0,4.38791,21.3382,25.7261,50.0027,-2.99829,
27/05/2025 23:49:00,555.975,192.749,0,324.649,0.65,0,6.58105,23.5906,30.1716,49.9862,-2.99829,
27/05/2025 23:50:00,555.994,192.755,0,324.649,0.65,0,7.61985,32.2805,39.9003,49.9917,-3.00532,
27/05/2025 23:51:00,555.999,192.754,0,324.649,0.65,0,15.0541,40.3432,55.3974,49.9835,-3.00532,
27/05/2025 23:52:00,555.977,192.731,0,325.367,0.65,0,9.53066,30.6579,40.1885,49.9754,-3.00532,
27/05/2025 23:53:00,555.873,192.712,0,325.128,0.65,0,12.0361,34.0927,46.1288,50.0141,-3.00532,
27/05/2025 23:54:00,555.856,192.729,0,325.367,0.65,0,14.8405,37.3824,52.2229,50.0141,-3.0192,
27/05/2025 23:55:00,555.856,192.716,0,325.367,0.65,0,12.7992,32.4886,45.2878,50.0112,-3.00532,
27/05/2025 23:56:00,555.94,192.733,0,324.889,0.65,0,4.93602,31.4033,36.3394,49.9835,-2.99829,
27/05/2025 23:57:00,556.022,192.745,0,324.649,0.65,0,6.02835,28.3169,34.3453,50.0255,-2.99829,
27/05/2025 23:58:00,556.023,192.787,0,324.41,0.65,0,6.21791,23.1165,29.3344,49.9808,-2.99829,
27/05/2025 23:59:00,556.023,192.749,0,324.889,0.65,0,10.7859,30.7856,41.5714,49.9781,-3.00532,
28/05/2025 00:00:00,556.015,192.73,0,325.128,0.65,0,3.05732,11.4638,14.5211,49.9971,-3.00532,
28/05/2025 00:01:00,555.952,192.728,0,325.367,0.65,0,2.88391,12.9946,15.8785,50.0084,-3.00532,
28/05/2025 00:02:00,555.894,192.728,0,325.128,0.65,0,4.2415,14.1319,18.3734,50.0141,-2.99829,
28/05/2025 00:03:00,555.982,192.732,0,325.607,0.65,0,0.426713,9.17792,9.60462,49.9808,-3.00532,
28/05/2025 00:04:00,556.02,192.751,0,325.128,0.65,0,4.95684,16.5675,21.5243,50.0084,-3.00532,
28/05/2025 00:05:00,556.023,192.749,0,324.649,0.65,0,9.9611,21.8005,31.7616,49.9971,-3.00532,
28/05/2025 00:06:00,556.026,192.739,0,324.41,0.65,0,3.92192,26.5199,30.4418,49.9808,-3.0192,
28/05/2025 00:07:00,556.023,192.799,0,324.649,0.65,0,3.594,27.9719,31.566,50.0283,-3.0192,
28/05/2025 00:08:00,556.017,192.773,0,325.128,0.65,0,2.00711,27.1658,29.1729,50.0027,-3.00532,
28/05/2025 00:09:00,556.019,192.736,0,325.367,0.65,0,3.67909,23.3796,27.0586,50.0169,-3.00532,
28/05/2025 00:10:00,556.023,192.759,0,325.607,0.65,0,1.01622,23.4154,24.4316,50.0169,-2.99097,
28/05/2025 00:11:00,556.038,192.814,0,325.367,0.65,0,0.675891,27.1743,27.8502,49.9727,-2.99829,
28/05/2025 00:12:00,556.061,192.818,0,324.889,0.65,0,0.268556,23.1407,23.4093,50.0084,-2.99829,
28/05/2025 00:13:00,556.05,192.774,0,324.649,0.65,0,5.89379,32.5318,38.4256,50.0084,-2.99829,
28/05/2025 00:14:00,556.026,192.77,0,324.41,0.65,0,11.1223,24.8773,35.9996,50.0169,-3.00532,
28/05/2025 00:15:00,556.023,192.803,0,325.128,0.65,0,10.5226,31.2188,41.7414,49.9618,-2.99829,
28/05/2025 00:16:00,556.023,192.754,0,325.128,0.65,0,12.3513,26.876,39.2273,49.94,-2.99829,
28/05/2025 00:17:00,556.023,192.759,0,325.367,0.65,0,17.5091,34.5888,52.098,49.9754,-3.00532,
28/05/2025 00:18:00,556.052,192.814,0,325.367,0.65,0,15.173,32.1541,47.3272,50.0312,-3.00532,
28/05/2025 00:19:00,556.122,192.823,0,325.367,0.65,0,15.8879,35.9323,51.8203,49.9591,-3.01226,
28/05/2025 00:20:00,556.159,192.766,0,325.128,0.65,0,18.2173,38.7126,56.9299,50.0055,-3.00532,
28/05/2025 00:21:00,556.097,192.78,0,324.649,0.65,0,16.7465,39.3188,56.0653,50.0511,-2.99097,
28/05/2025 00:22:00,556.033,192.766,0,324.41,0.65,0,12.1146,32.2713,44.3859,49.9835,-2.99829,
28/05/2025 00:23:00,556.027,192.746,0,324.889,0.65,0,10.0299,34.0274,44.0572,49.9917,-2.99829,
28/05/2025 00:24:00,556.034,192.783,0,325.128,0.65,0,6.3185,30.1695,36.488,50.0141,-2.99829,
28/05/2025 00:25:00,556.059,192.777,0,325.367,0.65,0,11.2672,27.4979,38.7651,49.9672,-3.00532,
28/05/2025 00:26:00,556.145,192.814,0,325.128,0.65,0,8.57563,27.9866,36.5622,49.9618,-3.01226,
28/05/2025 00:27:00,556.189,192.801,0,325.128,0.65,0,2.07458,19.8327,21.9073,50.0198,-2.99829,
28/05/2025 00:28:00,556.175,192.79,0,325.128,0.65,0,-0.85414,9.90739,9.05325,50.0198,-2.99829,
28/05/2025 00:29:00,556.079,192.775,0,324.889,0.65,0,4.45748,16.2971,20.7546,50.0226,-3.00532,
28/05/2025 00:30:00,556.052,192.801,0,324.649,0.65,0,16.0017,36.1235,52.1253,50.0141,-2.99829,
28/05/2025 00:31:00,556.109,192.797,0,324.889,0.65,0,19.2469,42.713,61.9599,50.0226,-3.00532,
28/05/2025 00:32:00,556.201,192.806,0,325.367,0.65,0,13.6801,37.4454,51.1254,50.0084,-3.01226,
28/05/2025 00:33:00,556.182,192.809,0,325.128,0.65,0,12.122,33.6879,45.8099,49.9727,-3.0192,
28/05/2025 00:34:00,556.205,192.819,0,325.128,0.65,0,8.42869,36.6839,45.1126,49.9727,-3.01226,
28/05/2025 00:35:00,556.153,192.793,0,325.367,0.65,0,10.518,38.0514,48.5694,49.9998,-3.00532,
28/05/2025 00:36:00,556.103,192.791,0,325.128,0.65,0,12.4844,42.2237,54.7081,50.0055,-2.99097,
28/05/2025 00:37:00,556.078,192.759,0,324.649,0.65,0,12.9227,42.2365,55.1592,49.9482,-2.99829,
28/05/2025 00:38:00,556.162,192.805,0,324.649,0.65,0,4.14268,30.2107,34.3534,50.0369,-2.99829,
28/05/2025 00:39:00,556.192,192.811,0,325.128,0.65,0,1.2114,21.6604,22.8718,50.0084,-3.01226,
28/05/2025 00:40:00,556.206,192.808,0,325.367,0.65,0,1.89188,22.5114,24.4032,50.0198,-2.99829,
28/05/2025 00:41:00,556.2,192.833,0,325.128,0.65,0,4.0021,28.832,32.8341,49.9971,-2.99829,
28/05/2025 00:42:00,556.186,192.82,0,325.128,0.65,0,7.99954,28.62,36.6195,49.9808,-2.99097,
28/05/2025 00:43:00,556.169,192.786,0,325.367,0.65,0,5.22417,19.6208,24.845,49.9672,-2.99829,
28/05/2025 00:44:00,556.199,192.778,0,324.41,0.65,0,-0.247183,10.0696,9.82245,49.9998,-2.99829,
28/05/2025 00:45:00,556.212,192.818,0,324.649,0.65,0,-0.398925,5.40289,5.00397,49.9781,-2.99829,
28/05/2025 00:46:00,556.209,192.809,0,324.41,0.65,0,2.00632,9.16627,11.1726,50.0112,-3.00532,
28/05/2025 00:47:00,556.204,192.816,0,324.889,0.65,0,7.9265,20.442,28.3685,49.9998,-3.00532,
28/05/2025 00:48:00,556.185,192.779,0,325.128,0.65,0,12.163,32.8125,44.9755,49.9917,-2.99097,
28/05/2025 00:49:00,556.141,192.763,0,325.128,0.65,0,9.94187,37.942,47.8839,49.9971,-2.98366,
28/05/2025 00:50:00,556.097,192.768,0,325.128,0.65,0,8.43875,26.6479,35.0866,49.9998,-2.99829,
28/05/2025 00:51:00,556.092,192.785,0,325.367,0.65,0,13.2621,27.4245,40.6866,49.9944,-2.99829,
28/05/2025 00:52:00,556.129,192.816,0,324.889,0.65,0,14.3711,33.545,47.9161,49.9971,-3.01226,
28/05/2025 00:53:00,556.128,192.797,0,324.649,0.65,0,13.6509,29.4993,43.1502,49.9944,-3.0192,
28/05/2025 00:54:00,556.151,192.774,0,324.17,0.65,0,5.83973,29.5316,35.3713,49.9862,-3.01226,
28/05/2025 00:55:00,556.114,192.78,0,325.128,0.65,0,8.26938,33.4345,41.7039,49.9944,-2.99829,
28/05/2025 00:56:00,556.093,192.824,0,325.128,0.65,0,8.88521,30.1276,39.0128,49.9971,-2.99829,
28/05/2025 00:57:00,556.111,192.773,0,325.128,0.65,0,5.10332,19.9155,25.0189,49.9944,-3.00532,
28/05/2025 00:58:00,556.094,192.786,0,325.367,0.65,0,9.29892,16.976,26.2749,49.9699,-3.01226,
28/05/2025 00:59:00,556.074,192.774,0,325.367,0.65,0,8.05049,16.3856,24.4361,50.0027,-3.0192,
28/05/2025 01:00:00,556.097,192.797,0,324.889,0.65,0,10.4199,20.2801,30.7001,50.0283,-3.0192,
28/05/2025 01:01:00,556.06,192.759,0,324.889,0.65,0,10.0687,20.789,30.8576,49.9808,-3.00532,
28/05/2025 01:02:00,556.047,192.801,0,324.41,0.65,0,8.51357,16.7687,25.2823,49.9917,-3.01226,
28/05/2025 01:03:00,556.05,192.762,0,324.889,0.65,0,2.40101,4.87713,7.27813,49.9645,-3.01226,
28/05/2025 01:04:00,556.03,192.773,0,325.367,0.65,0,5.42046,9.12084,14.5413,49.9862,-3.0192,
28/05/2025 01:05:00,556.05,192.76,0,325.367,0.65,0,8.33199,19.0207,27.3527,49.9862,-3.0192,
28/05/2025 01:06:00,556.092,192.761,0,325.367,0.65,0,3.44131,15.7062,19.1475,50.0027,-3.02615,
28/05/2025 01:07:00,556.098,192.775,0,325.367,0.65,0,0.622634,8.61045,9.23309,49.9727,-3.0192,
28/05/2025 01:08:00,556.149,192.776,0,324.889,0.65,0,2.43933,3.79781,6.23714,50.0112,-3.01226,
28/05/2025 01:09:00,556.14,192.791,0,324.889,0.65,0,1.04207,4.5181,5.56017,50.034,-3.00532,
28/05/2025 01:10:00,556.146,192.773,0,324.41,0.65,0,1.20331,6.5376,7.7409,49.989,-3.00532,
28/05/2025 01:11:00,556.164,192.794,0,325.128,0.65,0,3.70288,9.86537,13.5682,49.9862,-3.01226,
28/05/2025 01:12:00,556.173,192.768,0,325.128,0.65,0,3.53556,12.5284,16.064,49.9944,-3.01226,
28/05/2025 01:13:00,556.208,192.78,0,325.367,0.65,0,2.29758,10.4735,12.771,50.0027,-3.01226,
28/05/2025 01:14:00,556.199,192.778,0,325.128,0.65,0,0.577751,11.842,12.4198,50.0198,-3.00532,
28/05/2025 01:15:00,556.129,192.791,0,325.367,0.65,0,5.30533,11.0381,16.3435,49.9998,-3.00532,
28/05/2025 01:16:00,556.15,192.764,0,324.889,0.65,0,4.33098,19.1366,23.4676,50.0369,-2.99829,
28/05/2025 01:17:00,556.168,192.767,0,324.41,0.65,0,8.16999,21.0776,29.2476,49.9699,-3.00532,
28/05/2025 01:18:00,556.16,192.776,0,324.649,0.65,0,7.61388,28.1464,35.7603,49.9727,-3.01226,
28/05/2025 01:19:00,556.191,192.785,0,324.889,0.65,0,5.05266,23.6237,28.6763,49.9564,-3.02615,
28/05/2025 01:20:00,556.199,192.797,0,324.889,0.65,0,2.62269,25.6904,28.3131,49.9917,-3.0192,
28/05/2025 01:21:00,556.209,192.781,0,325.367,0.65,0,3.80918,26.5268,30.3359,50.0255,-3.01226,
28/05/2025 01:22:00,556.192,192.752,0,325.367,0.65,0,7.63081,32.3008,39.9317,49.9944,-2.99829,
28/05/2025 01:23:00,556.101,192.749,0,325.607,0.65,0,8.80601,23.9656,32.7716,50.0112,-2.99097,
28/05/2025 01:24:00,556.068,192.766,0,324.649,0.65,0,8.71047,25.2874,33.9979,49.9971,-2.99829,
28/05/2025 01:25:00,556.07,192.756,0,324.649,0.65,0,4.91037,19.2236,24.1339,49.9699,-2.99829,
28/05/2025 01:26:00,556.083,192.764,0,324.41,0.65,0,0.533251,11.8858,12.4191,49.989,-3.01226,
28/05/2025 01:27:00,556.063,192.756,0,325.128,0.65,0,0.95939,13.1775,14.1369,49.9672,-3.01226,
28/05/2025 01:28:00,556.084,192.766,0,325.367,0.65,0,3.54345,18.668,22.2114,49.9998,-3.00532,
28/05/2025 01:29:00,556.088,192.759,0,325.367,0.65,0,8.78635,23.6413,32.4276,50.0112,-2.99829,
28/05/2025 01:30:00,556.112,192.767,0,325.128,0.65,0,21.8792,35.5115,57.3907,50.0141,-2.99829,
28/05/2025 01:31:00,556.133,192.754,0,325.367,0.65,0,16.1203,22.904,39.0243,49.9835,-2.99829,
28/05/2025 01:32:00,556.159,192.76,0,324.889,0.65,0,6.65531,23.7925,30.4478,50.0055,-2.99829,
28/05/2025 01:33:00,556.171,192.776,0,324.649,0.65,0,5.72366,19.1177,24.8414,49.9754,-3.00532,
28/05/2025 01:34:00,556.167,192.755,0,324.41,0.65,0,4.80779,17.8174,22.6252,49.9862,-3.01226,
28/05/2025 01:35:00,556.158,192.776,0,324.889,0.65,0,3.392,23.7985,27.1905,49.989,-2.99829,
28/05/2025 01:36:00,556.172,192.769,0,325.367,0.65,0,7.63271,26.2467,33.8794,49.9808,-2.99097,
28/05/2025 01:37:00,556.172,192.77,0,325.607,0.65,0,10.0521,36.9249,46.9771,49.989,-2.99829,
28/05/2025 01:38:00,556.182,192.777,0,325.128,0.65,0,12.6658,40.1069,52.7728,50.0283,-3.00532,
28/05/2025 01:39:00,556.186,192.775,0,325.128,0.65,0,7.0122,28.7802,35.7924,49.9998,-2.99829,
28/05/2025 01:40:00,556.207,192.784,0,324.889,0.65,0,3.16441,21.3557,24.5201,49.9781,-3.01226,
28/05/2025 01:41:00,556.176,192.753,0,324.649,0.65,0,5.05911,24.8792,29.9384,49.9862,-3.0192,
28/05/2025 01:42:00,556.179,192.758,0,324.41,0.65,0,2.82612,16.8017,19.6278,50.0141,-2.99829,
28/05/2025 01:43:00,556.184,192.774,0,324.889,0.65,0,0.138726,9.67866,9.81737,49.9862,-2.99097,
28/05/2025 01:44:00,556.18,192.777,0,325.128,0.65,0,2.61957,7.01479,9.63436,50.0112,-2.99097,
28/05/2025 01:45:00,556.177,192.768,0,325.367,0.65,0,1.44535,7.13296,8.57832,50.0112,-2.99829,
28/05/2025 01:46:00,556.177,192.75,0,325.367,0.65,0,4.82549,16.6866,21.5121,49.9754,-3.00532,
28/05/2025 01:47:00,556.13,192.762,0,325.367,0.65,0,4.06409,18.1755,22.2396,49.9944,-3.01226,
28/05/2025 01:48:00,556.131,192.773,0,324.889,0.65,0,4.3123,18.901,23.2133,50.0055,-3.00532,
28/05/2025 01:49:00,556.106,192.769,0,324.649,0.65,0,2.61177,22.1485,24.7603,49.9862,-2.99097,
28/05/2025 01:50:00,556.133,192.77,0,324.41,0.65,0,4.86194,26.975,31.8369,50.0084,-2.98366,
28/05/2025 01:51:00,556.127,192.764,0,325.128,0.65,0,7.77814,37.6046,45.3827,49.9835,-2.99097,
28/05/2025 01:52:00,556.175,192.746,0,324.889,0.65,0,6.64083,36.773,43.4138,50.0141,-2.99097,
28/05/2025 01:53:00,556.177,192.753,0,325.128,0.65,0,4.33495,31.8089,36.1439,49.9944,-2.99829,
28/05/2025 01:54:00,556.154,192.748,0,325.367,0.65,0,2.50934,21.0747,23.5841,49.9808,-3.00532,
28/05/2025 01:55:00,556.17,192.765,0,325.128,0.65,0,2.5216,15.6951,18.2167,50.0454,-2.99829,
28/05/2025 01:56:00,556.165,192.78,0,324.889,0.65,0,5.56644,18.5933,24.1598,50.0369,-2.99097,
28/05/2025 01:57:00,556.171,192.761,0,324.889,0.65,0,1.30876,16.5237,17.8325,49.9509,-2.99829,
28/05/2025 01:58:00,556.157,192.76,0,324.41,0.65,0,3.82053,15.1498,18.9704,50.0141,-2.99829,
28/05/2025 01:59:00,556.075,192.741,0,324.649,0.65,0,6.49945,15.8654,22.3649,49.9835,-2.99829,
28/05/2025 02:00:00,556.12,192.745,0,325.128,0.65,0,2.92439,9.81486,12.7393,49.9835,-3.0192,
28/05/2025 02:01:00,556.193,192.766,0,325.128,0.65,0,5.36033,10.4632,15.8235,50.0027,-3.0192,
28/05/2025 02:02:00,556.2,192.766,0,325.607,0.65,0,4.64537,20.7644,25.4097,49.9754,-3.00532,
28/05/2025 02:03:00,556.195,192.769,0,325.128,0.65,0,2.79195,14.3493,17.1413,50.0169,-2.99829,
28/05/2025 02:04:00,556.186,192.78,0,324.889,0.65,0,-0.0621783,9.43597,9.37379,50.0112,-2.99097,
28/05/2025 02:05:00,556.208,192.775,0,324.41,0.65,0,2.1849,20.6369,22.8218,50.0084,-2.99829,
28/05/2025 02:06:00,556.207,192.772,0,324.17,0.65,0,2.251,19.2282,21.4792,49.9808,-2.99829,
28/05/2025 02:07:00,556.186,192.757,0,324.889,0.65,0,3.29186,14.1457,17.4375,49.9917,-2.99829,
28/05/2025 02:08:00,556.161,192.776,0,325.367,0.65,0,5.13797,12.4751,17.6131,49.9971,-3.00532,
28/05/2025 02:09:00,556.164,192.771,0,325.128,0.65,0,0.328921,10.6219,10.9509,49.9971,-2.99829,
28/05/2025 02:10:00,556.139,192.781,0,325.367,0.65,0,0.613701,12.4225,13.0363,50.0454,-2.99097,
28/05/2025 02:11:00,556.083,192.74,0,325.367,0.65,0,6.2494,17.3068,23.5562,49.989,-2.99829,
28/05/2025 02:12:00,556.133,192.754,0,324.889,0.65,0,0.416083,18.1066,18.5227,49.9781,-2.99829,
28/05/2025 02:13:00,556.086,192.761,0,324.889,0.65,0,-0.0442642,22.732,22.6878,49.9699,-3.00532,
28/05/2025 02:14:00,556.155,192.768,0,324.649,0.65,0,2.67567,29.1395,31.8151,50.0112,-2.99829,
28/05/2025 02:15:00,556.174,192.787,0,324.889,0.65,0,7.91497,33.7054,41.6204,50.0027,-2.99829,
28/05/2025 02:16:00,556.173,192.776,0,325.128,0.65,0,10.2677,31.7712,42.0389,50.0169,-2.98366,
28/05/2025 02:17:00,556.106,192.772,0,325.128,0.65,0,5.08029,27.5284,32.6086,49.9944,-2.98366,
28/05/2025 02:18:00,556.066,192.764,0,325.367,0.65,0,7.31139,27.252,34.5634,50.0454,-2.98366,
28/05/2025 02:19:00,556.061,192.76,0,325.128,0.65,0,12.4457,28.1767,40.6223,49.9564,-2.99829,
28/05/2025 02:20:00,556.077,192.746,0,324.889,0.65,0,7.83328,26.9159,34.7492,49.9835,-3.00532,
28/05/2025 02:21:00,556.094,192.763,0,324.649,0.65,0,3.04353,20.3652,23.4087,50.0055,-3.01226,
28/05/2025 02:22:00,556.103,192.778,0,324.41,0.65,0,1.81243,20.2621,22.0746,50.0454,-3.00532,
28/05/2025 02:23:00,556.137,192.756,0,324.889,0.65,0,5.09167,21.3776,26.4693,49.9862,-2.99097,
28/05/2025 02:24:00,556.131,192.752,0,325.128,0.65,0,8.07058,23.3537,31.4243,49.9998,-2.99097,
28/05/2025 02:25:00,556.12,192.733,0,325.128,0.65,0,7.70922,21.3794,29.0886,49.9944,-2.99829,
28/05/2025 02:26:00,556.052,192.753,0,325.367,0.65,0,11.0484,23.3311,34.3795,50.0312,-3.00532,
28/05/2025 02:27:00,556.06,192.75,0,325.367,0.65,0,8.58947,26.6976,35.287,50.0112,-3.0192,
28/05/2025 02:28:00,556.08,192.74,0,324.889,0.65,0,7.59229,23.4738,31.0661,49.9835,-3.0192,
28/05/2025 02:29:00,556.068,192.753,0,324.649,0.65,0,5.70692,19.0008,24.7077,49.9808,-3.01226,
28/05/2025 02:30:00,556.046,192.754,0,324.649,0.65,0,1.87386,13.5691,15.4429,50.0198,-3.00532,
28/05/2025 02:31:00,556.11,192.755,0,324.889,0.65,0,1.71079,12.8195,14.5303,49.9645,-2.99829,
28/05/2025 02:32:00,556.068,192.746,0,325.128,0.65,0,7.01,13.6959,20.7059,50.0198,-2.99829,
28/05/2025 02:33:00,556.034,192.732,0,325.367,0.65,0,6.60957,15.2166,21.8261,49.9998,-3.00532,
28/05/2025 02:34:00,556.045,192.756,0,325.367,0.65,0,10.202,27.6607,37.8627,49.9672,-3.00532,
28/05/2025 02:35:00,556.031,192.758,0,325.367,0.65,0,8.3364,27.5962,35.9326,50.0055,-3.00532,
28/05/2025 02:36:00,556.047,192.759,0,324.889,0.65,0,5.22193,21.7744,26.9963,49.9917,-2.99829,
28/05/2025 02:37:00,556.07,192.774,0,324.889,0.65,0,1.54693,12.1971,13.744,50.0084,-2.99829,
28/05/2025 02:38:00,556.081,192.761,0,324.41,0.65,0,1.90761,12.421,14.3286,50.0027,-2.99097,
28/05/2025 02:39:00,556.121,192.774,0,324.889,0.65,0,1.95479,15.2533,17.2081,50.0198,-2.99097,
28/05/2025 02:40:00,556.168,192.757,0,325.367,0.65,0,2.61926,18.8463,21.4656,49.9971,-3.00532,
28/05/2025 02:41:00,556.138,192.738,0,325.128,0.65,0,1.871,14.4449,16.3159,49.9998,-3.00532,
28/05/2025 02:42:00,556.17,192.775,0,325.367,0.65,0,6.13019,28.1796,34.3098,50.0226,-2.99829,
28/05/2025 02:43:00,556.152,192.768,0,325.367,0.65,0,2.68486,21.56,24.2449,50.0312,-2.98366,
28/05/2025 02:44:00,556.127,192.755,0,325.128,0.65,0,4.89002,15.869,20.759,50.0369,-2.99097,
28/05/2025 02:45:00,556.146,192.775,0,324.41,0.65,0,7.16169,19.6207,26.7824,50.0141,-2.97636,
28/05/2025 02:46:00,556.171,192.749,0,324.41,0.65,0,6.55159,21.6301,28.1816,49.9672,-3.00532,
28/05/2025 02:47:00,556.193,192.743,0,324.649,0.65,0,4.89247,17.7349,22.6273,49.9971,-3.00532,
28/05/2025 02:48:00,556.17,192.766,0,325.367,0.65,0,4.03995,11.665,15.7049,49.9917,-3.0192,
28/05/2025 02:49:00,556.196,192.757,0,325.367,0.65,0,2.17661,14.3311,16.5077,50.034,-3.01226,
28/05/2025 02:50:00,556.194,192.754,0,325.128,0.65,0,1.41123,7.14829,8.55951,50.0198,-2.99829,
28/05/2025 02:51:00,556.206,192.767,0,325.367,0.65,0,-0.521455,5.67072,5.14927,50.0084,-2.99829,
28/05/2025 02:52:00,556.209,192.774,0,324.649,0.65,0,0.67468,1.91853,2.59321,50.0112,-2.99097,
28/05/2025 02:53:00,556.194,192.761,0,324.649,0.65,0,-1.29661,4.45843,3.16182,50.0369,-2.99829,
28/05/2025 02:54:00,556.193,192.76,0,324.649,0.65,0,-0.186712,4.65453,4.46782,49.9862,-3.00532,
28/05/2025 02:55:00,556.203,192.769,0,325.128,0.65,0,-0.186834,4.6305,4.44367,50.0198,-3.00532,
28/05/2025 02:56:00,556.216,192.765,0,325.128,0.65,0,3.53346,4.96077,8.49422,50.0283,-2.99097,
28/05/2025 02:57:00,556.213,192.759,0,325.367,0.65,0,0.228704,4.14249,4.37119,49.9971,-2.98366,
28/05/2025 02:58:00,556.216,192.755,0,325.128,0.65,0,2.3405,3.73151,6.07201,49.9971,-2.98366,
28/05/2025 02:59:00,556.202,192.769,0,325.367,0.65,0,4.55654,8.19082,12.7474,49.9998,-2.98366,
28/05/2025 03:00:00,556.213,192.776,0,325.128,0.65,0,1.21747,5.45918,6.67666,49.9971,-2.99829,
28/05/2025 03:01:00,556.216,192.786,0,324.649,0.65,0,4.82003,10.2067,15.0267,50.0027,-2.99829,
28/05/2025 03:02:00,556.213,192.791,0,324.889,0.65,0,5.60711,18.7534,24.3605,49.9699,-3.00532,
28/05/2025 03:03:00,556.215,192.782,0,324.889,0.65,0,0.353521,11.7381,12.0916,49.9862,-2.99097,
28/05/2025 03:04:00,556.216,192.78,0,325.128,0.65,0,-1.57273,13.8045,12.2318,50.0283,-2.98366,
28/05/2025 03:05:00,556.216,192.795,0,325.367,0.65,0,3.15971,17.797,20.9567,50.0312,-2.98366,
28/05/2025 03:06:00,556.216,192.79,0,325.367,0.65,0,2.80663,10.2263,13.0329,49.9727,-2.99097,
28/05/2025 03:07:00,556.216,192.779,0,325.367,0.65,0,-0.56745,7.28884,6.7214,49.9998,-2.99097,
28/05/2025 03:08:00,556.221,192.796,0,325.128,0.65,0,0.966406,7.29449,8.26089,49.9835,-3.00532,
28/05/2025 03:09:00,556.216,192.787,0,324.649,0.65,0,3.94132,5.83493,9.77625,49.9781,-3.00532,
28/05/2025 03:10:00,556.216,192.784,0,324.41,0.65,0,2.42103,6.38496,8.80599,49.9808,-2.99097,
28/05/2025 03:11:00,556.216,192.788,0,324.889,0.65,0,2.31579,6.42309,8.73888,50.0255,-2.99829,
28/05/2025 03:12:00,556.216,192.794,0,325.128,0.65,0,6.53389,9.79908,16.333,49.9781,-2.99829,
28/05/2025 03:13:00,556.216,192.772,0,325.367,0.65,0,4.4192,10.5441,14.9633,50.0198,-3.01226,
28/05/2025 03:14:00,546.946,189.579,0,325.367,0.639167,0,3.85532,8.00571,11.861,49.9917,-3.02615,
28/05/2025 03:15:00,537.675,186.364,0,325.367,0.628333,0,1.72421,5.16541,6.88963,49.9835,-3.02615,
28/05/2025 03:16:00,537.675,186.324,0,324.889,0.628333,0,1.38202,4.83476,6.21678,49.9862,-3.01226,
28/05/2025 03:17:00,556.216,192.785,0,324.649,0.65,0,3.49392,3.04725,6.54117,49.9862,-3.00532,
28/05/2025 03:18:00,556.216,192.78,0,324.41,0.65,0,-0.147232,4.31013,4.16289,49.9998,-3.00532,
28/05/2025 03:19:00,556.216,192.784,0,325.128,0.65,0,1.6906,4.21105,5.90165,49.9618,-2.99829,
28/05/2025 03:20:00,537.675,186.345,0,325.128,0.628333,0,1.56251,8.89747,10.46,50.0027,-3.01226,
28/05/2025 03:21:00,556.216,192.788,0,325.367,0.65,0,2.99407,10.631,13.6251,49.9672,-3.0192,
28/05/2025 03:22:00,537.675,186.346,0,325.367,0.628333,0,0.0605077,8.84468,8.90519,49.9862,-3.0192,
28/05/2025 03:23:00,546.954,189.607,0,325.607,0.639167,0,-0.0128508,6.71599,6.70315,49.9917,-3.01226,
28/05/2025 03:24:00,519.135,179.885,0,324.889,0.606667,0,1.71341,5.16157,6.87498,50.0312,-3.00532,
28/05/2025 03:25:00,509.865,176.756,0,324.41,0.595833,0,1.3992,11.6371,13.0363,49.9754,-3.00532,
28/05/2025 03:26:00,528.405,183.166,0,324.649,0.6175,0,2.36068,7.57747,9.93814,50.0397,-3.00532,
28/05/2025 03:27:00,509.875,176.711,0,324.889,0.606667,0,0.225013,5.94726,6.17227,49.9754,-3.0192,
28/05/2025 03:28:00,509.865,176.694,0,325.128,0.585,0,-0.387176,5.26648,4.8793,49.9781,-3.0192,
28/05/2025 03:29:00,528.411,183.149,0,325.128,0.6175,0,-0.382545,11.2692,10.8867,49.9699,-3.01226,
28/05/2025 03:30:00,556.235,192.789,0,325.367,0.65,0,-0.125939,9.35169,9.22575,50.0169,-2.99829,
28/05/2025 03:31:00,556.226,192.795,0,325.367,0.65,0,0.0407367,5.76342,5.80416,50.0055,-2.98366,
28/05/2025 03:32:00,546.977,189.583,0,324.889,0.639167,0,0.955177,7.19878,8.15395,49.989,-2.99097,
28/05/2025 03:33:00,546.949,189.568,0,324.17,0.639167,0,1.17437,9.24686,10.4212,50.0169,-2.99829,
28/05/2025 03:34:00,500.599,173.523,0,324.41,0.585,0,-0.163123,6.2024,6.03928,49.9944,-3.00532,
28/05/2025 03:35:00,556.223,192.773,0,324.889,0.65,0,2.103,10.4451,12.5481,50.0169,-2.99097,
28/05/2025 03:36:00,537.675,186.343,0,325.128,0.628333,0,3.43794,15.6381,19.0761,50.034,-2.99097,
28/05/2025 03:37:00,556.218,192.788,0,325.367,0.65,0,4.04162,15.602,19.6436,50.0312,-2.99097,
28/05/2025 03:38:00,556.227,192.809,0,325.367,0.65,0,0.735876,8.13828,8.87416,50.034,-2.98366,
28/05/2025 03:39:00,556.231,192.811,0,325.367,0.65,0,1.56105,5.97905,7.54009,49.9917,-2.98366,
28/05/2025 03:40:00,556.241,192.801,0,324.649,0.65,0,-0.0649235,5.73947,5.67455,49.9944,-2.99097,
28/05/2025 03:41:00,556.232,192.811,0,324.649,0.65,0,2.63724,9.72903,12.3663,49.9645,-3.00532,
28/05/2025 03:42:00,556.222,192.796,0,324.41,0.65,0,2.24361,17.9326,20.1762,50.0027,-3.00532,
28/05/2025 03:43:00,556.241,192.805,0,325.128,0.65,0,1.83763,13.5007,15.3383,50.0112,-3.00532,
28/05/2025 03:44:00,556.249,192.81,0,325.128,0.65,0,0.854041,16.6794,17.5335,50.0198,-2.99829,
28/05/2025 03:45:00,556.254,192.809,0,325.128,0.65,0,0.885563,20.7223,21.6079,50.0312,-2.98366,
28/05/2025 03:46:00,556.256,192.821,0,325.367,0.65,0,5.83289,20.5346,26.3675,50.0084,-2.99097,
28/05/2025 03:47:00,556.252,192.799,0,325.367,0.65,0,1.81576,16.4395,18.2553,50.0027,-2.98366,
28/05/2025 03:48:00,556.271,192.804,0,324.889,0.65,0,1.6803,16.6086,18.2889,49.9944,-2.99829,
28/05/2025 03:49:00,556.23,192.801,0,324.649,0.65,0,0.20254,8.60978,8.81233,49.9998,-2.99829,
28/05/2025 03:50:00,556.279,192.788,0,324.41,0.65,0,0.324941,11.1537,11.4787,50.0255,-2.98366,
28/05/2025 03:51:00,556.331,192.821,0,325.367,0.65,0,1.29982,9.97851,11.2783,50.0169,-2.97636,
28/05/2025 03:52:00,556.335,192.831,0,325.367,0.65,0,1.5692,8.59267,10.1619,50.0055,-2.98366,
28/05/2025 03:53:00,556.347,192.831,0,325.128,0.65,0,0.942397,12.1877,13.1301,50.0169,-2.97636,
28/05/2025 03:54:00,556.313,192.821,0,325.128,0.65,0,2.85373,14.5349,17.3886,49.9917,-2.99829,
28/05/2025 03:55:00,556.357,192.825,0,325.128,0.65,0,1.36663,16.858,18.2246,50.0084,-3.00532,
28/05/2025 03:56:00,556.383,192.834,0,325.128,0.65,0,1.07689,10.4381,11.515,49.9998,-3.00532,
28/05/2025 03:57:00,556.389,192.827,0,324.649,0.65,0,-0.838389,6.93803,6.09964,50.0198,-2.99097,
28/05/2025 03:58:00,556.404,192.834,0,324.889,0.65,0,1.13391,13.5749,14.7088,50.0141,-2.99829,
28/05/2025 03:59:00,556.409,192.849,0,324.649,0.65,0,1.12032,20.8504,21.9707,50.0055,-2.99097,
28/05/2025 04:00:00,556.406,192.841,0,324.41,0.65,0,3.10491,24.2084,27.3133,49.9971,-2.99829,
28/05/2025 04:01:00,556.409,192.85,0,325.128,0.65,0,1.92703,21.7205,23.6475,49.9699,-3.00532,
28/05/2025 04:02:00,556.409,192.842,0,324.889,0.65,0,1.45546,19.5821,21.0375,50.0055,-3.00532,
28/05/2025 04:03:00,556.411,192.854,0,325.607,0.65,0,1.54839,24.426,25.9744,50.0055,-3.00532,
28/05/2025 04:04:00,556.41,192.87,0,324.889,0.65,0,6.39506,27.994,34.3891,50.0084,-2.99829,
28/05/2025 04:05:00,556.449,192.88,0,325.367,0.65,0,6.18163,27.4596,33.6412,50.0027,-2.99097,
28/05/2025 04:06:00,556.431,192.873,0,324.41,0.65,0,1.61241,16.6829,18.2953,49.9944,-2.99097,
28/05/2025 04:07:00,556.464,192.868,0,324.649,0.65,0,0.378108,16.6281,17.0063,50.0055,-3.00532,
28/05/2025 04:08:00,556.452,192.87,0,324.17,0.65,0,1.30279,10.9543,12.2571,49.9862,-3.00532,
28/05/2025 04:09:00,556.465,192.87,0,324.889,0.65,0,-0.854877,7.88672,7.03184,49.9944,-3.00532,
28/05/2025 04:10:00,556.433,192.871,0,325.128,0.65,0,1.41398,13.8069,15.2208,50.0169,-2.99097,
28/05/2025 04:11:00,556.441,192.874,0,325.367,0.65,0,4.03479,15.7883,19.823,50.0027,-2.98366,
28/05/2025 04:12:00,556.461,192.875,0,324.889,0.65,0,1.94821,17.9585,19.9068,49.989,-2.99097,
28/05/2025 04:13:00,556.453,192.871,0,325.367,0.65,0,9.5488,19.5063,29.0551,49.9754,-2.99829,
28/05/2025 04:14:00,556.417,192.869,0,325.128,0.65,0,9.6527,22.7329,32.3857,49.9591,-3.00532,
28/05/2025 04:15:00,556.486,192.85,0,324.41,0.65,0,2.57853,18.2892,20.8677,49.9699,-3.0192,
28/05/2025 04:16:00,556.505,192.881,0,324.649,0.65,0,2.20913,16.2046,18.4137,49.9862,-3.02615,
28/05/2025 04:17:00,556.505,192.878,0,324.649,0.65,0,3.89722,16.1542,20.0514,49.9917,-3.01226,
28/05/2025 04:18:00,556.512,192.888,0,325.128,0.65,0,2.43947,18.997,21.4364,50.0255,-3.00532,
28/05/2025 04:19:00,556.467,192.864,0,325.367,0.65,0,2.52991,16.9534,19.4833,50.0198,-2.99829,
28/05/2025 04:20:00,556.462,192.854,0,325.128,0.65,0,11.2416,27.1791,38.4206,50.0027,-3.00532,
28/05/2025 04:21:00,556.48,192.864,0,325.367,0.65,0,4.70263,19.9112,24.6138,49.9727,-3.0192,
28/05/2025 04:22:00,556.51,192.871,0,325.128,0.65,0,3.20157,15.5339,18.7355,49.989,-3.0192,
28/05/2025 04:23:00,556.548,192.851,0,324.649,0.65,0,5.3528,13.95,19.3027,50.0027,-2.99829,
28/05/2025 04:24:00,556.53,192.885,0,324.17,0.65,0,3.82077,17.5544,21.3752,49.9944,-2.99097,
28/05/2025 04:25:00,556.549,192.877,0,324.41,0.65,0,7.32596,14.2557,21.5816,50.0255,-2.98366,
28/05/2025 04:26:00,556.513,192.882,0,325.128,0.65,0,5.907,17.5499,23.4569,49.9781,-2.98366,
28/05/2025 04:27:00,556.52,192.884,0,325.367,0.65,0,7.00622,23.9406,30.9468,49.9482,-2.99829,
28/05/2025 04:28:00,556.512,192.863,0,325.128,0.65,0,5.46196,17.2612,22.7231,49.9781,-3.00532,
28/05/2025 04:29:00,556.496,192.859,0,325.128,0.65,0,3.56493,15.989,19.554,49.9944,-3.01226,
28/05/2025 04:30:00,556.463,192.881,0,325.128,0.65,0,3.58054,14.3547,17.9353,50.0283,-3.00532,
28/05/2025 04:31:00,556.512,192.878,0,324.649,0.65,0,5.26077,14.6869,19.9477,50.0055,-3.00532,
28/05/2025 04:32:00,556.562,192.879,0,324.17,0.65,0,5.64182,12.75,18.3918,49.9917,-3.00532,
28/05/2025 04:33:00,556.509,192.88,0,324.889,0.65,0,5.26408,8.60624,13.8703,50.0141,-3.01226,
28/05/2025 04:34:00,556.526,192.856,0,325.367,0.65,0,5.56318,9.17634,14.7395,50.0112,-3.02615,
28/05/2025 04:35:00,547.289,189.695,0,325.367,0.639167,0,0.958292,9.13723,10.0955,49.9971,-3.0331,
28/05/2025 04:36:00,556.508,192.86,0,325.367,0.65,0,-0.267952,8.4935,8.22555,49.9835,-3.0192,
28/05/2025 04:37:00,556.56,192.888,0,325.367,0.65,0,-0.538278,7.25199,6.71371,49.9998,-3.01226,
28/05/2025 04:38:00,556.578,192.867,0,325.128,0.65,0,-1.18589,3.44949,2.26361,49.9672,-3.00532,
28/05/2025 04:39:00,556.567,192.862,0,324.889,0.65,0,0.528804,4.42614,4.95495,50.0084,-3.00532,
28/05/2025 04:40:00,556.59,192.866,0,324.649,0.65,0,0.822051,3.97263,4.79468,49.9754,-3.00532,
28/05/2025 04:41:00,556.586,192.851,0,324.649,0.65,0,2.24611,7.09213,9.33824,49.9862,-3.01226,
28/05/2025 04:42:00,556.579,192.903,0,325.367,0.65,0,3.21535,5.57399,8.78935,50.0112,-3.01226,
28/05/2025 04:43:00,556.582,192.863,0,325.607,0.65,0,1.88883,4.92775,6.81658,50.0198,-3.00532,
28/05/2025 04:44:00,556.597,192.882,0,324.889,0.65,0,0.846034,9.82311,10.6691,49.9971,-2.99829,
28/05/2025 04:45:00,556.56,192.876,0,325.367,0.65,0,1.12818,10.2762,11.4044,49.9944,-2.99097,
28/05/2025 04:46:00,556.487,192.868,0,325.128,0.65,0,5.2581,16.731,21.9891,49.9944,-2.99097,
28/05/2025 04:47:00,556.533,192.863,0,324.41,0.65,0,5.02818,15.9775,21.0057,50.0198,-2.99829,
28/05/2025 04:48:00,556.566,192.85,0,324.17,0.65,0,0.840206,13.0862,13.9264,49.9971,-3.00532,
28/05/2025 04:49:00,556.526,192.892,0,324.889,0.65,0,3.47882,15.72,19.1988,50.0369,-3.01226,
28/05/2025 04:50:00,556.515,192.864,0,324.889,0.65,0,4.83543,19.677,24.5124,50.0198,-2.99829,
28/05/2025 04:51:00,556.566,192.869,0,325.367,0.65,0,1.40283,10.2921,11.6949,49.989,-2.99829,
28/05/2025 04:52:00,556.594,192.896,0,325.128,0.65,0,-0.0759262,4.32819,4.25226,49.9917,-2.99829,
28/05/2025 04:53:00,556.583,192.849,0,325.367,0.65,0,-0.559904,3.28166,2.72175,50.0055,-2.99829,
28/05/2025 04:54:00,556.552,192.896,0,324.889,0.65,0,-1.05886,2.82205,1.76319,49.9944,-3.01226,
28/05/2025 04:55:00,556.582,192.839,0,324.649,0.65,0,-0.531138,3.84155,3.31041,49.9917,-3.02615,
28/05/2025 04:56:00,556.581,192.85,0,324.41,0.65,0,0.367109,2.86945,3.23656,49.9754,-3.0192,
28/05/2025 04:57:00,556.551,192.888,0,324.889,0.65,0,-0.673778,3.48792,2.81414,50.0397,-3.00532,
28/05/2025 04:58:00,556.478,192.878,0,325.128,0.65,0,-0.493606,3.34288,2.84927,49.989,-2.99829,
28/05/2025 04:59:00,556.42,192.843,0,325.367,0.65,0,-0.312951,3.51939,3.20644,49.9808,-2.99829,
28/05/2025 05:00:00,547.136,189.622,0,325.128,0.639167,0,-0.0516761,4.2293,4.17762,49.9699,-2.99829,
28/05/2025 05:01:00,556.409,192.8,0,325.128,0.65,0,1.96152,5.21148,7.17301,49.9998,-3.01226,
28/05/2025 05:02:00,556.409,192.82,0,325.128,0.65,0,0.555257,8.53986,9.09511,50.0084,-3.01226,
28/05/2025 05:03:00,556.409,192.838,0,324.41,0.65,0,2.07725,12.1703,14.2476,50.0084,-3.0192,
28/05/2025 05:04:00,556.407,192.846,0,324.41,0.65,0,2.38102,10.5123,12.8933,50.0369,-2.99829,
28/05/2025 05:05:00,556.407,192.796,0,324.649,0.65,0,1.34753,9.31408,10.6616,50.0055,-2.99097,
28/05/2025 05:06:00,556.407,192.794,0,325.128,0.65,0,3.37624,13.2632,16.6395,49.9971,-2.99097,
28/05/2025 05:07:00,556.382,192.794,0,325.367,0.65,0,4.69844,14.8537,19.5521,49.9944,-2.99829,
28/05/2025 05:08:00,556.356,192.787,0,325.128,0.65,0,4.86731,10.3259,15.1932,49.9591,-3.01226,
28/05/2025 05:09:00,556.31,192.79,0,325.367,0.65,0,2.35732,9.07985,11.4372,49.9998,-3.02615,
28/05/2025 05:10:00,556.356,192.806,0,325.128,0.65,0,3.27673,10.5647,13.8415,50.0711,-3.01226,
28/05/2025 05:11:00,556.318,192.819,0,324.649,0.65,0,3.82918,8.21416,12.0433,49.989,-2.99829,
28/05/2025 05:12:00,556.313,192.76,0,324.41,0.65,0,2.92209,8.03873,10.9608,50.0027,-2.99097,
28/05/2025 05:13:00,556.279,192.777,0,324.889,0.65,0,4.01434,7.94693,11.9613,49.9971,-3.00532,
28/05/2025 05:14:00,556.25,192.819,0,325.128,0.65,0,4.17741,5.94854,10.1259,49.9835,-3.01226,
28/05/2025 05:15:00,556.27,192.819,0,325.607,0.65,0,1.80675,6.095,7.90176,49.9808,-3.02615,
28/05/2025 05:16:00,556.251,192.825,0,325.128,0.65,0,0.938405,4.98723,5.92563,50.0312,-3.02615,
28/05/2025 05:17:00,556.299,192.811,0,325.128,0.65,0,2.0259,4.23257,6.25846,49.9672,-3.0331,
28/05/2025 05:18:00,556.269,192.812,0,325.367,0.65,0,1.49834,6.86652,8.36486,49.9781,-3.01226,
28/05/2025 05:19:00,556.221,192.761,0,324.41,0.65,0,2.7799,6.33985,9.11975,50.0027,-2.99829,
28/05/2025 05:20:00,556.223,192.746,0,324.41,0.65,0,3.44972,7.77736,11.2271,49.9998,-2.99829,
28/05/2025 05:21:00,556.218,192.746,0,324.889,0.65,0,2.66143,7.55518,10.2166,49.9998,-3.00532,
28/05/2025 05:22:00,556.216,192.741,0,325.128,0.65,0,3.58577,13.1136,16.6993,49.9781,-3.01226,
28/05/2025 05:23:00,556.212,192.725,0,325.367,0.65,0,2.42005,8.7078,11.1278,50.034,-3.01226,
28/05/2025 05:24:00,556.216,192.703,0,325.367,0.65,0,2.44962,7.77411,10.2237,50.0141,-3.00532,
28/05/2025 05:25:00,537.678,186.335,0,325.367,0.628333,0,0.666271,4.61354,5.27981,50.0226,-2.99097,
28/05/2025 05:26:00,528.405,183.071,0,325.128,0.6175,0,-0.074642,2.53547,2.46083,49.9944,-2.98366,
28/05/2025 05:27:00,556.216,192.724,0,324.649,0.65,0,0.728775,3.72361,4.45239,49.9998,-2.99097,
28/05/2025 05:28:00,556.207,192.741,0,324.17,0.65,0,2.19984,4.80227,7.0021,49.9944,-2.99829,
28/05/2025 05:29:00,556.212,192.73,0,324.889,0.65,0,0.703094,5.07617,5.77926,49.989,-3.0192,
28/05/2025 05:30:00,556.209,192.719,0,325.128,0.65,0,0.532115,6.4845,7.01661,50.034,-3.0192,
28/05/2025 05:31:00,556.216,192.752,0,325.367,0.65,0,-1.08865,4.24669,3.15804,49.9998,-3.01226,
28/05/2025 05:32:00,556.196,192.733,0,325.128,0.65,0,0.559108,10.1872,10.7464,50.0084,-3.00532,
28/05/2025 05:33:00,556.203,192.7,0,325.367,0.65,0,0.59454,12.9581,13.5527,50.034,-2.98366,
28/05/2025 05:34:00,556.204,192.744,0,325.367,0.65,0,1.24151,17.6758,18.9173,50.0027,-2.98366,
28/05/2025 05:35:00,556.165,192.751,0,324.41,0.65,0,1.25816,15.8596,17.1177,49.9917,-2.99829,
28/05/2025 05:36:00,556.165,192.68,0,324.41,0.65,0,4.20688,15.48,19.6869,49.9998,-2.99829,
28/05/2025 05:37:00,556.168,192.722,0,324.889,0.65,0,3.51171,23.0592,26.5709,50.0055,-3.00532,
28/05/2025 05:38:00,556.154,192.745,0,325.128,0.65,0,4.17779,27.3986,31.5764,50.0169,-2.99829,
28/05/2025 05:39:00,556.112,192.713,0,325.367,0.65,0,4.22769,27.6838,31.9115,50.0312,-2.98366,
28/05/2025 05:40:00,556.092,192.72,0,325.128,0.65,0,5.36221,25.2901,30.6524,49.9862,-2.97636,
28/05/2025 05:41:00,556.098,192.746,0,325.367,0.65,0,4.17273,23.2833,27.4561,49.9835,-2.98366,
28/05/2025 05:42:00,556.055,192.72,0,324.889,0.65,0,4.67927,10.8078,15.487,50.0169,-2.99829,
28/05/2025 05:43:00,556.073,192.665,0,324.649,0.65,0,3.64363,13.1888,16.8325,50.0055,-3.00532,
28/05/2025 05:44:00,556.031,192.72,0,324.17,0.65,0,3.26765,10.2073,13.475,49.9998,-3.01226,
28/05/2025 05:45:00,556.049,192.675,0,324.889,0.65,0,4.57015,12.8979,17.468,50.0568,-2.99829,
28/05/2025 05:46:00,556.061,192.753,0,325.128,0.65,0,5.17683,13.9958,19.1726,49.9727,-2.99829,
28/05/2025 05:47:00,556.1,192.723,0,325.367,0.65,0,4.4122,10.055,14.4672,49.9618,-3.00532,
28/05/2025 05:48:00,556.084,192.696,0,325.128,0.65,0,5.17523,14.1878,19.3631,50.0084,-3.01226,
28/05/2025 05:49:00,556.025,192.687,0,325.367,0.65,0,5.35123,6.51628,11.8675,49.9998,-3.0192,
28/05/2025 05:50:00,556.036,192.678,0,324.889,0.65,0,3.11416,6.4809,9.59507,49.9944,-3.0331,
28/05/2025 05:51:00,546.764,189.518,0,324.649,0.639167,0,2.51587,5.60608,8.12195,49.9618,-3.0331,
28/05/2025 05:52:00,556.025,192.67,0,324.41,0.65,0,2.55333,4.79527,7.3486,50.0198,-3.0192,
28/05/2025 05:53:00,556.051,192.714,0,324.889,0.65,0,2.43074,12.9437,15.3745,50.0027,-3.00532,
28/05/2025 05:54:00,556.066,192.668,0,325.128,0.65,0,1.28781,9.50004,10.7878,50.0141,-3.00532,
28/05/2025 05:55:00,556.05,192.681,0,325.607,0.65,0,1.65378,14.0146,15.6683,50.0055,-3.01226,
28/05/2025 05:56:00,556.026,192.676,0,325.128,0.65,0,3.5633,9.44333,13.0066,49.9754,-3.0192,
28/05/2025 05:57:00,556.023,192.664,0,325.607,0.65,0,1.53491,12.0394,13.5743,49.989,-3.0192,
28/05/2025 05:58:00,556.023,192.649,0,325.128,0.65,0,1.47806,6.05279,7.53086,49.9862,-3.01226,
28/05/2025 05:59:00,556.025,192.705,0,324.41,0.65,0,0.234856,6.57617,6.81103,50.0283,-2.99097,
28/05/2025 06:00:00,556.031,192.652,0,324.41,0.65,0,1.46903,5.08161,6.55063,50.0169,-2.98366,
28/05/2025 06:01:00,556.03,192.645,0,324.889,0.65,0,1.27325,4.92801,6.20126,49.9862,-2.98366,
28/05/2025 06:02:00,556.024,192.714,0,325.607,0.65,0,2.28338,9.66918,11.9526,49.9944,-2.99829,
28/05/2025 06:03:00,556.023,192.654,0,325.367,0.65,0,2.32015,8.67387,10.994,49.9455,-3.01226,
28/05/2025 06:04:00,556.023,192.677,0,324.889,0.65,0,0.849036,4.5726,5.42163,50.0226,-3.0192,
28/05/2025 06:05:00,556.028,192.663,0,325.128,0.65,0,1.48233,6.82273,8.30508,49.9944,-3.0192,
28/05/2025 06:06:00,556.027,192.666,0,324.889,0.65,0,0.589461,3.50524,4.09471,49.9944,-3.00532,
28/05/2025 06:07:00,556.023,192.684,0,324.889,0.65,0,-0.0764786,5.29296,5.21648,50.0027,-2.98366,
28/05/2025 06:08:00,556.046,192.645,0,324.41,0.65,0,-0.109907,9.45661,9.3467,50.0084,-2.97636,
28/05/2025 06:09:00,556.039,192.695,0,324.889,0.65,0,1.48218,11.4709,12.953,49.989,-2.97636,
28/05/2025 06:10:00,556.037,192.663,0,325.128,0.65,0,2.69162,18.1303,20.8219,50.0198,-2.98366,
28/05/2025 06:11:00,556.045,192.666,0,325.607,0.65,0,-0.162596,10.2938,10.1312,49.9781,-2.99829,
28/05/2025 06:12:00,556.088,192.672,0,325.128,0.65,0,-0.114843,8.85701,8.74216,50.0198,-2.99829,
28/05/2025 06:13:00,556.057,192.703,0,325.128,0.65,0,-1.00406,3.22343,2.21936,49.9944,-2.98366,
28/05/2025 06:14:00,556.066,192.667,0,325.128,0.65,0,-1.43167,2.90037,1.4687,50.0255,-2.97636,
28/05/2025 06:15:00,556.083,192.652,0,324.41,0.65,0,-1.62761,2.24908,0.621467,49.9699,-2.97636,
28/05/2025 06:16:00,556.061,192.707,0,324.41,0.65,0,-1.20781,2.57496,1.36715,50.0112,-2.97636,
28/05/2025 06:17:00,556.073,192.695,0,324.889,0.65,0,1.84263,9.57058,11.4132,49.9699,-2.99829,
28/05/2025 06:18:00,556.091,192.696,0,325.128,0.65,0,3.47713,14.4951,17.9723,49.9998,-3.00532,
28/05/2025 06:19:00,556.15,192.679,0,325.367,0.65,0,1.91319,13.4881,15.4013,50.0226,-3.00532,
28/05/2025 06:20:00,556.167,192.685,0,325.367,0.65,0,3.1271,18.9481,22.0753,50.0141,-2.98366,
28/05/2025 06:21:00,556.164,192.749,0,325.367,0.65,0,2.51552,20.6383,23.1539,50.0226,-2.97636,
28/05/2025 06:22:00,556.171,192.765,0,325.128,0.65,0,5.5339,20.293,25.8269,50.0112,-2.97636,
28/05/2025 06:23:00,556.197,192.738,0,324.649,0.65,0,6.05597,20.0093,26.0653,50.0112,-2.99097,
28/05/2025 06:24:00,556.202,192.699,0,324.17,0.65,0,9.94856,28.287,38.2355,49.9944,-2.99829,
28/05/2025 06:25:00,556.204,192.714,0,324.649,0.65,0,10.4253,32.4618,42.8871,50.0112,-2.99829,
28/05/2025 06:26:00,556.189,192.726,0,325.128,0.65,0,2.76324,22.3187,25.0819,50.0141,-2.99097,
28/05/2025 06:27:00,556.2,192.714,0,325.367,0.65,0,1.47402,15.6186,17.0926,50.0055,-2.97636,
28/05/2025 06:28:00,556.208,192.74,0,325.128,0.65,0,-0.0609642,11.1099,11.0489,49.9944,-2.98366,
28/05/2025 06:29:00,546.932,189.535,0,325.128,0.639167,0,0.932237,7.40353,8.33577,49.9998,-2.99097,
28/05/2025 06:30:00,546.942,189.507,0,325.128,0.639167,0,0.0187337,7.90036,7.9191,50.0084,-3.00532,
28/05/2025 06:31:00,556.201,192.727,0,324.649,0.65,0,0.765982,8.77168,9.53767,50.0226,-3.00532,
28/05/2025 06:32:00,556.18,192.687,0,324.41,0.65,0,1.68063,11.8293,13.5099,50.0169,-3.00532,
28/05/2025 06:33:00,556.182,192.705,0,324.649,0.65,0,2.83882,10.6394,13.4783,49.9917,-2.99829,
28/05/2025 06:34:00,556.184,192.664,0,324.889,0.65,0,2.09802,10.7999,12.8979,50.0112,-2.98366,
28/05/2025 06:35:00,556.199,192.667,0,325.367,0.65,0,3.29455,8.10901,11.4036,49.9944,-2.98366,
28/05/2025 06:36:00,556.216,192.702,0,325.128,0.65,0,1.98585,7.33276,9.31861,50.0198,-2.99097,
28/05/2025 06:37:00,556.213,192.743,0,325.607,0.65,0,-0.816744,3.0832,2.26645,49.9618,-2.99829,
28/05/2025 06:38:00,556.189,192.716,0,324.889,0.65,0,-0.861056,4.84806,3.98701,49.9645,-3.01226,
28/05/2025 06:39:00,556.214,192.685,0,324.649,0.65,0,-0.250211,8.39543,8.14523,49.9727,-3.00532,
28/05/2025 06:40:00,556.213,192.772,0,324.17,0.65,0,-1.10903,4.57964,3.47061,50.0255,-2.99097,
28/05/2025 06:41:00,556.216,192.746,0,324.889,0.65,0,-1.71908,3.02998,1.3109,50.0141,-2.97636,
28/05/2025 06:42:00,556.216,192.708,0,325.367,0.65,0,1.50111,5.25361,6.75471,49.9727,-2.98366,
28/05/2025 06:43:00,556.213,192.762,0,325.607,0.65,0,1.05013,6.64492,7.69503,49.9835,-2.98366,
28/05/2025 06:44:00,556.216,192.695,0,325.128,0.65,0,1.5173,6.23844,7.75574,49.9971,-2.99097,
28/05/2025 06:45:00,556.216,192.712,0,325.607,0.65,0,0.640001,7.278,7.918,50.0141,-2.99829,
28/05/2025 06:46:00,556.219,192.727,0,325.128,0.65,0,-0.2723,6.18772,5.91542,50.0141,-2.99097,
28/05/2025 06:47:00,556.217,192.761,0,324.41,0.65,0,-0.475093,10.4704,9.99528,50.034,-2.98366,
28/05/2025 06:48:00,556.221,192.784,0,324.649,0.65,0,2.56622,16.3746,18.9408,49.9591,-2.97636,
28/05/2025 06:49:00,556.216,192.734,0,325.128,0.65,0,2.49794,15.7984,18.2963,50.0169,-2.97636,
28/05/2025 06:50:00,556.231,192.746,0,325.367,0.65,0,3.55077,9.88076,13.4315,50.034,-2.98366,
28/05/2025 06:51:00,556.217,192.76,0,325.367,0.65,0,5.51291,14.5198,20.0328,49.9808,-2.99829,
28/05/2025 06:52:00,556.218,192.755,0,325.128,0.65,0,1.3246,11.8524,13.1769,49.9835,-3.00532,
28/05/2025 06:53:00,556.217,192.725,0,325.128,0.65,0,-0.158896,14.2121,14.0532,50.034,-3.00532,
28/05/2025 06:54:00,556.216,192.715,0,324.889,0.65,0,1.14614,13.5222,14.6684,50.0369,-2.99097,
28/05/2025 06:55:00,556.219,192.742,0,324.41,0.65,0,3.96521,20.4453,24.4105,49.9998,-2.97636,
28/05/2025 06:56:00,556.216,192.755,0,324.41,0.65,0,5.24808,13.7431,18.9911,49.9944,-2.98366,
28/05/2025 06:57:00,556.213,192.786,0,324.889,0.65,0,4.52518,17.7181,22.2432,49.9998,-2.99829,
28/05/2025 06:58:00,556.216,192.798,0,325.128,0.65,0,6.75115,22.3026,29.0537,49.9781,-3.00532,
28/05/2025 06:59:00,556.211,192.762,0,325.367,0.65,0,9.49828,29.6516,39.1498,50.0084,-3.01226,
28/05/2025 07:00:00,556.196,192.727,0,325.367,0.65,0,7.77878,30.872,38.6508,50.0141,-3.00532,
28/05/2025 07:01:00,556.215,192.719,0,325.607,0.65,0,2.76533,18.9166,21.682,49.9998,-2.99097,
28/05/2025 07:02:00,556.216,192.738,0,325.128,0.65,0,3.53251,21.7601,25.2927,50.0255,-2.98366,
28/05/2025 07:03:00,556.215,192.767,0,324.649,0.65,0,11.1151,29.0762,40.1913,49.9835,-2.99097,
28/05/2025 07:04:00,556.182,192.729,0,324.41,0.65,0,9.38741,28.9673,38.3548,49.9971,-2.99829,
28/05/2025 07:05:00,556.208,192.69,0,324.889,0.65,0,3.27573,22.6034,25.8791,49.9944,-3.0192,
28/05/2025 07:06:00,556.203,192.724,0,324.889,0.65,0,3.89708,19.6292,23.5263,50.0255,-3.0192,
28/05/2025 07:07:00,556.133,192.745,0,325.367,0.65,0,7.84278,27.6046,35.4473,50.0169,-3.00532,
28/05/2025 07:08:00,556.179,192.781,0,325.128,0.65,0,5.10836,18.9689,24.0773,50.0198,-2.99097,
28/05/2025 07:09:00,556.168,192.719,0,325.367,0.65,0,3.98267,19.2408,23.2235,50.0112,-2.99097,
28/05/2025 07:10:00,556.125,192.681,0,325.128,0.65,0,9.4597,20.1822,29.6418,50.0027,-2.99829,
28/05/2025 07:11:00,556.051,192.672,0,324.649,0.65,0,9.10852,18.5082,27.6167,49.9672,-3.01226,
28/05/2025 07:12:00,556.112,192.672,0,324.41,0.65,0,7.83068,20.778,28.6087,49.9835,-3.02615,
28/05/2025 07:13:00,556.109,192.745,0,324.889,0.65,0,2.39692,8.68038,11.0773,49.9808,-3.02615,
28/05/2025 07:14:00,556.188,192.727,0,325.128,0.65,0,1.73243,3.96956,5.702,49.9944,-3.0192,
28/05/2025 07:15:00,556.14,192.721,0,325.846,0.65,0,-0.801972,2.86907,2.0671,50.0397,-3.00532,
28/05/2025 07:16:00,556.123,192.743,0,325.128,0.65,0,4.01298,10.1206,14.1336,50.0084,-3.00532,
28/05/2025 07:17:00,556.137,192.739,0,325.607,0.65,0,2.77744,13.1123,15.8897,50.0141,-3.00532,
28/05/2025 07:18:00,556.088,192.747,0,325.128,0.65,0,0.388478,6.44376,6.83223,50.0084,-3.01226,
28/05/2025 07:19:00,556.088,192.735,0,324.649,0.65,0,-0.759763,2.3403,1.58054,49.989,-3.0192,
28/05/2025 07:20:00,556.065,192.74,0,324.41,0.65,0,-1.06618,2.69642,1.63024,49.9781,-3.0192,
28/05/2025 07:21:00,556.07,192.743,0,324.889,0.65,0,-0.385786,3.49583,3.11004,50.0027,-3.00532,
28/05/2025 07:22:00,556.086,192.707,0,325.128,0.65,0,1.15097,2.13146,3.28244,50.0198,-2.99097,
28/05/2025 07:23:00,556.094,192.651,0,325.607,0.65,0,0.793903,6.22557,7.01947,49.9998,-2.99829,
28/05/2025 07:24:00,556.075,192.672,0,325.128,0.65,0,7.15242,21.0278,28.1802,49.989,-3.00532,
28/05/2025 07:25:00,556.052,192.685,0,325.128,0.65,0,18.761,28.1906,46.9516,49.9998,-3.0192,
28/05/2025 07:26:00,556.067,192.661,0,324.889,0.65,0,13.7831,32.5092,46.2923,50.0112,-3.02615,
28/05/2025 07:27:00,556.105,192.659,0,324.649,0.65,0,5.91177,24.0579,29.9696,50.0283,-3.02615,
28/05/2025 07:28:00,556.159,192.665,0,324.41,0.65,0,5.22657,24.5163,29.7428,50.0283,-3.00532,
28/05/2025 07:29:00,556.148,192.66,0,324.889,0.65,0,6.09678,27.8006,33.8974,50.0084,-2.98366,
28/05/2025 07:30:00,556.135,192.688,0,325.367,0.65,0,10.6368,30.581,41.2178,50.0055,-2.98366,
28/05/2025 07:31:00,556.12,192.728,0,325.367,0.65,0,10.7018,36.0014,46.7032,50.0084,-2.99097,
28/05/2025 07:32:00,556.098,192.683,0,325.128,0.65,0,9.00707,32.5024,41.5095,49.9781,-2.99829,
28/05/2025 07:33:00,556.065,192.738,0,325.367,0.65,0,8.48221,29.9542,38.4365,49.9808,-3.00532,
28/05/2025 07:34:00,556.036,192.732,0,324.889,0.65,0,10.5334,31.5891,42.1225,49.9618,-2.99829,
28/05/2025 07:35:00,556.086,192.748,0,324.41,0.65,0,8.90094,32.3472,41.2481,50.0426,-2.98366,
28/05/2025 07:36:00,556.044,192.707,0,324.17,0.65,0,10.8128,31.2771,42.09,49.9917,-2.96905,
28/05/2025 07:37:00,556.05,192.67,0,324.889,0.65,0,15.1664,39.1415,54.3079,50.0027,-2.97636,
28/05/2025 07:38:00,556.027,192.692,0,325.128,0.65,0,16.4764,39.9018,56.3781,49.9727,-2.98366,
28/05/2025 07:39:00,556.024,192.652,0,325.607,0.65,0,8.88954,33.064,41.9535,49.9672,-2.99829,
28/05/2025 07:40:00,556.023,192.698,0,325.128,0.65,0,7.61539,26.4476,34.063,49.9944,-3.00532,
28/05/2025 07:41:00,556.023,192.638,0,325.128,0.65,0,6.6669,26.8552,33.5221,49.9835,-3.00532,
28/05/2025 07:42:00,556.023,192.712,0,325.128,0.65,0,10.8737,33.1964,44.07,49.9699,-2.99829,
28/05/2025 07:43:00,556.023,192.686,0,324.17,0.65,0,14.1048,32.8365,46.9413,50.0169,-2.99097,
28/05/2025 07:44:00,556.023,192.709,0,324.17,0.65,0,11.2281,28.2206,39.4487,50.0141,-2.99829,
28/05/2025 07:45:00,556.02,192.641,0,324.889,0.65,0,7.68066,18.5978,26.2784,49.9727,-3.0192,
28/05/2025 07:46:00,556.023,192.627,0,325.128,0.65,0,6.51051,17.2755,23.786,49.9482,-3.0331,
28/05/2025 07:47:00,556.023,192.622,0,325.607,0.65,0,7.00124,20.6009,27.6021,50.0027,-3.04005,
28/05/2025 07:48:00,556.023,192.631,0,325.367,0.65,0,5.94269,26.227,32.1697,50.0027,-3.0192,
28/05/2025 07:49:00,556.023,192.634,0,325.367,0.65,0,5.87937,32.6168,38.4962,50.0226,-3.00532,
28/05/2025 07:50:00,556.023,192.66,0,324.889,0.65,0,9.01874,31.2453,40.264,49.9808,-2.99829,
28/05/2025 07:51:00,556.023,192.719,0,324.649,0.65,0,10.886,30.3394,41.2254,50.0198,-2.99097,
28/05/2025 07:52:00,556.023,192.661,0,324.17,0.65,0,8.33716,32.6742,41.0114,49.9781,-3.00532,
28/05/2025 07:53:00,556.023,192.665,0,325.128,0.65,0,8.07563,28.6258,36.7014,49.9808,-3.01226,
28/05/2025 07:54:00,556.023,192.659,0,325.367,0.65,0,3.39242,22.3318,25.7243,50.0055,-3.01226,
28/05/2025 07:55:00,556.023,192.627,0,325.367,0.65,0,3.52092,16.4162,19.9371,50.0169,-2.99829,
28/05/2025 07:56:00,556.023,192.621,0,325.367,0.65,0,1.76142,20.3017,22.0632,50.0141,-2.98366,
28/05/2025 07:57:00,556.023,192.674,0,325.367,0.65,0,2.84648,25.8829,28.7293,50.0255,-2.98366,
28/05/2025 07:58:00,556.017,192.656,0,325.128,0.65,0,5.48555,19.5296,25.0152,50.0511,-2.97636,
28/05/2025 07:59:00,556.023,192.643,0,324.649,0.65,0,6.04166,22.3512,28.3928,49.9727,-2.99097,
28/05/2025 08:00:00,556.019,192.689,0,324.17,0.65,0,6.7217,21.8601,28.5817,49.9835,-2.99829,
28/05/2025 08:01:00,556.005,192.648,0,324.649,0.65,0,6.26258,16.9094,23.172,50.0112,-2.99097,
28/05/2025 08:02:00,556.012,192.668,0,325.128,0.65,0,7.61162,23.9294,31.541,50.0198,-2.98366,
28/05/2025 08:03:00,556.023,192.694,0,325.367,0.65,0,6.6221,23.2254,29.8475,49.9645,-2.98366,
28/05/2025 08:04:00,556.023,192.638,0,325.128,0.65,0,8.37795,26.6636,35.0416,49.9971,-2.98366,
28/05/2025 08:05:00,556.023,192.683,0,325.367,0.65,0,5.47195,30.3501,35.8221,49.989,-2.99097,
28/05/2025 08:06:00,556.02,192.732,0,324.889,0.65,0,5.77127,26.8622,32.6334,50.0141,-2.99829,
28/05/2025 08:07:00,556.022,192.735,0,324.41,0.65,0,4.27919,30.9428,35.222,49.9835,-2.99829,
28/05/2025 08:08:00,556.023,192.726,0,324.41,0.65,0,6.82684,30.3793,37.2061,50.0226,-2.99097,
28/05/2025 08:09:00,556.02,192.65,0,325.128,0.65,0,12.0521,29.1517,41.2038,50.0084,-2.97636,
28/05/2025 08:10:00,556.017,192.68,0,325.128,0.65,0,12.9151,27.7471,40.6622,50.0312,-2.96905,
28/05/2025 08:11:00,556.012,192.651,0,325.607,0.65,0,12.3063,28.5867,40.893,50.0141,-2.98366,
28/05/2025 08:12:00,556.013,192.72,0,325.128,0.65,0,14.8904,36.0591,50.9495,50.0055,-2.99829,
28/05/2025 08:13:00,556.02,192.723,0,325.607,0.65,0,8.7593,30.6777,39.437,50.0084,-3.00532,
28/05/2025 08:14:00,556.023,192.689,0,325.128,0.65,0,10.9234,31.7923,42.7157,49.9971,-2.99829,
28/05/2025 08:15:00,556.023,192.653,0,324.649,0.65,0,7.56369,30.1206,37.6842,50.0055,-2.99097,
28/05/2025 08:16:00,556.023,192.663,0,324.649,0.65,0,3.59432,25.1504,28.7447,50.0198,-2.99097,
28/05/2025 08:17:00,556.023,192.696,0,324.889,0.65,0,8.8804,26.4595,35.3399,49.9917,-2.99097,
28/05/2025 08:18:00,556.02,192.645,0,325.128,0.65,0,11.4801,33.6691,45.1492,50.0112,-2.99829,
28/05/2025 08:19:00,556.023,192.633,0,325.367,0.65,0,6.12837,25.9419,32.0703,49.9591,-3.01226,
28/05/2025 08:20:00,556.016,192.654,0,325.128,0.65,0,4.50273,12.3107,16.8134,50.0141,-3.01226,
28/05/2025 08:21:00,556.023,192.685,0,325.367,0.65,0,3.50869,11.6128,15.1215,50.0312,-3.00532,
28/05/2025 08:22:00,556.023,192.679,0,324.889,0.65,0,5.03647,12.4966,17.5331,50.0141,-2.99829,
28/05/2025 08:23:00,556.023,192.707,0,324.41,0.65,0,3.84163,17.875,21.7166,49.9944,-2.98366,
28/05/2025 08:24:00,556.023,192.651,0,324.17,0.65,0,7.59608,19.4611,27.0572,49.989,-2.99097,
28/05/2025 08:25:00,556.023,192.683,0,324.41,0.65,0,7.11939,16.9518,24.0712,49.9835,-2.99829,
28/05/2025 08:26:00,556.023,192.724,0,325.128,0.65,0,4.55775,20.865,25.4228,49.9998,-3.01226,
28/05/2025 08:27:00,556.023,192.723,0,325.607,0.65,0,5.24287,21.7969,27.0398,50.0226,-3.01226,
28/05/2025 08:28:00,556.023,192.677,0,325.128,0.65,0,5.47148,16.0146,21.4861,50.0112,-3.01226,
28/05/2025 08:29:00,556.023,192.679,0,325.367,0.65,0,4.66637,18.3457,23.0121,50.0055,-2.99097,
28/05/2025 08:30:00,556.023,192.695,0,324.889,0.65,0,10.3648,21.4034,31.7681,50.0226,-2.98366,
28/05/2025 08:31:00,556.023,192.68,0,324.649,0.65,0,14.9825,27.4607,42.4432,50.0255,-2.98366,
28/05/2025 08:32:00,556.023,192.674,0,324.41,0.65,0,12.6261,26.9082,39.5342,49.9998,-2.99829,
28/05/2025 08:33:00,556.023,192.711,0,324.649,0.65,0,9.01316,26.0885,35.1016,49.9862,-3.00532,
28/05/2025 08:34:00,556.023,192.678,0,325.367,0.65,0,5.34852,21.5214,26.8699,49.9808,-3.01226,
28/05/2025 08:35:00,556.023,192.658,0,325.607,0.65,0,6.59126,21.1562,27.7474,49.9944,-2.99829,
28/05/2025 08:36:00,556.023,192.706,0,325.128,0.65,0,11.9767,32.0665,44.0432,49.9727,-2.99829,
28/05/2025 08:37:00,556.023,192.677,0,325.128,0.65,0,44.061,47.3687,91.4297,50.0084,-2.99097,
28/05/2025 08:38:00,556.023,192.677,0,324.889,0.65,0,36.8356,44.5149,81.3506,49.9835,-2.99829,
28/05/2025 08:39:00,556.023,192.702,0,324.649,0.65,0,44.1084,46.754,90.8624,49.9917,-3.01226,
28/05/2025 08:40:00,556.035,192.756,0,324.41,0.65,0,25.6356,36.5879,62.2235,49.9971,-3.0192,
28/05/2025 08:41:00,556.026,192.74,0,324.649,0.65,0,13.4616,30.6454,44.1071,50.0226,-3.01226,
28/05/2025 08:42:00,556.026,192.665,0,325.128,0.65,0,10.3896,30.417,40.8066,49.989,-2.99829,
28/05/2025 08:43:00,556.026,192.693,0,325.607,0.65,0,15.2883,31.7067,46.995,50.034,-2.98366,
28/05/2025 08:44:00,556.023,192.669,0,325.128,0.65,0,16.5501,32.6106,49.1606,50.0255,-2.98366,
28/05/2025 08:45:00,556.035,192.717,0,325.607,0.65,0,21.2139,35.5474,56.7613,49.9971,-2.99097,
28/05/2025 08:46:00,556.031,192.654,0,324.889,0.65,0,14.5417,31.0716,45.6133,50.0055,-2.99097,
28/05/2025 08:47:00,556.047,192.632,0,324.649,0.65,0,19.9408,34.6786,54.6194,49.9944,-2.99097,
28/05/2025 08:48:00,556.026,192.647,0,324.41,0.65,0,20.1687,41.2333,61.402,50.0169,-2.99097,
28/05/2025 08:49:00,556.023,192.697,0,324.889,0.65,0,40.3264,44.2788,84.6052,50.0084,-2.96905,
28/05/2025 08:50:00,556.044,192.685,0,325.128,0.65,0,27.2186,37.9679,65.1866,49.989,-2.96905,
28/05/2025 08:51:00,556.069,192.718,0,325.607,0.65,0,18.9616,38.6127,57.5744,49.9835,-2.98366,
28/05/2025 08:52:00,556.097,192.684,0,325.367,0.65,0,17.2636,31.4246,48.6883,50.0226,-2.97636,
28/05/2025 08:53:00,556.059,192.702,0,325.128,0.65,0,6.20769,18.1969,24.4046,50.0055,-2.99097,
28/05/2025 08:54:00,556.055,192.703,0,325.128,0.65,0,6.64436,22.4789,29.1233,49.9862,-2.99829,
28/05/2025 08:55:00,556.047,192.702,0,324.41,0.65,0,7.47342,19.381,26.8544,49.9727,-2.97636,
28/05/2025 08:56:00,556.116,192.722,0,324.41,0.65,0,4.84912,11.8294,16.6785,50.0255,-2.97636,
28/05/2025 08:57:00,556.114,192.744,0,324.889,0.65,0,1.08088,7.72899,8.80985,49.9754,-2.97636,
28/05/2025 08:58:00,556.124,192.737,0,325.128,0.65,0,4.04916,12.0486,16.0977,50.0027,-2.97636,
28/05/2025 08:59:00,556.151,192.727,0,325.367,0.65,0,2.18244,10.7792,12.9616,50.0055,-2.99097,
28/05/2025 09:00:00,556.179,192.748,0,325.128,0.65,0,4.58909,9.33996,13.929,50.0141,-2.99097,
28/05/2025 09:01:00,556.211,192.738,0,325.367,0.65,0,8.81551,20.7255,29.541,50.0226,-2.99829,
28/05/2025 09:02:00,556.208,192.744,0,325.128,0.65,0,15.8325,25.5589,41.3914,49.9835,-2.99829,
28/05/2025 09:03:00,556.205,192.76,0,324.41,0.65,0,8.90943,21.605,30.5144,49.9645,-2.99097,
28/05/2025 09:04:00,556.216,192.763,0,324.41,0.65,0,6.5038,18.4341,24.9379,49.989,-2.99097,
28/05/2025 09:05:00,556.206,192.751,0,325.128,0.65,0,1.66379,10.8839,12.5476,49.9862,-2.99829,
28/05/2025 09:06:00,556.194,192.76,0,325.128,0.65,0,2.46358,13.8919,16.3555,50.0198,-3.00532,
28/05/2025 09:07:00,556.183,192.745,0,325.367,0.65,0,6.54198,16.3029,22.8448,49.9971,-3.0192,
28/05/2025 09:08:00,556.17,192.751,0,325.128,0.65,0,6.99147,16.1065,23.098,49.9781,-3.00532,
28/05/2025 09:09:00,556.126,192.763,0,325.128,0.65,0,10.6821,19.3416,30.0236,50.0084,-2.99097,
28/05/2025 09:10:00,556.165,192.745,0,324.889,0.65,0,5.37577,18.7038,24.0796,49.9944,-2.99097,
28/05/2025 09:11:00,556.181,192.757,0,324.649,0.65,0,8.11074,17.2722,25.383,49.9998,-2.99829,
28/05/2025 09:12:00,556.189,192.758,0,324.649,0.65,0,2.23132,5.70264,7.93397,50.0055,-3.00532,
28/05/2025 09:13:00,556.173,192.751,0,324.889,0.65,0,3.36734,6.92627,10.2936,49.9781,-3.00532,
28/05/2025 09:14:00,556.177,192.74,0,325.367,0.65,0,8.94377,11.2569,20.2006,50.0426,-3.00532,
28/05/2025 09:15:00,556.198,192.782,0,325.607,0.65,0,7.56399,18.3698,25.9338,50.0169,-2.99097,
28/05/2025 09:16:00,556.202,192.771,0,325.128,0.65,0,5.12375,12.5501,17.6739,50.0055,-2.97636,
28/05/2025 09:17:00,556.175,192.764,0,325.128,0.65,0,5.38131,14.897,20.2783,50.0055,-2.97636,
28/05/2025 09:18:00,556.207,192.765,0,325.128,0.65,0,2.17434,11.2854,13.4597,50.0084,-2.98366,
28/05/2025 09:19:00,556.207,192.756,0,324.41,0.65,0,5.90071,14.2346,20.1353,50.0084,-2.99097,
28/05/2025 09:20:00,556.216,192.781,0,324.17,0.65,0,9.77147,21.5457,31.3172,50.0397,-2.98366,
28/05/2025 09:21:00,556.216,192.789,0,324.889,0.65,0,11.7315,26.6031,38.3346,49.9645,-2.98366,
28/05/2025 09:22:00,556.216,192.794,0,325.367,0.65,0,14.5029,28.8508,43.3537,50.0682,-2.96905,
28/05/2025 09:23:00,556.216,192.787,0,325.607,0.65,0,14.0486,26.894,40.9426,50.0568,-2.96905,
28/05/2025 09:24:00,556.216,192.794,0,325.367,0.65,0,32.8753,32.9121,65.7874,50.054,-2.96905,
28/05/2025 09:25:00,556.216,192.759,0,325.367,0.65,0,43.2782,39.2752,82.5533,49.9781,-2.98366,
28/05/2025 09:26:00,556.216,192.762,0,325.128,0.65,0,31.8499,36.5788,68.4287,49.9917,-2.99097,
28/05/2025 09:27:00,556.216,192.791,0,324.41,0.65,0,39.2562,39.7835,79.0397,49.9862,-2.99829,
28/05/2025 09:28:00,556.216,192.803,0,324.17,0.65,0,38.7747,41.534,80.3087,50.0283,-2.99097,
28/05/2025 09:29:00,556.216,192.796,0,324.889,0.65,0,46.4025,43.7186,90.1212,49.9781,-2.98366,
28/05/2025 09:30:00,556.216,192.791,0,325.128,0.65,0,46.8563,46.2198,93.0762,50.0055,-2.99829,
28/05/2025 09:31:00,556.216,192.79,0,325.607,0.65,0,41.9366,43.6958,85.6324,50.0226,-2.99829,
28/05/2025 09:32:00,556.216,192.767,0,325.367,0.65,0,37.349,36.326,73.675,49.989,-3.01226,
28/05/2025 09:33:00,556.216,192.796,0,325.367,0.65,0,11.6216,19.4588,31.0804,50.0084,-3.0192,
28/05/2025 09:34:00,556.213,192.77,0,324.889,0.65,0,18.2697,31.7548,50.0245,50.034,-3.0192,
28/05/2025 09:35:00,556.219,192.797,0,324.41,0.65,0,24.7379,27.3804,52.1183,49.9944,-2.99829,
28/05/2025 09:36:00,556.216,192.793,0,324.41,0.65,0,37.4989,39.1272,76.6262,49.9998,-2.99097,
28/05/2025 09:37:00,556.232,192.809,0,325.128,0.65,0,19.4391,22.3455,41.7846,49.9754,-3.00532,
28/05/2025 09:38:00,556.241,192.794,0,325.128,0.65,0,3.72238,9.30072,13.0231,49.9944,-3.01226,
28/05/2025 09:39:00,556.275,192.813,0,325.367,0.65,0,13.8986,15.7114,29.61,50.0141,-3.01226,
28/05/2025 09:40:00,556.251,192.818,0,325.367,0.65,0,6.49325,17.2288,23.7221,49.9971,-3.00532,
28/05/2025 09:41:00,556.289,192.816,0,325.367,0.65,0,11.5368,22.2406,33.7774,50.0426,-2.99829,
28/05/2025 09:42:00,556.301,192.821,0,325.128,0.65,0,17.1972,31.0547,48.2519,49.9835,-2.99097,
28/05/2025 09:43:00,556.272,192.818,0,324.649,0.65,0,30.3867,29.0404,59.4271,49.9862,-2.99097,
28/05/2025 09:44:00,556.24,192.815,0,324.41,0.65,0,17.9567,25.9842,43.9409,49.9944,-2.98366,
28/05/2025 09:45:00,556.327,192.815,0,324.889,0.65,0,11.914,25.9625,37.8764,49.9998,-3.00532,
28/05/2025 09:46:00,556.309,192.825,0,325.128,0.65,0,6.52573,17.4058,23.9316,49.9835,-2.99829,
28/05/2025 09:47:00,556.307,192.816,0,325.367,0.65,0,3.14083,11.3423,14.4831,49.9944,-2.99097,
28/05/2025 09:48:00,556.308,192.829,0,325.128,0.65,0,2.3506,10.4888,12.8394,50.0226,-2.98366,
28/05/2025 09:49:00,556.325,192.835,0,325.367,0.65,0,2.84391,11.5179,14.3617,50.0483,-2.97636,
28/05/2025 09:50:00,556.299,192.829,0,324.889,0.65,0,3.78324,12.9859,16.7691,49.9862,-2.99097,
28/05/2025 09:51:00,556.349,192.823,0,324.649,0.65,0,4.74478,11.6032,16.348,50.0055,-2.99829,
28/05/2025 09:52:00,556.299,192.832,0,324.41,0.65,0,1.45578,8.62559,10.0814,49.9808,-3.00532,
28/05/2025 09:53:00,556.251,192.825,0,324.889,0.65,0,4.14578,11.464,15.6097,50.0198,-3.00532,
28/05/2025 09:54:00,556.228,192.827,0,325.128,0.65,0,12.4254,19.5855,32.0109,49.9781,-2.99829,
28/05/2025 09:55:00,556.25,192.823,0,325.367,0.65,0,32.5693,27.7651,60.3345,50.0141,-2.99829,
28/05/2025 09:56:00,556.271,192.81,0,325.128,0.65,0,30.4251,37.0374,67.4625,50.0112,-2.99829,
28/05/2025 09:57:00,556.248,192.823,0,325.367,0.65,0,52.4404,38.659,91.0995,49.989,-3.00532,
28/05/2025 09:58:00,556.277,192.813,0,325.128,0.65,0,81.3205,47.0147,128.335,50.0141,-3.00532,
28/05/2025 09:59:00,556.265,192.823,0,324.649,0.65,0,75.5064,48.1545,123.661,49.9862,-3.00532,
28/05/2025 10:00:00,556.255,192.837,0,323.931,0.65,0,71.9067,44.4312,116.338,50.0169,-3.00532,
28/05/2025 10:01:00,556.259,192.834,0,324.889,0.65,0,65.0716,44.6662,109.738,49.989,-2.99097,
28/05/2025 10:02:00,556.334,192.845,0,325.128,0.65,0,51.9612,39.2992,91.2605,50.0027,-2.99097,
28/05/2025 10:03:00,556.317,192.831,0,325.607,0.65,0,42.4832,38.4325,80.9157,49.989,-2.99829,
28/05/2025 10:04:00,556.301,192.828,0,325.128,0.65,0,30.8071,33.0472,63.8543,49.9835,-3.01226,
28/05/2025 10:05:00,556.35,192.83,0,325.367,0.65,0,30.6656,31.7599,62.4255,49.9781,-3.0192,
28/05/2025 10:06:00,556.313,192.848,0,324.889,0.65,0,36.1762,29.5304,65.7066,49.9917,-3.01226,
28/05/2025 10:07:00,556.353,192.832,0,324.649,0.65,0,13.7558,20.7349,34.4907,49.9727,-3.01226,
28/05/2025 10:08:00,556.314,192.839,0,324.649,0.65,0,20.9892,20.699,41.6882,50.0568,-2.99829,
28/05/2025 10:09:00,556.287,192.832,0,324.889,0.65,0,17.1102,22.8262,39.9363,49.9618,-3.0192,
28/05/2025 10:10:00,556.284,192.822,0,325.128,0.65,0,13.8456,19.8197,33.6653,49.9509,-3.02615,
28/05/2025 10:11:00,556.32,192.826,0,325.607,0.65,0,15.7538,23.9884,39.7421,50.0283,-3.0331,
28/05/2025 10:12:00,556.36,192.838,0,325.128,0.65,0,14.7551,28.448,43.2031,49.9808,-3.0331,
28/05/2025 10:13:00,556.391,192.836,0,325.367,0.65,0,18.8799,29.997,48.8769,50.0169,-3.01226,
28/05/2025 10:14:00,556.394,192.855,0,324.889,0.65,0,18.828,27.2943,46.1223,50.0169,-2.99829,
28/05/2025 10:15:00,556.408,192.857,0,324.649,0.65,0,12.3341,19.9909,32.3249,49.9781,-3.00532,
28/05/2025 10:16:00,556.409,192.844,0,324.17,0.65,0,10.6979,18.3104,29.0083,49.9971,-2.99829,
28/05/2025 10:17:00,556.409,192.846,0,324.889,0.65,0,2.61471,8.64035,11.2551,49.9536,-3.00532,
28/05/2025 10:18:00,556.409,192.852,0,325.128,0.65,0,2.46259,5.5605,8.02308,49.9998,-3.01226,
28/05/2025 10:19:00,556.409,192.842,0,325.367,0.65,0,4.15188,7.97702,12.1289,50.0055,-2.99829,
28/05/2025 10:20:00,556.409,192.847,0,325.367,0.65,0,8.82967,16.431,25.2607,50.0112,-2.99097,
28/05/2025 10:21:00,556.409,192.856,0,325.607,0.65,0,12.0961,21.5192,33.6153,49.9998,-2.98366,
28/05/2025 10:22:00,556.409,192.857,0,324.889,0.65,0,9.22755,13.8271,23.0546,49.9998,-2.97636,
28/05/2025 10:23:00,556.409,192.84,0,324.649,0.65,0,23.9331,25.448,49.3812,49.9998,-2.99097,
28/05/2025 10:24:00,556.405,192.84,0,324.41,0.65,0,25.3165,22.9463,48.2627,50.0027,-2.99829,
28/05/2025 10:25:00,556.397,192.843,0,325.128,0.65,0,26.4492,33.9472,60.3964,50.0055,-2.99097,
28/05/2025 10:26:00,556.406,192.85,0,325.128,0.65,0,14.2699,22.6776,36.9475,49.9998,-2.98366,
28/05/2025 10:27:00,556.406,192.857,0,325.367,0.65,0,21.0509,25.2697,46.3206,49.9944,-2.97636,
28/05/2025 10:28:00,556.409,192.853,0,325.128,0.65,0,23.119,30.8218,53.9408,50.0055,-2.96905,
28/05/2025 10:29:00,556.409,192.842,0,325.128,0.65,0,23.5651,26.9987,50.5638,49.989,-2.99097,
28/05/2025 10:30:00,556.406,192.848,0,325.367,0.65,0,28.4217,29.4633,57.8851,49.9781,-2.99829,
28/05/2025 10:31:00,556.4,192.828,0,324.649,0.65,0,14.8844,14.2329,29.1173,49.989,-3.01226,
28/05/2025 10:32:00,556.395,192.829,0,324.41,0.65,0,11.1567,15.1183,26.275,49.9672,-3.01226,
28/05/2025 10:33:00,556.395,192.83,0,324.889,0.65,0,8.30658,11.8496,20.1562,50.0255,-3.00532,
28/05/2025 10:34:00,556.409,192.847,0,325.128,0.65,0,7.06663,11.0822,18.1488,49.989,-2.99097,
28/05/2025 10:35:00,556.409,192.86,0,325.846,0.65,0,7.70031,9.23382,16.9341,50.034,-2.99097,
28/05/2025 10:36:00,556.409,192.857,0,325.128,0.65,0,9.10506,13.7354,22.8405,50.0055,-2.99829,
28/05/2025 10:37:00,556.409,192.845,0,325.607,0.65,0,9.01038,17.2448,26.2552,49.9727,-3.01226,
28/05/2025 10:38:00,556.406,192.843,0,324.889,0.65,0,12.3949,21.1626,33.5575,49.9509,-3.01226,
28/05/2025 10:39:00,556.409,192.842,0,324.889,0.65,0,7.75925,16.6078,24.3671,49.9944,-3.01226,
28/05/2025 10:40:00,556.412,192.863,0,324.41,0.65,0,4.05356,10.5174,14.571,50.0055,-2.99829,
28/05/2025 10:41:00,556.413,192.856,0,324.889,0.65,0,5.07676,12.3557,17.4325,50.0027,-2.98366,
28/05/2025 10:42:00,556.409,192.874,0,325.367,0.65,0,10.428,15.6023,26.0304,50.0084,-2.98366,
28/05/2025 10:43:00,556.409,192.866,0,325.607,0.65,0,11.6091,14.4533,26.0624,49.9944,-2.99097,
28/05/2025 10:44:00,556.409,192.855,0,325.367,0.65,0,9.74136,8.00596,17.7473,49.9618,-3.00532,
28/05/2025 10:45:00,556.409,192.847,0,325.367,0.65,0,10.036,15.3256,25.3615,50.0112,-3.00532,
28/05/2025 10:46:00,556.409,192.852,0,324.889,0.65,0,7.52379,14.7582,22.282,50.0084,-3.00532,
28/05/2025 10:47:00,556.416,192.877,0,324.41,0.65,0,3.45194,8.62148,12.0734,50.0084,-2.99097,
28/05/2025 10:48:00,556.449,192.889,0,324.17,0.65,0,9.40655,13.5018,22.9084,49.9944,-2.99097,
28/05/2025 10:49:00,556.441,192.89,0,324.889,0.65,0,9.72408,12.2451,21.9692,49.9781,-2.99829,
28/05/2025 10:50:00,556.432,192.885,0,325.367,0.65,0,8.79619,11.2889,20.0851,49.989,-3.00532,
28/05/2025 10:51:00,556.489,192.865,0,325.367,0.65,0,6.51685,10.9544,17.4712,49.9781,-3.0192,
28/05/2025 10:52:00,556.531,192.87,0,325.128,0.65,0,6.58572,9.05436,15.6401,49.9727,-3.0331,
28/05/2025 10:53:00,556.561,192.895,0,325.367,0.65,0,4.3789,10.9825,15.3614,49.9808,-3.0192,
28/05/2025 10:54:00,556.581,192.908,0,324.889,0.65,0,5.68263,12.1544,17.8371,50.0283,-2.99829,
28/05/2025 10:55:00,556.561,192.905,0,324.649,0.65,0,8.32621,11.6756,20.0019,49.9862,-2.99097,
28/05/2025 10:56:00,556.556,192.905,0,324.649,0.65,0,19.6197,22.2995,41.9192,49.9645,-2.99829,
28/05/2025 10:57:00,556.526,192.915,0,324.649,0.65,0,31.2339,26.7596,57.9935,49.9944,-3.00532,
28/05/2025 10:58:00,556.553,192.91,0,325.128,0.65,0,30.492,29.6077,60.0998,49.9862,-3.01226,
28/05/2025 10:59:00,556.568,192.904,0,325.607,0.65,0,20.9963,26.8314,47.8278,50.034,-3.00532,
28/05/2025 11:00:00,556.557,192.928,0,325.128,0.65,0,22.5533,21.1616,43.7149,50.0397,-2.98366,
28/05/2025 11:01:00,556.547,192.921,0,325.607,0.65,0,15.0319,23.7241,38.756,49.9998,-2.98366,
28/05/2025 11:02:00,556.579,192.931,0,324.889,0.65,0,13.9771,15.7835,29.7606,49.9998,-2.98366,
28/05/2025 11:03:00,556.569,192.927,0,324.649,0.65,0,18.6338,19.9728,38.6066,49.9835,-2.99097,
28/05/2025 11:04:00,556.543,192.909,0,324.41,0.65,0,42.7253,36.0164,78.7417,49.9944,-3.00532,
28/05/2025 11:05:00,556.584,192.927,0,324.889,0.65,0,30.3397,24.7549,55.0946,50.0226,-2.99829,
28/05/2025 11:06:00,556.564,192.933,0,325.367,0.65,0,28.7071,31.9455,60.6527,49.989,-2.98366,
28/05/2025 11:07:00,556.583,192.947,0,325.367,0.65,0,18.0585,21.5064,39.5649,50.0568,-2.97636,
28/05/2025 11:08:00,556.599,192.941,0,325.367,0.65,0,10.4891,11.4462,21.9353,49.9862,-2.98366,
28/05/2025 11:09:00,556.599,192.952,0,325.367,0.65,0,15.2668,14.8265,30.0933,50.0084,-2.99097,
28/05/2025 11:10:00,556.592,192.94,0,324.889,0.65,0,24.7372,20.8324,45.5695,49.9754,-3.00532,
28/05/2025 11:11:00,556.59,192.927,0,324.649,0.65,0,23.4184,21.612,45.0303,49.9727,-3.01226,
28/05/2025 11:12:00,556.58,192.935,0,324.17,0.65,0,16.176,17.6261,33.8022,50.0027,-3.02615,
28/05/2025 11:13:00,556.598,192.945,0,324.889,0.65,0,13.1464,14.4927,27.6391,50.0226,-3.02615,
28/05/2025 11:14:00,556.602,192.954,0,325.128,0.65,0,12.6289,12.7532,25.3821,50.0169,-3.00532,
28/05/2025 11:15:00,556.605,192.952,0,325.367,0.65,0,6.29337,8.69817,14.9915,49.9998,-2.99829,
28/05/2025 11:16:00,556.602,192.952,0,325.128,0.65,0,13.6476,10.4635,24.1111,50.0055,-2.98366,
28/05/2025 11:17:00,556.602,192.961,0,325.367,0.65,0,15.4311,15.7891,31.2203,50.0198,-2.99097,
28/05/2025 11:18:00,556.602,192.957,0,325.128,0.65,0,26.0195,21.2953,47.3148,49.9808,-2.99829,
28/05/2025 11:19:00,556.602,192.953,0,324.649,0.65,0,37.6287,26.5988,64.2275,50.0169,-3.00532,
28/05/2025 11:20:00,556.602,192.953,0,324.17,0.65,0,44.1639,34.4324,78.5963,50.0027,-3.00532,
28/05/2025 11:21:00,556.602,192.969,0,324.889,0.65,0,41.0992,33.8284,74.9276,50.0141,-2.99829,
28/05/2025 11:22:00,556.602,192.98,0,325.128,0.65,0,46.5718,29.803,76.3748,49.9917,-2.97636,
28/05/2025 11:23:00,556.602,192.963,0,325.367,0.65,0,36.8584,29.147,66.0053,49.9754,-2.97636,
28/05/2025 11:24:00,556.605,192.984,0,325.367,0.65,0,17.8125,14.9539,32.7664,49.9944,-2.97636,
28/05/2025 11:25:00,556.602,192.946,0,325.128,0.65,0,26.8385,20.2449,47.0834,49.9944,-2.96905,
28/05/2025 11:26:00,556.617,192.997,0,324.889,0.65,0,28.0401,19.429,47.469,50.0055,-2.97636,
28/05/2025 11:27:00,556.607,192.978,0,324.889,0.65,0,27.5798,22.198,49.7778,50.0084,-2.96905,
28/05/2025 11:28:00,556.612,192.991,0,324.649,0.65,0,23.7839,18.4424,42.2263,50.0169,-2.95445,
28/05/2025 11:29:00,556.623,193.025,0,324.649,0.65,0,29.6172,24.5705,54.1877,50.0112,-2.94716,
28/05/2025 11:30:00,556.616,192.978,0,325.367,0.65,0,24.6846,27.4256,52.1103,49.9808,-2.94716,
28/05/2025 11:31:00,556.613,193,0,325.367,0.65,0,20.7837,15.9107,36.6943,50.0027,-2.95445,
28/05/2025 11:32:00,556.621,193.004,0,325.128,0.65,0,21.0715,16.6348,37.7063,49.9835,-2.96175,
28/05/2025 11:33:00,556.612,193.004,0,325.367,0.65,0,24.4697,21.669,46.1387,49.9998,-2.96175,
28/05/2025 11:34:00,556.63,193.039,0,325.128,0.65,0,27.8159,11.977,39.7929,50.0312,-2.96175,
28/05/2025 11:35:00,556.634,193.03,0,324.649,0.65,0,12.9408,10.6621,23.6029,49.9971,-2.94716,
28/05/2025 11:36:00,556.681,193.044,0,324.17,0.65,0,13.1832,3.29298,16.4761,50.0141,-2.93986,
28/05/2025 11:37:00,556.707,193.032,0,324.649,0.65,0,21.8692,25.4755,47.3448,50.0055,-2.93986,
28/05/2025 11:38:00,556.643,193.03,0,325.128,0.65,0,12.4868,13.1142,25.601,50.0198,-2.94716,
28/05/2025 11:39:00,556.634,193.041,0,325.367,0.65,0,8.62727,12.3481,20.9754,50.0255,-2.95445,
28/05/2025 11:40:00,556.666,193.029,0,325.128,0.65,0,17.8936,8.19299,26.0866,49.9727,-2.96905,
28/05/2025 11:41:00,556.649,193.044,0,325.367,0.65,0,15.0895,11.7239,26.8134,50.0255,-2.98366,
28/05/2025 11:42:00,556.669,193.039,0,325.128,0.65,0,7.86535,8.61252,16.4779,50.0141,-2.99097,
28/05/2025 11:43:00,556.707,193.036,0,324.649,0.65,0,5.61639,4.1705,9.78689,49.9917,-2.99097,
28/05/2025 11:44:00,556.771,193.064,0,324.41,0.65,0,3.91952,6.61679,10.5363,50.0283,-2.97636,
28/05/2025 11:45:00,556.776,193.069,0,324.649,0.65,0,4.56363,8.27101,12.8346,49.9944,-2.96905,
28/05/2025 11:46:00,556.783,193.067,0,324.889,0.65,0,5.38204,6.51279,11.8948,49.989,-2.96175,
28/05/2025 11:47:00,556.754,193.085,0,325.367,0.65,0,9.77882,6.26665,16.0455,50.0169,-2.95445,
28/05/2025 11:48:00,556.766,193.087,0,325.367,0.65,0,11.8112,5.48974,17.3009,49.989,-2.96905,
28/05/2025 11:49:00,556.779,193.078,0,325.367,0.65,0,6.82442,8.62489,15.4493,49.9808,-2.96905,
28/05/2025 11:50:00,556.776,193.077,0,324.889,0.65,0,5.92777,9.89748,15.8252,49.9781,-2.97636,
28/05/2025 11:51:00,556.791,193.095,0,324.41,0.65,0,16.9925,12.651,29.6435,50.0112,-2.98366,
28/05/2025 11:52:00,556.795,193.11,0,324.41,0.65,0,34.5334,24.2293,58.7627,50.0027,-2.96175,
28/05/2025 11:53:00,556.79,193.107,0,324.889,0.65,0,42.9913,26.5489,69.5402,50.0397,-2.95445,
28/05/2025 11:54:00,556.795,193.125,0,325.128,0.65,0,38.5454,27.3627,65.9081,49.9917,-2.93986,
28/05/2025 11:55:00,556.792,193.106,0,325.367,0.65,0,20.3138,16.6262,36.94,50.0283,-2.93986,
28/05/2025 11:56:00,556.795,193.132,0,324.889,0.65,0,13.011,13.9669,26.9779,50.0084,-2.94716,
28/05/2025 11:57:00,556.795,193.132,0,325.367,0.65,0,6.19488,5.08443,11.2793,50.0226,-2.94716,
28/05/2025 11:58:00,556.792,193.162,0,325.128,0.65,0,6.94064,5.8541,12.7948,49.989,-2.95445,
28/05/2025 11:59:00,556.795,193.155,0,324.41,0.65,0,11.6522,12.0529,23.705,49.9944,-2.96175,
28/05/2025 12:00:00,556.798,193.135,0,324.41,0.65,0,8.92721,12.4922,21.4194,50.0169,-2.96905,
28/05/2025 12:01:00,556.796,193.154,0,324.889,0.65,0,7.14789,5.94146,13.0894,49.9862,-2.97636,
28/05/2025 12:02:00,556.796,193.142,0,325.367,0.65,0,7.04539,8.75335,15.7987,50.0084,-2.97636,
28/05/2025 12:03:00,556.796,193.122,0,325.607,0.65,0,7.87583,9.29896,17.1748,50.0112,-2.98366,
28/05/2025 12:04:00,556.792,193.142,0,325.128,0.65,0,7.57031,10.3799,17.9503,50.0055,-2.98366,
28/05/2025 12:05:00,556.792,193.154,0,325.128,0.65,0,11.3356,9.12157,20.4572,50.0141,-2.96905,
28/05/2025 12:06:00,556.792,193.174,0,325.128,0.65,0,14.5139,12.2938,26.8077,50.034,-2.94716,
28/05/2025 12:07:00,556.795,193.168,0,324.41,0.65,0,9.14358,10.984,20.1276,49.9727,-2.95445,
28/05/2025 12:08:00,556.79,193.183,0,324.41,0.65,0,11.4021,12.8714,24.2735,49.9727,-2.96175,
28/05/2025 12:09:00,556.794,193.165,0,324.649,0.65,0,10.8986,13.9287,24.8274,50.0226,-2.96175,
28/05/2025 12:10:00,556.795,193.179,0,325.367,0.65,0,11.6712,12.8966,24.5678,49.9672,-2.97636,
28/05/2025 12:11:00,556.795,193.178,0,325.607,0.65,0,11.5368,12.7579,24.2947,49.9971,-2.97636,
28/05/2025 12:12:00,556.795,193.18,0,325.367,0.65,0,7.69489,12.8123,20.5072,50.0226,-2.98366,
28/05/2025 12:13:00,556.795,193.179,0,325.367,0.65,0,4.86916,7.9434,12.8125,49.9808,-2.98366,
28/05/2025 12:14:00,556.799,193.192,0,325.128,0.65,0,1.26548,3.38516,4.65064,50.0141,-2.98366,
28/05/2025 12:15:00,556.796,193.17,0,324.649,0.65,0,5.90609,5.3034,11.2095,49.9971,-2.99097,
28/05/2025 12:16:00,556.796,193.171,0,324.41,0.65,0,13.2146,11.5683,24.7829,50.0198,-2.98366,
28/05/2025 12:17:00,556.796,193.179,0,324.889,0.65,0,8.24227,10.5292,18.7715,50.0283,-2.99097,
28/05/2025 12:18:00,556.796,193.174,0,325.128,0.65,0,16.4866,14.5277,31.0143,49.9808,-2.99097,
28/05/2025 12:19:00,556.796,193.187,0,325.367,0.65,0,20.2333,17.3091,37.5424,50.0483,-2.98366,
28/05/2025 12:20:00,556.796,193.184,0,325.128,0.65,0,16.6086,17.4756,34.0842,50.034,-2.96175,
28/05/2025 12:21:00,556.796,193.197,0,325.367,0.65,0,10.8638,12.5543,23.4181,50.0255,-2.95445,
28/05/2025 12:22:00,556.796,193.214,0,325.367,0.65,0,8.66059,9.89433,18.5549,49.9917,-2.94716,
28/05/2025 12:23:00,556.796,193.209,0,324.649,0.65,0,12.0845,13.5297,25.6142,50.0369,-2.93986,
28/05/2025 12:24:00,556.796,193.223,0,324.17,0.65,0,8.18375,9.3986,17.5824,50.0283,-2.93986,
28/05/2025 12:25:00,556.791,193.22,0,324.889,0.65,0,7.03196,9.8732,16.9052,50.0226,-2.93986,
28/05/2025 12:26:00,556.794,193.224,0,325.128,0.65,0,9.04519,13.1818,22.2269,50.0141,-2.95445,
28/05/2025 12:27:00,556.795,193.234,0,325.607,0.65,0,8.88465,15.8452,24.7299,49.9917,-2.96175,
28/05/2025 12:28:00,556.795,193.224,0,325.128,0.65,0,8.77815,10.1985,18.9766,49.9917,-2.96905,
28/05/2025 12:29:00,556.795,193.232,0,325.607,0.65,0,7.77674,11.3648,19.1415,49.9862,-2.96905,
28/05/2025 12:30:00,556.799,193.238,0,324.889,0.65,0,9.47063,7.82813,17.2988,50.0084,-2.96905,
28/05/2025 12:31:00,556.796,193.225,0,324.41,0.65,0,11.665,13.583,25.248,50.0169,-2.98366,
28/05/2025 12:32:00,556.785,193.227,0,324.17,0.65,0,6.66762,10.2167,16.8843,49.9564,-2.98366,
28/05/2025 12:33:00,556.787,193.216,0,324.649,0.65,0,6.97982,10.196,17.1758,50.0027,-2.98366,
28/05/2025 12:34:00,556.788,193.222,0,325.128,0.65,0,6.8505,11.2134,18.0639,49.9835,-2.98366,
28/05/2025 12:35:00,556.779,193.24,0,325.846,0.65,0,11.154,11.4314,22.5855,50.0369,-2.97636,
28/05/2025 12:36:00,556.786,193.239,0,325.367,0.65,0,10.5928,12.2125,22.8054,50.0283,-2.95445,
28/05/2025 12:37:00,556.788,193.247,0,325.367,0.65,0,13.5426,13.0502,26.5928,50.0312,-2.93986,
28/05/2025 12:38:00,556.785,193.257,0,325.128,0.65,0,11.4387,12.7184,24.1572,49.9781,-2.93986,
28/05/2025 12:39:00,556.759,193.255,0,324.649,0.65,0,12.5921,13.7021,26.2942,49.9998,-2.93257,
28/05/2025 12:40:00,556.788,193.251,0,324.17,0.65,0,16.9025,19.1878,36.0903,49.9944,-2.93986,
28/05/2025 12:41:00,556.762,193.258,0,324.889,0.65,0,13.9227,13.5542,27.477,50.0027,-2.93986,
28/05/2025 12:42:00,556.704,193.251,0,325.367,0.65,0,14.0443,12.6764,26.7207,50.0198,-2.94716,
28/05/2025 12:43:00,556.721,193.256,0,325.367,0.65,0,13.7837,13.3592,27.1429,49.9808,-2.95445,
28/05/2025 12:44:00,556.688,193.254,0,325.128,0.65,0,10.1274,12.6737,22.8011,50.0027,-2.96175,
28/05/2025 12:45:00,556.731,193.258,0,325.607,0.65,0,9.16589,11.085,20.2509,50.034,-2.96175,
28/05/2025 12:46:00,556.703,193.254,0,325.128,0.65,0,9.30231,10.8074,20.1097,49.989,-2.96175,
28/05/2025 12:47:00,556.724,193.267,0,324.17,0.65,0,9.24526,10.2326,19.4779,50.034,-2.96905,
28/05/2025 12:48:00,556.72,193.25,0,324.17,0.65,0,7.48778,11.9576,19.4454,50.0426,-2.97636,
28/05/2025 12:49:00,556.734,193.27,0,324.889,0.65,0,10.6094,13.8237,24.4331,49.9944,-2.97636,
28/05/2025 12:50:00,556.765,193.267,0,325.128,0.65,0,9.74154,9.8224,19.564,50.0397,-2.98366,
28/05/2025 12:51:00,556.757,193.276,0,325.128,0.65,0,8.98306,11.3096,20.2927,49.9835,-2.97636,
28/05/2025 12:52:00,556.747,193.282,0,324.889,0.65,0,7.99722,7.88831,15.8856,49.9917,-2.97636,
28/05/2025 12:53:00,556.737,193.28,0,325.128,0.65,0,5.47722,6.34967,11.8269,49.9998,-2.97636,
28/05/2025 12:54:00,556.713,193.287,0,325.367,0.65,0,4.21661,8.48301,12.6996,50.0169,-2.98366,
28/05/2025 12:55:00,556.684,193.287,0,324.41,0.65,0,3.34244,6.42233,9.76477,49.9917,-2.98366,
28/05/2025 12:56:00,556.673,193.288,0,324.41,0.65,0,2.30568,8.46667,10.7724,49.9862,-2.97636,
28/05/2025 12:57:00,556.723,193.29,0,324.889,0.65,0,2.19203,1.41539,3.60742,50.0283,-2.98366,
28/05/2025 12:58:00,556.721,193.284,0,324.649,0.65,0,1.67222,3.06774,4.73996,50.0055,-2.97636,
28/05/2025 12:59:00,556.688,193.286,0,325.846,0.65,0,0.464617,1.22221,1.68683,50.0084,-2.97636,
28/05/2025 13:00:00,556.612,193.276,0,325.367,0.65,0,2.05056,4.38656,6.43712,49.9998,-2.97636,
28/05/2025 13:01:00,556.612,193.276,0,325.367,0.65,0,4.18293,5.91769,10.1006,50.0255,-2.96905,
28/05/2025 13:02:00,556.621,193.292,0,325.128,0.65,0,6.84443,5.67455,12.519,49.9917,-2.96905,
28/05/2025 13:03:00,556.636,193.281,0,324.889,0.65,0,9.39963,7.29252,16.6922,50.0255,-2.96905,
28/05/2025 13:04:00,556.614,193.28,0,324.41,0.65,0,17.7396,16.6115,34.3512,50.0112,-2.96905,
28/05/2025 13:05:00,556.615,193.282,0,324.889,0.65,0,16.7867,13.3385,30.1252,50.0312,-2.96175,
28/05/2025 13:06:00,556.615,193.294,0,325.367,0.65,0,15.2941,14.4214,29.7155,49.9917,-2.96175,
28/05/2025 13:07:00,556.617,193.301,0,325.367,0.65,0,23.9969,20.3139,44.3108,50.0283,-2.95445,
28/05/2025 13:08:00,556.604,193.3,0,325.128,0.65,0,35.1018,23.6922,58.794,50.034,-2.95445,
28/05/2025 13:09:00,556.602,193.299,0,325.128,0.65,0,18.4896,17.7682,36.2577,49.9998,-2.94716,
28/05/2025 13:10:00,556.602,193.299,0,324.889,0.65,0,11.7646,13.5191,25.2838,50.0141,-2.94716,
28/05/2025 13:11:00,556.602,193.317,0,324.649,0.65,0,12.9326,10.2074,23.1399,50.034,-2.94716,
28/05/2025 13:12:00,556.602,193.306,0,324.649,0.65,0,11.91,12.7248,24.6348,50.0198,-2.93986,
28/05/2025 13:13:00,556.598,193.321,0,324.649,0.65,0,16.4395,14.8207,31.2603,50.0426,-2.93257,
28/05/2025 13:14:00,556.597,193.313,0,325.367,0.65,0,16.9352,16.4425,33.3777,50.034,-2.93257,
28/05/2025 13:15:00,556.602,193.316,0,325.607,0.65,0,17.1802,16.1882,33.3684,50.0255,-2.93986,
28/05/2025 13:16:00,556.602,193.319,0,325.128,0.65,0,11.3224,12.0341,23.3564,50.0141,-2.93257,
28/05/2025 13:17:00,556.602,193.327,0,325.367,0.65,0,17.8336,14.3708,32.2044,49.9998,-2.93257,
28/05/2025 13:18:00,556.601,193.329,0,325.128,0.65,0,17.2088,17.4193,34.6281,50.0369,-2.92528,
28/05/2025 13:19:00,556.585,193.333,0,325.367,0.65,0,17.3377,14.3242,31.6619,50.0511,-2.93257,
28/05/2025 13:20:00,556.589,193.342,0,325.128,0.65,0,25.2592,17.7538,43.0129,50.0312,-2.93257,
28/05/2025 13:21:00,556.599,193.344,0,324.889,0.65,0,23.5325,18.4589,41.9914,49.9971,-2.93257,
28/05/2025 13:22:00,556.591,193.337,0,325.128,0.65,0,15.1022,19.0369,34.1391,50.0027,-2.93257,
28/05/2025 13:23:00,556.596,193.332,0,325.367,0.65,0,11.0112,9.78037,20.7915,50.0141,-2.93986,
28/05/2025 13:24:00,556.596,193.344,0,325.128,0.65,0,15.0427,13.0518,28.0945,50.0027,-2.93257,
28/05/2025 13:25:00,556.598,193.352,0,325.128,0.65,0,15.9853,14.2574,30.2427,50.0369,-2.93986,
28/05/2025 13:26:00,556.598,193.351,0,325.128,0.65,0,13.8865,14.0841,27.9706,50.0369,-2.93257,
28/05/2025 13:27:00,556.584,193.344,0,324.889,0.65,0,10.2579,11.367,21.625,50.0283,-2.93986,
28/05/2025 13:28:00,556.588,193.341,0,325.367,0.65,0,6.06357,5.99097,12.0545,50.0112,-2.93986,
28/05/2025 13:29:00,556.568,193.347,0,324.41,0.65,0,5.11463,6.4571,11.5717,50.0112,-2.93257,
28/05/2025 13:30:00,556.572,193.361,0,325.128,0.65,0,4.97966,6.79741,11.7771,50.0454,-2.93257,
28/05/2025 13:31:00,556.542,193.362,0,325.607,0.65,0,2.43144,5.2056,7.63704,50.0055,-2.93257,
28/05/2025 13:32:00,556.541,193.374,0,325.128,0.65,0,1.62806,2.53765,4.16572,50.0283,-2.93986,
28/05/2025 13:33:00,556.567,193.372,0,325.367,0.65,0,1.55608,1.48698,3.04305,50.0312,-2.93257,
28/05/2025 13:34:00,556.529,193.36,0,325.367,0.65,0,5.75602,6.49738,12.2534,50.0084,-2.93986,
28/05/2025 13:35:00,556.548,193.356,0,325.607,0.65,0,3.25465,6.14845,9.40308,50.0055,-2.93257,
28/05/2025 13:36:00,556.53,193.369,0,325.367,0.65,0,5.91767,7.27996,13.1976,50.0084,-2.93986,
28/05/2025 13:37:00,556.544,193.384,0,324.649,0.65,0,8.13433,8.04094,16.1753,50.0198,-2.93986,
28/05/2025 13:38:00,556.559,193.389,0,324.17,0.65,0,11.316,11.9294,23.2454,49.9917,-2.93986,
28/05/2025 13:39:00,556.54,193.383,0,324.649,0.65,0,4.8204,4.78681,9.60721,50.0369,-2.93986,
28/05/2025 13:40:00,556.488,193.391,0,325.367,0.65,0,3.80168,5.06315,8.86483,50.0426,-2.93986,
28/05/2025 13:41:00,556.459,193.375,0,325.367,0.65,0,3.17297,5.89306,9.06603,50.0084,-2.93986,
28/05/2025 13:42:00,556.437,193.38,0,325.128,0.65,0,4.56554,4.76692,9.33247,50.0226,-2.93986,
28/05/2025 13:43:00,556.421,193.38,0,325.367,0.65,0,6.49659,7.85995,14.3565,50.0198,-2.93986,
28/05/2025 13:44:00,556.429,193.383,0,325.128,0.65,0,6.82414,7.70441,14.5286,50.0283,-2.93257,
28/05/2025 13:45:00,556.46,193.392,0,324.41,0.65,0,10.3269,8.8704,19.1972,49.9944,-2.93986,
28/05/2025 13:46:00,556.412,193.394,0,324.41,0.65,0,11.0135,9.75767,20.7711,50.0369,-2.94716,
28/05/2025 13:47:00,556.412,193.389,0,324.649,0.65,0,13.7139,8.47491,22.1889,50.034,-2.94716,
28/05/2025 13:48:00,556.409,193.39,0,325.128,0.65,0,13.2172,12.9932,26.2104,50.0312,-2.94716,
28/05/2025 13:49:00,556.409,193.401,0,325.367,0.65,0,16.1371,17.1925,33.3295,50.0226,-2.93986,
28/05/2025 13:50:00,556.409,193.4,0,325.367,0.65,0,18.5258,17.7864,36.3122,49.9944,-2.94716,
28/05/2025 13:51:00,556.408,193.406,0,325.607,0.65,0,20.0381,16.7328,36.7709,50.0027,-2.94716,
28/05/2025 13:52:00,556.399,193.394,0,325.128,0.65,0,24.2222,17.7624,41.9846,50.0283,-2.94716,
28/05/2025 13:53:00,556.405,193.393,0,324.889,0.65,0,25.1177,22.6071,47.7248,50.0226,-2.93986,
28/05/2025 13:54:00,556.409,193.397,0,324.41,0.65,0,22.841,22.681,45.522,50.0141,-2.93986,
28/05/2025 13:55:00,556.396,193.403,0,324.649,0.65,0,17.5434,22.0573,39.6007,50.0283,-2.93986,
28/05/2025 13:56:00,556.4,193.415,0,325.367,0.65,0,19.7073,16.3521,36.0594,49.9917,-2.94716,
28/05/2025 13:57:00,556.391,193.411,0,325.367,0.65,0,16.3971,16.527,32.9241,50.0283,-2.93986,
28/05/2025 13:58:00,556.404,193.417,0,325.128,0.65,0,17.681,15.9847,33.6657,49.9944,-2.94716,
28/05/2025 13:59:00,556.402,193.425,0,325.128,0.65,0,13.5023,11.3504,24.8528,50.0027,-2.93986,
28/05/2025 14:00:00,556.4,193.422,0,325.128,0.65,0,14.6731,9.36424,24.0374,50.0198,-2.93986,
28/05/2025 14:01:00,556.392,193.419,0,324.649,0.65,0,10.4064,13.9607,24.3671,50.0169,-2.93986,
28/05/2025 14:02:00,556.379,193.415,0,324.17,0.65,0,13.5222,11.476,24.9983,50.0312,-2.93986,
28/05/2025 14:03:00,556.398,193.409,0,324.649,0.65,0,14.2822,14.4258,28.708,50.0141,-2.93986,
28/05/2025 14:04:00,556.394,193.425,0,325.367,0.65,0,12.7784,13.1074,25.8858,50.0255,-2.94716,
28/05/2025 14:05:00,556.369,193.421,0,325.367,0.65,0,11.9155,16.2899,28.2054,49.9862,-2.94716,
28/05/2025 14:06:00,556.386,193.418,0,325.128,0.65,0,7.13147,8.65071,15.7822,50.0255,-2.94716,
28/05/2025 14:07:00,556.347,193.412,0,325.367,0.65,0,1.76868,3.83168,5.60036,49.989,-2.94716,
28/05/2025 14:08:00,556.358,193.409,0,325.128,0.65,0,2.16752,2.10614,4.27365,50.0226,-2.95445,
28/05/2025 14:09:00,556.295,193.415,0,324.889,0.65,0,1.56341,3.03012,4.59352,50.0568,-2.95445,
28/05/2025 14:10:00,556.251,193.405,0,324.17,0.65,0,2.7583,5.74143,8.49973,50.0283,-2.95445,
28/05/2025 14:11:00,556.23,193.397,0,324.41,0.65,0,12.815,13.0894,25.9045,49.9917,-2.95445,
28/05/2025 14:12:00,556.216,193.414,0,325.367,0.65,0,12.6204,11.1776,23.798,50.0169,-2.95445,
28/05/2025 14:13:00,556.216,193.404,0,325.128,0.65,0,8.86893,7.7582,16.6271,50.0027,-2.95445,
28/05/2025 14:14:00,556.213,193.394,0,325.128,0.65,0,4.96408,5.52564,10.4897,50.0226,-2.95445,
28/05/2025 14:15:00,556.216,193.403,0,325.367,0.65,0,3.90609,6.94592,10.852,50.0312,-2.95445,
28/05/2025 14:16:00,556.216,193.41,0,325.367,0.65,0,7.65647,6.84592,14.5024,49.9699,-2.95445,
28/05/2025 14:17:00,556.216,193.412,0,324.649,0.65,0,4.73364,5.31973,10.0534,50.0169,-2.95445,
28/05/2025 14:18:00,556.21,193.406,0,324.41,0.65,0,6.89981,8.13256,15.0323,49.9998,-2.96175,
28/05/2025 14:19:00,556.213,193.404,0,324.889,0.65,0,8.21696,9.89766,18.1146,49.9998,-2.95445,
28/05/2025 14:20:00,556.205,193.407,0,325.367,0.65,0,8.28793,8.44047,16.7284,50.0369,-2.95445,
28/05/2025 14:21:00,556.198,193.406,0,325.367,0.65,0,8.59921,8.72601,17.3252,50.0027,-2.95445,
28/05/2025 14:22:00,556.206,193.414,0,325.367,0.65,0,6.19584,11.2498,17.4456,50.0397,-2.96175,
28/05/2025 14:23:00,556.203,193.414,0,325.128,0.65,0,8.13903,6.63996,14.779,49.989,-2.96175,
28/05/2025 14:24:00,556.2,193.418,0,325.367,0.65,0,8.84256,10.4938,19.3363,49.9998,-2.95445,
28/05/2025 14:25:00,556.2,193.413,0,324.649,0.65,0,9.61871,12.9919,22.6106,50.0169,-2.96175,
28/05/2025 14:26:00,556.19,193.42,0,324.649,0.65,0,9.73974,8.23386,17.9736,50.0141,-2.96175,
28/05/2025 14:27:00,556.168,193.426,0,324.649,0.65,0,8.47749,11.4061,19.8836,50.0597,-2.95445,
28/05/2025 14:28:00,556.195,193.425,0,325.128,0.65,0,9.27657,14.3671,23.6437,49.9971,-2.96175,
28/05/2025 14:29:00,556.196,193.427,0,325.607,0.65,0,9.25596,10.7365,19.9924,50.0198,-2.95445,
28/05/2025 14:30:00,556.187,193.431,0,325.367,0.65,0,13.8012,14.939,28.7402,50.0112,-2.96175,
28/05/2025 14:31:00,556.181,193.44,0,325.128,0.65,0,14.0424,14.5367,28.5792,50.0198,-2.95445,
28/05/2025 14:32:00,556.163,193.431,0,325.367,0.65,0,11.806,13.2984,25.1045,50.0055,-2.95445,
28/05/2025 14:33:00,556.19,193.43,0,324.649,0.65,0,19.7553,15.0022,34.7576,50.0084,-2.96175,
28/05/2025 14:34:00,556.156,193.436,0,324.41,0.65,0,15.7045,13.9399,29.6444,50.0141,-2.95445,
28/05/2025 14:35:00,556.097,193.441,0,324.649,0.65,0,11.8735,12.4157,24.2893,50.0198,-2.96175,
28/05/2025 14:36:00,556.051,193.424,0,325.367,0.65,0,10.0487,11.7443,21.7929,50.0027,-2.96175,
28/05/2025 14:37:00,556.04,193.422,0,325.367,0.65,0,11.0761,14.6232,25.6993,50.0112,-2.96175,
28/05/2025 14:38:00,556.023,193.422,0,325.128,0.65,0,12.5184,12.2828,24.8012,49.9862,-2.96905,
28/05/2025 14:39:00,556.026,193.413,0,325.367,0.65,0,9.3452,11.9566,21.3018,50.0255,-2.96175,
28/05/2025 14:40:00,556.023,193.417,0,325.367,0.65,0,12.0498,8.34203,20.3918,49.9971,-2.96175,
28/05/2025 14:41:00,556.026,193.42,0,324.649,0.65,0,7.19763,9.41573,16.6134,50.0426,-2.96175,
28/05/2025 14:42:00,556.023,193.426,0,324.41,0.65,0,7.49607,7.62746,15.1235,50.0226,-2.95445,
28/05/2025 14:43:00,556.023,193.434,0,324.649,0.65,0,15.1945,12.8574,28.0518,49.9998,-2.96175,
28/05/2025 14:44:00,556.023,193.438,0,325.128,0.65,0,13.3182,16.4844,29.8026,50.0198,-2.96175,
28/05/2025 14:45:00,556.023,193.449,0,325.367,0.65,0,15.0316,14.9206,29.9522,50.0283,-2.95445,
28/05/2025 14:46:00,556.02,193.436,0,325.367,0.65,0,12.3054,11.9742,24.2796,50.0084,-2.96175,
28/05/2025 14:47:00,556.023,193.445,0,325.607,0.65,0,10.7735,8.04113,18.8146,50.0397,-2.95445,
28/05/2025 14:48:00,556.021,193.453,0,325.367,0.65,0,7.60658,13.1142,20.7208,50.0169,-2.95445,
28/05/2025 14:49:00,556.013,193.456,0,324.41,0.65,0,14.5857,15.6106,30.1963,50.0226,-2.95445,
28/05/2025 14:50:00,556.015,193.433,0,324.41,0.65,0,17.908,17.4931,35.4011,50.0169,-2.95445,
28/05/2025 14:51:00,556.001,193.439,0,325.128,0.65,0,15.9342,19.8168,35.7509,50.0226,-2.96175,
28/05/2025 14:52:00,555.975,193.433,0,325.128,0.65,0,15.8528,19.8541,35.7069,49.9998,-2.96175,
28/05/2025 14:53:00,555.992,193.426,0,325.367,0.65,0,14.7831,17.6791,32.4623,49.9971,-2.95445,
28/05/2025 14:54:00,555.981,193.421,0,325.367,0.65,0,12.6898,14.0333,26.7231,50.0312,-2.94716,
28/05/2025 14:55:00,555.99,193.446,0,325.607,0.65,0,12.0487,14.8148,26.8636,50.0055,-2.95445,
28/05/2025 14:56:00,555.948,193.43,0,325.128,0.65,0,11.8018,16.0467,27.8485,49.9998,-2.95445,
28/05/2025 14:57:00,555.958,193.439,0,324.41,0.65,0,13.0428,18.6156,31.6584,50.0198,-2.95445,
28/05/2025 14:58:00,555.939,193.434,0,324.41,0.65,0,12.1819,13.4292,25.611,50.0454,-2.95445,
28/05/2025 14:59:00,555.911,193.425,0,324.649,0.65,0,11.635,13.2742,24.9092,49.9971,-2.94716,
28/05/2025 15:00:00,555.912,193.441,0,325.367,0.65,0,11.2881,11.4301,22.7182,50.0055,-2.94716,
28/05/2025 15:01:00,555.87,193.442,0,324.889,0.65,0,16.03,17.8429,33.8729,50.0084,-2.94716,
28/05/2025 15:02:00,555.85,193.429,0,325.128,0.65,0,16.7398,16.454,33.1937,50.0112,-2.94716,
28/05/2025 15:03:00,555.848,193.442,0,325.607,0.65,0,19.2485,18.2076,37.4561,50.0454,-2.93986,
28/05/2025 15:04:00,555.873,193.449,0,325.367,0.65,0,17.0945,16.5749,33.6694,50.0112,-2.93986,
28/05/2025 15:05:00,555.899,193.456,0,325.367,0.65,0,16.3878,17.7073,34.0951,50.0454,-2.93986,
28/05/2025 15:06:00,555.858,193.435,0,324.889,0.65,0,13.9609,18.552,32.5129,50.0055,-2.94716,
28/05/2025 15:07:00,555.839,193.445,0,324.41,0.65,0,12.3808,14.8262,27.2071,50.0483,-2.94716,
28/05/2025 15:08:00,555.83,193.449,0,324.17,0.65,0,11.7026,13.5267,25.2293,50.0084,-2.94716,
28/05/2025 15:09:00,555.849,193.458,0,324.649,0.65,0,13.9707,11.9668,25.9374,50.0055,-2.94716,
28/05/2025 15:10:00,555.837,193.445,0,325.367,0.65,0,15.0934,12.0565,27.1499,50.0198,-2.94716,
28/05/2025 15:11:00,555.831,193.434,0,325.367,0.65,0,11.7164,12.789,24.5054,50.0141,-2.93986,
28/05/2025 15:12:00,555.831,193.446,0,325.367,0.65,0,12.057,16.1423,28.1993,50.034,-2.93986,
28/05/2025 15:13:00,555.829,193.429,0,325.367,0.65,0,11.9227,13.5595,25.4822,50.0055,-2.94716,
28/05/2025 15:14:00,555.823,193.433,0,325.128,0.65,0,14.0014,15.6386,29.64,50.0198,-2.93986,
28/05/2025 15:15:00,555.823,193.445,0,324.649,0.65,0,13.4396,12.0985,25.5381,50.0682,-2.93986,
28/05/2025 15:16:00,555.823,193.431,0,324.41,0.65,0,8.62752,13.3893,22.0168,50.0055,-2.94716,
28/05/2025 15:17:00,555.8,193.414,0,324.889,0.65,0,13.2981,11.1051,24.4031,50.0027,-2.94716,
28/05/2025 15:18:00,555.825,193.428,0,324.889,0.65,0,14.2636,16.0464,30.3101,49.9835,-2.96175,
28/05/2025 15:19:00,555.795,193.422,0,325.367,0.65,0,11.6381,11.4667,23.1048,49.9455,-3.0331,
28/05/2025 15:20:00,555.724,193.406,0,325.367,0.65,0,10.2936,13.0391,23.3327,49.8774,-3.13068,
28/05/2025 15:21:00,555.687,193.372,0,325.367,0.65,0,11.5639,12.0137,23.5776,49.9047,-3.21477,
28/05/2025 15:22:00,555.638,193.348,0,324.889,0.65,0,10.36,12.797,23.157,49.9237,-3.27105,
28/05/2025 15:23:00,555.637,193.34,0,324.41,0.65,0,13.1403,20.7251,33.8654,49.9373,-3.2922,
28/05/2025 15:24:00,555.641,193.329,0,324.649,0.65,0,18.5703,17.0821,35.6524,49.9047,-3.32045,
28/05/2025 15:25:00,555.636,193.302,0,324.889,0.65,0,14.4306,16.8731,31.3038,49.8692,-3.34874,
28/05/2025 15:26:00,555.636,193.276,0,324.889,0.65,0,15.8712,17.4619,33.3331,49.8965,-3.38416,
28/05/2025 15:27:00,555.636,193.261,0,325.607,0.65,0,20.1021,18.8165,38.9186,49.9264,-3.39125,
28/05/2025 15:28:00,555.636,193.244,0,325.128,0.65,0,16.3633,15.4352,31.7985,49.9509,-3.3629,
28/05/2025 15:29:00,555.636,193.233,0,325.128,0.65,0,9.18696,15.1846,24.3716,49.921,-3.34874,
28/05/2025 15:30:00,555.636,193.214,0,325.128,0.65,0,4.87989,9.79316,14.673,49.8992,-3.35581,
28/05/2025 15:31:00,555.63,193.183,0,324.649,0.65,0,3.38514,6.06736,9.45251,49.9292,-3.35581,
28/05/2025 15:32:00,555.63,193.16,0,324.17,0.65,0,5.36503,5.79949,11.1645,49.9455,-3.34166,
28/05/2025 15:33:00,555.618,193.15,0,324.889,0.65,0,6.32858,9.732,16.0606,49.9645,-3.30632,
28/05/2025 15:34:00,555.601,193.141,0,325.128,0.65,0,6.36756,7.62608,13.9936,49.9536,-3.27105,
28/05/2025 15:35:00,555.558,193.135,0,325.367,0.65,0,4.74748,6.08664,10.8341,49.9591,-3.26401,
28/05/2025 15:36:00,555.462,193.119,0,325.128,0.65,0,5.90098,11.1296,17.0306,49.9101,-3.27105,
28/05/2025 15:37:00,555.458,193.085,0,325.367,0.65,0,6.28778,7.60169,13.8894,49.9482,-3.26401,
28/05/2025 15:38:00,555.465,193.072,0,324.889,0.65,0,6.30301,3.20227,9.50528,49.94,-3.24289,
28/05/2025 15:39:00,555.48,193.059,0,324.889,0.65,0,6.33654,6.58811,12.9247,49.9699,-3.20073,
28/05/2025 15:40:00,555.462,193.057,0,324.17,0.65,0,4.07636,8.77355,12.8499,49.9754,-3.16567,
28/05/2025 15:41:00,555.474,193.048,0,324.649,0.65,0,5.0962,1.69818,6.79438,49.9509,-3.16567,
28/05/2025 15:42:00,555.443,192.999,0,325.128,0.65,0,8.77345,7.53748,16.3109,49.9264,-3.1867,
28/05/2025 15:43:00,555.443,192.988,0,325.367,0.65,0,7.9385,7.6372,15.5757,49.9591,-3.17969,
28/05/2025 15:44:00,555.443,192.982,0,325.128,0.65,0,8.62238,9.60175,18.2242,49.9998,-3.17969,
28/05/2025 15:45:00,555.44,192.97,0,325.607,0.65,0,8.21811,11.4449,19.663,49.9373,-3.15867,
28/05/2025 15:46:00,555.442,192.973,0,325.128,0.65,0,9.9512,11.5416,21.4928,49.9618,-3.13068,
28/05/2025 15:47:00,555.443,192.966,0,324.649,0.65,0,3.90803,6.51227,10.4203,49.9455,-3.14467,
28/05/2025 15:48:00,555.433,192.934,0,324.41,0.65,0,6.76446,4.60201,11.3665,49.891,-3.15867,
28/05/2025 15:49:00,555.436,192.922,0,324.889,0.65,0,15.8077,15.0656,30.8733,50.0112,-3.15867,
28/05/2025 15:50:00,555.44,192.916,0,325.128,0.65,0,25.8075,20.4739,46.2813,49.9998,-3.15167,
28/05/2025 15:51:00,555.442,192.911,0,325.367,0.65,0,25.5388,23.2701,48.8089,49.9835,-3.13068,
28/05/2025 15:52:00,555.44,192.917,0,325.128,0.65,0,23.1904,23.5501,46.7405,49.9564,-3.09577,
28/05/2025 15:53:00,555.434,192.894,0,325.128,0.65,0,17.9918,16.4909,34.4828,49.9808,-3.10275,
28/05/2025 15:54:00,555.433,192.859,0,324.889,0.65,0,9.19561,11.6059,20.8015,49.9754,-3.11671,
28/05/2025 15:55:00,555.421,192.867,0,324.649,0.65,0,7.91713,11.3362,19.2534,49.9754,-3.10973,
28/05/2025 15:56:00,555.441,192.849,0,324.41,0.65,0,10.8361,14.2338,25.0699,49.9998,-3.10973,
28/05/2025 15:57:00,555.44,192.847,0,324.889,0.65,0,7.13533,9.85287,16.9882,49.9944,-3.0888,
28/05/2025 15:58:00,555.436,192.845,0,325.128,0.65,0,9.4894,8.46964,17.959,49.9998,-3.06093,
28/05/2025 15:59:00,555.421,192.846,0,325.607,0.65,0,5.29304,8.50711,13.8002,49.94,-3.06093,
28/05/2025 16:00:00,555.417,192.826,0,325.367,0.65,0,4.47797,6.97864,11.4566,50.0055,-3.08182,
28/05/2025 16:01:00,555.387,192.824,0,325.367,0.65,0,7.18768,9.91681,17.1045,49.9645,-3.09577,
28/05/2025 16:02:00,555.318,192.808,0,325.128,0.65,0,9.39845,9.03663,18.4351,49.9781,-3.0888,
28/05/2025 16:03:00,555.324,192.803,0,324.889,0.65,0,6.06455,12.747,18.8115,50.0226,-3.06789,
28/05/2025 16:04:00,555.34,192.806,0,324.41,0.65,0,8.57732,10.7065,19.2838,49.9808,-3.04701,
28/05/2025 16:05:00,555.331,192.807,0,324.649,0.65,0,5.78536,11.7089,17.4943,49.9998,-3.02615,
28/05/2025 16:06:00,555.284,192.776,0,325.367,0.65,0,4.21012,6.17269,10.3828,49.9781,-3.04701,
28/05/2025 16:07:00,555.28,192.775,0,325.607,0.65,0,3.73234,4.82865,8.56098,50.0112,-3.06093,
28/05/2025 16:08:00,555.265,192.787,0,325.367,0.65,0,6.11798,6.43903,12.557,49.9536,-3.06789,
28/05/2025 16:09:00,555.265,192.763,0,325.367,0.65,0,10.6462,12.1473,22.7934,49.9835,-3.06789,
28/05/2025 16:10:00,555.268,192.785,0,324.889,0.65,0,18.9178,15.298,34.2158,50.0112,-3.04005,
28/05/2025 16:11:00,555.298,192.77,0,324.649,0.65,0,13.5971,14.0223,27.6195,50.0226,-3.01226,
28/05/2025 16:12:00,555.303,192.772,0,324.17,0.65,0,8.48398,8.21921,16.7032,49.9808,-2.99829,
28/05/2025 16:13:00,555.298,192.772,0,324.889,0.65,0,5.47071,5.37511,10.8458,49.989,-3.00532,
28/05/2025 16:14:00,555.291,192.76,0,325.367,0.65,0,5.62522,8.08275,13.708,50.0055,-3.0192,
28/05/2025 16:15:00,555.302,192.754,0,325.607,0.65,0,6.58738,7.90794,14.4953,49.9536,-3.04005,
28/05/2025 16:16:00,555.322,192.761,0,325.128,0.65,0,7.40419,12.6502,20.0544,50.0027,-3.02615,
28/05/2025 16:17:00,555.322,192.759,0,325.367,0.65,0,7.02681,11.0535,18.0803,50.0112,-3.00532,
28/05/2025 16:18:00,555.358,192.752,0,325.128,0.65,0,7.04801,11.9252,18.9732,50.0112,-2.99097,
28/05/2025 16:19:00,555.383,192.757,0,324.889,0.65,0,8.68085,15.9267,24.6075,50.0198,-2.96905,
28/05/2025 16:20:00,555.39,192.769,0,323.931,0.65,0,10.3551,17.8725,28.2276,50.0198,-2.95445,
28/05/2025 16:21:00,555.394,192.767,0,324.649,0.65,0,9.76211,15.5222,25.2843,49.9754,-2.97636,
28/05/2025 16:22:00,555.395,192.758,0,325.128,0.65,0,14.3495,19.2299,33.5794,49.9509,-3.00532,
28/05/2025 16:23:00,555.377,192.751,0,325.607,0.65,0,18.2767,23.6959,41.9726,49.9862,-3.02615,
28/05/2025 16:24:00,555.369,192.761,0,325.367,0.65,0,14.9248,23.2238,38.1486,49.9835,-3.04005,
28/05/2025 16:25:00,555.4,192.758,0,325.367,0.65,0,10.8572,19.3405,30.1977,49.9917,-3.0331,
28/05/2025 16:26:00,555.423,192.758,0,324.889,0.65,0,13.0159,19.5582,32.5741,50.0112,-3.02615,
28/05/2025 16:27:00,555.418,192.753,0,324.649,0.65,0,10.1028,18.0692,28.1721,50.0169,-3.00532,
28/05/2025 16:28:00,555.41,192.769,0,324.17,0.65,0,8.33504,12.5818,20.9169,49.9998,-2.99829,
28/05/2025 16:29:00,555.414,192.749,0,324.889,0.65,0,5.02887,12.0676,17.0965,49.9944,-2.99097,
28/05/2025 16:30:00,555.421,192.758,0,325.128,0.65,0,6.24599,8.1149,14.3609,49.989,-3.00532,
28/05/2025 16:31:00,555.414,192.749,0,325.367,0.65,0,5.74639,10.9875,16.7339,49.9672,-3.04005,
28/05/2025 16:32:00,555.42,192.759,0,325.367,0.65,0,3.86894,9.43565,13.3046,50.0055,-3.05396,
28/05/2025 16:33:00,555.426,192.762,0,325.128,0.65,0,2.23313,7.69126,9.9244,49.9645,-3.05396,
28/05/2025 16:34:00,555.432,192.759,0,325.128,0.65,0,2.15212,5.30252,7.45463,50.0312,-3.04701,
28/05/2025 16:35:00,555.43,192.75,0,324.889,0.65,0,1.1916,5.80878,7.00038,49.9971,-3.0331,
28/05/2025 16:36:00,555.433,192.761,0,324.41,0.65,0,2.7955,7.6386,10.4341,49.9971,-3.02615,
28/05/2025 16:37:00,555.419,192.755,0,324.889,0.65,0,7.27069,13.3962,20.6669,49.9971,-3.00532,
28/05/2025 16:38:00,555.434,192.76,0,325.128,0.65,0,11.3596,20.1327,31.4923,49.9835,-2.99829,
28/05/2025 16:39:00,555.413,192.755,0,325.367,0.65,0,13.5502,25.2148,38.765,50.0226,-2.99097,
28/05/2025 16:40:00,555.418,192.756,0,325.367,0.65,0,13.2866,25.3423,38.6288,50.0397,-2.97636,
28/05/2025 16:41:00,555.422,192.756,0,325.367,0.65,0,11.585,17.0897,28.6747,50.0141,-2.96175,
28/05/2025 16:42:00,555.419,192.745,0,324.889,0.65,0,8.55923,16.1795,24.7387,50.0426,-2.94716,
28/05/2025 16:43:00,555.42,192.765,0,324.649,0.65,0,9.48998,14.5574,24.0474,50.034,-2.93257,
28/05/2025 16:44:00,555.417,192.762,0,324.41,0.65,0,5.72184,10.5282,16.2501,50.0112,-2.92528,
28/05/2025 16:45:00,555.428,192.752,0,324.649,0.65,0,3.29637,10.1468,13.4431,50.0169,-2.918,
28/05/2025 16:46:00,555.428,192.76,0,325.128,0.65,0,2.7378,11.5636,14.3014,50.0141,-2.918,
28/05/2025 16:47:00,555.437,192.774,0,325.367,0.65,0,6.73812,15.347,22.0851,50.0283,-2.918,
28/05/2025 16:48:00,555.436,192.769,0,325.128,0.65,0,3.03391,9.14274,12.1766,50.0426,-2.91072,
28/05/2025 16:49:00,555.443,192.774,0,325.607,0.65,0,1.63715,10.0424,11.6795,50.0141,-2.91072,
28/05/2025 16:50:00,555.437,192.773,0,324.889,0.65,0,2.75987,11.5002,14.2601,50.0055,-2.91072,
28/05/2025 16:51:00,555.443,192.769,0,324.889,0.65,0,5.83994,14.5477,20.3877,50.0112,-2.918,
28/05/2025 16:52:00,555.436,192.775,0,324.41,0.65,0,30.0819,32.7748,62.8567,50.0711,-2.918,
28/05/2025 16:53:00,546.168,189.561,0,324.889,0.639167,0,26.7832,25.9874,52.7706,50.0141,-2.93257,
28/05/2025 16:54:00,555.437,192.789,0,325.128,0.65,0,20.3964,22.8289,43.2253,50.034,-2.93986,
28/05/2025 16:55:00,555.43,192.78,0,325.607,0.65,0,23.3174,33.7772,57.0946,49.9862,-2.93986,
28/05/2025 16:56:00,555.434,192.778,0,325.367,0.65,0,39.1012,40.2583,79.3595,50.0141,-2.93986,
28/05/2025 16:57:00,555.441,192.796,0,325.367,0.65,0,41.2728,37.8955,79.1682,50.0226,-2.94716,
28/05/2025 16:58:00,555.443,192.796,0,325.128,0.65,0,33.5553,39.9222,73.4775,50.0312,-2.94716,
28/05/2025 16:59:00,555.437,192.801,0,324.889,0.65,0,24.489,29.4654,53.9545,49.9971,-2.95445,
28/05/2025 17:00:00,555.443,192.801,0,324.41,0.65,0,22.8097,27.0811,49.8908,50.0226,-2.95445,
28/05/2025 17:01:00,555.443,192.785,0,324.889,0.65,0,11.5979,20.6725,32.2705,50.0169,-2.96175,
28/05/2025 17:02:00,555.44,192.811,0,324.889,0.65,0,21.8572,31.9954,53.8526,50.0426,-2.96905,
28/05/2025 17:03:00,555.443,192.821,0,325.367,0.65,0,10.49,23.7217,34.2118,50.0198,-2.96905,
30/05/2025 14:37:00,554.095,197.292,1,40.7737,0.65,5,-0.15376,0.378874,0.225115,14.3014,0.202113,
30/05/2025 14:38:00,554.096,193.073,1,79.2171,0.65,3,0,0,0,20.8309,-1.79171,
30/05/2025 14:39:00,554.11,191.895,1,113.594,0.65,3,0,0,0,26.7917,-3.41966,
30/05/2025 14:40:00,554.172,191.193,1,145.882,0.65,3,0,0,0,32.389,-4.47745,
30/05/2025 14:41:00,554.229,190.631,1,175.286,0.65,3,0,0,0,37.5756,-5.07759,
30/05/2025 14:42:00,554.262,190.205,1,202.696,0.65,3,0,0,0,42.3091,-5.33958,
30/05/2025 14:43:00,554.281,189.855,1,227.784,0.65,3,0,0,0,46.9933,-5.37531,
30/05/2025 14:44:00,554.286,189.571,0,251.464,0.65,2,0,0,0,49.0828,-5.25416,
30/05/2025 14:45:00,554.286,189.412,0,273.877,0.65,2,0,0,0,49.7955,-5.02848,
30/05/2025 14:46:00,554.283,189.42,0,294.429,0.65,2,0,0,0,50.1847,-4.737,
30/05/2025 14:47:00,554.283,189.499,0,313.636,0.65,0,0,0,0,50.3346,-4.42743,
30/05/2025 14:48:00,554.283,189.618,0,326.325,0.65,0,0,0,0,50.45,-4.12335,
30/05/2025 14:49:00,554.283,189.771,0,325.607,0.65,0,0,0,0,50.4696,-3.82945,
30/05/2025 14:50:00,554.301,189.927,0,324.649,0.65,0,0,0,0,50.5313,-3.56236,
30/05/2025 14:51:00,554.29,190.041,0,325.367,0.65,0,0,0,0,50.5173,-3.32751,
30/05/2025 14:52:00,554.298,190.141,0,324.889,0.65,0,4.84686,7.96431,12.8112,50.4584,-3.13068,
30/05/2025 14:53:00,554.294,190.247,0,325.607,0.65,0,9.27015,13.9561,23.2263,50.4444,-2.95445,
30/05/2025 14:54:00,554.283,190.34,0,325.846,0.65,0,8.25176,12.2843,20.536,50.4724,-2.80908,
30/05/2025 14:55:00,554.29,190.438,0,326.325,0.65,0,5.43243,10.099,15.5314,50.4528,-2.7008,
30/05/2025 14:56:00,554.289,190.519,0,326.325,0.65,0,3.84501,7.91352,11.7585,50.4331,-2.60033,
30/05/2025 14:57:00,554.283,190.605,0,326.325,0.65,0,0.89593,5.87988,6.77581,50.3797,-2.53603,
30/05/2025 14:58:00,554.283,190.671,0,326.564,0.65,0,-1.00486,2.51354,1.50867,50.3431,-2.48618,
30/05/2025 14:59:00,554.283,190.74,0,326.086,0.65,0,-1.33125,1.91804,0.586779,50.3459,-2.44355,
30/05/2025 15:00:00,554.283,190.81,0,325.607,0.65,0,-1.47404,1.50293,0.0288938,50.3712,-2.40811,
30/05/2025 15:01:00,554.286,190.887,0,325.367,0.65,0,-1.37257,1.64707,0.274505,50.3177,-2.40103,
30/05/2025 15:02:00,554.283,190.91,0,325.846,0.65,0,-0.994878,2.30338,1.3085,50.3177,-2.38688,
30/05/2025 15:03:00,554.288,190.96,0,326.086,0.65,0,-0.513797,2.95017,2.43638,50.3346,-2.37274,
30/05/2025 15:04:00,554.287,191.001,0,326.325,0.65,0,0.275221,4.03557,4.31078,50.2895,-2.37981,
30/05/2025 15:05:00,554.283,191.049,0,326.086,0.65,0,3.95188,8.9344,12.8863,50.264,-2.37274,
30/05/2025 15:06:00,554.283,191.092,0,325.846,0.65,0,8.53146,12.6756,21.207,50.2301,-2.37274,
30/05/2025 15:07:00,554.288,191.165,0,325.607,0.65,0,8.34213,13.4088,21.751,50.2555,-2.37981,
30/05/2025 15:08:00,554.294,191.213,0,325.367,0.65,0,6.6747,9.76,16.4347,50.2471,-2.38688,
30/05/2025 15:09:00,554.286,191.278,0,324.889,0.65,0,3.63539,7.71296,11.3483,50.2386,-2.39395,
30/05/2025 15:10:00,554.283,191.337,0,325.367,0.65,0,5.65644,10.5598,16.2163,50.2272,-2.40103,
30/05/2025 15:11:00,554.283,191.397,0,325.607,0.65,0,8.22818,11.6298,19.8579,50.2188,-2.40103,
30/05/2025 15:12:00,554.289,191.458,0,325.607,0.65,0,5.46151,9.53156,14.9931,50.2357,-2.42228,
30/05/2025 15:13:00,554.284,191.534,0,325.607,0.65,0,2.57794,6.71145,9.2894,50.145,-2.44355,
30/05/2025 15:14:00,554.283,191.58,0,325.846,0.65,0,-0.304751,2.59364,2.28889,50.1592,-2.45775,
30/05/2025 15:15:00,554.28,191.636,0,325.367,0.65,0,-1.37944,0.591629,-0.787813,50.1904,-2.48618,
30/05/2025 15:16:00,554.283,191.676,0,325.367,0.65,0,-1.21978,0.901709,-0.318071,50.1649,-2.52177,
30/05/2025 15:17:00,554.28,191.71,0,324.649,0.65,0,-1.11395,1.38611,0.272167,50.1535,-2.53603,
30/05/2025 15:18:00,554.277,191.769,0,325.128,0.65,0,-0.88648,1.05936,0.172884,50.1677,-2.54316,
30/05/2025 15:19:00,554.27,191.819,0,325.367,0.65,0,-0.667735,0.871115,0.203381,50.1592,-2.5503,
30/05/2025 15:20:00,554.273,191.854,0,325.607,0.65,0,-1.04292,0.706844,-0.336078,50.1819,-2.57172,
30/05/2025 15:21:00,554.283,191.883,0,325.128,0.65,0,-0.999971,2.13888,1.13891,50.1166,-2.60033,
30/05/2025 15:22:00,554.277,191.926,0,325.367,0.65,0,-0.762707,1.75385,0.991142,50.0967,-2.63615,
30/05/2025 15:23:00,554.269,191.95,0,325.128,0.65,0,-0.770305,1.39949,0.629181,50.0597,-2.67204,
30/05/2025 15:24:00,554.265,191.973,0,324.649,0.65,0,-1.14212,1.39375,0.251627,50.0682,-2.72241,
